roi_index,true_class_id,fp32,fp16,int8_full,int8_full_fbias,int8_head_excl,int8_head_excl_fbias
0,7,13,13,13,13,13,13
1,10,10,10,10,10,10,10
2,7,13,13,13,13,13,13
3,13,10,10,10,10,10,10
4,13,13,13,13,13,13,13
5,10,10,10,10,10,10,10
6,7,7,7,7,7,7,7
7,10,10,10,10,10,10,10
8,13,10,10,10,10,10,10
9,10,10,10,10,10,10,10
10,10,10,10,10,10,10,10
11,7,13,13,13,13,13,13
12,10,10,10,10,10,10,10
13,0,0,0,0,0,0,0
14,7,13,13,13,13,13,13
15,7,13,13,13,13,13,13
16,0,13,13,13,13,13,13
17,11,11,11,11,11,11,11
18,7,7,7,7,7,7,7
19,0,13,13,13,13,13,13
20,11,11,11,11,11,11,11
21,6,6,6,6,6,6,6
22,10,10,10,10,10,10,10
23,10,10,10,10,10,10,10
24,0,13,13,13,13,13,13
25,10,10,10,10,10,10,10
26,10,10,10,10,10,10,10
27,0,13,13,13,13,13,13
28,7,7,7,7,7,7,7
29,0,13,13,13,13,13,13
30,0,6,6,13,13,13,13
31,13,13,13,13,13,13,13
32,11,11,11,11,11,11,11
33,6,13,13,13,13,13,13
34,13,9,9,9,9,9,9
35,13,13,13,13,13,13,13
36,9,13,13,13,13,13,13
37,6,6,6,6,6,6,6
38,10,10,10,10,10,10,10
39,10,10,10,10,10,10,10
40,6,6,6,6,6,6,6
41,6,6,6,6,6,6,6
42,2,2,2,2,2,2,2
43,7,7,7,7,7,7,7
44,10,10,10,10,10,10,10
45,7,7,7,7,7,7,7
46,8,7,7,7,7,7,7
47,7,7,7,7,7,7,7
48,7,7,7,7,7,7,7
49,10,10,10,10,10,10,10
50,10,12,12,12,12,12,12
51,10,10,10,10,10,10,10
52,7,7,7,7,7,7,7
53,13,13,13,13,13,13,13
54,13,13,13,13,13,13,13
55,10,10,10,10,10,10,10
56,10,10,10,10,10,10,10
57,10,10,10,10,10,12,12
58,7,7,7,7,7,7,7
59,8,8,8,8,8,8,8
60,7,7,7,7,7,7,7
61,9,9,9,9,9,9,9
62,9,9,9,9,9,9,9
63,9,9,9,9,9,9,9
64,9,9,9,9,9,9,9
65,9,9,9,9,9,9,9
66,7,7,7,7,7,7,7
67,6,6,6,6,6,6,6
68,13,13,13,13,13,13,13
69,13,13,13,13,13,13,13
70,13,13,13,13,13,13,13
71,9,9,9,9,9,9,9
72,9,12,12,12,12,12,12
73,10,13,13,13,13,13,13
74,9,9,9,9,9,9,9
75,7,13,13,8,8,13,13
76,2,2,2,2,2,2,2
77,10,10,10,10,10,10,10
78,9,11,11,11,11,11,11
79,6,6,6,6,6,6,6
80,7,7,7,7,7,7,7
81,6,6,6,6,6,6,6
82,8,8,8,8,8,8,8
83,7,7,7,7,7,7,7
84,6,6,6,6,6,6,6
85,6,6,6,6,6,6,6
86,8,6,6,6,6,6,6
87,10,10,10,10,10,10,10
88,13,13,13,13,13,13,13
89,10,10,10,10,10,10,10
90,10,10,10,10,10,10,10
91,10,10,10,10,10,10,10
92,10,10,10,10,10,10,10
93,10,10,10,10,10,10,10
94,9,9,9,9,9,9,9
95,13,10,10,10,10,10,10
96,6,6,6,6,6,6,6
97,8,8,8,8,8,8,8
98,10,10,10,10,10,10,10
99,10,10,10,10,10,10,10
100,9,9,9,9,9,9,9
101,8,8,8,8,8,8,8
102,10,13,13,13,13,13,13
103,10,10,10,10,10,10,10
104,8,8,8,8,8,8,8
105,6,6,6,6,6,6,6
106,6,6,6,6,6,6,6
107,6,6,6,6,6,6,6
108,6,6,6,6,6,6,6
109,0,0,0,0,0,0,0
110,7,7,7,7,7,7,7
111,7,7,7,7,7,7,7
112,2,2,2,2,2,2,2
113,9,9,9,9,9,9,9
114,9,9,9,9,9,9,9
115,9,9,9,9,9,9,9
116,6,6,6,6,6,6,6
117,6,6,6,6,6,6,6
118,7,12,12,12,12,12,12
119,11,11,11,11,11,11,11
120,10,10,10,10,10,10,10
121,10,10,10,10,10,10,10
122,3,3,3,3,3,3,3
123,10,10,10,10,10,10,10
124,10,10,10,10,10,10,10
125,3,3,3,3,3,3,3
126,11,11,11,11,11,11,11
127,11,11,11,11,11,11,11
128,11,11,11,11,11,11,11
129,11,11,11,11,11,11,11
130,9,13,13,13,13,13,13
131,3,3,3,3,3,3,3
132,7,13,13,7,7,7,7
133,10,10,10,10,10,10,10
134,10,10,10,10,10,10,10
135,10,10,10,10,10,10,10
136,10,10,10,10,10,10,10
137,10,10,10,10,10,10,10
138,10,10,10,10,10,10,10
139,10,10,10,10,10,10,10
140,10,10,10,10,10,10,10
141,10,10,10,10,10,10,10
142,10,10,10,10,10,10,10
143,6,0,0,0,0,0,0
144,10,10,10,10,10,10,10
145,10,10,10,10,10,10,10
146,7,7,7,7,7,7,7
147,3,2,2,2,2,2,2
148,7,7,7,7,7,7,7
149,7,7,7,7,7,7,7
150,13,13,13,13,13,13,13
151,9,9,9,9,9,9,9
152,13,13,13,13,13,13,13
153,13,13,13,13,13,13,13
154,13,9,9,9,9,9,9
155,13,13,13,13,13,13,13
156,7,7,7,7,7,7,7
157,3,2,2,2,2,2,2
158,7,7,7,7,7,7,7
159,7,7,7,7,7,7,7
160,9,9,9,9,9,9,9
161,9,13,13,13,13,13,13
162,9,9,9,9,9,9,9
163,13,13,13,13,13,13,13
164,13,13,13,13,13,13,13
165,6,6,6,6,6,6,6
166,7,7,7,7,7,7,7
167,7,7,7,7,7,7,7
168,3,2,2,2,2,2,2
169,7,7,7,7,7,7,7
170,7,7,7,7,7,7,7
171,9,9,9,9,9,9,9
172,9,13,13,13,13,13,13
173,13,13,13,8,8,8,8
174,13,13,13,8,8,8,8
175,9,9,9,9,9,9,9
176,6,8,8,8,8,8,8
177,7,7,7,7,7,7,7
178,3,2,2,2,2,2,2
179,7,7,7,7,7,7,7
180,7,7,7,7,7,7,7
181,9,9,9,9,9,9,9
182,9,13,13,13,13,13,13
183,13,13,13,13,13,13,13
184,13,8,8,8,8,8,8
185,9,9,9,9,9,9,9
186,6,6,6,6,6,6,6
187,7,7,7,7,7,7,7
188,3,2,2,2,2,2,2
189,7,7,7,7,7,7,7
190,9,9,9,9,9,9,9
191,9,13,13,13,13,13,13
192,13,8,8,8,8,8,8
193,13,13,13,13,13,13,13
194,9,9,9,9,9,9,9
195,7,7,7,7,7,7,7
196,3,2,2,2,2,2,2
197,7,7,7,7,7,7,7
198,7,7,7,7,7,7,7
199,9,9,9,9,9,9,9
200,13,13,13,8,8,8,8
201,13,13,13,13,13,13,13
202,9,9,9,9,9,9,9
203,9,13,13,13,13,13,13
204,6,8,8,8,8,8,8
205,7,7,7,7,7,7,7
206,3,2,2,2,2,2,2
207,7,7,7,7,7,7,7
208,7,7,7,7,7,7,7
209,12,12,12,12,12,12,12
210,9,13,13,13,13,13,13
211,13,13,13,8,8,13,13
212,13,13,13,13,13,13,13
213,9,9,9,9,9,9,9
214,7,7,7,7,7,7,7
215,3,2,2,2,2,2,2
216,7,7,7,7,7,7,7
217,7,7,7,7,7,7,7
218,12,12,12,12,12,12,12
219,13,13,13,13,13,13,13
220,13,9,9,6,6,9,9
221,13,8,8,8,8,8,8
222,13,13,13,13,13,13,13
223,13,9,9,9,9,9,9
224,7,7,7,7,7,7,7
225,7,7,7,7,7,7,7
226,7,7,7,7,7,7,7
227,7,7,7,7,7,7,7
228,9,9,9,9,9,9,9
229,12,12,12,12,12,12,12
230,13,13,13,11,11,11,11
231,13,13,13,13,13,13,13
232,7,7,7,7,7,7,7
233,6,6,6,6,6,6,6
234,7,7,7,7,7,7,7
235,7,7,7,7,7,7,7
236,0,0,0,0,0,0,0
237,10,12,12,12,12,12,12
238,10,7,7,7,7,7,7
239,7,7,7,7,7,7,7
240,7,7,7,7,7,7,7
241,10,10,10,10,10,10,10
242,10,12,12,12,12,12,12
243,6,6,6,6,6,7,7
244,10,10,10,10,10,10,10
245,10,12,12,12,12,12,12
246,7,7,7,7,7,7,7
247,8,6,6,6,6,6,6
248,6,6,6,6,6,6,6
249,10,10,10,10,10,10,10
250,10,10,10,10,10,10,10
251,7,7,7,7,7,7,7
252,10,10,10,10,10,10,10
253,9,9,9,9,9,9,9
254,9,9,9,9,9,9,9
255,6,6,6,7,7,7,7
256,7,7,7,7,7,7,7
257,7,7,7,7,7,7,7
258,10,10,10,10,10,10,10
259,9,13,13,13,13,13,13
260,13,13,13,13,13,13,13
261,13,13,13,13,13,13,13
262,9,9,9,9,9,9,9
263,9,9,9,9,9,9,9
264,7,6,6,6,6,6,6
265,9,9,9,9,9,9,9
266,9,9,9,9,9,9,9
267,8,8,8,8,8,8,8
268,7,7,7,7,7,7,7
269,7,7,7,7,7,7,7
270,7,7,7,7,7,7,7
271,8,8,8,8,8,8,8
272,7,7,7,7,7,7,7
273,8,8,8,8,8,8,8
274,6,6,6,6,6,6,6
275,8,8,8,8,8,8,8
276,7,7,7,7,7,7,7
277,7,7,7,7,7,7,7
278,7,7,7,7,7,7,7
279,6,6,6,6,6,6,6
280,8,8,8,8,8,8,8
281,7,7,7,7,7,7,7
282,7,13,13,8,8,13,13
283,7,7,7,7,7,7,7
284,8,8,8,8,8,8,8
285,6,6,6,6,6,6,6
286,7,7,7,7,7,7,7
287,7,7,7,7,7,7,7
288,7,7,7,7,7,7,7
289,6,6,6,6,6,6,6
290,8,8,8,8,8,8,8
291,7,7,7,7,7,7,7
292,7,7,7,7,7,7,7
293,6,6,6,6,6,6,6
294,8,8,8,8,8,8,8
295,7,7,7,7,7,7,7
296,7,7,7,7,7,7,7
297,6,6,6,6,6,6,6
298,8,8,8,8,8,8,8
299,7,7,7,7,7,7,7
300,7,7,7,7,7,7,7
301,6,6,6,6,6,6,6
302,8,8,8,8,8,8,8
303,7,7,7,7,7,7,7
304,7,7,7,7,7,7,7
305,7,7,7,7,7,7,7
306,7,7,7,7,7,7,7
307,6,6,6,6,6,6,6
308,7,7,7,7,7,7,7
309,7,7,7,7,7,7,7
310,6,6,6,6,6,6,6
311,7,7,7,7,7,7,7
312,7,7,7,7,7,7,7
313,6,6,6,6,6,6,6
314,7,7,7,7,7,7,7
315,7,7,7,7,7,7,7
316,6,6,6,6,6,6,6
317,8,7,7,7,7,7,7
318,6,6,6,6,6,6,6
319,7,7,7,7,7,7,7
320,7,6,6,6,6,6,6
321,7,7,7,7,7,7,7
322,6,6,6,6,6,6,6
323,7,7,7,7,7,7,7
324,0,0,0,0,0,0,0
325,7,7,7,7,7,7,7
326,9,9,9,9,9,9,9
327,9,9,9,9,9,9,9
328,0,0,0,0,0,0,0
329,9,9,9,9,9,9,9
330,11,11,11,11,11,11,11
331,11,11,11,11,11,11,11
332,9,9,9,9,9,9,9
333,0,1,1,1,1,1,1
334,9,9,9,11,11,11,11
335,11,11,11,11,11,11,11
336,0,0,0,0,0,0,0
337,9,9,9,9,9,9,9
338,9,9,9,9,9,9,9
339,9,9,9,9,9,9,9
340,7,7,7,7,7,7,7
341,6,6,6,6,6,6,6
342,8,8,8,8,8,8,8
343,7,7,7,7,7,7,7
344,7,7,7,7,7,7,7
345,0,0,0,0,0,0,0
346,8,8,8,8,8,8,8
347,6,6,6,6,6,6,6
348,7,7,7,7,7,7,7
349,6,6,6,6,6,6,6
350,8,8,8,8,8,8,8
351,10,10,10,10,10,10,10
352,10,10,10,10,10,10,10
353,0,0,0,0,0,0,0
354,10,10,10,10,10,10,10
355,10,10,10,10,10,10,10
356,6,6,6,6,6,6,6
357,7,7,7,7,7,7,7
358,7,6,6,6,6,6,6
359,6,6,6,6,6,6,6
360,7,7,7,7,7,7,7
361,6,6,6,6,6,6,6
362,10,10,10,10,10,10,10
363,10,12,12,12,12,12,12
364,7,6,6,6,6,6,6
365,9,9,9,9,9,9,9
366,9,9,9,9,9,9,9
367,9,9,9,9,9,9,9
368,2,6,6,6,6,6,6
369,7,8,8,8,8,8,8
370,2,6,6,6,6,6,6
371,9,9,9,9,9,9,9
372,9,9,9,9,9,9,9
373,9,9,9,9,9,9,9
374,6,6,6,6,6,6,6
375,7,7,7,7,7,7,7
376,13,13,13,13,13,13,13
377,9,9,9,9,9,9,9
378,9,9,9,9,9,9,9
379,9,9,9,9,9,9,9
380,13,13,13,13,13,13,13
381,7,7,7,7,7,7,7
382,9,9,9,9,9,9,9
383,9,9,9,9,9,9,9
384,9,9,9,9,9,9,9
385,13,13,13,13,13,13,13
386,13,13,13,13,13,13,13
387,0,0,0,0,0,0,0
388,6,6,6,6,6,6,6
389,0,0,0,0,0,0,0
390,0,0,0,0,0,0,0
391,7,7,7,7,7,7,7
392,7,7,7,7,7,7,7
393,7,7,7,7,7,7,7
394,6,6,6,6,6,6,6
395,6,6,6,6,6,6,6
396,10,10,10,10,10,10,10
397,13,8,8,8,8,8,8
398,13,13,13,13,13,13,13
399,7,7,7,7,7,7,7
400,0,1,1,1,1,1,1
401,7,13,13,13,13,13,13
402,13,13,13,13,13,13,13
403,10,10,10,10,10,10,10
404,7,7,7,7,7,7,7
405,6,6,6,6,6,6,6
406,7,7,7,7,7,7,7
407,13,13,13,13,13,13,13
408,7,7,7,7,7,7,7
409,10,10,10,10,10,10,10
410,9,9,9,9,9,9,9
411,9,9,9,9,9,9,9
412,7,7,7,7,7,7,7
413,7,7,7,7,7,7,7
414,9,9,9,9,9,9,9
415,13,13,13,13,13,13,13
416,13,13,13,13,13,13,13
417,7,7,7,7,7,7,7
418,6,6,6,6,6,6,6
419,7,7,7,7,7,7,7
420,6,13,13,13,13,13,13
421,7,13,13,13,13,13,13
422,10,10,10,10,10,10,10
423,10,10,10,10,10,10,10
424,6,6,6,6,6,6,6
425,7,7,7,7,7,7,7
426,6,6,6,6,6,6,6
427,7,7,7,7,7,7,7
428,7,13,13,13,13,13,13
429,10,10,10,10,10,10,10
430,10,13,13,13,13,13,13
431,12,12,12,12,12,12,12
432,12,12,12,12,12,12,12
433,7,7,7,7,7,7,7
434,7,7,7,7,7,7,7
435,7,7,7,7,7,7,7
436,9,9,9,9,9,9,9
437,9,9,9,9,9,9,9
438,10,10,10,10,10,10,10
439,7,7,7,7,7,7,7
440,7,7,7,7,7,7,7
441,7,7,7,7,7,7,7
442,9,9,9,9,9,9,9
443,9,9,9,9,9,9,9
444,10,10,10,10,10,10,10
445,6,6,6,6,6,6,6
446,6,6,6,6,6,6,6
447,9,9,9,9,9,9,9
448,9,9,9,9,9,9,9
449,0,6,6,6,6,6,6
450,9,11,11,11,11,11,11
451,12,12,12,12,12,12,12
452,8,8,8,8,8,8,8
453,6,6,6,6,6,6,6
454,9,9,9,9,9,9,9
455,9,9,9,9,9,9,9
456,9,11,11,11,11,11,11
457,2,2,2,2,2,2,2
458,10,13,13,13,13,13,13
459,10,10,10,10,10,10,10
460,10,10,10,10,10,10,10
461,10,10,10,10,10,10,10
462,7,7,7,7,7,7,7
463,7,7,7,7,7,7,7
464,10,10,10,10,10,10,10
465,10,10,10,10,10,10,10
466,9,9,9,9,9,9,9
467,9,9,9,9,9,9,9
468,9,11,11,9,9,11,11
469,7,7,7,7,7,7,7
470,6,6,6,6,6,6,6
471,6,6,6,6,6,6,6
472,9,9,9,9,9,9,9
473,9,9,9,9,9,9,9
474,9,11,11,11,11,11,11
475,9,9,9,9,9,9,9
476,9,9,9,9,9,9,9
477,9,9,9,9,9,9,9
478,9,9,9,9,9,9,9
479,9,11,11,11,11,11,11
480,7,7,7,7,7,7,7
481,6,6,6,6,6,6,6
482,6,6,6,6,6,6,6
483,9,9,9,9,9,9,9
484,9,9,9,9,9,9,9
485,9,9,9,9,9,9,9
486,9,9,9,9,9,9,9
487,9,9,9,9,9,9,9
488,9,12,12,12,12,12,12
489,9,9,9,9,9,9,9
490,6,6,6,6,6,6,6
491,7,7,7,7,7,7,7
492,6,6,6,6,6,6,6
493,6,7,7,7,7,7,7
494,6,6,6,6,6,6,6
495,9,9,9,9,9,9,9
496,9,9,9,9,9,9,9
497,9,9,9,9,9,9,9
498,9,9,9,9,9,9,9
499,9,9,9,9,9,9,9
500,9,13,13,13,13,13,13
501,9,9,9,9,9,9,9
502,9,11,11,11,11,11,11
503,6,6,6,6,6,6,6
504,7,7,7,7,7,7,7
505,6,6,6,6,6,6,6
506,9,9,9,9,9,9,9
507,9,9,9,9,9,9,9
508,9,9,9,9,9,9,9
509,9,9,9,9,9,9,9
510,9,9,9,9,9,9,9
511,9,9,9,9,9,9,9
512,9,9,9,9,9,9,9
513,9,11,11,11,11,11,11
514,6,6,6,6,6,6,6
515,7,7,7,7,7,7,7
516,6,6,6,6,6,6,6
517,9,9,9,9,9,9,9
518,9,9,9,9,9,9,9
519,9,9,9,9,9,9,9
520,9,9,9,9,9,9,9
521,9,9,9,9,9,9,9
522,9,9,9,9,9,9,9
523,9,9,9,9,9,9,9
524,6,6,6,6,6,6,6
525,7,7,7,7,7,7,7
526,6,6,6,6,6,6,6
527,6,6,6,6,6,6,6
528,9,9,9,9,9,9,9
529,9,9,9,9,9,9,9
530,9,9,9,9,9,9,9
531,9,9,9,9,9,9,9
532,9,9,9,9,9,9,9
533,9,9,9,9,9,9,9
534,9,9,9,9,9,9,9
535,9,11,11,11,11,11,11
536,6,6,6,6,6,6,6
537,7,7,7,7,7,7,7
538,6,6,6,6,6,6,6
539,9,9,9,9,9,9,9
540,9,10,10,10,10,10,10
541,9,12,12,12,12,12,12
542,9,7,7,7,7,7,7
543,9,9,9,9,9,9,9
544,9,9,9,9,9,9,9
545,9,10,10,10,10,10,10
546,9,11,11,11,11,11,11
547,6,6,6,6,6,6,6
548,7,7,7,7,7,7,7
549,6,6,6,6,6,6,6
550,9,9,9,9,9,9,9
551,9,9,9,9,9,9,9
552,9,11,11,11,11,11,11
553,9,9,9,9,9,9,9
554,9,9,9,9,9,9,9
555,9,9,9,9,9,9,9
556,9,9,9,9,9,9,9
557,9,9,9,9,9,9,9
558,6,6,6,6,6,6,6
559,7,7,7,7,7,7,7
560,6,6,6,6,6,6,6
561,9,9,9,9,9,9,9
562,9,9,9,9,9,9,9
563,9,9,9,9,9,9,9
564,9,9,9,9,9,9,9
565,9,9,9,9,9,9,9
566,9,9,9,9,9,9,9
567,9,9,9,9,9,9,9
568,9,13,13,13,13,13,13
569,6,6,6,6,6,6,6
570,7,8,8,8,8,8,8
571,6,6,6,6,6,6,6
572,9,9,9,9,9,9,9
573,9,9,9,9,9,9,9
574,9,9,9,9,9,9,9
575,9,9,9,9,9,9,9
576,9,9,9,9,9,9,9
577,9,9,9,9,9,9,9
578,9,9,9,9,9,9,9
579,9,9,9,9,9,9,9
580,6,6,6,6,6,6,6
581,7,7,7,7,7,7,7
582,7,7,7,7,7,7,7
583,6,6,6,6,6,6,6
584,10,10,10,10,10,10,10
585,10,12,12,12,12,12,12
586,10,10,10,10,10,10,10
587,10,10,10,10,10,10,10
588,10,10,10,10,10,10,10
589,10,10,10,10,10,10,10
590,10,10,10,10,10,10,10
591,8,8,8,8,8,8,8
592,6,6,6,6,6,6,6
593,2,2,2,2,2,2,2
594,10,10,10,10,10,10,10
595,10,10,10,10,10,10,10
596,10,10,10,10,10,10,10
597,5,6,6,6,6,6,6
598,5,1,1,1,1,1,1
599,5,2,2,2,2,2,2
600,5,1,1,1,1,1,1
601,5,4,4,4,4,4,4
602,5,0,0,0,0,0,0
603,5,1,1,1,1,1,1
604,5,12,12,12,12,12,12
605,13,12,12,12,12,12,12
606,13,12,12,12,12,12,12
607,13,12,12,12,12,12,12
608,5,1,1,1,1,1,1
609,5,4,4,4,4,4,4
610,13,12,12,12,12,12,12
611,13,13,13,13,13,13,13
612,13,13,13,13,13,13,13
613,13,12,12,12,12,12,12
614,13,10,10,10,10,10,10
615,13,13,13,13,13,13,13
616,7,7,7,7,7,7,7
617,6,2,2,2,2,2,2
618,10,10,10,10,10,10,10
619,10,10,10,10,10,10,10
620,9,13,13,13,13,13,13
621,8,8,8,8,8,8,8
622,10,10,10,10,10,10,10
623,13,13,13,13,13,13,13
624,13,13,13,13,13,13,13
625,13,13,13,13,13,13,13
626,7,7,7,7,7,7,7
627,6,6,6,6,6,6,6
628,10,10,10,10,10,12,12
629,10,10,10,10,10,10,10
630,6,6,6,6,6,6,6
631,9,10,10,10,10,10,10
632,9,10,10,10,10,10,10
633,9,9,9,9,9,9,9
634,9,12,12,12,12,12,12
635,13,13,13,13,13,13,13
636,2,3,3,3,3,3,3
637,2,8,8,8,8,8,8
638,9,9,9,9,9,9,9
639,9,9,9,9,9,9,9
640,8,8,8,8,8,8,8
641,6,6,6,6,6,6,6
642,6,13,13,13,13,13,13
643,2,3,3,3,3,3,3
644,7,7,7,7,7,7,7
645,2,2,2,2,2,2,2
646,7,7,7,7,7,7,7
647,2,2,2,2,2,2,2
648,7,7,7,7,7,7,7
649,9,9,9,9,9,9,9
650,9,9,9,9,9,9,9
651,9,9,9,9,9,9,9
652,2,2,2,2,2,2,2
653,7,7,7,7,7,7,7
654,9,9,9,9,9,9,9
655,9,9,9,9,9,9,9
656,9,9,9,9,9,9,9
657,9,9,9,9,9,9,9
658,6,6,6,6,6,6,6
659,7,7,7,7,7,7,7
660,2,3,3,3,3,3,3
661,7,7,7,7,7,7,7
662,11,11,11,11,11,11,11
663,11,11,11,11,11,11,11
664,11,11,11,11,11,11,11
665,10,10,10,10,10,12,12
666,10,10,10,10,10,10,10
667,6,6,6,6,6,6,6
668,0,0,0,0,0,0,0
669,1,5,5,5,5,5,5
670,6,6,6,6,6,6,6
671,9,10,10,10,10,10,10
672,10,10,10,10,10,10,10
673,10,10,10,10,10,10,10
674,7,7,7,7,7,7,7
675,6,6,6,6,6,6,6
676,11,11,11,11,11,11,11
677,6,6,6,6,6,6,6
678,6,6,6,6,6,6,6
679,13,13,13,13,13,13,13
680,13,11,11,11,11,11,11
681,6,6,6,6,6,6,6
682,6,6,6,6,6,6,6
683,6,6,6,6,6,6,6
684,9,9,9,13,13,13,13
685,6,6,6,6,6,6,6
686,12,12,12,12,12,12,12
687,12,12,12,12,12,12,12
688,7,7,7,7,7,7,7
689,11,11,11,11,11,11,11
690,11,11,11,11,11,11,11
691,10,13,13,13,13,13,13
692,6,6,6,6,6,6,6
693,2,2,2,2,2,2,2
694,7,7,7,7,7,7,7
695,0,2,2,2,2,6,6
696,10,13,13,13,13,13,13
697,10,10,10,10,10,10,10
698,13,12,12,10,10,12,12
699,0,2,2,2,2,2,2
700,7,7,7,7,7,7,7
701,6,6,6,6,6,6,6
702,13,10,10,10,10,10,10
703,13,13,13,13,13,13,13
704,13,13,13,13,13,13,13
705,13,13,13,13,13,13,13
706,7,7,7,7,7,7,7
707,2,2,2,2,2,2,2
708,6,6,6,6,6,6,6
709,7,13,13,13,13,13,13
710,9,9,9,9,9,9,9
711,9,9,9,9,9,9,9
712,2,2,2,2,2,2,2
713,6,6,6,6,6,6,6
714,7,7,7,7,7,7,7
715,9,9,9,9,9,9,9
716,9,9,9,9,9,9,9
717,2,2,2,2,2,2,2
718,6,6,6,6,6,6,6
719,7,7,7,7,7,7,7
720,2,2,2,2,2,2,2
721,6,6,6,6,6,6,6
722,7,7,7,7,7,7,7
723,10,10,10,10,10,10,10
724,10,10,10,10,10,10,10
725,6,6,6,6,6,6,6
726,7,7,7,7,7,7,7
727,10,10,10,10,10,10,10
728,10,10,10,10,10,10,10
729,10,12,12,12,12,12,12
730,6,6,6,6,6,6,6
731,10,10,10,10,10,10,10
732,2,2,2,2,2,2,2
733,7,7,7,7,7,7,7
734,8,6,6,6,6,6,6
735,10,10,10,10,10,10,10
736,10,10,10,10,10,10,10
737,7,7,7,7,7,7,7
738,10,10,10,10,10,10,10
739,9,13,13,13,13,13,13
740,9,11,11,9,9,11,11
741,7,7,7,7,7,7,7
742,9,9,9,9,9,9,9
743,9,9,9,9,9,9,9
744,7,7,7,7,7,7,7
745,6,6,6,6,6,6,6
746,7,7,7,7,7,7,7
747,9,9,9,9,9,9,9
748,9,9,9,9,9,9,9
749,6,6,6,6,6,6,6
750,1,1,1,1,1,1,1
751,8,8,8,8,8,8,8
752,8,8,8,8,8,8,8
753,7,7,7,7,7,7,7
754,7,7,7,7,7,7,7
755,6,11,11,11,11,11,11
756,6,6,6,6,6,6,6
757,6,6,6,6,6,6,6
758,8,8,8,8,8,8,8
759,8,8,8,8,8,8,8
760,8,8,8,8,8,8,8
761,6,6,6,6,6,6,6
762,6,6,6,6,6,6,6
763,8,8,8,8,8,8,8
764,3,2,2,2,2,2,2
765,7,7,7,7,7,7,7
766,7,7,7,7,7,7,7
767,7,7,7,7,7,7,7
768,2,6,6,6,6,6,6
769,12,12,12,12,12,12,12
770,10,10,10,10,10,10,10
771,13,13,13,13,13,13,13
772,13,13,13,13,13,13,13
773,13,13,13,13,13,13,13
774,13,13,13,9,9,13,13
775,9,13,13,13,13,13,13
776,9,13,13,13,13,13,13
777,3,3,3,3,3,3,3
778,7,7,7,7,7,7,7
779,7,7,7,7,7,7,7
780,6,6,6,6,6,6,6
781,7,7,7,7,7,7,7
782,10,10,10,10,10,10,10
783,12,12,12,12,12,12,12
784,10,6,6,6,6,6,6
785,9,9,9,9,9,9,9
786,9,9,9,9,9,9,9
787,9,9,9,9,9,9,9
788,9,9,9,9,9,9,9
789,9,9,9,9,9,9,9
790,5,2,2,2,2,2,2
791,7,7,7,7,7,7,7
792,7,7,7,7,7,7,7
793,9,9,9,9,9,9,9
794,9,9,9,9,9,9,9
795,7,7,7,7,7,7,7
796,7,7,7,7,7,7,7
797,7,7,7,7,7,7,7
798,6,3,3,3,3,3,3
799,13,13,13,13,13,13,13
800,13,7,7,7,7,7,7
801,9,9,9,9,9,9,9
802,9,9,9,9,9,9,9
803,6,2,2,2,2,2,2
804,7,7,7,7,7,7,7
805,7,7,7,7,7,7,7
806,7,7,7,7,7,7,7
807,3,3,3,3,3,3,3
808,7,7,7,7,7,7,7
809,9,9,9,9,9,9,9
810,9,9,9,9,9,9,9
811,9,13,13,13,13,13,13
812,0,6,6,6,6,6,6
813,7,7,7,7,7,7,7
814,7,7,7,7,7,7,7
815,3,3,3,3,3,3,3
816,7,7,7,7,7,7,7
817,7,7,7,7,7,7,7
818,9,9,9,9,9,9,9
819,9,9,9,9,9,9,9
820,9,13,13,13,13,13,13
821,7,7,7,7,7,7,7
822,3,3,3,3,3,3,3
823,7,7,7,7,7,7,7
824,7,7,7,7,7,7,7
825,9,9,9,9,9,9,9
826,9,9,9,9,9,9,9
827,7,7,7,7,7,7,7
828,7,7,7,7,7,7,7
829,6,2,2,2,2,2,2
830,7,7,7,7,7,7,7
831,10,10,10,10,10,10,10
832,10,10,10,10,10,10,10
833,7,7,7,7,7,7,7
834,7,7,7,7,7,7,7
835,3,3,3,3,3,3,3
836,7,7,7,7,7,7,7
837,0,0,0,0,0,0,0
838,9,9,9,9,9,9,9
839,13,9,9,9,9,9,9
840,9,10,10,10,10,10,10
841,9,10,10,10,10,10,10
842,9,9,9,9,9,9,9
843,6,6,6,6,6,6,6
844,1,1,1,1,1,1,1
845,7,7,7,7,7,7,7
846,6,6,6,6,6,6,6
847,6,13,13,13,13,13,13
848,10,12,12,12,12,12,12
849,7,7,7,7,7,7,7
850,8,8,8,8,8,8,8
851,4,6,6,6,6,6,6
852,6,6,6,6,6,6,6
853,4,4,4,4,4,4,4
854,8,8,8,8,8,8,8
855,4,1,1,1,1,1,1
856,8,8,8,8,8,8,8
857,6,6,6,6,6,9,9
858,7,7,7,7,7,7,7
859,8,8,8,8,8,8,8
860,11,11,11,11,11,11,11
861,7,7,7,7,7,7,7
862,6,6,6,6,6,6,6
863,0,0,0,0,0,0,0
864,8,8,8,8,8,8,8
865,11,11,11,11,11,11,11
866,11,11,11,11,11,11,11
867,13,13,13,13,13,13,13
868,13,13,13,13,13,13,13
869,0,1,1,1,1,1,1
870,13,10,10,13,13,13,13
871,13,13,13,13,13,13,13
872,6,6,6,6,6,6,6
873,8,8,8,8,8,8,8
874,0,1,1,1,1,1,1
875,6,7,7,7,7,7,7
876,0,7,7,7,7,7,7
877,7,7,7,7,7,7,7
878,0,1,1,1,1,1,1
879,6,13,13,13,13,13,13
880,6,6,6,6,6,6,6
881,0,0,0,0,0,0,0
882,8,11,11,11,11,11,11
883,6,7,7,7,7,7,7
884,7,7,7,7,7,7,7
885,7,7,7,7,7,7,7
886,6,13,13,13,13,13,13
887,6,6,6,6,6,6,6
888,6,6,6,6,6,6,6
889,8,8,8,8,8,8,8
890,7,7,7,7,7,7,7
891,8,7,7,7,7,7,7
892,8,8,8,8,8,8,8
893,6,6,6,6,6,6,6
894,6,6,6,6,6,6,6
895,6,6,6,6,6,6,6
896,7,7,7,7,7,7,7
897,6,6,6,6,6,6,6
898,3,3,3,3,3,3,3
899,10,10,10,10,10,10,10
900,10,10,10,10,10,10,10
901,7,7,7,7,7,7,7
902,6,3,3,3,3,3,3
903,10,10,10,10,10,10,10
904,10,10,10,10,10,10,10
905,10,10,10,10,10,10,10
906,10,10,10,10,10,10,10
907,13,10,10,10,10,10,10
908,13,12,12,12,12,12,12
909,6,6,6,6,6,6,6
910,7,7,7,7,7,7,7
911,11,13,13,13,13,13,13
912,6,6,6,6,6,6,6
913,6,13,13,7,7,13,13
914,10,10,10,10,10,10,10
915,10,10,10,10,10,10,10
916,10,10,10,10,10,10,10
917,13,13,13,13,13,13,13
918,6,6,6,6,6,6,6
919,8,8,8,8,8,8,8
920,6,8,8,8,8,8,8
921,7,7,7,7,7,7,7
922,10,10,10,10,10,10,10
923,10,10,10,10,10,10,10
924,10,10,10,10,10,10,10
925,10,10,10,10,10,10,10
926,10,10,10,10,10,10,10
927,7,7,7,7,7,7,7
928,6,6,6,6,6,6,6
929,7,7,7,7,7,7,7
930,12,12,12,12,12,12,12
931,12,12,12,12,12,12,12
932,12,12,12,12,12,12,12
933,12,10,10,10,10,10,10
934,7,7,7,7,7,7,7
935,7,7,7,7,7,7,7
936,7,7,7,7,7,7,7
937,9,12,12,12,12,12,12
938,9,12,12,12,12,12,12
939,7,7,7,7,7,7,7
940,7,7,7,7,7,7,7
941,7,7,7,7,7,7,7
942,9,12,12,12,12,12,12
943,9,9,9,9,9,9,9
944,13,13,13,13,13,13,13
945,13,10,10,10,10,10,10
946,13,13,13,13,13,13,13
947,7,7,7,7,7,7,7
948,7,7,7,7,7,7,7
949,7,7,7,7,7,7,7
950,9,9,9,9,9,9,9
951,9,12,12,12,12,12,12
952,13,10,10,10,10,10,10
953,13,13,13,13,13,13,13
954,13,13,13,13,13,13,13
955,7,7,7,7,7,7,7
956,7,7,7,7,7,7,7
957,7,7,7,7,7,7,7
958,9,12,12,12,12,12,12
959,9,9,9,9,9,9,9
960,13,13,13,13,13,13,13
961,13,10,10,10,10,10,10
962,13,13,13,13,13,13,13
963,7,7,7,7,7,7,7
964,7,7,7,7,7,7,7
965,7,7,7,7,7,7,7
966,9,9,9,9,9,9,9
967,9,12,12,12,12,12,12
968,10,10,10,10,10,10,10
969,10,10,10,10,10,10,10
970,9,12,12,12,12,12,12
971,7,7,7,7,7,7,7
972,6,13,13,6,6,6,6
973,8,8,8,8,8,8,8
974,7,7,7,7,7,7,7
975,10,13,13,13,13,13,13
976,10,10,10,10,10,10,10
977,9,9,9,9,9,9,9
978,9,9,9,9,9,9,9
979,6,6,6,6,6,6,6
980,7,7,7,7,7,7,7
981,6,6,6,6,6,6,6
982,7,7,7,7,7,7,7
983,7,7,7,7,7,7,7
984,6,6,6,6,6,6,6
985,7,7,7,7,7,7,7
986,7,7,7,7,7,7,7
987,6,6,6,6,6,6,6
988,6,6,6,6,6,6,6
989,7,7,7,7,7,7,7
990,6,6,6,6,6,6,6
991,6,6,6,6,6,6,6
992,6,6,6,6,6,6,6
993,7,7,7,7,7,7,7
994,7,7,7,7,7,7,7
995,6,6,6,6,6,6,6
996,7,7,7,7,7,7,7
997,7,7,7,7,7,7,7
998,6,6,6,6,6,6,6
999,6,6,6,6,6,6,6
1000,6,6,6,6,6,6,6
1001,6,6,6,6,6,6,6
1002,0,0,0,0,0,0,0
1003,7,7,7,7,7,7,7
1004,7,7,7,7,7,7,7
1005,6,6,6,6,6,6,6
1006,6,6,6,6,6,6,6
1007,8,7,7,7,7,7,7
1008,7,7,7,7,7,7,7
1009,6,6,6,6,6,6,6
1010,6,6,6,6,6,6,6
1011,7,7,7,7,7,7,7
1012,6,6,6,6,6,6,6
1013,6,6,6,6,6,6,6
1014,6,2,2,2,2,2,2
1015,6,6,6,6,6,6,6
1016,2,3,3,3,3,3,3
1017,6,6,6,6,6,6,6
1018,10,10,10,10,10,10,10
1019,10,10,10,10,10,10,10
1020,2,2,2,2,2,2,2
1021,6,6,6,6,6,6,6
1022,7,7,7,7,7,7,7
1023,10,10,10,10,10,10,10
1024,10,10,10,10,10,10,10
1025,12,12,12,12,12,12,12
1026,12,12,12,12,12,12,12
1027,6,6,6,6,6,6,6
1028,12,12,12,12,12,12,12
1029,12,12,12,12,12,12,12
1030,9,12,12,12,12,12,12
1031,10,10,10,10,10,10,10
1032,7,7,7,7,7,7,7
1033,9,9,9,9,9,9,9
1034,9,9,9,11,11,11,11
1035,7,7,7,7,7,7,7
1036,10,10,10,10,10,10,10
1037,10,10,10,10,10,10,10
1038,10,10,10,10,10,10,10
1039,10,10,10,10,10,10,10
1040,9,2,2,2,2,2,2
1041,9,9,9,9,9,9,9
1042,7,7,7,7,7,7,7
1043,6,6,6,6,6,6,6
1044,10,12,12,12,12,12,12
1045,10,12,12,12,12,12,12
1046,13,10,10,10,10,10,10
1047,10,12,12,12,12,12,12
1048,10,12,12,12,12,12,12
1049,7,7,7,7,7,7,7
1050,2,3,3,3,3,3,3
1051,10,10,10,10,10,10,10
1052,10,10,10,10,10,10,10
1053,9,13,13,13,13,13,13
1054,9,9,9,9,9,9,9
1055,6,6,6,6,6,6,6
1056,6,6,6,6,6,6,6
1057,6,6,6,6,6,6,6
1058,6,2,2,2,2,2,2
1059,10,10,10,10,10,10,10
1060,10,10,10,10,10,10,10
1061,10,10,10,10,10,10,10
1062,9,9,9,9,9,9,9
1063,6,6,6,6,6,6,6
1064,6,6,6,6,6,6,6
1065,2,2,2,2,2,2,2
1066,6,6,6,6,6,6,6
1067,7,7,7,7,7,7,7
1068,10,10,10,10,10,10,10
1069,10,12,12,12,12,12,12
1070,10,10,10,10,10,10,10
1071,13,13,13,13,13,13,13
1072,10,10,10,10,10,10,10
1073,10,10,10,10,10,10,10
1074,7,7,7,7,7,7,7
1075,6,6,6,6,6,6,6
1076,10,10,10,10,10,10,10
1077,10,10,10,10,10,10,10
1078,7,7,7,7,7,7,7
1079,10,10,10,10,10,10,10
1080,10,10,10,10,10,10,10
1081,10,10,10,10,10,10,10
1082,10,12,12,12,12,12,12
1083,7,7,7,7,7,7,7
1084,2,3,3,3,3,3,3
1085,10,12,12,12,12,12,12
1086,10,10,10,10,10,10,10
1087,12,12,12,12,12,12,12
1088,12,9,9,9,9,9,9
1089,12,10,10,10,10,10,10
1090,12,10,10,10,10,10,10
1091,12,10,10,10,10,10,10
1092,12,9,9,9,9,9,9
1093,7,7,7,7,7,7,7
1094,10,10,10,10,10,10,10
1095,10,10,10,10,10,10,10
1096,9,13,13,13,13,13,13
1097,9,13,13,13,13,13,13
1098,6,6,6,6,6,6,6
1099,9,9,9,9,9,9,9
1100,9,9,9,9,9,9,9
1101,9,9,9,9,9,9,9
1102,2,2,2,2,2,2,2
1103,7,7,7,7,7,7,7
1104,9,9,9,9,9,9,9
1105,9,13,13,13,13,13,13
1106,7,7,7,7,7,7,7
1107,10,10,10,10,10,10,10
1108,10,10,10,10,10,10,10
1109,7,7,7,7,7,7,7
1110,10,10,10,10,10,10,10
1111,10,10,10,10,10,10,10
1112,10,10,10,10,10,10,10
1113,10,10,10,10,10,10,10
1114,13,9,9,9,9,9,9
1115,9,9,9,9,9,9,9
1116,9,9,9,9,9,9,9
1117,10,13,13,13,13,13,13
1118,2,2,2,2,2,2,2
1119,6,6,6,6,6,6,6
1120,10,10,10,10,10,10,10
1121,10,10,10,10,10,10,10
1122,9,9,9,9,9,9,9
1123,9,9,9,9,9,9,9
1124,9,9,9,9,9,9,9
1125,13,13,13,13,13,13,13
1126,12,12,12,12,12,12,12
1127,12,12,12,12,12,12,12
1128,7,7,7,7,7,7,7
1129,12,12,12,12,12,12,12
1130,12,12,12,12,12,12,12
1131,13,13,13,13,13,13,13
1132,13,13,13,13,13,13,13
1133,6,8,8,8,8,8,8
1134,6,6,6,6,6,6,6
1135,0,6,6,6,6,6,6
1136,6,6,6,6,6,6,6
1137,11,13,13,13,13,13,13
1138,11,13,13,13,13,13,13
1139,11,11,11,11,11,11,11
1140,11,11,11,11,11,11,11
1141,7,7,7,7,7,7,7
1142,6,6,6,6,6,6,6
1143,7,7,7,7,7,7,7
1144,11,11,11,11,11,11,11
1145,11,13,13,13,13,13,13
1146,7,7,7,7,7,7,7
1147,0,1,1,1,1,1,1
1148,9,11,11,11,11,11,11
1149,9,11,11,11,11,11,11
1150,6,7,7,7,7,7,7
1151,10,10,10,10,10,10,10
1152,10,10,10,10,10,10,10
1153,2,0,0,0,0,0,0
1154,7,7,7,7,7,7,7
1155,6,6,6,6,6,6,6
1156,10,10,10,10,10,10,10
1157,10,10,10,10,10,10,10
1158,9,9,9,9,9,9,9
1159,10,10,10,10,10,10,10
1160,10,10,10,10,10,10,10
1161,10,10,10,10,10,10,10
1162,10,10,10,10,10,10,10
1163,7,13,13,13,13,13,13
1164,10,10,10,10,10,10,10
1165,10,10,10,10,10,10,10
1166,7,7,7,7,7,7,7
1167,7,7,7,7,7,7,7
1168,10,10,10,10,10,10,10
1169,10,10,10,10,10,10,10
1170,13,13,13,13,13,13,13
1171,10,10,10,10,10,10,10
1172,10,10,10,10,10,10,10
1173,6,2,2,2,2,2,2
1174,7,7,7,7,7,7,7
1175,10,10,10,10,10,10,10
1176,10,10,10,10,10,10,10
1177,10,10,10,10,10,10,10
1178,10,12,12,12,12,12,12
1179,7,13,13,13,13,13,13
1180,10,10,10,10,10,10,10
1181,10,12,12,12,12,12,12
1182,7,7,7,7,7,7,7
1183,6,6,6,6,6,6,6
1184,7,7,7,7,7,7,7
1185,10,12,12,12,12,12,12
1186,10,10,10,10,10,10,10
1187,10,10,10,10,10,10,10
1188,10,10,10,10,10,10,10
1189,13,13,13,13,13,13,13
1190,7,7,7,7,7,7,7
1191,13,13,13,13,13,13,13
1192,9,9,9,9,9,9,9
1193,7,7,7,7,7,7,7
1194,13,13,13,13,13,13,13
1195,10,10,10,10,10,10,10
1196,7,7,7,7,7,7,7
1197,7,7,7,7,7,7,7
1198,6,6,6,6,6,6,6
1199,10,10,10,10,10,10,10
1200,10,10,10,10,10,10,10
1201,10,10,10,10,10,10,10
1202,6,6,6,6,6,6,6
1203,10,10,10,10,10,10,10
1204,10,10,10,10,10,10,10
1205,6,6,6,6,6,6,6
1206,10,10,10,10,10,10,10
1207,10,13,13,13,13,13,13
1208,6,6,6,6,6,6,6
1209,10,10,10,10,10,10,10
1210,12,12,12,12,12,12,12
1211,12,12,12,12,12,12,12
1212,10,12,12,12,12,12,12
1213,10,10,10,10,10,10,10
1214,13,12,12,12,12,12,12
1215,7,7,7,7,7,7,7
1216,7,7,7,7,7,7,7
1217,7,7,7,7,7,7,7
1218,7,7,7,7,7,7,7
1219,6,6,6,6,6,6,6
1220,6,6,6,6,6,6,6
1221,7,7,7,7,7,7,7
1222,6,6,6,6,6,6,6
1223,7,7,7,7,7,7,7
1224,2,2,2,2,2,2,2
1225,6,6,6,6,6,6,6
1226,7,7,7,7,7,7,7
1227,7,7,7,7,7,7,7
1228,6,6,6,6,6,6,6
1229,12,12,12,12,12,12,12
1230,12,12,12,12,12,12,12
1231,10,10,10,10,10,10,10
1232,10,10,10,10,10,10,10
1233,12,12,12,12,12,12,12
1234,10,10,10,10,10,10,10
1235,11,11,11,11,11,11,11
1236,10,12,12,12,12,12,12
1237,2,2,2,2,2,2,2
1238,7,7,7,7,7,7,7
1239,10,10,10,10,10,10,10
1240,10,10,10,10,10,10,10
1241,9,9,9,9,9,9,9
1242,9,9,9,9,9,9,9
1243,2,2,2,3,3,3,3
1244,7,7,7,7,7,7,7
1245,9,9,9,9,9,9,9
1246,9,9,9,9,9,9,9
1247,10,10,10,10,10,10,10
1248,10,10,10,10,10,10,10
1249,2,2,2,2,2,2,2
1250,7,7,7,7,7,7,7
1251,9,9,9,9,9,9,9
1252,9,9,9,9,9,9,9
1253,10,10,10,10,10,10,10
1254,10,10,10,10,10,10,10
1255,2,2,2,2,2,2,2
1256,7,7,7,7,7,7,7
1257,10,10,10,10,10,10,10
1258,10,10,10,10,10,10,10
1259,9,9,9,9,9,9,9
1260,9,9,9,9,9,9,9
1261,2,2,2,2,2,2,2
1262,7,7,7,7,7,7,7
1263,9,9,9,9,9,9,9
1264,9,9,9,9,9,9,9
1265,10,10,10,10,10,10,10
1266,10,10,10,10,10,10,10
1267,10,10,10,10,10,10,10
1268,7,7,7,7,7,7,7
1269,0,0,0,0,0,0,0
1270,7,7,7,7,7,7,7
1271,0,1,1,1,1,1,1
1272,6,6,6,6,6,6,6
1273,7,7,7,7,7,7,7
1274,7,7,7,7,7,7,7
1275,6,6,6,6,6,6,6
1276,10,10,10,10,10,10,10
1277,10,10,10,10,10,10,10
1278,10,10,10,10,10,10,10
1279,10,10,10,10,10,10,10
1280,13,9,9,9,9,9,9
1281,13,13,13,13,13,13,13
1282,6,6,6,6,6,6,6
1283,7,7,7,7,7,7,7
1284,0,0,0,0,0,0,0
1285,7,7,7,7,7,7,7
1286,0,2,2,2,2,2,2
1287,7,7,7,7,7,7,7
1288,10,10,10,10,10,10,10
1289,10,10,10,10,10,10,10
1290,9,13,13,13,13,13,13
1291,7,7,7,7,7,7,7
1292,0,0,0,0,0,0,0
1293,7,7,7,7,7,7,7
1294,0,0,0,0,0,0,0
1295,6,6,6,6,6,6,6
1296,0,0,0,0,0,0,0
1297,9,9,9,9,9,9,9
1298,9,9,9,9,9,9,9
1299,9,9,9,9,9,9,9
1300,9,9,9,9,9,9,9
1301,9,9,9,9,9,9,9
1302,10,10,10,10,10,10,10
1303,10,10,10,10,10,10,10
1304,9,9,9,9,9,9,9
1305,7,7,7,7,7,7,7
1306,9,9,9,9,9,9,9
1307,6,6,6,6,6,6,6
1308,8,8,8,8,8,8,8
1309,8,8,8,8,8,8,8
1310,6,6,6,6,6,6,6
1311,7,7,7,7,7,7,7
1312,6,6,6,6,6,6,6
1313,6,6,6,6,6,6,6
1314,0,0,0,0,0,0,0
1315,0,0,0,0,0,0,0
1316,7,7,7,7,7,7,7
1317,6,0,0,0,0,0,0
1318,10,9,9,9,9,9,9
1319,10,10,10,10,10,10,10
1320,6,6,6,6,6,6,6
1321,6,6,6,6,6,6,6
1322,0,0,0,0,0,0,0
1323,7,7,7,7,7,7,7
1324,0,0,0,0,0,0,0
1325,6,6,6,6,6,6,6
1326,0,0,0,0,0,0,0
1327,12,12,12,12,12,12,12
1328,12,12,12,12,12,12,12
1329,9,13,13,13,13,13,13
1330,9,9,9,9,9,9,9
1331,6,6,6,6,6,6,6
1332,7,7,7,7,7,7,7
1333,8,8,8,8,8,8,8
1334,2,2,2,2,2,2,2
1335,10,10,10,10,10,10,10
1336,10,12,12,12,12,12,12
1337,2,2,2,2,2,2,2
1338,10,12,12,12,12,12,12
1339,10,12,12,12,12,12,12
1340,2,2,2,2,2,2,2
1341,10,10,10,10,10,10,10
1342,10,12,12,12,12,12,12
1343,13,9,9,9,9,9,9
1344,6,6,6,6,6,6,6
1345,10,12,12,12,12,12,12
1346,10,10,10,10,10,10,10
1347,6,6,6,6,6,6,6
1348,6,6,6,6,6,6,6
1349,6,6,6,6,6,6,6
1350,11,11,11,11,11,11,11
1351,11,11,11,11,11,11,11
1352,9,9,9,9,9,9,9
1353,7,2,2,2,2,2,2
1354,6,13,13,13,13,13,13
1355,6,6,6,6,6,6,6
1356,10,13,13,13,13,13,13
1357,9,9,9,9,9,9,9
1358,13,13,13,13,13,13,13
1359,7,7,7,7,7,7,7
1360,7,7,7,7,7,7,7
1361,2,2,2,2,2,2,2
1362,7,7,7,7,7,7,7
1363,9,9,9,9,9,9,9
1364,9,9,9,9,9,9,9
1365,9,9,9,9,9,9,9
1366,9,9,9,9,9,9,9
1367,13,13,13,13,13,13,13
1368,7,7,7,7,7,7,7
1369,7,7,7,7,7,7,7
1370,2,2,2,2,2,2,2
1371,7,7,7,7,7,7,7
1372,9,9,9,9,9,9,9
1373,9,9,9,9,9,9,9
1374,9,11,11,11,11,11,11
1375,9,9,9,9,9,9,9
1376,13,13,13,13,13,13,13
1377,7,7,7,7,7,7,7
1378,7,7,7,7,7,7,7
1379,7,7,7,7,7,7,7
1380,2,2,2,2,2,2,2
1381,12,12,12,12,12,12,12
1382,12,12,12,12,12,12,12
1383,10,10,10,10,10,10,10
1384,10,10,10,10,10,10,10
1385,13,9,9,9,9,13,13
1386,13,13,13,13,13,13,13
1387,6,6,6,6,6,6,6
1388,7,7,7,7,7,7,7
1389,6,2,2,0,0,2,2
1390,7,7,7,7,7,7,7
1391,9,11,11,11,11,11,11
1392,6,6,6,6,6,6,6
1393,7,7,7,7,7,7,7
1394,0,0,0,0,0,0,0
1395,9,9,9,9,9,9,9
1396,9,9,9,9,9,9,9
1397,13,13,13,13,13,13,13
1398,9,9,9,9,9,9,9
1399,9,9,9,9,9,9,9
1400,6,6,6,6,6,6,6
1401,7,7,7,7,7,7,7
1402,2,2,2,2,2,2,2
1403,10,10,10,10,10,10,10
1404,10,10,10,10,10,10,10
1405,7,7,7,7,7,7,7
1406,0,0,0,0,0,0,0
1407,0,0,0,0,0,0,0
1408,10,12,12,12,12,12,12
1409,10,10,10,10,10,10,10
1410,10,10,10,10,10,10,10
1411,10,10,10,10,10,10,10
1412,0,0,0,0,0,0,0
1413,7,7,7,7,7,7,7
1414,6,6,6,6,6,6,6
1415,7,7,7,7,7,7,7
1416,11,7,7,7,7,7,7
1417,11,7,7,7,7,7,7
1418,9,9,9,9,9,9,9
1419,6,6,6,6,6,6,6
1420,10,10,10,10,10,10,10
1421,10,10,10,10,10,10,10
1422,10,10,10,10,10,10,10
1423,10,10,10,10,10,10,10
1424,9,13,13,13,13,13,13
1425,6,6,6,6,6,6,6
1426,9,13,13,9,9,13,13
1427,7,7,7,7,7,7,7
1428,0,0,0,0,0,0,0
1429,7,7,7,7,7,7,7
1430,7,7,7,7,7,7,7
1431,7,7,7,7,7,7,7
1432,6,6,6,6,6,6,6
1433,0,0,0,0,0,0,0
1434,8,8,8,8,8,8,8
1435,0,0,0,0,0,0,0
1436,10,10,10,10,10,10,10
1437,10,10,10,10,10,10,10
1438,10,13,13,13,13,13,13
1439,13,13,13,13,13,13,13
1440,6,6,6,6,6,6,6
1441,0,0,0,0,0,0,0
1442,6,6,6,6,6,6,6
1443,0,0,0,0,0,0,0
1444,9,9,9,9,9,9,9
1445,9,9,9,9,9,9,9
1446,0,0,0,0,0,2,2
1447,6,6,6,6,6,6,6
1448,8,8,8,8,8,8,8
1449,7,7,7,7,7,7,7
1450,11,11,11,11,11,11,11
1451,11,11,11,11,11,11,11
1452,11,11,11,10,10,11,11
1453,6,6,6,6,6,6,6
1454,10,13,13,13,13,13,13
1455,6,6,6,6,6,6,6
1456,7,7,7,7,7,7,7
1457,7,7,7,7,7,7,7
1458,11,11,11,11,11,11,11
1459,11,11,11,11,11,11,11
1460,11,11,11,11,11,11,11
1461,7,7,7,7,7,7,7
1462,0,9,9,9,9,9,9
1463,7,7,7,7,7,7,7
1464,7,7,7,7,7,7,7
1465,6,6,6,6,6,6,6
1466,10,13,13,13,13,13,13
1467,6,2,2,2,2,2,2
1468,9,9,9,9,9,9,9
1469,7,7,7,7,7,7,7
1470,7,7,7,7,7,7,7
1471,6,6,6,6,6,6,6
1472,10,13,13,13,13,13,13
1473,9,9,9,9,9,9,9
1474,9,9,9,9,9,9,9
1475,6,13,13,13,13,13,13
1476,7,7,7,7,7,7,7
1477,6,9,9,9,9,9,9
1478,7,7,7,7,7,7,7
1479,7,7,7,7,7,7,7
1480,6,6,6,6,6,6,6
1481,10,13,13,13,13,13,13
1482,6,13,13,13,13,13,13
1483,7,7,7,7,7,7,7
1484,7,7,7,7,7,7,7
1485,6,13,13,13,13,13,13
1486,6,6,6,6,6,6,6
1487,1,1,1,1,1,1,1
1488,6,6,6,6,6,6,6
1489,8,8,8,8,8,8,8
1490,6,6,6,6,6,6,6
1491,7,6,6,6,6,6,6
1492,6,2,2,0,0,0,0
1493,6,6,6,6,6,6,6
1494,9,9,9,9,9,9,9
1495,9,9,9,9,9,9,9
1496,13,13,13,13,13,13,13
1497,13,13,13,13,13,13,13
1498,9,9,9,9,9,9,9
1499,9,11,11,11,11,11,11
1500,10,13,13,13,13,13,13
1501,10,13,13,13,13,13,13
1502,6,1,1,1,1,1,1
1503,7,7,7,7,7,7,7
1504,6,6,6,6,6,6,6
1505,7,7,7,7,7,7,7
1506,13,13,13,9,9,13,13
1507,6,1,1,1,1,1,1
1508,7,7,7,7,7,7,7
1509,6,6,6,6,6,6,6
1510,9,9,9,9,9,9,9
1511,6,0,0,0,0,0,0
1512,7,7,7,7,7,7,7
1513,6,6,6,6,6,6,6
1514,7,7,7,7,7,7,7
1515,10,13,13,13,13,13,13
1516,10,12,12,12,12,12,12
1517,10,13,13,7,7,13,13
1518,6,1,1,1,1,1,1
1519,6,2,2,2,2,2,2
1520,7,7,7,7,7,7,7
1521,7,7,7,7,7,7,7
1522,6,6,6,6,6,6,6
1523,6,6,6,6,6,6,6
1524,10,10,10,10,10,10,10
1525,10,10,10,10,10,10,10
1526,10,10,10,10,10,10,10
1527,10,10,10,10,10,10,10
1528,13,13,13,13,13,13,13
1529,3,3,3,3,3,3,3
1530,7,7,7,7,7,7,7
1531,7,7,7,7,7,7,7
1532,7,7,7,7,7,7,7
1533,10,10,10,10,10,10,10
1534,10,10,10,10,10,10,10
1535,12,12,12,12,12,12,12
1536,12,12,12,12,12,12,12
1537,12,12,12,12,12,12,12
1538,9,9,9,9,9,9,9
1539,9,13,13,13,13,13,13
1540,6,6,6,6,6,6,6
1541,10,10,10,10,10,10,10
1542,10,10,10,10,10,10,10
1543,10,12,12,12,12,12,12
1544,10,10,10,10,10,10,10
1545,6,6,6,6,6,6,6
1546,7,7,7,7,7,7,7
1547,7,7,7,7,7,7,7
1548,7,6,6,7,7,7,7
1549,8,8,8,8,8,8,8
1550,6,6,6,6,6,6,6
1551,6,6,6,6,6,6,6
1552,7,6,6,6,6,6,6
1553,9,9,9,9,9,9,9
1554,11,11,11,11,11,11,11
1555,11,11,11,11,11,11,11
1556,6,6,6,6,6,6,6
1557,6,6,6,6,6,6,6
1558,7,7,7,7,7,7,7
1559,11,11,11,11,11,11,11
1560,11,11,11,11,11,11,11
1561,11,11,11,11,11,11,11
1562,11,11,11,11,11,11,11
1563,7,7,7,7,7,7,7
1564,6,6,6,6,6,6,6
1565,7,7,7,7,7,7,7
1566,11,11,11,11,11,11,11
1567,11,13,13,13,13,13,13
1568,6,6,6,6,6,6,6
1569,6,6,6,6,6,6,6
1570,7,7,7,7,7,7,7
1571,11,11,11,11,11,11,11
1572,11,11,11,11,11,11,11
1573,11,11,11,11,11,11,11
1574,11,11,11,11,11,11,11
1575,11,11,11,11,11,11,11
1576,11,11,11,11,11,11,11
1577,6,6,6,6,6,6,6
1578,11,11,11,11,11,11,11
1579,11,11,11,11,11,11,11
1580,6,6,6,6,6,6,6
1581,6,6,6,6,6,6,6
1582,8,8,8,8,8,8,8
1583,7,7,7,7,7,7,7
1584,11,11,11,11,11,11,11
1585,11,11,11,11,11,11,11
1586,11,11,11,11,11,11,11
1587,11,11,11,11,11,11,11
1588,6,6,6,6,6,6,6
1589,6,6,6,6,6,6,6
1590,9,9,9,9,9,9,9
1591,6,6,6,6,6,6,6
1592,7,7,7,7,7,7,7
1593,3,3,3,3,3,3,3
1594,3,3,3,3,3,3,3
1595,7,7,7,7,7,7,7
1596,10,10,10,10,10,10,10
1597,10,10,10,10,10,10,10
1598,10,10,10,10,10,10,10
1599,13,13,13,13,13,13,13
1600,7,7,7,7,7,7,7
1601,6,6,6,6,6,6,6
1602,10,10,10,10,10,10,10
1603,6,6,6,6,6,6,6
1604,0,0,0,0,0,0,0
1605,9,9,9,9,9,9,9
1606,9,9,9,9,9,9,9
1607,9,11,11,11,11,11,11
1608,0,2,2,2,2,2,2
1609,6,6,6,6,6,6,6
1610,10,10,10,10,10,10,10
1611,10,10,10,10,10,10,10
1612,10,10,10,10,10,10,10
1613,10,13,13,13,13,13,13
1614,7,7,7,7,7,7,7
1615,3,3,3,3,3,3,3
1616,3,2,2,2,2,2,2
1617,6,6,6,6,6,6,6
1618,3,3,3,3,3,3,3
1619,7,7,7,7,7,7,7
1620,6,6,6,6,6,6,6
1621,9,11,11,11,11,11,11
1622,9,9,9,9,9,9,9
1623,9,9,9,9,9,9,9
1624,9,9,9,9,9,9,9
1625,13,13,13,13,13,13,13
1626,13,13,13,13,13,13,13
1627,6,6,6,6,6,6,6
1628,8,8,8,8,8,8,8
1629,12,12,12,12,12,12,12
1630,12,12,12,12,12,12,12
1631,12,12,12,12,12,12,12
1632,12,12,12,12,12,12,12
1633,9,9,9,9,9,9,9
1634,9,9,9,9,9,9,9
1635,7,13,13,13,13,13,13
1636,12,12,12,12,12,12,12
1637,12,12,12,12,12,12,12
1638,7,7,7,7,7,7,7
1639,7,7,7,7,7,7,7
1640,12,12,12,12,12,12,12
1641,12,12,12,12,12,12,12
1642,7,7,7,7,7,7,7
1643,6,6,6,6,6,6,6
1644,7,7,7,7,7,7,7
1645,7,7,7,7,7,7,7
1646,6,6,6,6,6,6,6
1647,10,10,10,10,10,10,10
1648,10,10,10,10,10,10,10
1649,10,10,10,10,10,10,10
1650,10,10,10,10,10,10,10
1651,9,9,9,9,9,9,9
1652,9,9,9,9,9,9,9
1653,9,9,9,9,9,9,9
1654,10,10,10,10,10,10,10
1655,10,10,10,10,10,10,10
1656,10,10,10,10,10,10,10
1657,6,6,6,6,6,6,6
1658,10,10,10,10,10,10,10
1659,6,13,13,13,13,13,13
1660,10,10,10,10,10,10,10
1661,10,7,7,7,7,7,7
1662,10,10,10,10,10,10,10
1663,10,10,10,10,10,10,10
1664,10,10,10,10,10,10,10
1665,10,10,10,10,10,10,10
1666,6,6,6,6,6,6,6
1667,6,6,6,6,6,6,6
1668,6,6,6,6,6,6,6
1669,10,10,10,10,10,10,10
1670,10,13,13,13,13,13,13
1671,10,10,10,10,10,10,10
1672,6,6,6,6,6,6,6
1673,7,7,7,7,7,7,7
1674,7,7,7,7,7,7,7
1675,10,10,10,10,10,10,10
1676,10,10,10,10,10,10,10
1677,10,10,10,10,10,10,10
1678,3,6,6,6,6,6,6
1679,7,7,7,7,7,7,7
1680,10,10,10,10,10,10,10
1681,10,10,10,10,10,10,10
1682,6,6,6,6,6,6,6
1683,6,6,6,6,6,6,6
1684,10,10,10,10,10,10,10
1685,10,7,7,7,7,7,7
1686,10,10,10,10,10,10,10
1687,7,7,7,7,7,7,7
1688,7,7,7,7,7,7,7
1689,10,10,10,10,10,10,10
1690,10,10,10,10,10,10,10
1691,10,10,10,10,10,10,10
1692,10,13,13,13,13,13,13
1693,7,7,7,7,7,7,7
1694,7,7,7,7,7,7,7
1695,7,7,7,7,7,7,7
1696,10,10,10,10,10,10,10
1697,10,12,12,12,12,12,12
1698,10,12,12,12,12,12,12
1699,10,7,7,7,7,7,7
1700,10,10,10,10,10,10,10
1701,10,10,10,10,10,10,10
1702,8,6,6,6,6,6,6
1703,8,8,8,8,8,8,8
1704,8,6,6,6,6,6,6
1705,10,7,7,7,7,7,7
1706,8,8,8,8,8,8,8
1707,10,10,10,10,10,10,10
1708,10,10,10,10,10,10,10
1709,8,11,11,11,11,11,11
1710,8,8,8,8,8,8,8
1711,6,6,6,6,6,6,6
1712,7,7,7,7,7,7,7
1713,10,10,10,10,10,10,10
1714,10,7,7,7,7,7,7
1715,13,7,7,7,7,7,7
1716,10,10,10,10,10,10,10
1717,10,10,10,10,10,10,10
1718,7,7,7,7,7,7,7
1719,2,3,3,3,3,3,3
1720,9,9,9,9,9,9,9
1721,12,12,12,12,12,12,12
1722,12,12,12,12,12,12,12
1723,7,7,7,7,7,7,7
1724,2,3,3,3,3,3,3
1725,12,12,12,12,12,12,12
1726,9,13,13,13,13,13,13
1727,2,2,2,2,2,2,2
1728,12,10,10,10,10,10,10
1729,10,10,10,10,10,10,10
1730,9,11,11,11,11,11,11
1731,12,10,10,10,10,10,10
1732,12,12,12,12,12,12,12
1733,12,12,12,12,12,12,12
1734,3,3,3,3,3,3,3
1735,8,7,7,7,7,7,7
1736,12,12,12,12,12,12,12
1737,7,7,7,7,7,7,7
1738,7,7,7,7,7,7,7
1739,7,7,7,7,7,7,7
1740,12,12,12,12,12,12,12
1741,7,7,7,7,7,7,7
1742,9,9,9,9,9,9,9
1743,7,7,7,7,7,7,7
1744,9,9,9,9,9,9,9
1745,9,9,9,9,9,9,9
1746,7,6,6,6,6,6,6
1747,7,7,7,7,7,7,7
1748,6,6,6,6,6,6,6
1749,6,6,6,6,6,6,6
1750,8,8,8,8,8,8,8
1751,10,10,10,10,10,10,10
1752,10,10,10,10,10,10,10
1753,7,8,8,8,8,13,13
1754,6,6,6,6,6,6,6
1755,7,6,6,6,6,6,6
1756,9,9,9,9,9,9,9
1757,9,9,9,9,9,9,9
1758,9,9,9,9,9,9,9
1759,9,9,9,9,9,9,9
1760,7,7,7,7,7,7,7
1761,9,9,9,9,9,9,9
1762,9,9,9,9,9,9,9
1763,7,7,7,7,7,7,7
1764,9,9,9,9,9,9,9
1765,9,9,9,9,9,9,9
1766,7,7,7,7,7,7,7
1767,9,9,9,9,9,9,9
1768,9,9,9,9,9,9,9
1769,7,8,8,8,8,8,8
1770,9,9,9,9,9,9,9
1771,9,9,9,9,9,9,9
1772,9,9,9,9,9,9,9
1773,9,9,9,9,9,9,9
1774,9,9,9,9,9,9,9
1775,9,9,9,9,9,9,9
1776,9,9,9,9,9,9,9
1777,9,9,9,9,9,9,9
1778,9,9,9,9,9,9,9
1779,9,9,9,9,9,9,9
1780,9,9,9,9,9,9,9
1781,9,9,9,9,9,9,9
1782,7,7,7,7,7,7,7
1783,9,9,9,9,9,9,9
1784,9,9,9,9,9,9,9
1785,9,9,9,9,9,9,9
1786,7,7,7,7,7,7,7
1787,7,7,7,7,7,7,7
1788,12,12,12,12,12,12,12
1789,13,13,13,13,13,13,13
1790,10,10,10,10,10,10,10
1791,7,7,7,7,7,7,7
1792,7,7,7,7,7,7,7
1793,10,7,7,7,7,7,7
1794,10,10,10,10,10,10,10
1795,10,10,10,10,10,10,10
1796,13,13,13,13,13,13,13
1797,8,7,7,7,7,7,7
1798,7,7,7,7,7,7,7
1799,10,10,10,10,10,10,10
1800,10,10,10,10,10,10,10
1801,10,10,10,10,10,10,10
1802,10,10,10,10,10,10,10
1803,10,10,10,10,10,10,10
1804,9,9,9,9,9,9,9
1805,9,9,9,9,9,9,9
1806,7,7,7,7,7,7,7
1807,8,13,13,13,13,13,13
1808,7,7,7,7,7,7,7
1809,8,7,7,7,7,7,7
1810,9,9,9,9,9,9,9
1811,9,9,9,9,9,9,9
1812,7,13,13,13,13,13,13
1813,7,7,7,7,7,7,7
1814,9,9,9,9,9,9,9
1815,9,9,9,9,9,9,9
1816,9,9,9,9,9,9,9
1817,7,7,7,7,7,7,7
1818,9,9,9,9,9,9,9
1819,7,7,7,7,7,7,7
1820,6,2,2,2,2,2,2
1821,9,13,13,13,13,13,13
1822,7,7,7,7,7,7,7
1823,9,9,9,9,9,9,9
1824,7,7,7,7,7,7,7
1825,6,2,2,2,2,2,2
1826,9,13,13,13,13,13,13
1827,7,7,7,7,7,7,7
1828,9,9,9,9,9,9,9
1829,7,7,7,7,7,7,7
1830,6,2,2,2,2,2,2
1831,9,13,13,13,13,13,13
1832,9,9,9,9,9,9,9
1833,7,7,7,7,7,7,7
1834,3,2,2,2,2,2,2
1835,13,6,6,6,6,6,6
1836,13,13,13,13,13,13,13
1837,7,7,7,7,7,7,7
1838,7,7,7,7,7,7,7
1839,7,7,7,7,7,7,7
1840,9,13,13,13,13,13,13
1841,7,7,7,7,7,7,7
1842,7,7,7,7,7,7,7
1843,13,13,13,13,13,13,13
1844,13,13,13,13,13,13,13
1845,10,10,10,10,10,10,10
1846,6,6,6,6,6,6,6
1847,7,7,7,7,7,7,7
1848,8,13,13,13,13,13,13
1849,9,9,9,9,9,9,9
1850,9,9,9,9,9,9,9
1851,6,6,6,6,6,6,6
1852,3,3,3,3,3,3,3
1853,13,13,13,13,13,13,13
1854,9,13,13,13,13,13,13
1855,7,7,7,7,7,7,7
1856,9,13,13,13,13,13,13
1857,6,6,6,6,6,6,6
1858,7,7,7,7,7,7,7
1859,9,9,9,9,9,9,9
1860,9,11,11,11,11,11,11
1861,9,13,13,9,9,13,13
1862,9,9,9,9,9,9,9
1863,9,9,9,9,9,9,9
1864,9,9,9,9,9,9,9
1865,9,9,9,9,9,9,9
1866,9,9,9,9,9,9,9
1867,9,9,9,9,9,9,9
1868,9,9,9,9,9,9,9
1869,10,10,10,10,10,10,10
1870,10,10,10,10,10,10,10
1871,10,13,13,13,13,13,13
1872,10,10,10,10,10,10,10
1873,10,10,10,10,10,10,10
1874,10,13,13,13,13,13,13
1875,10,13,13,13,13,13,13
1876,10,10,10,10,10,10,10
1877,10,10,10,10,10,10,10
1878,10,10,10,10,10,10,10
1879,6,6,6,6,6,6,6
1880,6,6,6,6,6,6,6
1881,10,10,10,10,10,10,10
1882,10,10,10,10,10,10,10
1883,10,10,10,10,10,10,10
1884,10,10,10,10,10,10,10
1885,10,10,10,10,10,10,10
1886,10,10,10,10,10,10,10
1887,8,6,6,6,6,6,6
1888,13,13,13,13,13,13,13
1889,8,6,6,6,6,6,6
1890,6,6,6,6,6,6,6
1891,7,7,7,7,7,7,7
1892,9,13,13,13,13,13,13
1893,10,10,10,10,10,10,10
1894,10,10,10,10,10,10,10
1895,10,10,10,10,10,10,10
1896,10,10,10,10,10,10,10
1897,7,7,7,7,7,7,7
1898,8,13,13,6,6,13,13
1899,6,6,6,6,6,6,6
1900,7,8,8,8,8,8,8
1901,10,13,13,13,13,13,13
1902,10,8,8,8,8,8,8
1903,10,8,8,8,8,8,8
1904,13,13,13,13,13,13,13
1905,11,11,11,11,11,11,11
1906,8,13,13,13,13,13,13
1907,7,7,7,7,7,7,7
1908,6,6,6,6,6,6,6
1909,13,13,13,13,13,13,13
1910,3,3,3,3,3,3,3
1911,7,7,7,7,7,7,7
1912,10,10,10,10,10,10,10
1913,10,10,10,10,10,10,10
1914,10,10,10,10,10,10,10
1915,10,10,10,10,10,10,10
1916,10,12,12,12,12,12,12
1917,13,7,7,7,7,7,7
1918,13,12,12,12,12,12,12
1919,3,3,3,3,3,3,3
1920,7,7,7,7,7,7,7
1921,7,7,7,7,7,7,7
1922,6,6,6,6,6,6,6
1923,3,6,6,6,6,6,6
1924,7,7,7,7,7,7,7
1925,10,10,10,10,10,10,10
1926,10,10,10,10,10,10,10
1927,10,10,10,10,10,10,10
1928,9,9,9,13,13,13,13
1929,6,6,6,6,6,6,6
1930,7,7,7,7,7,7,7
1931,10,10,10,10,10,10,10
1932,10,10,10,10,10,10,10
1933,10,13,13,13,13,13,13
1934,10,13,13,13,13,13,13
1935,8,6,6,6,6,6,6
1936,7,13,13,13,13,13,13
1937,12,12,12,12,12,12,12
1938,7,7,7,7,7,7,7
1939,7,7,7,7,7,7,7
1940,7,7,7,7,7,7,7
1941,6,6,6,6,6,6,6
1942,9,9,9,9,9,9,9
1943,9,9,9,9,9,9,9
1944,9,9,9,9,9,9,9
1945,6,6,6,6,6,6,6
1946,7,7,7,7,7,7,7
1947,7,7,7,7,7,7,7
1948,9,9,9,9,9,9,9
1949,9,9,9,9,9,9,9
1950,9,9,9,9,9,9,9
1951,6,6,6,6,6,6,6
1952,7,7,7,7,7,7,7
1953,7,7,7,7,7,7,7
1954,7,7,7,7,7,7,7
1955,9,7,7,7,7,7,7
1956,9,9,9,9,9,9,9
1957,9,13,13,13,13,13,13
1958,7,7,7,7,7,7,7
1959,7,7,7,7,7,7,7
1960,6,6,6,6,6,6,6
1961,9,9,9,9,9,9,9
1962,9,9,9,9,9,9,9
1963,9,9,9,9,9,9,9
1964,7,7,7,7,7,7,7
1965,7,7,7,7,7,7,7
1966,9,9,9,9,9,9,9
1967,9,9,9,9,9,9,9
1968,9,11,11,11,11,11,11
1969,0,0,0,0,0,0,0
1970,6,6,6,6,6,6,6
1971,0,0,0,0,0,0,0
1972,0,0,0,0,0,0,0
1973,6,6,6,6,6,6,6
1974,6,6,6,6,6,6,6
1975,7,7,7,7,7,7,7
1976,0,0,0,0,0,0,0
1977,7,7,7,7,7,7,7
1978,0,0,0,0,0,0,0
1979,6,6,6,6,6,6,6
1980,6,6,6,6,6,6,6
1981,7,7,7,7,7,7,7
1982,7,7,7,7,7,7,7
1983,6,6,6,6,6,6,6
1984,6,6,6,6,6,6,6
1985,7,7,7,7,7,7,7
1986,7,7,7,7,7,7,7
1987,6,6,6,6,6,6,6
1988,7,7,7,7,7,7,7
1989,6,6,6,6,6,6,6
1990,7,7,7,7,7,7,7
1991,6,6,6,6,6,6,6
1992,7,7,7,7,7,7,7
1993,8,6,6,6,6,6,6
1994,8,6,6,6,6,6,6
1995,9,9,9,9,9,9,9
1996,6,6,6,6,6,6,6
1997,7,7,7,7,7,7,7
1998,6,6,6,6,6,6,6
1999,7,7,7,7,7,7,7
2000,9,9,9,9,9,9,9
2001,7,7,7,7,7,7,7
2002,6,2,2,2,2,2,2
2003,7,7,7,7,7,7,7
2004,0,0,0,0,0,0,0
2005,6,6,6,6,6,6,6
2006,7,7,7,7,7,7,7
2007,0,6,6,6,6,6,6
2008,10,10,10,10,10,10,10
2009,13,13,13,13,13,13,13
2010,13,9,9,9,9,9,9
2011,6,6,6,6,6,6,6
2012,7,7,7,7,7,7,7
2013,0,0,0,0,0,0,0
2014,9,13,13,13,13,13,13
2015,9,12,12,12,12,12,12
2016,7,7,7,7,7,7,7
2017,6,6,6,6,6,6,6
2018,8,13,13,8,8,8,8
2019,8,8,8,6,6,8,8
2020,8,7,7,7,7,7,7
2021,6,6,6,6,6,6,6
2022,8,8,8,8,8,8,8
2023,7,7,7,7,7,7,7
2024,8,7,7,7,7,7,7
2025,6,6,6,6,6,6,6
2026,8,8,8,8,8,8,8
2027,8,8,8,8,8,8,8
2028,8,8,8,8,8,8,8
2029,6,6,6,6,6,6,6
2030,6,6,6,6,6,6,6
2031,7,7,7,7,7,7,7
2032,7,7,7,7,7,7,7
2033,7,7,7,7,7,7,7
2034,7,7,7,7,7,7,7
2035,7,7,7,7,7,7,7
2036,9,12,12,9,9,11,11
2037,9,9,9,9,9,9,9
2038,9,9,9,9,9,9,9
2039,13,13,13,13,13,13,13
2040,13,7,7,7,7,7,7
2041,12,12,12,12,12,12,12
2042,12,9,9,9,9,9,9
2043,3,3,3,3,3,3,3
2044,7,7,7,7,7,7,7
2045,7,7,7,7,7,7,7
2046,6,6,6,6,6,6,6
2047,9,9,9,9,9,9,9
2048,9,9,9,9,9,9,9
2049,9,11,11,11,11,11,11
2050,6,6,6,6,6,6,6
2051,9,9,9,9,9,9,9
2052,9,9,9,9,9,9,9
2053,13,13,13,13,13,13,13
2054,6,2,2,2,2,2,2
2055,9,9,9,9,9,9,9
2056,9,9,9,9,9,9,9
2057,3,3,3,3,3,3,3
2058,9,9,9,9,9,9,9
2059,9,9,9,9,9,9,9
2060,3,6,6,6,6,6,6
2061,9,9,9,9,9,9,9
2062,9,9,9,9,9,9,9
2063,13,9,9,9,9,9,9
2064,13,9,9,9,9,9,9
2065,7,6,6,6,6,6,6
2066,7,7,7,7,7,7,7
2067,7,7,7,7,7,7,7
2068,9,3,3,3,3,3,3
2069,9,12,12,12,12,12,12
2070,9,11,11,11,11,11,11
2071,9,11,11,11,11,11,11
2072,7,7,7,7,7,7,7
2073,7,13,13,7,7,7,7
2074,9,12,12,12,12,12,12
2075,9,9,9,9,9,9,9
2076,9,9,9,9,9,9,9
2077,9,9,9,9,9,9,9
2078,9,9,9,9,9,9,9
2079,13,13,13,13,13,13,13
2080,7,7,7,7,7,7,7
2081,7,13,13,13,13,13,13
2082,9,12,12,9,9,12,12
2083,9,9,9,9,9,9,9
2084,9,9,9,9,9,9,9
2085,9,9,9,9,9,9,9
2086,9,9,9,9,9,9,9
2087,13,13,13,13,13,13,13
2088,7,7,7,7,7,7,7
2089,7,13,13,13,13,13,13
2090,9,12,12,12,12,12,12
2091,9,9,9,9,9,9,9
2092,9,9,9,9,9,9,9
2093,9,9,9,9,9,9,9
2094,9,9,9,9,9,9,9
2095,13,13,13,13,13,13,13
2096,7,7,7,7,7,7,7
2097,7,13,13,13,13,13,13
2098,9,12,12,12,12,12,12
2099,9,12,12,12,12,12,12
2100,9,12,12,12,12,12,12
2101,9,10,10,10,10,10,10
2102,9,13,13,13,13,13,13
2103,13,13,13,13,13,13,13
2104,7,7,7,7,7,7,7
2105,12,12,12,12,12,12,12
2106,6,6,6,6,6,6,6
2107,10,10,10,10,10,10,10
2108,6,3,3,3,3,3,3
2109,6,6,6,6,6,6,6
2110,7,7,7,7,7,7,7
2111,3,3,3,3,3,3,3
2112,7,7,7,7,7,7,7
2113,10,13,13,10,10,13,13
2114,9,9,9,9,9,9,9
2115,6,6,6,6,6,6,6
2116,1,6,6,6,6,6,6
2117,7,7,7,7,7,7,7
2118,6,6,6,6,6,6,6
2119,9,9,9,9,9,9,9
2120,1,6,6,6,6,6,6
2121,7,7,7,7,7,7,7
2122,9,9,9,9,9,9,9
2123,13,13,13,13,13,13,13
2124,13,13,13,9,9,13,13
2125,7,7,7,7,7,7,7
2126,1,6,6,6,6,6,6
2127,9,9,9,9,9,9,9
2128,7,7,7,7,7,7,7
2129,1,6,6,6,6,6,6
2130,9,9,9,9,9,9,9
2131,13,13,13,13,13,13,13
2132,13,13,13,13,13,13,13
2133,1,6,6,6,6,6,6
2134,7,7,7,7,7,7,7
2135,1,6,6,6,6,6,6
2136,7,7,7,7,7,7,7
2137,9,9,9,9,9,9,9
2138,1,6,6,6,6,6,6
2139,7,7,7,7,7,7,7
2140,9,9,9,9,9,9,9
2141,1,6,6,6,6,6,6
2142,7,7,7,7,7,7,7
2143,6,6,6,6,6,6,6
2144,9,9,9,9,9,9,9
2145,9,9,9,9,9,9,9
2146,9,13,13,9,9,13,13
2147,9,13,13,13,13,13,13
2148,9,13,13,13,13,13,13
2149,9,9,9,9,9,9,9
2150,1,6,6,6,6,6,6
2151,7,7,7,7,7,7,7
2152,6,6,6,6,6,6,6
2153,9,9,9,9,9,9,9
2154,9,9,9,9,9,9,9
2155,9,13,13,13,13,13,13
2156,9,13,13,13,13,13,13
2157,9,13,13,13,13,13,13
2158,9,9,9,9,9,9,9
2159,1,6,6,6,6,6,6
2160,7,7,7,7,7,7,7
2161,6,6,6,6,6,6,6
2162,9,9,9,9,9,9,9
2163,9,9,9,9,9,9,9
2164,9,13,13,13,13,13,13
2165,9,13,13,13,13,13,13
2166,9,13,13,9,9,13,13
2167,9,9,9,9,9,9,9
2168,6,13,13,13,13,13,13
2169,10,13,13,13,13,13,13
2170,10,10,10,10,10,10,10
2171,10,10,10,10,10,10,10
2172,7,7,7,7,7,7,7
2173,7,8,8,8,8,8,8
2174,8,8,8,8,8,8,8
2175,7,7,7,7,7,7,7
2176,7,7,7,7,7,7,7
2177,7,7,7,7,7,7,7
2178,2,2,2,2,2,2,2
2179,7,7,7,7,7,7,7
2180,2,2,2,2,2,2,2
2181,7,7,7,7,7,7,7
2182,12,12,12,12,12,12,12
2183,12,12,12,12,12,12,12
2184,7,7,7,7,7,7,7
2185,7,7,7,7,7,7,7
2186,10,10,10,10,10,10,10
2187,11,11,11,11,11,11,11
2188,10,7,7,7,7,7,7
2189,10,12,12,12,12,12,12
2190,9,13,13,13,13,13,13
2191,9,9,9,9,9,9,9
2192,7,7,7,7,7,7,7
2193,9,9,9,9,9,9,9
2194,9,9,9,9,9,9,9
2195,9,9,9,9,9,9,9
2196,6,6,6,6,6,6,6
2197,6,6,6,6,6,6,6
2198,8,8,8,8,8,8,8
2199,8,8,8,8,8,8,8
2200,8,8,8,8,8,8,8
2201,8,8,8,8,8,8,8
2202,8,8,8,8,8,8,8
2203,7,7,7,7,7,7,7
2204,6,8,8,8,8,8,8
2205,7,6,6,6,6,6,6
2206,6,6,6,6,6,6,6
2207,7,6,6,6,6,6,6
2208,7,6,6,6,6,6,6
2209,7,6,6,6,6,6,6
2210,8,6,6,6,6,6,6
2211,8,6,6,6,6,6,6
2212,8,8,8,8,8,8,8
2213,8,13,13,13,13,13,13
2214,6,6,6,6,6,6,6
2215,9,11,11,11,11,11,11
2216,9,11,11,11,11,11,11
2217,9,9,9,9,9,9,9
2218,9,9,9,13,13,13,13
2219,1,6,6,6,6,6,6
2220,13,10,10,10,10,10,10
2221,9,9,9,9,9,9,9
2222,9,11,11,11,11,11,11
2223,9,9,9,9,9,9,9
2224,13,13,13,13,13,13,13
2225,13,13,13,13,13,13,13
2226,1,1,1,1,1,1,1
2227,9,11,11,11,11,11,11
2228,9,13,13,13,13,13,13
2229,9,9,9,9,9,9,9
2230,9,11,11,11,11,11,11
2231,13,13,13,13,13,13,13
2232,1,1,1,1,1,1,1
2233,13,10,10,10,10,10,10
2234,9,9,9,9,9,9,9
2235,9,9,9,9,9,9,9
2236,9,9,9,9,9,9,9
2237,13,13,13,13,13,13,13
2238,13,13,13,13,13,13,13
2239,1,1,1,1,1,1,1
2240,9,11,11,11,11,11,11
2241,13,13,13,13,13,13,13
2242,9,11,11,11,11,11,11
2243,9,9,9,9,9,9,9
2244,9,9,9,9,9,9,9
2245,1,1,1,1,1,1,1
2246,13,10,10,10,10,10,10
2247,9,9,9,9,9,9,9
2248,9,9,9,9,9,9,9
2249,9,9,9,9,9,9,9
2250,13,13,13,13,13,13,13
2251,13,13,13,13,13,13,13
2252,9,13,13,13,13,13,13
2253,1,1,1,1,1,1,1
2254,13,10,10,10,10,10,10
2255,9,11,11,11,11,11,11
2256,9,9,9,9,9,9,9
2257,9,9,9,9,9,9,9
2258,13,13,13,13,13,13,13
2259,13,13,13,13,13,13,13
2260,9,13,13,13,13,13,13
2261,1,6,6,6,6,6,6
2262,12,12,12,12,12,12,12
2263,12,12,12,12,12,12,12
2264,9,13,13,13,13,13,13
2265,1,1,1,1,1,1,1
2266,9,11,11,11,11,11,11
2267,7,1,1,1,1,1,1
2268,7,7,7,7,7,7,7
2269,7,7,7,7,7,7,7
2270,9,9,9,9,9,9,9
2271,9,9,9,9,9,9,9
2272,9,11,11,11,11,11,11
2273,13,13,13,13,13,13,13
2274,7,6,6,6,6,6,6
2275,6,6,6,6,6,6,6
2276,6,6,6,6,6,6,6
2277,7,7,7,7,7,7,7
2278,9,9,9,9,9,9,9
2279,9,9,9,9,9,9,9
2280,9,9,9,9,9,9,9
2281,7,7,7,7,7,7,7
2282,10,10,10,10,10,10,10
2283,10,10,10,10,10,10,10
2284,7,7,7,7,7,7,7
2285,10,9,9,9,9,9,9
2286,13,13,13,13,13,13,13
2287,10,10,10,10,10,10,10
2288,10,7,7,7,7,7,7
2289,2,3,3,3,3,3,3
2290,7,7,7,7,7,7,7
2291,9,9,9,9,9,9,9
2292,13,13,13,13,13,13,13
2293,10,10,10,10,10,10,10
2294,10,10,10,10,10,10,10
2295,6,6,6,6,6,6,6
2296,10,10,10,10,10,10,10
2297,10,10,10,10,10,10,10
2298,10,10,10,10,10,10,10
2299,7,7,7,7,7,7,7
2300,10,10,10,10,10,10,10
2301,10,10,10,10,10,10,10
2302,10,10,10,10,10,10,10
2303,2,2,2,2,2,2,2
2304,8,8,8,8,8,8,8
2305,7,7,7,7,7,7,7
2306,7,7,7,7,7,13,13
2307,10,10,10,10,10,10,10
2308,10,7,7,7,7,7,7
2309,10,7,7,7,7,13,13
2310,12,12,12,12,12,12,12
2311,12,12,12,12,12,12,12
2312,12,10,10,10,10,10,10
2313,7,7,7,7,7,7,7
2314,7,7,7,7,7,7,7
2315,7,9,9,9,9,9,9
2316,2,13,13,13,13,13,13
2317,12,12,12,12,12,12,12
2318,12,12,12,12,12,12,12
2319,13,13,13,13,13,13,13
2320,13,13,13,13,13,13,13
2321,12,12,12,12,12,12,12
2322,13,13,13,13,13,13,13
2323,13,13,13,13,13,13,13
2324,7,7,7,7,7,7,7
2325,6,6,6,6,6,6,6
2326,13,13,13,13,13,13,13
2327,10,10,10,10,10,10,10
2328,9,9,9,9,9,9,9
2329,9,9,9,9,9,9,9
2330,9,9,9,9,9,9,9
2331,13,13,13,13,13,13,13
2332,0,1,1,1,1,1,1
2333,7,7,7,7,7,7,7
2334,13,13,13,13,13,13,13
2335,13,13,13,13,13,13,13
2336,10,10,10,10,10,10,10
2337,10,10,10,10,10,10,10
2338,10,9,9,9,9,9,9
2339,10,11,11,11,11,11,11
2340,13,13,13,13,13,13,13
2341,13,13,13,13,13,13,13
2342,13,13,13,13,13,13,13
2343,13,13,13,13,13,13,13
2344,13,13,13,13,13,13,13
2345,8,6,6,6,6,6,6
2346,8,13,13,13,13,13,13
2347,13,13,13,13,13,13,13
2348,8,13,13,6,6,13,13
2349,8,13,13,13,13,13,13
2350,8,6,6,6,6,6,6
2351,8,13,13,13,13,13,13
2352,13,13,13,13,13,13,13
2353,7,7,7,7,7,7,7
2354,7,7,7,7,7,7,7
2355,9,9,9,9,9,9,9
2356,9,9,9,9,9,9,9
2357,9,9,9,9,9,9,9
2358,13,13,13,13,13,13,13
2359,7,7,7,7,7,7,7
2360,7,7,7,7,7,7,7
2361,9,9,9,9,9,9,9
2362,9,9,9,9,9,9,9
2363,7,7,7,7,7,7,7
2364,7,7,7,7,7,7,7
2365,13,13,13,13,13,13,13
2366,9,9,9,9,9,9,9
2367,9,9,9,9,9,9,9
2368,7,7,7,7,7,7,7
2369,7,7,7,7,7,7,7
2370,9,6,6,6,6,6,6
2371,9,8,8,8,8,8,8
2372,7,7,7,7,7,7,7
2373,7,7,7,7,7,7,7
2374,9,6,6,6,6,6,6
2375,9,2,2,2,2,2,2
2376,7,7,7,7,7,7,7
2377,7,7,7,7,7,7,7
2378,7,7,7,7,7,7,7
2379,7,7,7,7,7,7,7
2380,7,7,7,7,7,7,7
2381,13,6,6,6,6,6,6
2382,12,12,12,12,12,12,12
2383,12,12,12,12,12,12,12
2384,7,7,7,7,7,7,7
2385,9,9,9,9,9,9,9
2386,9,9,9,9,9,9,9
2387,7,7,7,7,7,7,7
2388,9,9,9,9,9,9,9
2389,9,9,9,9,9,9,9
2390,7,7,7,7,7,7,7
2391,9,11,11,11,11,11,11
2392,9,9,9,9,9,9,9
2393,7,7,7,7,7,7,7
2394,10,10,10,10,10,10,10
2395,10,10,10,10,10,10,10
2396,6,6,6,6,6,6,6
2397,6,6,6,6,6,6,6
2398,7,7,7,7,7,7,7
2399,10,10,10,10,10,10,10
2400,12,10,10,10,10,10,10
2401,6,6,6,6,6,6,6
2402,7,7,7,7,7,7,7
2403,9,11,11,11,11,11,11
2404,8,13,13,13,13,13,13
2405,7,7,7,7,7,7,7
2406,6,6,6,6,6,6,6
2407,9,9,9,9,9,9,9
2408,9,9,9,9,9,9,9
2409,7,7,7,7,7,7,7
2410,6,6,6,6,6,6,6
2411,9,9,9,9,9,9,9
2412,9,9,9,9,9,9,9
2413,7,7,7,7,7,7,7
2414,6,6,6,6,6,6,6
2415,9,9,9,9,9,9,9
2416,9,9,9,9,9,13,13
2417,6,6,6,6,6,6,6
2418,7,7,7,7,7,7,7
2419,9,11,11,11,11,11,11
2420,9,9,9,9,9,9,9
2421,7,7,7,7,7,7,7
2422,6,6,6,6,6,6,6
2423,9,9,9,9,9,9,9
2424,9,9,9,9,9,9,9
2425,7,7,7,7,7,7,7
2426,6,6,6,6,6,6,6
2427,9,9,9,9,9,9,9
2428,9,13,13,13,13,13,13
2429,7,7,7,7,7,7,7
2430,6,6,6,6,6,6,6
2431,9,9,9,9,9,9,9
2432,9,9,9,9,9,9,9
2433,7,7,7,7,7,7,7
2434,6,6,6,6,6,6,6
2435,9,12,12,12,12,12,12
2436,9,13,13,13,13,13,13
2437,6,6,6,6,6,6,6
2438,9,9,9,9,9,9,9
2439,9,9,9,9,9,9,9
2440,5,1,1,1,1,1,1
2441,7,7,7,7,7,7,7
2442,10,10,10,10,10,10,10
2443,10,10,10,10,10,10,10
2444,8,8,8,8,8,8,8
2445,6,1,1,1,1,1,1
2446,7,7,7,7,7,7,7
2447,6,6,6,6,6,6,6
2448,6,8,8,8,8,8,8
2449,10,10,10,10,10,10,10
2450,10,12,12,12,12,12,12
2451,10,7,7,7,7,7,7
2452,10,10,10,10,10,10,10
2453,10,10,10,10,10,10,10
2454,7,7,7,7,7,7,7
2455,6,6,6,6,6,6,6
2456,6,6,6,6,6,6,6
2457,10,10,10,10,10,10,10
2458,10,12,12,12,12,12,12
2459,10,10,10,10,10,10,10
2460,7,7,7,7,7,7,7
2461,9,13,13,13,13,13,13
2462,10,10,10,10,10,10,10
2463,10,10,10,10,10,10,10
2464,7,7,7,7,7,7,7
2465,10,10,10,10,10,10,10
2466,10,10,10,10,10,10,10
2467,9,13,13,13,13,13,13
2468,7,7,7,7,7,7,7
2469,10,10,10,10,10,10,10
2470,10,10,10,10,10,10,10
2471,9,13,13,13,13,13,13
2472,7,7,7,7,7,7,7
2473,6,6,6,6,6,6,6
2474,10,10,10,10,10,10,10
2475,10,10,10,10,10,10,10
2476,10,10,10,10,10,10,10
2477,10,10,10,10,10,10,10
2478,10,10,10,10,10,10,10
2479,6,6,6,6,6,6,6
2480,9,9,9,9,9,9,9
2481,9,9,9,9,9,9,9
2482,10,12,12,12,12,12,12
2483,10,12,12,12,12,12,12
2484,6,6,6,6,6,6,6
2485,7,7,7,7,7,7,7
2486,12,12,12,12,12,12,12
2487,9,9,9,9,9,9,9
2488,13,13,13,13,13,13,13
2489,9,13,13,13,13,13,13
2490,8,13,13,13,13,13,13
2491,6,6,6,6,6,6,6
2492,6,6,6,6,6,6,6
2493,9,9,9,9,9,9,9
2494,9,13,13,13,13,13,13
2495,12,12,12,12,12,12,12
2496,12,10,10,10,10,10,10
2497,8,8,8,8,8,8,8
2498,8,8,8,8,8,8,8
2499,6,6,6,6,6,6,6
2500,8,8,8,8,8,8,8
2501,6,8,8,8,8,8,8
2502,12,12,12,12,12,12,12
2503,12,12,12,12,12,12,12
2504,9,13,13,13,13,13,13
2505,6,6,6,6,6,6,6
2506,12,12,12,12,12,12,12
2507,12,12,12,12,12,12,12
2508,9,13,13,13,13,13,13
2509,6,6,6,6,6,6,6
2510,7,7,7,7,7,7,7
2511,12,12,12,12,12,12,12
2512,12,12,12,12,12,12,12
2513,6,6,6,6,6,6,6
2514,7,7,7,7,7,7,7
2515,9,9,9,9,9,9,9
2516,11,11,11,11,11,11,11
2517,11,11,11,11,11,11,11
2518,11,11,11,11,11,11,11
2519,11,11,11,11,11,11,11
2520,13,10,10,10,10,10,10
2521,13,10,10,10,10,10,10
2522,6,6,6,6,6,6,6
2523,4,6,6,6,6,6,6
2524,13,13,13,13,13,13,13
2525,13,13,13,13,13,13,13
2526,13,10,10,10,10,10,10
2527,13,10,10,10,10,10,10
2528,8,8,8,8,8,8,8
2529,8,7,7,7,7,7,7
2530,9,13,13,13,13,13,13
2531,9,9,9,9,9,9,9
2532,12,12,12,12,12,12,12
2533,12,12,12,12,12,12,12
2534,6,6,6,6,6,6,6
2535,6,6,6,6,6,6,6
2536,10,10,10,10,10,10,10
2537,10,10,10,10,10,10,10
2538,10,10,10,10,10,10,10
2539,13,13,13,13,13,13,13
2540,10,12,12,12,12,12,12
2541,10,10,10,10,10,10,10
2542,10,10,10,10,10,10,10
2543,10,7,7,7,7,7,7
2544,10,12,12,12,12,12,12
2545,2,2,2,2,2,2,2
2546,10,10,10,10,10,10,10
2547,10,10,10,10,10,10,10
2548,10,10,10,10,10,10,10
2549,13,13,13,13,13,13,13
2550,10,10,10,10,10,10,10
2551,10,7,7,7,7,7,7
2552,7,7,7,7,7,7,7
2553,6,6,6,6,6,6,6
2554,7,7,7,7,7,7,7
2555,7,7,7,7,7,7,7
2556,10,10,10,10,10,10,10
2557,10,10,10,10,10,10,10
2558,10,10,10,10,10,10,10
2559,6,7,7,7,7,7,7
2560,7,7,7,7,7,7,7
2561,7,7,7,7,7,7,7
2562,10,10,10,10,10,10,10
2563,10,10,10,10,10,10,10
2564,10,10,10,10,10,10,10
2565,10,10,10,10,10,10,10
2566,6,6,6,6,6,6,6
2567,7,7,7,7,7,7,7
2568,6,6,6,6,6,6,6
2569,10,10,10,10,10,10,10
2570,13,13,13,13,13,13,13
2571,13,13,13,13,13,13,13
2572,7,7,7,7,7,7,7
2573,10,10,10,10,10,10,10
2574,10,7,7,7,7,7,7
2575,10,10,10,10,10,10,10
2576,10,10,10,10,10,10,10
2577,10,10,10,10,10,10,10
2578,10,10,10,10,10,10,10
2579,10,10,10,10,10,10,10
2580,10,10,10,10,10,10,10
2581,6,6,6,6,6,6,6
2582,10,10,10,10,10,10,10
2583,10,13,13,13,13,13,13
2584,10,10,10,10,10,10,10
2585,10,10,10,10,10,10,10
2586,10,10,10,10,10,10,10
2587,7,7,7,7,7,7,7
2588,7,7,7,7,7,7,7
2589,10,7,7,7,7,7,7
2590,10,10,10,10,10,10,10
2591,10,10,10,10,10,10,10
2592,13,13,13,13,13,13,13
2593,7,7,7,7,7,7,7
2594,7,7,7,7,7,7,7
2595,7,6,6,6,6,6,6
2596,8,7,7,7,7,7,7
2597,13,9,9,9,9,9,9
2598,7,7,7,7,7,7,7
2599,6,6,6,6,6,6,6
2600,13,9,9,6,6,6,6
2601,13,9,9,6,6,6,6
2602,13,13,13,13,13,13,13
2603,6,6,6,6,6,6,6
2604,1,1,1,1,1,1,1
2605,7,7,7,7,7,7,7
2606,7,7,7,7,7,7,7
2607,13,13,13,13,13,13,13
2608,13,13,13,13,13,13,13
2609,13,13,13,13,13,13,13
2610,13,6,6,6,6,6,6
2611,6,6,6,6,6,6,6
2612,9,9,9,9,9,9,9
2613,9,9,9,9,9,9,9
2614,12,12,12,12,12,12,12
2615,7,7,7,7,7,7,7
2616,12,9,9,9,9,9,9
2617,12,9,9,9,9,9,9
2618,12,12,12,12,12,12,12
2619,12,12,12,12,12,12,12
2620,12,12,12,12,12,12,12
2621,12,12,12,12,12,12,12
2622,9,9,9,9,9,9,9
2623,13,10,10,10,10,10,10
2624,0,1,1,1,1,1,1
2625,10,10,10,10,10,10,10
2626,10,10,10,10,10,10,10
2627,10,10,10,10,10,10,10
2628,13,13,13,13,13,13,13
2629,6,6,6,6,6,6,6
2630,7,8,8,8,8,8,8
2631,10,10,10,10,10,10,10
2632,11,11,11,11,11,11,11
2633,11,11,11,11,11,11,11
2634,2,6,6,6,6,6,6
2635,7,7,7,7,7,7,7
2636,11,11,11,11,11,11,11
2637,11,11,11,11,11,11,11
2638,10,10,10,10,10,10,10
2639,10,10,10,10,10,10,10
2640,10,10,10,10,10,10,10
2641,0,0,0,0,0,0,0
2642,7,7,7,7,7,7,7
2643,6,6,6,6,6,6,6
2644,11,11,11,11,11,11,11
2645,11,11,11,11,11,11,11
2646,11,11,11,11,11,11,11
2647,11,11,11,11,11,11,11
2648,11,11,11,11,11,11,11
2649,6,6,6,6,6,6,6
2650,9,9,9,9,9,9,9
2651,9,9,9,9,9,9,9
2652,9,11,11,11,11,11,11
2653,0,6,6,6,6,6,6
2654,9,9,9,9,9,9,9
2655,9,9,9,9,9,9,9
2656,9,9,9,9,9,9,9
2657,0,6,6,6,6,6,6
2658,9,9,9,9,9,9,9
2659,9,9,9,9,9,9,9
2660,9,9,9,9,9,9,9
2661,0,6,6,6,6,6,6
2662,9,9,9,9,9,9,9
2663,9,9,9,9,9,9,9
2664,9,9,9,9,9,9,9
2665,0,6,6,6,6,6,6
2666,9,9,9,9,9,9,9
2667,9,9,9,9,9,9,9
2668,9,9,9,9,9,9,9
2669,0,2,2,2,2,2,2
2670,6,6,6,6,6,6,6
2671,9,9,9,9,9,9,9
2672,7,7,7,7,7,7,7
2673,10,10,10,10,10,10,10
2674,10,12,12,12,12,12,12
2675,8,8,8,8,8,8,8
2676,7,7,7,7,7,7,7
2677,7,7,7,7,7,7,7
2678,7,7,7,7,7,7,7
2679,13,10,10,10,10,10,10
2680,13,9,9,9,9,9,9
2681,7,7,7,7,7,7,7
2682,7,7,7,7,7,7,7
2683,0,6,6,6,6,6,6
2684,7,7,7,7,7,7,7
2685,12,12,12,12,12,12,12
2686,12,10,10,10,10,10,10
2687,12,12,12,12,12,12,12
2688,7,7,7,7,7,7,7
2689,0,5,5,5,5,5,5
2690,7,7,7,7,7,7,7
2691,6,6,6,6,6,6,6
2692,8,8,8,8,8,8,8
2693,6,6,6,6,6,6,6
2694,7,7,7,7,7,7,7
2695,6,0,0,0,0,0,0
2696,13,13,13,13,13,13,13
2697,13,6,6,6,6,6,6
2698,13,13,13,13,13,13,13
2699,13,13,13,13,13,13,13
2700,13,13,13,13,13,13,13
2701,13,7,7,7,7,7,7
2702,13,13,13,13,13,13,13
2703,9,9,9,9,9,9,9
2704,11,11,11,11,11,11,11
2705,11,11,11,11,11,11,11
2706,13,13,13,13,13,13,13
2707,6,6,6,6,6,6,6
2708,6,6,6,6,6,6,6
2709,10,10,10,10,10,10,10
2710,10,10,10,10,10,10,10
2711,12,12,12,12,12,12,12
2712,12,12,12,12,12,12,12
2713,6,6,6,6,6,6,6
2714,2,3,3,3,3,3,3
2715,10,10,10,10,10,10,10
2716,10,10,10,10,10,10,10
2717,12,12,12,12,12,12,12
2718,13,13,13,13,13,13,13
2719,7,7,7,7,7,7,7
2720,9,9,9,9,9,9,9
2721,9,9,9,9,9,9,9
2722,9,9,9,9,9,9,9
2723,9,9,9,9,9,9,9
2724,7,7,7,7,7,7,7
2725,2,2,2,2,2,2,2
2726,10,11,11,11,11,11,11
2727,10,11,11,11,11,11,11
2728,6,6,6,6,6,6,6
2729,7,7,7,7,7,7,7
2730,7,11,11,11,11,11,11
2731,10,12,12,12,12,12,12
2732,10,10,10,10,10,10,10
2733,7,7,7,7,7,7,7
2734,12,12,12,12,12,12,12
2735,12,7,7,7,7,7,7
2736,8,8,8,8,8,8,8
2737,6,6,6,6,6,6,6
2738,7,7,7,7,7,7,7
2739,6,6,6,6,6,6,6
2740,7,7,7,7,7,7,7
2741,6,6,6,6,6,6,6
2742,6,7,7,7,7,7,7
2743,6,7,7,7,7,7,7
2744,6,7,7,7,7,7,7
2745,6,6,6,6,6,6,6
2746,7,7,7,7,7,7,7
2747,0,6,6,6,6,6,6
2748,0,0,0,0,0,0,0
2749,6,9,9,9,9,9,9
2750,7,7,7,7,7,7,7
2751,7,7,7,7,7,7,7
2752,6,6,6,6,6,6,6
2753,7,7,7,7,7,7,7
2754,0,6,6,6,6,6,6
2755,7,7,7,7,7,7,7
2756,0,6,6,2,2,2,2
2757,7,7,7,7,7,7,7
2758,6,7,7,7,7,7,7
2759,6,7,7,7,7,7,7
2760,7,7,7,7,7,7,7
2761,6,6,6,6,6,6,6
2762,7,7,7,7,7,7,7
2763,7,7,7,7,7,7,7
2764,7,7,7,7,7,7,7
2765,13,13,13,13,13,13,13
2766,10,11,11,11,11,11,11
2767,10,10,10,10,10,10,10
2768,10,7,7,7,7,7,7
2769,3,3,3,3,3,3,3
2770,3,6,6,6,6,6,6
2771,7,7,7,7,7,7,7
2772,9,9,9,9,9,9,9
2773,9,11,11,11,11,11,11
2774,7,7,7,7,7,7,7
2775,7,7,7,7,7,7,7
2776,7,7,7,7,7,7,7
2777,7,7,7,7,7,7,7
2778,6,6,6,6,6,6,6
2779,7,7,7,7,7,7,7
2780,6,6,6,6,6,6,6
2781,7,7,7,7,7,7,7
2782,6,6,6,6,6,6,6
2783,10,10,10,10,10,10,10
2784,11,10,10,10,10,10,10
2785,10,10,10,10,10,10,10
2786,3,0,0,0,0,0,0
2787,7,13,13,13,13,13,13
2788,8,6,6,6,6,6,6
2789,7,7,7,7,7,7,7
2790,7,7,7,7,7,7,7
2791,8,8,8,8,8,8,8
2792,7,7,7,7,7,7,7
2793,7,13,13,13,13,13,13
2794,0,0,0,0,0,0,0
2795,6,6,6,6,6,6,6
2796,6,6,6,6,6,6,6
2797,7,7,7,7,7,7,7
2798,8,8,8,8,8,8,8
2799,11,13,13,13,13,13,13
2800,6,6,6,6,6,6,6
2801,8,8,8,8,8,8,8
2802,6,6,6,6,6,6,6
2803,6,6,6,6,6,6,6
2804,7,7,7,7,7,7,7
2805,7,7,7,7,7,7,7
2806,6,7,7,7,7,7,7
2807,6,7,7,7,7,7,7
2808,11,13,13,8,8,13,13
2809,6,6,6,6,6,6,6
2810,8,8,8,8,8,8,8
2811,6,6,6,6,6,6,6
2812,0,6,6,6,6,6,6
2813,7,7,7,7,7,7,7
2814,8,8,8,8,8,8,8
2815,7,7,7,7,7,7,7
2816,9,9,9,9,9,9,9
2817,9,7,7,7,7,7,7
2818,9,9,9,9,9,9,9
2819,9,9,9,9,9,9,9
2820,7,7,7,7,7,7,7
2821,7,7,7,7,7,7,7
2822,13,13,13,13,13,13,13
2823,9,9,9,9,9,9,9
2824,9,9,9,9,9,9,9
2825,9,13,13,7,7,7,7
2826,9,7,7,7,7,7,7
2827,9,7,7,7,7,7,7
2828,9,7,7,7,7,7,7
2829,9,11,11,11,11,11,11
2830,9,9,9,9,9,9,9
2831,13,13,13,13,13,13,13
2832,7,7,7,7,7,7,7
2833,7,7,7,7,7,7,7
2834,9,9,9,9,9,9,9
2835,9,7,7,7,7,7,7
2836,9,11,11,11,11,11,11
2837,9,9,9,9,9,9,9
2838,13,13,13,13,13,13,13
2839,13,13,13,13,13,13,13
2840,9,9,9,9,9,9,9
2841,7,7,7,7,7,7,7
2842,7,6,6,6,6,6,6
2843,9,9,9,9,9,9,9
2844,9,13,13,13,13,13,13
2845,9,9,9,9,9,9,9
2846,9,9,9,9,9,9,9
2847,13,13,13,13,13,13,13
2848,7,7,7,7,7,7,7
2849,9,7,7,7,7,7,7
2850,7,7,7,7,7,7,7
2851,7,7,7,7,7,7,7
2852,7,7,7,7,7,7,7
2853,7,7,7,7,7,7,7
2854,7,7,7,7,7,7,7
2855,6,6,6,6,6,6,6
2856,6,6,6,6,6,6,6
2857,6,6,6,6,6,6,6
2858,8,8,8,8,8,8,8
2859,8,8,8,8,8,8,8
2860,9,9,9,9,9,9,9
2861,9,9,9,9,9,9,9
2862,6,7,7,7,7,7,7
2863,7,7,7,7,7,7,7
2864,8,8,8,8,8,8,8
2865,5,6,6,6,6,6,6
2866,8,7,7,7,7,7,7
2867,7,7,7,7,7,7,7
2868,6,7,7,7,7,7,7
2869,8,8,8,8,8,8,8
2870,4,6,6,6,6,6,6
2871,7,7,7,7,7,7,7
2872,6,7,7,7,7,7,7
2873,9,9,9,9,9,11,11
2874,9,9,9,9,9,9,9
2875,8,8,8,8,8,8,8
2876,4,6,6,6,6,6,6
2877,7,7,7,7,7,7,7
2878,6,7,7,7,7,7,7
2879,10,10,10,10,10,10,10
2880,9,9,9,9,9,9,9
2881,6,6,6,6,6,6,6
2882,7,7,7,7,7,7,7
2883,4,4,4,4,4,4,4
2884,6,6,6,6,6,6,6
2885,13,13,13,7,7,13,13
2886,8,10,10,10,10,10,10
2887,7,7,7,7,7,7,7
2888,7,7,7,7,7,7,7
2889,10,10,10,10,10,10,10
2890,10,12,12,12,12,12,12
2891,10,7,7,7,7,7,7
2892,4,1,1,1,1,1,1
2893,10,10,10,10,10,10,10
2894,6,6,6,6,6,6,6
2895,3,3,3,3,3,3,3
2896,9,12,12,12,12,12,12
2897,9,9,9,9,9,9,9
2898,13,13,13,13,13,13,13
2899,6,6,6,6,6,6,6
2900,2,2,2,2,2,2,2
2901,3,2,2,2,2,2,2
2902,8,8,8,8,8,8,8
2903,7,7,7,7,7,7,7
2904,10,10,10,10,10,10,10
2905,10,10,10,10,10,10,10
2906,10,10,10,10,10,10,10
2907,6,6,6,6,6,6,6
2908,2,6,6,6,6,6,6
2909,7,7,7,7,7,7,7
2910,7,7,7,7,7,7,7
2911,7,7,7,7,7,7,7
2912,7,7,7,7,7,7,7
2913,13,13,13,13,13,13,13
2914,10,10,10,10,10,10,10
2915,10,10,10,10,10,10,10
2916,10,10,10,10,10,10,10
2917,7,7,7,7,7,7,7
2918,9,9,9,9,9,9,9
2919,9,9,9,9,9,9,9
2920,9,9,9,9,9,9,9
2921,7,7,7,7,7,7,7
2922,9,9,9,9,9,9,9
2923,9,9,9,9,9,9,9
2924,9,9,9,9,9,9,9
2925,7,7,7,7,7,7,7
2926,7,7,7,7,7,7,7
2927,9,13,13,13,13,13,13
2928,9,9,9,9,9,9,9
2929,9,9,9,9,9,9,9
2930,9,9,9,9,9,9,9
2931,9,9,9,9,9,9,9
2932,7,7,7,7,7,7,7
2933,7,7,7,7,7,7,7
2934,7,7,7,7,7,7,7
2935,9,13,13,13,13,13,13
2936,9,9,9,9,9,9,9
2937,9,9,9,9,9,9,9
2938,9,9,9,9,9,9,9
2939,9,9,9,9,9,9,9
2940,7,7,7,7,7,7,7
2941,7,7,7,7,7,7,7
2942,7,7,7,7,7,7,7
2943,9,9,9,9,9,9,9
2944,9,9,9,9,9,9,9
2945,9,9,9,9,9,9,9
2946,9,9,9,9,9,9,9
2947,9,9,9,9,9,9,9
2948,7,7,7,7,7,7,7
2949,7,7,7,7,7,7,7
2950,12,12,12,12,12,12,12
2951,12,12,12,12,12,12,12
2952,12,12,12,12,12,12,12
2953,9,13,13,13,13,13,13
2954,7,7,7,7,7,7,7
2955,7,7,7,7,7,7,7
2956,9,9,9,9,9,9,9
2957,9,9,9,9,9,9,9
2958,9,9,9,9,9,9,9
2959,9,9,9,9,9,9,9
2960,9,9,9,9,9,9,9
2961,7,7,7,7,7,7,7
2962,0,1,1,1,1,1,1
2963,13,13,13,13,13,13,13
2964,12,12,12,12,12,12,12
2965,13,13,13,13,13,13,13
2966,8,8,8,8,8,8,8
2967,6,6,6,6,6,6,6
2968,11,11,11,11,11,11,11
2969,11,11,11,11,11,11,11
2970,9,9,9,9,9,9,9
2971,9,9,9,9,9,9,9
2972,7,7,7,7,7,7,7
2973,9,9,9,9,9,9,9
2974,9,9,9,9,9,9,9
2975,9,9,9,9,9,9,9
2976,10,10,10,10,10,10,10
2977,10,10,10,10,10,10,10
2978,10,10,10,10,10,10,10
2979,10,10,10,10,10,10,10
2980,10,10,10,10,10,10,10
2981,10,10,10,10,10,10,10
2982,10,10,10,10,10,10,10
2983,10,10,10,10,10,10,10
2984,10,10,10,10,10,10,10
2985,6,6,6,6,6,6,6
2986,9,9,9,9,9,9,9
2987,9,11,11,11,11,11,11
2988,9,9,9,9,9,9,9
2989,6,6,6,6,6,6,6
2990,6,6,6,6,6,6,6
2991,6,6,6,6,6,6,6
2992,9,9,9,9,9,9,9
2993,9,9,9,9,9,9,9
2994,9,13,13,13,13,13,13
2995,8,8,8,8,8,8,8
2996,7,7,7,7,7,7,7
2997,9,9,9,9,9,9,9
2998,10,13,13,13,13,13,13
2999,6,6,6,6,6,6,6
3000,6,6,6,6,6,6,6
3001,9,9,9,9,9,9,9
3002,9,9,9,9,9,9,9
3003,9,13,13,13,13,13,13
3004,8,8,8,8,8,8,8
3005,9,9,9,9,9,9,9
3006,7,7,7,7,7,7,7
3007,8,8,8,8,8,8,8
3008,6,6,6,6,6,6,6
3009,6,6,6,6,6,6,6
3010,2,2,2,2,2,2,2
3011,6,6,6,6,6,6,6
3012,7,7,7,7,7,7,7
3013,6,8,8,6,6,8,8
3014,9,9,9,9,9,9,9
3015,9,6,6,6,6,6,6
3016,9,11,11,11,11,11,11
3017,9,9,9,9,9,9,9
3018,9,9,9,9,9,9,9
3019,9,11,11,11,11,11,11
3020,8,8,8,8,8,8,8
3021,6,6,6,6,6,6,6
3022,6,6,6,6,6,6,6
3023,2,2,2,2,2,2,2
3024,6,6,6,6,6,6,6
3025,7,7,7,7,7,7,7
3026,6,8,8,8,8,8,8
3027,9,9,9,9,9,9,9
3028,9,13,7,7,7,7,7
3029,9,11,11,11,11,11,11
3030,9,9,9,9,9,9,9
3031,9,9,9,9,9,9,9
3032,9,11,11,11,11,11,11
3033,8,8,8,8,8,8,8
3034,6,6,6,6,6,6,6
3035,6,6,6,6,6,6,6
3036,2,2,2,2,2,2,2
3037,6,6,6,6,6,6,6
3038,7,7,7,7,7,7,7
3039,6,8,8,8,8,8,8
3040,10,10,10,10,10,10,10
3041,10,7,7,7,7,7,7
3042,9,11,11,11,11,11,11
3043,9,9,9,9,9,9,9
3044,9,9,9,9,9,9,9
3045,9,9,9,9,9,9,9
3046,6,6,6,6,6,6,6
3047,2,2,2,2,2,2,2
3048,10,10,10,10,10,10,10
3049,10,13,13,13,13,13,13
3050,9,11,11,11,11,11,11
3051,9,9,9,9,9,9,9
3052,9,9,9,9,9,9,9
3053,8,13,13,13,13,13,13
3054,6,6,6,6,6,6,6
3055,6,6,6,6,6,6,6
3056,2,2,2,2,2,2,2
3057,6,6,6,6,6,6,6
3058,7,7,7,7,7,7,7
3059,6,6,6,6,6,6,6
3060,10,10,10,10,10,10,10
3061,10,7,7,7,7,7,7
3062,9,11,11,11,11,11,11
3063,9,9,9,9,9,9,9
3064,9,9,9,9,9,9,9
3065,9,9,9,9,9,9,9
3066,9,9,9,9,9,9,9
3067,9,11,11,11,11,11,11
3068,9,11,11,11,11,11,11
3069,9,9,9,9,9,9,9
3070,9,9,9,9,9,9,9
3071,9,9,9,9,9,11,11
3072,9,9,9,9,9,9,9
3073,9,9,9,9,9,9,9
3074,9,9,9,9,9,9,9
3075,9,9,9,9,9,9,9
3076,9,11,11,11,11,11,11
3077,9,11,11,11,11,11,11
3078,9,9,9,9,9,9,9
3079,9,9,9,9,9,9,9
3080,7,7,7,7,7,7,7
3081,10,10,10,10,10,10,10
3082,10,10,10,10,10,10,10
3083,10,10,10,10,10,10,10
3084,7,7,7,7,7,7,7
3085,6,6,6,6,6,6,6
3086,9,13,13,13,13,13,13
3087,10,13,13,13,13,13,13
3088,9,9,9,9,9,9,9
3089,6,6,6,6,6,6,6
3090,6,6,6,6,6,6,6
3091,6,6,6,6,6,6,6
3092,6,6,6,6,6,6,6
3093,6,6,6,6,6,6,6
3094,6,6,6,6,6,6,6
3095,6,6,6,6,6,6,6
3096,13,13,13,13,13,13,13
3097,6,6,6,6,6,6,6
3098,6,6,6,6,6,6,6
3099,6,6,6,6,6,6,6
3100,6,6,6,6,6,6,6
3101,6,13,13,13,13,13,13
3102,6,6,6,6,6,6,6
3103,6,6,6,6,6,6,6
3104,6,6,6,6,6,6,6
3105,13,13,13,13,13,13,13
3106,13,9,9,9,9,9,9
3107,6,6,6,6,6,6,6
3108,6,6,6,6,6,6,6
3109,6,9,9,9,9,9,9
3110,13,13,13,13,13,13,13
3111,6,6,6,6,6,6,6
3112,9,13,13,13,13,13,13
3113,6,6,6,6,6,6,6
3114,8,6,6,6,6,6,6
3115,7,13,13,13,13,13,13
3116,7,6,6,6,6,6,6
3117,6,6,6,6,6,6,6
3118,7,13,13,13,13,13,13
3119,13,9,9,9,9,9,9
3120,13,8,8,8,8,8,8
3121,13,13,13,13,13,13,13
3122,9,13,13,13,13,13,13
3123,9,9,9,9,9,9,9
3124,7,6,6,6,6,6,6
3125,7,7,7,7,7,7,7
3126,6,6,6,6,6,6,6
3127,7,7,7,7,7,7,7
3128,7,7,7,7,7,7,7
3129,10,10,10,10,10,10,10
3130,6,6,6,6,6,6,6
3131,6,6,6,6,6,6,6
3132,9,11,11,11,11,11,11
3133,7,7,7,7,7,7,7
3134,8,8,8,8,8,8,8
3135,8,13,13,13,13,13,13
3136,11,11,11,11,11,11,11
3137,11,11,11,11,11,11,11
3138,11,11,11,11,11,11,11
3139,3,1,1,1,1,1,1
3140,12,12,12,12,12,12,12
3141,12,12,12,12,12,12,12
3142,10,10,10,10,10,10,10
3143,9,9,9,9,9,9,9
3144,7,7,7,7,7,7,7
3145,6,6,6,6,6,6,6
3146,6,6,6,6,6,6,6
3147,6,6,6,6,6,6,6
3148,7,7,7,7,7,7,7
3149,6,6,6,6,6,6,6
3150,7,7,7,7,7,7,7
3151,6,6,6,6,6,6,6
3152,6,6,6,6,6,6,6
3153,2,6,6,6,6,6,6
3154,7,7,7,7,7,7,7
3155,6,6,6,6,6,6,6
3156,6,6,6,6,6,6,6
3157,12,12,12,12,12,12,12
3158,2,6,6,6,6,6,6
3159,7,7,7,7,7,7,7
3160,2,6,6,6,6,6,6
3161,6,6,6,6,6,6,6
3162,9,9,9,9,9,9,9
3163,9,9,9,9,9,9,9
3164,9,9,9,9,9,9,9
3165,12,12,12,12,12,12,12
3166,7,7,7,7,7,7,7
3167,2,6,6,6,6,6,6
3168,7,7,7,7,7,7,7
3169,9,11,11,11,11,11,11
3170,9,11,11,11,11,11,11
3171,9,11,11,11,11,11,11
3172,9,11,11,11,11,11,11
3173,9,11,11,11,11,11,11
3174,7,7,7,7,7,7,7
3175,7,7,7,7,7,7,7
3176,9,9,9,9,9,9,9
3177,9,9,9,9,9,9,9
3178,9,11,11,11,11,11,11
3179,9,9,9,9,9,9,9
3180,9,9,9,9,9,9,9
3181,9,9,9,9,9,9,9
3182,9,11,11,11,11,11,11
3183,9,11,11,11,11,11,11
3184,9,9,9,9,9,9,9
3185,9,9,9,9,9,9,9
3186,12,12,12,12,12,12,12
3187,12,12,12,12,12,12,12
3188,12,12,12,12,12,12,12
3189,12,10,10,10,10,10,10
3190,7,7,7,7,7,7,7
3191,2,9,9,9,9,9,9
3192,9,9,9,9,9,9,9
3193,9,7,7,7,7,7,7
3194,7,7,7,7,7,7,7
3195,2,6,6,6,6,6,6
3196,10,13,13,13,13,13,13
3197,9,13,13,13,13,13,13
3198,9,13,13,13,13,13,13
3199,9,9,9,9,9,9,9
3200,7,7,7,7,7,7,7
3201,2,13,13,13,13,13,13
3202,13,13,13,13,13,13,13
3203,13,13,13,13,13,13,13
3204,9,9,9,9,9,9,9
3205,9,9,9,9,9,9,9
3206,7,7,7,7,7,7,7
3207,2,2,2,2,2,2,2
3208,7,7,7,7,7,7,7
3209,7,7,7,7,7,7,7
3210,7,7,7,7,7,7,7
3211,6,6,6,6,6,6,6
3212,9,9,9,9,9,9,9
3213,9,9,9,9,9,9,9
3214,9,13,13,13,13,13,13
3215,9,9,9,9,9,9,9
3216,9,9,9,9,9,9,9
3217,9,9,9,9,9,9,9
3218,9,9,9,9,9,9,9
3219,9,9,9,9,9,9,9
3220,9,9,9,9,9,9,9
3221,9,9,9,9,9,9,9
3222,8,8,8,8,8,8,8
3223,6,6,6,6,6,6,6
3224,9,9,9,9,9,9,9
3225,9,9,9,9,9,9,9
3226,9,9,9,9,9,9,9
3227,7,7,7,7,7,7,7
3228,6,7,7,7,7,7,7
3229,6,7,7,7,7,7,7
3230,7,7,7,7,7,7,7
3231,7,7,7,7,7,7,7
3232,6,6,6,6,6,6,6
3233,10,10,10,10,10,10,10
3234,10,10,10,10,10,10,10
3235,10,10,10,10,10,10,10
3236,7,7,7,7,7,7,7
3237,3,1,1,1,1,1,1
3238,7,7,7,7,7,7,7
3239,10,10,10,10,10,10,10
3240,10,10,10,10,10,10,10
3241,10,10,10,10,10,10,10
3242,13,13,13,13,13,13,13
3243,13,13,13,13,13,13,13
3244,6,6,6,6,6,6,6
3245,6,6,6,6,6,6,6
3246,7,7,7,7,7,7,7
3247,12,12,12,12,12,12,12
3248,11,12,12,12,12,12,12
3249,10,10,10,10,10,10,10
3250,12,12,12,12,12,12,12
3251,12,12,12,12,12,12,12
3252,3,2,2,2,2,2,2
3253,6,6,6,6,6,6,6
3254,7,7,7,7,7,7,7
3255,7,7,7,7,7,7,7
3256,7,7,7,7,7,7,7
3257,7,7,7,7,7,7,7
3258,8,7,7,7,7,7,7
3259,10,9,9,9,9,9,9
3260,9,9,9,9,9,9,9
3261,13,13,13,13,13,13,13
3262,7,7,7,7,7,7,7
3263,7,7,7,7,7,7,7
3264,6,6,6,6,6,6,6
3265,7,7,7,7,7,7,7
3266,6,6,6,6,6,6,6
3267,7,7,7,7,7,7,7
3268,7,7,7,7,7,7,7
3269,10,10,10,10,10,10,10
3270,10,10,10,10,10,10,10
3271,6,6,6,6,6,6,6
3272,6,6,6,6,6,6,6
3273,6,7,7,7,7,7,7
3274,9,9,9,9,9,9,9
3275,9,8,8,8,8,8,8
3276,9,9,9,8,8,8,8
3277,6,6,6,6,6,6,6
3278,6,6,6,6,6,6,6
3279,7,7,7,7,7,7,7
3280,9,9,9,9,9,9,9
3281,9,9,9,9,9,9,9
3282,6,6,6,6,6,6,6
3283,6,6,6,6,6,6,6
3284,6,6,6,6,6,6,6
3285,7,7,7,7,7,7,7
3286,9,9,9,9,9,9,9
3287,9,11,11,11,11,11,11
3288,9,9,9,9,9,9,9
3289,7,7,7,7,7,7,7
3290,9,12,12,12,12,12,12
3291,13,13,13,13,13,13,13
3292,9,9,9,9,9,9,9
3293,9,9,9,9,9,9,9
3294,9,9,9,9,9,9,9
3295,9,9,9,9,9,9,9
3296,9,9,9,9,9,9,9
3297,6,6,6,6,6,6,6
3298,12,12,12,12,12,12,12
3299,13,9,9,9,9,9,9
3300,7,7,7,7,7,7,7
3301,12,9,9,9,9,9,9
3302,12,10,10,10,10,10,10
3303,12,9,9,9,9,9,9
3304,12,12,12,12,12,12,12
3305,12,12,12,12,12,12,12
3306,12,9,9,9,9,9,9
3307,7,7,7,7,7,7,7
3308,3,3,3,1,1,1,1
3309,7,7,7,7,7,7,7
3310,12,12,12,12,12,12,12
3311,9,9,9,9,9,9,9
3312,13,13,13,13,13,13,13
3313,13,13,13,13,13,13,13
3314,9,11,11,11,11,11,11
3315,3,3,3,3,3,3,3
3316,7,7,7,7,7,7,7
3317,9,9,9,9,9,9,9
3318,9,9,9,9,9,9,9
3319,8,8,8,8,8,8,8
3320,10,10,10,10,10,10,10
3321,10,10,10,10,10,10,10
3322,10,10,10,10,10,10,10
3323,10,10,10,10,10,10,10
3324,10,10,10,10,10,10,10
3325,10,10,10,10,10,10,10
3326,13,13,13,13,13,13,13
3327,10,10,10,10,10,10,10
3328,10,10,10,10,10,10,10
3329,10,10,10,10,10,10,10
3330,6,6,6,6,6,6,6
3331,7,7,7,7,7,7,7
3332,10,10,10,10,10,10,10
3333,10,10,10,10,10,10,10
3334,13,9,9,9,9,9,9
3335,13,8,8,8,8,8,8
3336,12,9,9,9,9,9,9
3337,12,9,9,9,9,9,9
3338,9,9,9,9,9,9,9
3339,9,9,9,9,9,9,9
3340,6,6,6,6,6,8,8
3341,10,10,10,10,10,10,10
3342,10,12,12,12,12,12,12
3343,10,10,10,10,10,10,10
3344,6,6,6,6,6,6,6
3345,10,10,10,10,10,10,10
3346,2,2,2,2,2,2,2
3347,6,6,6,6,6,6,6
3348,10,10,10,10,10,10,10
3349,10,10,10,10,10,10,10
3350,6,6,6,6,6,6,6
3351,10,10,10,10,10,10,10
3352,10,10,10,10,10,10,10
3353,10,12,12,12,12,12,12
3354,2,6,6,6,6,6,6
3355,10,10,10,10,10,10,10
3356,10,10,10,10,10,10,10
3357,10,10,10,10,10,10,10
3358,7,7,7,7,7,7,7
3359,2,2,2,2,2,2,2
3360,9,13,13,13,13,13,13
3361,13,7,7,7,7,7,7
3362,10,10,10,10,10,10,10
3363,10,10,10,10,10,10,10
3364,7,7,7,7,7,7,7
3365,2,2,2,2,2,2,2
3366,9,13,13,13,13,13,13
3367,13,13,13,7,7,7,7
3368,10,10,10,10,10,10,10
3369,10,10,10,10,10,10,10
3370,8,8,8,8,8,8,8
3371,10,10,10,10,10,10,10
3372,10,10,10,10,10,10,10
3373,10,10,10,10,10,10,10
3374,8,8,8,8,8,8,8
3375,10,10,10,10,10,10,10
3376,10,10,10,10,10,10,10
3377,10,10,10,10,10,10,10
3378,8,8,8,8,8,8,8
3379,7,7,7,7,7,7,7
3380,10,10,10,10,10,10,10
3381,10,10,10,10,10,10,10
3382,10,12,12,12,12,12,12
3383,8,8,8,8,8,8,8
3384,7,7,7,7,7,7,7
3385,10,10,10,10,10,10,10
3386,10,10,10,10,10,10,10
3387,10,12,12,12,12,12,12
3388,8,8,8,8,8,8,8
3389,7,7,7,7,7,7,7
3390,10,10,10,10,10,10,10
3391,10,10,10,10,10,10,10
3392,10,10,10,10,10,10,10
3393,8,8,8,8,8,8,8
3394,7,7,7,7,7,7,7
3395,10,10,10,10,10,10,10
3396,10,10,10,10,10,10,10
3397,10,10,10,10,10,10,10
3398,8,8,8,8,8,8,8
3399,7,7,7,7,7,7,7
3400,10,10,10,10,10,10,10
3401,10,10,10,10,10,10,10
3402,10,10,10,10,10,10,10
3403,8,8,8,8,8,8,8
3404,10,10,10,10,10,10,10
3405,10,10,10,10,10,10,10
3406,10,10,10,10,10,10,10
3407,8,8,8,8,8,8,8
3408,10,10,10,10,10,10,10
3409,10,10,10,10,10,10,10
3410,10,10,10,10,10,10,10
3411,8,8,8,8,8,8,8
3412,12,10,10,10,10,10,10
3413,12,10,10,10,10,10,10
3414,12,10,10,10,10,10,10
3415,8,8,8,8,8,8,8
3416,7,7,7,7,7,7,7
3417,12,10,10,10,10,10,10
3418,12,10,10,12,12,12,12
3419,12,10,10,10,10,10,10
3420,8,8,8,8,8,8,8
3421,7,13,13,13,13,13,13
3422,12,10,10,10,10,10,10
3423,12,10,10,10,10,10,10
3424,12,12,12,10,10,10,10
3425,8,8,8,8,8,8,8
3426,12,10,10,10,10,10,10
3427,12,10,10,10,10,10,10
3428,12,10,10,10,10,10,10
3429,8,8,8,8,8,8,8
3430,6,6,6,6,6,6,6
3431,12,12,12,12,12,12,12
3432,12,10,10,10,10,10,10
3433,12,12,12,12,12,12,12
3434,7,7,7,7,7,7,7
3435,6,6,6,6,6,6,6
3436,6,6,6,6,6,6,6
3437,6,6,6,6,6,6,6
3438,6,6,6,6,6,6,6
3439,3,6,6,6,6,6,6
3440,12,10,10,10,10,10,10
3441,12,12,12,10,10,12,12
3442,12,12,12,12,12,12,12
3443,12,10,10,10,10,10,10
3444,6,6,6,6,6,6,6
3445,6,6,6,6,6,6,6
3446,6,6,6,6,6,6,6
3447,12,12,12,12,12,12,12
3448,12,12,12,12,12,12,12
3449,12,12,12,12,12,12,12
3450,9,13,13,13,13,13,13
3451,13,13,13,13,13,13,13
3452,7,7,7,7,7,7,7
3453,10,12,12,7,7,7,7
3454,10,10,10,10,10,10,10
3455,9,11,11,11,11,11,11
3456,9,9,9,9,9,9,9
3457,9,11,11,11,11,11,11
3458,9,11,11,11,11,11,11
3459,4,6,6,6,6,6,6
3460,9,9,9,9,9,9,9
3461,9,9,9,9,9,9,9
3462,9,11,11,11,11,11,11
3463,13,13,13,13,13,13,13
3464,4,6,6,6,6,6,6
3465,9,12,12,12,12,12,12
3466,9,9,9,9,9,9,9
3467,9,9,9,9,9,9,9
3468,4,4,4,4,4,4,4
3469,9,9,9,9,9,9,9
3470,9,9,9,9,9,9,9
3471,9,11,11,11,11,11,11
3472,4,6,6,6,6,6,6
3473,10,7,7,7,7,7,7
3474,10,10,10,10,10,10,10
3475,10,10,10,10,10,10,10
3476,13,13,13,13,13,13,13
3477,6,8,8,8,8,8,8
3478,9,11,11,11,11,11,11
3479,9,9,9,9,9,9,9
3480,9,9,9,9,9,9,9
3481,9,9,9,9,9,9,9
3482,9,9,9,9,9,9,9
3483,7,7,7,7,7,7,7
3484,7,7,7,7,7,7,7
3485,7,7,7,7,7,7,7
3486,9,9,9,9,9,9,9
3487,9,9,9,9,9,9,9
3488,7,7,7,7,7,7,7
3489,7,7,7,7,7,7,7
3490,7,7,7,7,7,7,7
3491,7,7,7,7,7,7,7
3492,7,7,7,7,7,7,7
3493,9,12,12,12,12,12,12
3494,9,9,9,9,9,9,9
3495,9,9,9,9,9,9,9
3496,6,13,13,13,13,13,13
3497,7,7,7,7,7,7,7
3498,7,7,7,7,7,7,7
3499,7,7,7,7,7,7,7
3500,7,7,7,7,7,7,7
3501,13,10,10,10,10,10,10
3502,9,9,9,9,9,9,9
3503,9,9,9,9,9,9,9
3504,9,9,9,9,9,9,9
3505,13,13,13,13,13,13,13
3506,8,8,8,8,8,8,8
3507,10,10,10,10,10,10,10
3508,10,10,10,10,10,10,10
3509,10,10,10,10,10,10,10
3510,7,7,7,7,7,7,7
3511,8,8,8,8,8,8,8
3512,7,8,8,8,8,8,8
3513,10,10,10,10,10,10,10
3514,10,10,10,10,10,10,10
3515,10,10,10,10,10,10,10
3516,7,7,7,7,7,7,7
3517,8,8,8,8,8,8,8
3518,3,3,3,3,3,3,3
3519,6,6,6,6,6,6,6
3520,13,7,7,7,7,7,7
3521,7,8,8,8,8,8,8
3522,13,13,13,13,13,13,13
3523,10,10,10,10,10,10,10
3524,13,7,7,7,7,7,7
3525,7,7,7,7,7,7,7
3526,7,7,7,7,7,7,7
3527,7,7,7,7,7,7,7
3528,7,7,7,7,7,7,7
3529,6,6,6,6,6,6,6
3530,10,10,10,10,10,10,10
3531,10,10,10,10,10,10,10
3532,10,10,10,10,10,10,10
3533,10,13,13,13,13,13,13
3534,7,7,7,7,7,7,7
3535,6,6,6,6,6,6,6
3536,7,7,7,7,7,7,7
3537,7,7,7,7,7,7,7
3538,6,2,2,2,2,2,2
3539,10,10,10,10,10,10,10
3540,10,10,10,10,10,10,10
3541,10,10,10,10,10,10,10
3542,10,10,10,10,10,10,10
3543,13,13,13,13,13,13,13
3544,7,7,7,7,7,7,7
3545,6,6,6,6,6,6,6
3546,7,7,7,7,7,7,7
3547,3,13,13,13,13,13,13
3548,3,3,3,3,3,3,3
3549,7,7,7,7,7,7,7
3550,7,7,7,7,7,7,7
3551,6,7,7,7,7,7,7
3552,7,7,7,7,7,7,7
3553,7,7,7,7,7,7,7
3554,6,6,6,6,6,6,6
3555,7,7,7,7,7,7,7
3556,8,7,7,7,7,7,7
3557,7,7,7,7,7,7,7
3558,7,7,7,7,7,7,7
3559,9,9,9,9,9,9,9
3560,9,9,9,9,9,9,9
3561,9,9,9,9,9,9,9
3562,7,7,7,7,7,7,7
3563,6,6,6,6,6,6,6
3564,7,7,7,7,7,7,7
3565,9,9,9,9,9,9,9
3566,9,9,9,9,9,9,9
3567,9,9,9,9,9,9,9
3568,6,6,6,6,6,6,6
3569,7,7,7,7,7,7,7
3570,7,7,7,7,7,7,7
3571,9,10,10,10,10,10,10
3572,9,9,9,9,9,9,9
3573,9,9,9,9,9,9,9
3574,7,7,7,7,7,7,7
3575,10,10,10,10,10,10,10
3576,10,10,10,10,10,10,10
3577,10,10,10,10,10,10,10
3578,7,7,7,7,7,7,7
3579,13,13,13,13,13,13,13
3580,10,10,10,10,10,10,10
3581,10,10,10,10,10,10,10
3582,10,10,10,10,10,10,10
3583,10,10,10,10,10,10,10
3584,7,7,7,7,7,7,7
3585,7,7,7,7,7,7,7
3586,10,13,13,13,13,13,13
3587,13,13,13,13,13,13,13
3588,10,10,10,10,10,10,10
3589,10,10,10,10,10,10,10
3590,10,10,10,10,10,10,10
3591,10,10,10,10,10,10,10
3592,7,7,7,7,7,7,7
3593,6,8,8,8,8,8,8
3594,6,6,6,6,6,6,6
3595,7,7,7,7,7,7,7
3596,10,10,10,10,10,10,10
3597,10,10,10,10,10,10,10
3598,10,10,10,10,10,10,10
3599,7,7,7,7,7,7,7
3600,10,10,10,10,10,10,10
3601,10,12,12,10,10,12,12
3602,10,10,10,10,10,10,10
3603,6,13,13,13,13,13,13
3604,6,6,6,6,6,6,6
3605,7,7,7,7,7,7,7
3606,7,7,7,7,7,7,7
3607,6,6,6,6,6,6,6
3608,3,2,2,2,2,2,2
3609,10,10,10,10,10,10,10
3610,10,10,10,10,10,10,10
3611,10,10,10,10,10,10,10
3612,10,10,10,10,10,10,10
3613,8,8,8,7,7,7,7
3614,6,6,6,6,6,6,6
3615,6,0,0,0,0,0,0
3616,6,13,13,13,13,13,13
3617,8,6,6,6,6,6,6
3618,7,7,7,7,7,7,7
3619,6,6,6,6,6,6,6
3620,6,7,7,7,7,7,7
3621,8,13,13,13,13,13,13
3622,5,5,5,5,5,5,5
3623,6,6,6,6,6,6,6
3624,6,6,6,6,6,6,6
3625,8,8,8,8,8,8,8
3626,7,7,7,7,7,7,7
3627,7,7,7,7,7,7,7
3628,13,13,13,13,13,13,13
3629,13,13,13,13,13,13,13
3630,6,7,7,7,7,7,7
3631,12,12,12,12,12,12,12
3632,12,12,12,12,12,12,12
3633,13,10,10,10,10,10,10
3634,0,0,0,0,0,0,0
3635,12,12,12,12,12,12,12
3636,12,12,12,12,12,12,12
3637,12,12,12,12,12,12,12
3638,9,13,13,9,9,13,13
3639,7,7,7,7,7,7,7
3640,11,11,11,11,11,11,11
3641,11,11,11,11,11,11,11
3642,11,11,11,11,11,11,11
3643,11,11,11,11,11,11,11
3644,8,8,8,8,8,8,8
3645,0,0,0,0,0,0,0
3646,11,11,11,11,11,11,11
3647,11,11,11,11,11,11,11
3648,6,6,6,6,6,6,6
3649,9,12,12,12,12,12,12
3650,9,9,9,9,9,9,9
3651,13,13,13,10,10,13,13
3652,7,7,7,7,7,7,7
3653,2,2,2,2,2,2,2
3654,7,7,7,7,7,7,7
3655,7,6,6,6,6,6,6
3656,10,10,10,10,10,10,10
3657,10,10,10,10,10,10,10
3658,10,10,10,10,10,10,10
3659,10,10,10,10,10,10,10
3660,3,3,3,3,3,3,3
3661,7,7,7,7,7,7,7
3662,3,3,3,3,3,3,3
3663,10,10,10,10,10,10,10
3664,10,10,10,10,10,10,10
3665,13,13,13,13,13,13,13
3666,7,7,7,7,7,7,7
3667,3,3,3,3,3,3,3
3668,10,10,10,10,10,10,10
3669,10,10,10,10,10,10,10
3670,13,13,13,13,13,13,13
3671,7,7,7,7,7,7,7
3672,3,3,3,3,3,3,3
3673,10,10,10,10,10,10,10
3674,10,10,10,10,10,10,10
3675,13,13,13,13,13,13,13
3676,7,7,7,7,7,7,7
3677,10,10,10,10,10,10,10
3678,10,10,10,10,10,10,10
3679,6,3,3,3,3,3,3
3680,7,7,7,7,7,7,7
3681,7,7,7,7,7,7,7
3682,3,3,3,3,3,3,3
3683,9,13,13,13,13,13,13
3684,3,3,3,3,3,3,3
3685,6,6,6,6,6,6,6
3686,3,3,3,3,3,5,5
3687,6,6,6,6,6,6,6
3688,3,5,5,5,5,5,5
3689,6,6,6,6,6,6,6
3690,7,7,7,7,7,7,7
3691,3,3,3,3,3,3,3
3692,7,7,7,7,7,7,7
3693,8,8,8,8,8,8,8
3694,3,3,3,3,3,3,3
3695,7,7,7,7,7,7,7
3696,9,9,9,9,9,9,9
3697,9,12,12,9,9,9,9
3698,9,9,9,9,9,9,9
3699,3,3,3,3,3,3,3
3700,7,7,7,7,7,7,7
3701,10,10,10,10,10,10,10
3702,13,13,13,13,13,13,13
3703,9,9,9,9,9,9,9
3704,13,12,12,12,12,12,12
3705,13,13,13,13,13,13,13
3706,7,7,7,7,7,7,7
3707,13,13,13,13,13,13,13
3708,9,9,9,9,9,9,9
3709,7,7,7,7,7,7,7
3710,6,6,6,6,6,6,6
3711,7,7,7,7,7,7,7
3712,7,10,10,10,10,10,10
3713,6,13,13,13,13,13,13
3714,6,13,13,13,13,13,13
3715,10,10,10,10,10,10,10
3716,10,10,10,10,10,10,10
3717,10,10,10,10,10,10,10
3718,10,10,10,10,10,10,10
3719,7,7,7,7,7,7,7
3720,3,6,6,6,6,6,6
3721,6,6,6,6,6,6,6
3722,6,13,13,13,13,13,13
3723,7,7,7,7,7,7,7
3724,6,6,7,7,7,7,7
3725,6,6,6,6,6,6,6
3726,11,11,11,11,11,11,11
3727,6,7,7,7,7,7,7
3728,6,2,2,2,2,2,2
3729,7,7,7,7,7,7,7
3730,0,0,0,0,0,0,0
3731,7,7,7,7,7,7,7
3732,7,7,7,7,7,7,7
3733,6,6,6,6,6,6,6
3734,9,9,9,9,9,9,9
3735,9,9,9,9,9,9,9
3736,9,13,13,13,13,13,13
3737,7,7,7,7,7,7,7
3738,7,7,7,7,7,7,7
3739,6,6,6,6,6,6,6
3740,0,0,0,0,0,0,0
3741,9,9,9,9,9,9,9
3742,0,0,0,0,0,0,0
3743,7,7,7,7,7,7,7
3744,7,7,7,7,7,7,7
3745,6,6,6,6,6,6,6
3746,7,7,7,7,7,7,7
3747,7,7,7,7,7,7,7
3748,7,7,7,7,7,7,7
3749,7,7,7,7,7,7,7
3750,7,7,7,7,7,7,7
3751,13,13,13,13,13,13,13
3752,13,10,10,10,10,10,10
3753,13,13,13,13,13,13,13
3754,9,9,9,9,9,9,9
3755,0,0,0,0,0,0,0
3756,6,6,6,6,6,6,6
3757,10,10,10,10,10,10,10
3758,10,10,10,10,10,10,10
3759,10,10,10,10,10,10,10
3760,8,8,8,8,8,8,8
3761,9,9,9,9,9,9,9
3762,9,9,9,9,9,9,9
3763,7,7,7,7,7,7,7
3764,9,9,9,9,9,9,9
3765,9,9,9,9,9,9,9
3766,7,7,7,7,7,7,7
3767,9,9,9,9,9,9,9
3768,9,9,9,9,9,9,9
3769,7,7,7,7,7,7,7
3770,9,9,9,9,9,9,9
3771,9,9,9,9,9,9,9
3772,9,9,9,9,9,9,9
3773,7,7,7,7,7,7,7
3774,9,9,9,9,9,9,9
3775,9,9,9,9,9,9,9
3776,9,9,9,9,9,9,9
3777,7,7,7,7,7,7,7
3778,9,9,9,9,9,9,9
3779,9,12,12,12,12,12,12
3780,9,9,9,9,9,9,9
3781,9,10,10,10,10,10,10
3782,9,9,9,9,9,9,9
3783,7,7,7,7,7,7,7
3784,9,9,9,9,9,9,9
3785,9,12,12,12,12,12,12
3786,9,9,9,9,9,9,9
3787,9,9,9,9,9,9,9
3788,9,9,9,9,9,9,9
3789,7,7,7,7,7,7,7
3790,6,7,7,7,7,7,7
3791,12,10,10,10,10,10,10
3792,13,13,13,13,13,13,13
3793,13,13,13,13,13,13,13
3794,6,6,6,6,6,6,6
3795,12,12,12,12,12,12,12
3796,12,12,12,12,12,12,12
3797,12,12,12,12,12,12,12
3798,12,12,12,12,12,12,12
3799,12,12,12,12,12,12,12
3800,12,12,12,12,12,12,12
3801,6,3,3,3,3,3,3
3802,12,12,12,12,12,12,12
3803,12,12,12,12,12,12,12
3804,12,12,12,12,12,12,12
3805,6,6,6,6,6,6,6
3806,6,6,6,6,6,6,6
3807,3,3,3,3,3,3,3
3808,10,13,13,13,13,13,13
3809,10,10,10,10,10,10,10
3810,10,10,10,10,10,10,10
3811,6,6,6,6,6,6,6
3812,10,10,10,10,10,10,10
3813,10,10,10,10,10,10,10
3814,10,10,10,10,10,10,10
3815,10,13,13,13,13,13,13
3816,7,7,7,7,7,7,7
3817,6,6,6,6,6,6,6
3818,10,10,10,10,10,10,10
3819,10,10,10,10,10,10,10
3820,10,10,10,10,10,10,10
3821,10,10,10,10,10,10,10
3822,3,3,3,3,3,3,3
3823,7,7,7,7,7,7,7
3824,7,7,7,7,7,7,7
3825,7,7,7,7,7,7,7
3826,10,10,10,10,10,10,10
3827,10,13,13,13,13,13,13
3828,10,13,13,13,13,13,13
3829,10,13,13,13,13,13,13
3830,7,7,7,7,7,7,7
3831,7,7,7,7,7,7,7
3832,7,7,7,7,7,7,7
3833,7,7,7,7,7,7,7
3834,13,13,13,13,13,13,13
3835,13,10,10,10,10,10,10
3836,10,9,9,9,9,9,9
3837,7,7,7,7,7,7,7
3838,9,9,9,9,9,9,9
3839,9,9,9,9,9,9,9
3840,7,7,7,7,7,7,7
3841,7,7,7,7,7,7,7
3842,7,7,7,7,7,7,7
3843,12,10,10,10,10,10,10
3844,12,12,12,12,12,12,12
3845,7,7,7,7,7,7,7
3846,7,7,7,7,7,7,7
3847,12,10,10,10,10,10,10
3848,12,12,12,12,12,12,12
3849,7,7,7,7,7,7,7
3850,12,12,12,12,12,12,12
3851,12,12,12,12,12,12,12
3852,10,10,10,10,10,10,10
3853,7,7,7,7,7,7,7
3854,12,12,12,12,12,12,12
3855,12,12,12,12,12,12,12
3856,12,12,12,10,10,10,10
3857,7,7,7,7,7,7,7
3858,3,3,3,3,3,3,3
3859,3,6,6,6,6,6,6
3860,6,6,6,6,6,6,6
3861,12,12,12,12,12,12,12
3862,12,12,12,12,12,12,12
3863,12,12,12,12,12,12,12
3864,3,3,3,3,3,3,3
3865,7,7,7,7,7,7,7
3866,6,6,6,6,6,6,6
3867,13,13,13,13,13,13,13
3868,12,12,12,12,12,12,12
3869,12,12,12,12,12,12,12
3870,13,13,13,13,13,13,13
3871,10,10,10,10,10,10,10
3872,10,10,10,10,10,10,10
3873,7,7,7,7,7,7,7
3874,10,10,10,10,10,10,10
3875,10,10,10,10,10,10,10
3876,7,7,7,7,7,7,7
3877,0,0,0,0,0,0,0
3878,7,7,7,7,7,7,7
3879,9,13,13,13,13,13,13
3880,9,13,13,13,13,13,13
3881,9,9,9,9,9,9,9
3882,6,6,6,6,6,6,6
3883,9,9,9,9,9,9,9
3884,9,9,9,9,9,9,9
3885,6,6,6,6,6,6,6
3886,13,13,13,13,13,13,13
3887,13,13,13,13,13,13,13
3888,12,12,12,12,12,12,12
3889,12,12,12,12,12,12,12
3890,10,13,13,13,13,13,13
3891,7,7,7,7,7,7,7
3892,0,0,0,0,0,0,0
3893,0,0,0,0,0,0,0
3894,6,6,6,6,6,6,6
3895,6,6,6,6,6,6,6
3896,11,11,11,11,11,11,11
3897,11,11,11,11,11,11,11
3898,8,8,8,8,8,8,8
3899,7,7,7,7,7,7,7
3900,6,6,6,6,6,6,6
3901,8,8,8,8,8,8,8
3902,7,7,7,7,7,7,7
3903,0,0,0,0,0,0,0
3904,6,6,6,6,6,6,6
3905,7,7,7,7,7,7,7
3906,7,7,7,7,7,7,7
3907,6,6,6,6,6,6,6
3908,7,7,7,7,7,7,7
3909,6,6,6,6,6,6,6
3910,6,7,7,6,6,6,6
3911,3,2,2,2,2,2,2
3912,9,9,9,9,9,9,9
3913,9,9,9,9,9,9,9
3914,9,9,9,9,9,9,9
3915,9,9,9,9,9,9,9
3916,7,7,7,7,7,7,7
3917,6,6,6,6,6,6,6
3918,6,6,6,6,6,6,6
3919,3,3,3,3,3,3,3
3920,9,9,9,9,9,9,9
3921,9,9,9,9,9,9,9
3922,9,9,9,9,9,9,9
3923,9,9,9,9,9,9,9
3924,9,13,13,13,13,13,13
3925,3,3,3,3,3,3,3
3926,6,6,6,6,6,6,6
3927,9,9,9,9,9,9,9
3928,9,9,9,9,9,9,9
3929,9,9,9,9,9,9,9
3930,3,3,3,3,3,3,3
3931,6,6,6,6,6,6,6
3932,9,9,9,9,9,9,9
3933,9,9,9,9,9,9,9
3934,9,9,9,9,9,9,9
3935,3,3,3,3,3,3,3
3936,6,6,6,6,6,6,6
3937,9,9,9,9,9,9,9
3938,9,9,9,9,9,9,9
3939,9,9,9,9,9,9,9
3940,3,3,3,3,3,3,3
3941,6,6,6,6,6,6,6
3942,9,9,9,9,9,9,9
3943,9,9,9,9,9,9,9
3944,9,9,9,9,9,9,9
3945,3,3,3,3,3,3,3
3946,6,6,6,6,6,6,6
3947,9,9,9,9,9,9,9
3948,9,9,9,9,9,9,9
3949,9,9,9,9,9,9,9
3950,9,9,9,9,9,9,9
3951,3,3,3,3,3,3,3
3952,6,6,6,6,6,6,6
3953,9,9,9,9,9,9,9
3954,9,9,9,9,9,9,9
3955,9,13,13,9,9,13,13
3956,9,9,9,9,9,9,9
3957,3,3,3,3,3,3,3
3958,6,6,6,6,6,6,6
3959,9,9,9,9,9,9,9
3960,9,9,9,9,9,9,9
3961,9,13,13,13,13,13,13
3962,9,9,9,9,9,9,9
3963,3,3,3,3,3,3,3
3964,6,6,6,6,6,6,6
3965,9,9,9,9,9,9,9
3966,9,9,9,9,9,9,9
3967,9,13,13,13,13,13,13
3968,9,9,9,9,9,9,9
3969,6,6,6,6,6,6,6
3970,3,3,3,3,3,3,3
3971,9,9,9,9,9,9,9
3972,9,9,9,9,9,9,9
3973,9,9,9,9,9,9,9
3974,3,3,3,3,3,3,3
3975,6,6,6,6,6,6,6
3976,9,9,9,9,9,9,9
3977,9,9,9,9,9,9,9
3978,13,13,13,13,13,13,13
3979,9,13,13,13,13,13,13
3980,9,9,9,9,9,9,9
3981,6,6,6,6,6,6,6
3982,3,3,3,3,3,3,3
3983,9,9,9,9,9,9,9
3984,9,9,9,9,9,9,9
3985,9,9,9,9,9,9,9
3986,3,3,3,3,3,3,3
3987,7,7,7,7,7,7,7
3988,7,7,7,7,7,7,7
3989,8,8,8,8,8,8,8
3990,7,7,7,7,7,7,7
3991,10,10,10,10,10,10,10
3992,10,10,10,10,10,10,10
3993,10,10,10,10,10,10,10
3994,10,10,10,10,10,10,10
3995,3,3,3,3,3,3,3
3996,8,7,7,7,7,7,7
3997,12,12,12,12,12,12,12
3998,12,12,12,12,12,12,12
3999,12,12,12,12,12,12,12
4000,12,12,12,12,12,12,12
4001,7,7,7,7,7,7,7
4002,7,7,7,7,7,7,7
4003,12,12,12,12,12,12,12
4004,12,12,12,12,12,12,12
4005,12,12,12,12,12,12,12
4006,12,12,12,12,12,12,12
4007,7,7,7,7,7,7,7
4008,7,7,7,7,7,7,7
4009,7,7,7,7,7,7,7
4010,12,12,12,12,12,12,12
4011,7,7,7,7,7,7,7
4012,7,7,7,7,7,7,7
4013,7,7,7,7,7,7,7
4014,12,12,12,12,12,12,12
4015,12,12,12,12,12,12,12
4016,12,12,12,12,12,12,12
4017,9,13,13,13,13,13,13
4018,12,12,12,12,12,12,12
4019,12,12,12,12,12,12,12
4020,9,13,13,13,13,13,13
4021,12,12,12,12,12,12,12
4022,12,12,12,12,12,12,12
4023,9,13,13,13,13,13,13
4024,7,7,7,7,7,7,7
4025,9,9,9,9,9,9,9
4026,9,9,9,9,9,9,9
4027,6,6,6,6,6,6,6
4028,9,9,9,9,9,9,9
4029,9,9,9,9,9,9,9
4030,9,9,9,9,9,9,9
4031,6,6,6,6,6,6,6
4032,6,6,6,6,6,6,6
4033,7,7,7,7,7,7,7
4034,9,9,9,9,9,9,9
4035,9,9,9,9,9,9,9
4036,9,9,9,9,9,9,9
4037,9,9,9,9,9,9,9
4038,6,6,6,6,6,6,6
4039,7,7,7,7,7,7,7
4040,10,10,10,10,10,10,10
4041,10,10,10,10,10,10,10
4042,10,10,10,10,10,10,10
4043,9,9,9,9,9,9,9
4044,6,6,6,6,6,6,6
4045,7,7,7,7,7,7,7
4046,3,3,3,3,3,3,3
4047,9,9,9,9,9,9,9
4048,9,9,9,9,9,9,9
4049,6,8,8,8,8,8,8
4050,9,9,9,9,9,9,9
4051,9,9,9,9,9,9,9
4052,9,9,9,9,9,9,9
4053,6,6,6,6,6,6,6
4054,8,13,13,13,13,13,13
4055,9,9,9,9,9,9,9
4056,9,9,9,9,9,9,9
4057,9,9,9,9,9,9,9
4058,13,13,13,13,13,13,13
4059,13,13,13,13,13,13,13
4060,6,6,6,6,6,6,6
4061,6,6,6,6,6,6,6
4062,9,9,9,9,9,9,9
4063,9,9,9,9,9,9,9
4064,9,9,9,9,9,9,9
4065,7,7,7,7,7,7,7
4066,6,6,6,6,6,6,6
4067,13,13,13,13,13,13,13
4068,10,13,13,13,13,13,13
4069,10,10,10,10,10,10,10
4070,10,10,10,10,10,10,10
4071,10,10,10,10,10,10,10
4072,10,10,10,10,10,10,10
4073,10,10,10,10,10,10,10
4074,10,7,7,10,10,10,10
4075,10,10,10,10,10,10,10
4076,7,7,7,7,7,7,7
4077,7,7,7,7,7,7,7
4078,10,10,10,10,10,10,10
4079,10,10,10,10,10,10,10
4080,10,10,10,10,10,10,10
4081,10,7,7,7,7,7,7
4082,6,13,13,13,13,13,13
4083,6,13,13,13,13,13,13
4084,10,10,10,10,10,10,10
4085,10,10,10,10,10,10,10
4086,10,10,10,10,10,10,10
4087,10,10,10,10,10,12,12
4088,10,10,10,10,10,10,10
4089,10,10,10,10,10,10,10
4090,6,7,7,7,7,7,7
4091,4,0,0,0,0,0,0
4092,10,10,10,10,10,10,10
4093,10,10,10,10,10,10,10
4094,7,12,12,12,12,12,12
4095,7,7,7,7,7,7,7
4096,6,4,4,4,4,4,4
4097,10,10,10,10,10,10,10
4098,10,10,10,10,10,10,10
4099,10,10,10,10,10,10,10
4100,10,10,10,10,10,10,10
4101,4,4,4,4,4,4,4
4102,10,10,10,10,10,10,10
4103,10,10,10,10,10,10,10
4104,10,10,10,10,10,10,10
4105,13,7,7,7,7,7,7
4106,6,6,6,6,6,6,6
4107,7,7,7,7,7,7,7
4108,7,7,7,7,7,7,7
4109,7,7,7,7,7,7,7
4110,0,0,0,0,0,0,0
4111,6,1,1,1,1,1,1
4112,9,9,9,9,9,9,9
4113,9,12,12,12,12,12,12
4114,9,9,9,9,9,9,9
4115,9,9,9,9,9,9,9
4116,10,10,10,10,10,10,10
4117,10,10,10,10,10,10,10
4118,10,10,10,10,10,10,10
4119,6,6,6,6,6,6,6
4120,7,7,7,7,7,7,7
4121,7,7,7,7,7,7,7
4122,6,2,2,2,2,2,2
4123,8,8,8,8,8,8,8
4124,7,12,12,7,7,7,7
4125,6,2,2,2,2,2,2
4126,10,10,10,10,10,10,10
4127,10,10,10,10,10,10,10
4128,10,10,10,10,10,10,10
4129,3,3,3,3,3,3,3
4130,6,6,6,6,6,6,6
4131,10,10,10,10,10,10,10
4132,10,10,10,10,10,10,10
4133,7,7,7,7,7,7,7
4134,7,7,7,7,7,7,7
4135,7,7,7,7,7,7,7
4136,7,7,7,7,7,7,7
4137,10,10,10,10,10,10,10
4138,10,10,10,10,10,10,10
4139,10,10,10,10,10,10,10
4140,7,7,7,7,7,7,7
4141,6,6,6,6,6,6,6
4142,7,7,7,7,7,7,7
4143,13,13,13,13,13,13,13
4144,13,13,13,13,13,13,13
4145,10,10,10,10,10,10,10
4146,6,6,6,6,6,6,6
4147,7,7,7,7,7,7,7
4148,7,7,7,7,7,7,7
4149,7,7,7,7,7,7,7
4150,7,7,7,7,7,7,7
4151,7,7,7,7,7,7,7
4152,6,6,6,6,6,6,6
4153,6,6,6,6,6,6,6
4154,3,3,3,3,3,3,3
4155,9,9,9,9,9,9,9
4156,10,10,10,10,10,10,10
4157,10,10,10,10,10,10,10
4158,10,10,10,10,10,10,10
4159,10,10,10,10,10,10,10
4160,7,7,7,7,7,7,7
4161,10,10,10,10,10,10,10
4162,10,10,10,10,10,10,10
4163,10,10,10,10,10,10,10
4164,10,10,10,10,10,10,10
4165,9,9,9,9,9,9,9
4166,10,10,10,10,10,10,10
4167,13,13,13,13,13,13,13
4168,7,7,7,7,7,7,7
4169,7,7,7,7,7,7,7
4170,10,10,10,10,10,10,10
4171,10,10,10,10,10,10,10
4172,10,10,10,10,10,10,10
4173,6,13,13,13,13,13,13
4174,6,13,13,13,13,13,13
4175,10,10,10,10,10,10,10
4176,10,10,10,10,10,10,10
4177,10,10,10,10,10,10,10
4178,10,10,10,10,10,10,10
4179,9,12,12,12,12,12,12
4180,13,12,12,12,12,12,12
4181,7,7,7,7,7,7,7
4182,7,7,7,7,7,7,7
4183,7,7,7,7,7,7,7
4184,7,7,7,7,7,7,7
4185,7,7,7,7,7,7,7
4186,7,7,7,7,7,7,7
4187,11,12,12,12,12,12,12
4188,11,11,11,11,11,11,11
4189,13,7,7,7,7,7,7
4190,6,6,6,6,6,6,6
4191,7,7,7,7,7,7,7
4192,7,7,7,7,7,7,7
4193,11,11,11,11,11,11,11
4194,11,11,11,11,11,11,11
4195,11,11,11,11,11,11,11
4196,11,11,11,11,11,11,11
4197,11,11,11,11,11,11,11
4198,11,11,11,11,11,11,11
4199,7,7,7,7,7,7,7
4200,6,6,6,7,7,7,7
4201,11,11,11,11,11,11,11
4202,11,11,11,11,11,11,11
4203,7,7,7,7,7,7,7
4204,8,6,6,6,6,6,6
4205,8,7,7,7,7,7,7
4206,8,6,6,6,6,6,6
4207,8,7,7,7,7,7,7
4208,9,9,9,9,9,9,9
4209,7,7,7,7,7,7,7
4210,8,8,8,8,8,8,8
4211,8,8,8,8,8,8,8
4212,8,8,8,8,8,8,8
4213,8,8,8,8,8,8,8
4214,6,7,7,7,7,7,7
4215,9,9,9,9,9,9,9
4216,9,9,9,9,9,9,9
4217,9,9,9,9,9,9,9
4218,6,7,7,7,7,7,7
4219,9,9,9,9,9,9,9
4220,9,9,9,9,9,9,9
4221,9,9,9,9,9,9,9
4222,8,8,8,8,8,8,8
4223,7,7,7,7,7,7,7
4224,8,13,13,13,13,13,13
4225,7,7,7,7,7,7,7
4226,8,6,6,6,6,6,6
4227,7,7,7,7,7,7,7
4228,7,7,7,7,7,7,7
4229,6,6,6,6,6,6,6
4230,7,6,6,6,6,6,6
4231,8,8,8,8,8,8,8
4232,6,4,4,4,4,4,4
4233,8,8,8,8,8,8,8
4234,6,8,8,8,8,8,8
4235,6,6,6,6,6,6,6
4236,13,13,13,13,13,13,13
4237,12,12,12,12,12,12,12
4238,12,12,12,12,12,12,12
4239,7,7,7,7,7,7,7
4240,6,6,6,6,6,6,6
4241,8,8,8,8,8,8,8
4242,9,9,9,9,9,9,9
4243,9,9,9,9,9,9,9
4244,9,9,9,9,9,9,9
4245,8,8,8,8,8,8,8
4246,10,10,10,10,10,10,10
4247,10,12,12,12,12,12,12
4248,6,6,6,6,6,6,6
4249,8,8,8,8,8,8,8
4250,11,11,11,11,11,11,11
4251,11,11,11,11,11,11,11
4252,7,7,7,7,7,7,7
4253,10,12,12,12,12,12,12
4254,10,7,7,7,7,7,7
4255,7,7,7,7,7,7,7
4256,6,6,6,6,6,6,6
4257,10,10,10,10,10,10,10
4258,10,10,10,10,10,10,10
4259,10,10,10,10,10,10,10
4260,8,8,8,8,8,8,8
4261,7,7,7,7,7,7,7
4262,3,2,2,2,2,2,2
4263,7,7,7,7,7,7,7
4264,7,7,7,7,7,7,7
4265,7,7,7,7,7,7,7
4266,8,8,8,8,8,8,8
4267,10,10,10,10,10,10,10
4268,13,13,13,13,13,13,13
4269,10,10,10,10,10,10,10
4270,7,7,7,7,7,7,7
4271,6,1,1,1,1,1,1
4272,8,8,8,8,8,8,8
4273,8,8,8,8,8,8,8
4274,6,3,3,3,3,3,3
4275,8,8,8,8,8,8,8
4276,7,7,7,7,7,7,7
4277,7,7,7,7,7,7,7
4278,10,10,10,10,10,10,10
4279,10,10,10,10,10,10,10
4280,8,8,8,8,8,8,8
4281,10,10,10,10,10,10,10
4282,10,10,10,10,10,10,10
4283,3,3,3,3,3,3,3
4284,8,8,8,8,8,8,8
4285,8,8,8,8,8,8,8
4286,8,13,13,13,13,13,13
4287,5,3,3,3,3,3,3
4288,7,7,7,7,7,7,7
4289,7,7,7,7,7,7,7
4290,8,8,8,8,8,8,8
4291,5,3,3,3,3,3,3
4292,8,8,8,8,8,8,8
4293,8,8,8,8,8,8,8
4294,7,7,7,7,7,7,7
4295,7,7,7,7,7,7,7
4296,7,7,7,7,7,7,7
4297,7,7,7,7,7,7,7
4298,8,8,8,8,8,8,8
4299,0,0,0,0,0,0,0
4300,7,7,7,7,7,7,7
4301,11,11,11,11,11,11,11
4302,11,11,11,11,11,11,11
4303,11,11,11,11,11,11,11
4304,11,13,13,13,13,13,13
4305,11,13,13,13,13,13,13
4306,6,6,6,6,6,6,6
4307,8,13,13,13,13,13,13
4308,6,7,7,7,7,7,7
4309,6,13,13,13,13,13,13
4310,8,8,8,8,8,8,8
4311,6,6,6,6,6,6,6
4312,8,8,8,8,8,8,8
4313,6,6,6,6,6,6,6
4314,4,4,4,4,4,4,4
4315,8,7,7,7,7,7,7
4316,7,7,7,7,7,7,7
4317,7,7,7,7,7,7,7
4318,6,7,7,7,7,7,7
4319,7,7,7,7,7,7,7
4320,4,4,4,4,4,4,4
4321,1,1,1,1,1,1,1
4322,7,7,7,7,7,7,7
4323,6,6,6,6,6,6,6
4324,7,7,7,7,7,7,7
4325,7,7,7,7,7,7,7
4326,6,7,7,7,7,7,7
4327,9,9,9,9,9,9,9
4328,9,9,9,9,9,9,9
4329,9,9,9,9,9,9,9
4330,9,9,9,9,9,9,9
4331,7,7,7,7,7,7,7
4332,0,0,0,0,0,0,0
4333,10,10,10,10,10,10,10
4334,10,13,13,13,13,13,13
4335,10,7,7,7,7,7,7
4336,2,2,2,2,2,2,2
4337,6,13,13,13,13,13,13
4338,2,2,2,2,2,2,2
4339,6,6,6,6,6,6,6
4340,9,9,9,9,9,9,9
4341,10,10,10,10,10,10,10
4342,10,10,10,10,10,10,10
4343,9,9,9,9,9,9,9
4344,9,9,9,9,9,9,9
4345,9,9,9,9,9,9,9
4346,9,12,12,12,12,12,12
4347,9,9,9,9,9,9,9
4348,9,13,13,13,13,13,13
4349,9,9,9,9,9,9,9
4350,9,12,12,12,12,12,12
4351,9,9,9,9,9,9,9
4352,13,9,9,9,9,13,13
4353,9,12,12,12,12,12,12
4354,9,9,9,9,9,9,9
4355,9,9,9,9,9,9,9
4356,10,12,12,12,12,12,12
4357,12,12,12,12,12,12,12
4358,12,12,12,12,12,12,12
4359,12,12,12,12,12,12,12
4360,10,12,12,12,12,12,12
4361,10,10,10,10,10,10,10
4362,10,12,12,12,12,12,12
4363,7,7,7,7,7,7,7
4364,10,10,10,10,10,10,10
4365,10,10,10,10,10,10,10
4366,10,10,10,10,10,10,10
4367,13,13,13,13,13,13,13
4368,13,13,13,13,13,13,13
4369,7,7,7,7,7,7,7
4370,10,10,10,10,10,10,10
4371,10,10,10,10,10,10,10
4372,10,10,10,10,10,10,10
4373,9,9,9,9,9,9,9
4374,6,6,6,6,6,6,6
4375,7,7,7,7,7,7,7
4376,6,6,6,6,6,6,6
4377,12,12,12,12,12,12,12
4378,12,12,12,12,12,12,12
4379,3,3,3,3,3,3,3
4380,7,7,7,7,7,7,7
4381,10,10,10,10,10,10,10
4382,10,10,10,10,10,10,10
4383,10,10,10,10,10,10,10
4384,10,10,10,10,10,10,10
4385,3,1,1,1,1,1,1
4386,3,3,3,3,3,3,3
4387,7,7,7,7,7,7,7
4388,7,7,7,7,7,7,7
4389,6,7,7,7,7,7,7
4390,2,1,1,1,1,1,1
4391,7,7,7,7,7,7,7
4392,2,2,2,2,2,2,2
4393,8,8,8,8,8,8,8
4394,10,10,10,10,10,10,10
4395,10,10,10,10,10,10,10
4396,13,13,13,13,13,13,13
4397,2,2,2,2,2,2,2
4398,8,8,8,8,8,8,8
4399,9,9,9,9,9,9,9
4400,9,8,8,8,8,8,8
4401,9,2,2,2,2,2,2
4402,7,7,7,7,7,7,7
4403,9,12,12,12,12,12,12
4404,9,9,9,9,9,9,9
4405,13,13,13,13,13,13,13
4406,7,7,7,7,7,7,7
4407,9,9,9,9,9,9,9
4408,9,9,9,9,9,9,9
4409,13,13,13,13,13,13,13
4410,7,7,7,7,7,7,7
4411,9,9,9,9,9,9,9
4412,9,9,9,9,9,9,9
4413,7,7,7,7,7,7,7
4414,10,10,10,10,10,10,10
4415,10,10,10,10,10,10,10
4416,10,10,10,10,10,10,10
4417,10,10,10,10,10,10,10
4418,10,10,10,10,10,10,10
4419,6,6,6,6,6,6,6
4420,7,7,7,7,7,7,7
4421,7,7,7,7,7,7,7
4422,12,10,10,10,10,10,10
4423,10,10,10,10,10,10,10
4424,10,10,10,10,10,10,10
4425,10,10,10,10,10,10,10
4426,3,3,3,3,3,3,3
4427,10,10,10,10,10,10,10
4428,10,10,10,10,10,10,10
4429,7,7,7,7,7,7,7
4430,7,7,7,7,7,7,7
4431,6,7,7,7,7,7,7
4432,4,4,4,4,4,4,4
4433,7,7,7,7,7,7,7
4434,6,6,6,6,6,6,6
4435,4,1,1,1,1,1,1
4436,10,10,10,10,10,10,10
4437,10,13,13,13,13,13,13
4438,7,7,7,7,7,7,7
4439,10,12,12,12,12,12,12
4440,10,12,12,12,12,12,12
4441,6,8,8,6,6,6,6
4442,6,7,7,7,7,7,7
4443,4,4,4,4,4,4,4
4444,4,4,4,4,4,4,4
4445,6,6,6,6,6,6,6
4446,7,7,7,7,7,7,7
4447,10,12,12,12,12,12,12
4448,10,12,12,12,12,12,12
4449,10,10,10,10,10,10,10
4450,7,7,7,7,7,7,7
4451,6,6,6,6,6,6,6
4452,10,12,12,12,12,12,12
4453,10,10,10,10,10,10,10
4454,9,10,10,10,10,10,10
4455,7,7,7,7,7,7,7
4456,10,10,10,10,10,10,10
4457,7,7,7,7,7,7,7
4458,7,7,7,7,7,7,7
4459,7,7,7,7,7,7,7
4460,10,10,10,10,10,10,10
4461,10,10,10,10,10,10,10
4462,10,10,10,10,10,10,10
4463,4,1,1,1,1,1,1
4464,10,10,10,10,10,10,10
4465,10,10,10,10,10,10,10
4466,10,10,10,10,10,10,10
4467,10,10,10,10,10,10,10
4468,7,7,7,7,7,7,7
4469,10,10,10,10,10,10,10
4470,10,12,12,12,12,12,12
4471,10,10,10,10,10,10,10
4472,7,7,7,7,7,7,7
4473,4,4,4,4,4,4,4
4474,7,7,7,7,7,7,7
4475,6,7,7,7,7,7,7
4476,10,10,10,10,10,10,10
4477,10,10,10,10,10,10,10
4478,10,10,10,10,10,10,10
4479,10,10,10,10,10,10,10
4480,7,7,7,7,7,7,7
4481,6,6,6,6,6,6,6
4482,6,1,1,1,1,1,1
4483,4,4,4,4,4,4,4
4484,7,7,7,7,7,7,7
4485,10,10,10,10,10,10,10
4486,7,7,7,7,7,7,7
4487,7,7,7,7,7,7,7
4488,9,9,9,9,9,9,9
4489,9,9,9,9,9,9,9
4490,9,9,9,9,9,9,9
4491,6,7,7,7,7,7,7
4492,7,7,7,7,7,7,7
4493,6,7,7,7,7,7,7
4494,9,9,9,9,9,9,9
4495,9,9,9,9,9,9,9
4496,9,9,9,9,9,9,9
4497,7,7,7,7,7,7,7
4498,6,6,6,6,6,6,6
4499,7,7,7,7,7,7,7
4500,6,6,6,6,6,6,6
4501,7,7,7,7,7,7,7
4502,9,9,9,9,9,9,9
4503,9,13,13,13,13,13,13
4504,9,9,9,9,9,9,9
4505,6,7,7,7,7,7,7
4506,6,7,7,7,7,7,7
4507,6,7,7,7,7,7,7
4508,6,6,6,6,6,6,6
4509,6,7,7,7,7,7,7
4510,9,9,9,9,9,9,9
4511,9,9,9,9,9,9,9
4512,7,7,7,7,7,7,7
4513,9,12,12,12,12,12,12
4514,9,13,13,13,13,13,13
4515,6,7,7,7,7,7,7
4516,6,7,7,7,7,7,7
4517,6,7,7,7,7,7,7
4518,6,7,7,7,7,7,7
4519,6,13,13,13,13,13,13
4520,9,9,9,9,9,9,9
4521,9,9,9,9,9,9,9
4522,9,9,9,9,9,9,9
4523,9,12,12,12,12,12,12
4524,6,6,6,6,6,6,6
4525,6,7,7,7,7,7,7
4526,6,7,7,7,7,7,7
4527,6,7,7,7,7,7,7
4528,6,13,13,13,13,13,13
4529,10,10,10,10,10,10,10
4530,10,10,10,10,10,10,10
4531,10,10,10,10,10,10,10
4532,10,10,10,10,10,10,10
4533,6,7,7,7,7,7,7
4534,6,6,6,7,7,7,7
4535,6,7,7,7,7,7,7
4536,6,6,6,6,6,6,6
4537,6,6,6,6,6,6,6
4538,10,10,10,10,10,10,10
4539,10,10,10,10,10,10,10
4540,10,10,10,10,10,10,10
4541,10,10,10,10,10,10,10
4542,10,13,13,13,13,13,13
4543,10,10,10,10,10,10,10
4544,6,6,6,6,6,6,6
4545,3,3,3,3,3,3,3
4546,10,10,10,10,10,10,10
4547,10,10,10,10,10,10,10
4548,8,8,8,8,8,8,8
4549,6,6,6,6,6,6,6
4550,10,10,10,10,10,10,10
4551,10,12,12,12,12,12,12
4552,7,7,7,7,7,7,7
4553,7,7,7,7,7,7,7
4554,9,12,12,12,12,12,12
4555,9,9,9,9,9,9,9
4556,9,9,9,9,9,9,9
4557,6,6,6,6,6,6,6
4558,8,8,8,8,8,8,8
4559,6,6,6,6,6,6,6
4560,8,8,8,8,8,8,8
4561,8,8,8,8,8,8,8
4562,8,8,8,8,8,8,8
4563,8,8,8,8,8,8,8
4564,7,7,7,7,7,7,7
4565,7,7,7,7,7,7,7
4566,13,7,7,7,7,7,7
4567,8,8,8,8,8,8,8
4568,7,7,7,7,7,7,7
4569,3,3,3,3,3,3,3
4570,6,6,6,6,6,6,6
4571,1,1,1,1,1,1,1
4572,8,8,8,8,8,8,8
4573,6,6,6,6,6,6,6
4574,6,6,6,6,6,6,6
4575,12,12,12,12,12,12,12
4576,12,10,10,10,10,10,10
4577,7,7,7,7,7,7,7
4578,6,7,7,7,7,7,7
4579,7,12,12,12,12,12,12
4580,6,6,6,6,6,6,6
4581,12,12,12,12,12,12,12
4582,12,12,12,12,12,12,12
4583,12,12,12,12,12,12,12
4584,9,9,9,9,9,9,9
4585,6,13,13,13,13,13,13
4586,7,13,13,13,13,13,13
4587,7,7,7,7,7,7,7
4588,0,0,0,0,0,0,0
4589,10,10,10,10,10,10,10
4590,10,10,10,10,10,10,10
4591,6,6,6,6,6,6,6
4592,12,10,10,10,10,10,10
4593,12,10,10,10,10,10,10
4594,10,10,10,10,10,10,10
4595,0,2,2,2,2,2,2
4596,12,10,10,10,10,10,10
4597,12,10,10,10,10,10,10
4598,9,12,12,12,12,12,12
4599,6,6,6,6,6,6,6
4600,0,0,0,0,0,0,0
4601,6,7,7,7,7,7,7
4602,7,7,7,7,7,7,7
4603,8,8,8,8,8,8,8
4604,8,8,8,8,8,8,8
4605,6,7,7,7,7,7,7
4606,6,7,7,7,7,7,7
4607,7,7,7,7,7,7,7
4608,7,7,7,7,7,7,7
4609,0,0,0,0,0,0,0
4610,7,7,7,7,7,7,7
4611,8,8,8,8,8,8,8
4612,8,8,8,8,8,8,8
4613,7,7,7,7,7,7,7
4614,7,7,7,7,7,7,7
4615,8,8,8,8,8,8,8
4616,8,8,8,8,8,8,8
4617,8,8,8,8,8,8,8
4618,7,7,7,7,7,7,7
4619,8,8,8,8,8,8,8
4620,8,8,8,8,8,8,8
4621,8,8,8,8,8,8,8
4622,6,6,6,6,6,6,6
4623,8,8,8,8,8,8,8
4624,5,5,5,5,5,5,5
4625,8,8,8,8,8,8,8
4626,5,5,5,5,5,5,5
4627,5,3,3,3,3,3,3
4628,7,7,7,7,7,7,7
4629,7,7,7,7,7,7,7
4630,6,13,13,13,13,13,13
4631,6,8,8,8,8,8,8
4632,8,8,8,8,8,8,8
4633,8,8,8,8,8,8,8
4634,8,8,8,8,8,8,8
4635,6,13,13,13,13,13,13
4636,8,8,8,8,8,8,8
4637,8,8,8,8,8,8,8
4638,5,1,1,1,1,1,1
4639,8,8,8,8,8,8,8
4640,8,8,8,8,8,8,8
4641,7,7,7,7,7,7,7
4642,7,7,7,7,7,7,7
4643,10,10,10,10,10,10,10
4644,10,10,10,10,10,10,10
4645,10,12,12,12,12,12,12
4646,8,8,8,8,8,8,8
4647,6,6,6,6,6,6,6
4648,6,6,6,6,6,6,6
4649,6,6,6,6,6,6,6
4650,6,6,6,6,6,6,6
4651,6,6,6,6,6,6,6
4652,6,6,6,6,6,6,6
4653,7,7,7,7,7,7,7
4654,7,7,7,7,7,7,7
4655,7,7,7,7,7,7,7
4656,7,7,7,7,7,7,7
4657,12,12,12,12,12,12,12
4658,12,12,12,12,12,12,12
4659,7,7,7,7,7,7,7
4660,7,7,7,7,7,7,7
4661,10,10,10,10,10,10,10
4662,10,10,10,10,10,10,10
4663,10,10,10,10,10,10,10
4664,13,9,9,9,9,9,9
4665,3,3,3,3,3,3,3
4666,7,7,7,7,7,7,7
4667,7,7,7,7,7,7,7
4668,7,13,13,13,13,13,13
4669,7,7,7,7,7,7,7
4670,10,10,10,10,10,10,10
4671,10,10,10,10,10,10,10
4672,6,6,6,6,6,6,6
4673,10,10,10,10,10,10,10
4674,10,10,10,10,10,10,10
4675,10,10,10,10,10,10,10
4676,3,3,3,3,3,3,3
4677,6,6,6,6,6,6,6
4678,10,10,10,10,10,10,10
4679,7,7,7,7,7,7,7
4680,6,6,6,6,6,6,6
4681,9,9,9,9,9,9,9
4682,9,9,9,9,9,9,9
4683,6,6,6,6,6,6,6
4684,8,7,7,7,7,7,7
4685,9,9,9,9,9,9,9
4686,9,9,9,9,9,9,9
4687,8,7,7,7,7,7,7
4688,3,1,1,1,1,1,1
4689,8,13,13,13,13,13,13
4690,7,7,7,7,7,7,7
4691,10,10,10,10,10,10,10
4692,10,10,10,10,10,10,10
4693,10,10,10,10,10,10,10
4694,7,7,7,7,7,7,7
4695,9,9,9,9,9,9,9
4696,7,7,7,7,7,7,7
4697,9,9,9,9,9,9,9
4698,7,7,7,7,7,7,7
4699,9,9,9,9,9,9,9
4700,7,7,7,7,7,7,7
4701,9,9,9,9,9,9,9
4702,7,7,7,7,7,7,7
4703,9,9,9,9,9,9,9
4704,7,7,7,7,7,7,7
4705,12,12,12,12,12,12,12
4706,12,12,12,12,12,12,12
4707,9,9,9,9,9,9,9
4708,7,7,7,7,7,7,7
4709,12,12,12,12,12,12,12
4710,12,12,12,12,12,12,12
4711,13,13,13,13,13,13,13
4712,13,13,13,13,13,13,13
4713,7,7,7,7,7,7,7
4714,12,12,12,12,12,12,12
4715,12,10,10,10,10,10,10
4716,9,13,13,9,9,9,9
4717,9,9,9,9,9,9,9
4718,3,3,3,3,3,3,3
4719,7,7,7,7,7,7,7
4720,7,7,7,7,7,7,7
4721,7,7,7,7,7,7,7
4722,6,6,6,6,6,6,6
4723,9,9,9,9,9,9,9
4724,9,9,9,9,9,9,9
4725,9,13,13,13,13,13,13
4726,9,9,9,9,9,9,9
4727,13,13,13,13,13,13,13
4728,13,13,13,13,13,13,13
4729,10,13,13,13,13,13,13
4730,3,3,3,3,3,3,3
4731,7,7,7,7,7,7,7
4732,7,7,7,7,7,7,7
4733,7,7,7,7,7,7,7
4734,6,6,6,6,6,6,6
4735,9,9,9,9,9,9,9
4736,9,9,9,9,9,9,9
4737,9,13,13,13,13,13,13
4738,9,9,9,9,9,9,9
4739,13,13,13,13,13,13,13
4740,13,13,13,13,13,13,13
4741,10,13,13,13,13,13,13
4742,3,3,3,3,3,3,3
4743,7,7,7,7,7,7,7
4744,7,7,7,7,7,7,7
4745,7,7,7,7,7,7,7
4746,6,6,6,6,6,6,6
4747,9,9,9,9,9,9,9
4748,9,9,9,9,9,9,9
4749,9,13,13,13,13,13,13
4750,9,9,9,9,9,9,9
4751,13,13,13,13,13,13,13
4752,13,13,13,13,13,13,13
4753,9,13,13,13,13,13,13
4754,7,7,7,7,7,7,7
4755,6,6,6,6,6,6,6
4756,7,7,7,7,7,7,7
4757,7,7,7,7,7,7,7
4758,6,6,6,6,6,6,6
4759,7,7,7,7,7,7,7
4760,6,6,6,6,6,6,6
4761,6,6,6,6,6,6,6
4762,7,2,2,2,2,2,2
4763,6,6,6,6,6,6,6
4764,7,7,7,7,7,7,7
4765,7,7,7,7,7,7,7
4766,6,6,6,6,6,6,6
4767,6,6,6,6,6,6,6
4768,7,7,7,7,7,7,7
4769,6,6,6,6,6,6,6
4770,6,2,2,2,2,2,2
4771,6,6,6,6,6,6,6
4772,7,10,10,7,7,10,10
4773,6,12,12,12,12,12,12
4774,6,6,6,6,6,6,6
4775,7,7,7,7,7,7,7
4776,6,6,6,6,6,6,6
4777,7,7,7,7,7,7,7
4778,7,7,7,7,7,7,7
4779,6,7,7,7,7,7,7
4780,7,7,7,7,7,7,7
4781,6,6,6,6,6,6,6
4782,6,6,6,6,6,6,6
4783,7,7,7,7,7,7,7
4784,7,7,7,7,7,7,7
4785,6,6,6,6,6,6,6
4786,7,7,7,7,7,7,7
4787,7,7,7,7,7,7,7
4788,7,7,7,7,7,7,7
4789,8,8,8,8,8,8,8
4790,7,7,7,7,7,7,7
4791,6,6,6,6,6,6,6
4792,6,6,6,6,6,6,6
4793,7,7,7,7,7,7,7
4794,6,6,6,6,6,6,6
4795,7,7,7,7,7,7,7
4796,7,7,7,7,7,7,7
4797,8,8,8,8,8,8,8
4798,8,8,8,8,8,8,8
4799,7,13,13,7,7,7,7
4800,6,7,7,7,7,7,7
4801,6,13,13,13,13,13,13
4802,6,6,6,6,6,6,6
4803,8,8,8,8,8,8,8
4804,8,8,8,8,8,8,8
4805,8,4,4,4,4,4,4
4806,6,1,1,1,1,1,1
4807,8,8,8,8,8,8,8
4808,8,7,7,7,7,7,7
4809,8,8,8,8,8,8,8
4810,6,6,6,6,6,6,6
4811,8,8,8,8,8,8,8
4812,8,8,8,8,8,8,8
4813,7,7,7,7,7,7,7
4814,7,7,7,7,7,7,7
4815,7,7,7,7,7,7,7
4816,6,7,7,7,7,7,7
4817,6,7,7,7,7,7,7
4818,6,6,6,6,6,6,6
4819,7,7,7,7,7,7,7
4820,6,6,6,6,6,6,6
4821,6,7,7,7,7,7,7
4822,7,7,7,7,7,7,7
4823,6,7,7,7,7,7,7
4824,6,7,7,7,7,7,7
4825,4,6,6,6,6,6,6
4826,9,9,9,9,9,9,9
4827,9,9,9,9,9,9,9
4828,9,9,9,9,9,9,9
4829,6,6,6,6,6,6,6
4830,6,6,6,6,6,6,6
4831,7,7,7,7,7,7,7
4832,4,1,1,1,1,1,1
4833,9,9,9,9,9,9,9
4834,9,9,9,9,9,9,9
4835,9,9,9,9,9,9,9
4836,4,4,4,4,4,4,4
4837,6,6,6,6,6,6,6
4838,6,6,6,6,6,6,6
4839,7,7,7,7,7,7,7
4840,13,8,8,8,8,8,8
4841,9,9,9,9,9,9,9
4842,9,9,9,9,9,9,9
4843,9,9,9,9,9,9,9
4844,9,9,9,9,9,9,9
4845,4,1,1,1,1,1,1
4846,6,6,6,6,6,6,6
4847,6,6,6,6,6,6,6
4848,8,8,8,8,8,8,8
4849,7,7,7,7,7,7,7
4850,10,10,10,10,10,10,10
4851,10,10,10,10,10,10,10
4852,10,10,10,10,10,10,10
4853,10,12,12,12,12,12,12
4854,10,10,10,10,10,10,10
4855,7,7,7,7,7,7,7
4856,4,7,7,7,7,7,7
4857,10,12,12,12,12,12,12
4858,10,12,12,12,12,12,12
4859,4,4,4,4,4,4,4
4860,6,6,6,6,6,6,6
4861,7,7,7,7,7,7,7
4862,7,7,7,7,7,7,7
4863,7,7,7,7,7,7,7
4864,7,7,7,7,7,7,7
4865,7,7,7,7,7,7,7
4866,8,8,8,8,8,8,8
4867,7,7,7,7,7,7,7
4868,7,7,7,7,7,7,7
4869,10,10,10,10,10,10,10
4870,10,10,10,10,10,10,10
4871,10,12,12,12,12,12,12
4872,10,10,10,10,10,10,10
4873,7,7,7,7,7,7,7
4874,6,7,7,7,7,7,7
4875,10,10,10,10,10,10,10
4876,10,12,12,12,12,12,12
4877,10,10,10,10,10,10,10
4878,10,10,10,10,10,10,10
4879,7,7,7,7,7,7,7
4880,6,7,7,6,6,6,6
4881,7,7,7,7,7,7,7
4882,7,7,7,7,7,7,7
4883,10,10,10,10,10,10,10
4884,7,7,7,7,7,7,7
4885,7,7,7,7,7,7,7
4886,7,7,7,7,7,7,7
4887,7,7,7,7,7,7,7
4888,6,7,7,7,7,7,7
4889,6,7,7,7,7,7,7
4890,10,10,10,10,10,10,10
4891,10,10,10,10,10,10,10
4892,10,10,10,10,10,10,10
4893,10,10,10,10,10,10,10
4894,6,6,6,6,6,6,6
4895,10,10,10,10,10,10,10
4896,12,10,10,10,10,10,10
4897,7,7,7,7,7,7,7
4898,6,2,2,2,2,2,2
4899,13,8,8,6,6,8,8
4900,12,12,12,12,12,12,12
4901,12,10,10,10,10,10,10
4902,12,12,12,12,12,12,12
4903,8,8,8,8,8,8,8
4904,8,8,8,8,8,8,8
4905,6,6,6,6,6,6,6
4906,6,6,6,6,6,6,6
4907,6,6,6,6,6,6,6
4908,7,7,7,7,7,7,7
4909,6,6,6,6,6,6,6
4910,1,1,1,1,1,1,1
4911,3,3,3,3,3,3,3
4912,6,6,6,6,6,6,6
4913,1,1,1,1,1,1,1
4914,3,3,3,3,3,3,3
4915,8,8,8,8,8,8,8
4916,8,8,8,8,8,8,8
4917,1,1,1,1,1,1,1
4918,7,7,7,7,7,7,7
4919,6,6,6,6,6,6,6
4920,6,1,1,1,1,1,1
4921,1,1,1,1,1,1,1
4922,6,6,6,6,6,6,6
4923,8,8,8,8,8,8,8
4924,1,1,1,1,1,1,1
4925,8,8,8,8,8,8,8
4926,6,6,6,6,6,6,6
4927,10,10,10,10,10,10,10
4928,10,10,10,10,10,10,10
4929,10,12,12,12,12,12,12
4930,8,8,8,8,8,8,8
4931,8,8,8,8,8,8,8
4932,10,10,10,10,10,10,10
4933,10,10,10,10,10,10,10
4934,10,10,10,10,10,10,10
4935,10,10,10,10,10,10,10
4936,10,10,10,10,10,10,10
4937,6,13,13,13,13,13,13
4938,7,7,7,7,7,7,7
4939,3,3,3,3,3,3,3
4940,6,6,6,6,6,6,6
4941,7,6,6,6,6,6,6
4942,6,6,6,6,6,6,6
4943,6,6,6,6,6,6,6
4944,6,6,6,6,6,6,6
4945,8,8,8,8,8,8,8
4946,8,8,8,8,8,8,8
4947,5,13,13,13,13,13,13
4948,6,6,6,6,6,6,6
4949,6,6,6,6,6,6,6
4950,6,6,6,6,6,6,6
4951,8,8,8,8,8,8,8
4952,8,8,8,8,8,8,8
4953,5,2,2,2,2,2,2
4954,7,7,7,7,7,7,7
4955,6,6,6,6,6,6,6
4956,6,13,13,13,13,13,13
4957,6,6,6,6,6,6,6
4958,8,8,8,8,8,8,8
4959,6,6,6,6,6,6,6
4960,3,3,3,3,3,3,3
4961,6,6,6,6,6,6,6
4962,6,6,6,6,6,6,6
4963,5,3,3,3,3,3,3
4964,8,8,8,8,8,8,8
4965,8,8,8,8,8,8,8
4966,6,3,3,3,3,3,3
4967,8,8,8,8,8,8,8
4968,5,3,3,3,3,3,3
4969,6,6,6,6,6,6,6
4970,8,13,13,13,13,13,13
4971,8,8,8,8,8,8,8
4972,8,8,8,8,8,8,8
4973,8,8,8,8,8,8,8
4974,6,6,6,6,6,6,6
4975,7,7,7,7,7,7,7
4976,6,6,6,6,6,6,6
4977,7,7,7,7,7,7,7
4978,6,6,6,6,6,6,6
4979,6,6,6,6,6,6,6
4980,7,7,7,7,7,7,7
4981,10,10,10,10,10,10,10
4982,10,12,12,12,12,12,12
4983,10,10,10,10,10,10,10
4984,7,7,7,7,7,7,7
4985,6,6,6,6,6,6,6
4986,6,2,2,2,2,2,2
4987,6,2,2,2,2,2,2
4988,10,10,10,10,10,10,10
4989,10,10,10,10,10,10,10
4990,10,10,10,10,10,10,10
4991,10,10,10,10,10,10,10
4992,10,10,10,10,10,10,10
4993,10,10,10,10,10,10,10
4994,7,7,7,7,7,7,7
4995,10,10,10,10,10,10,10
4996,10,10,10,10,10,10,10
4997,10,10,10,10,10,10,10
4998,10,10,10,10,10,10,10
4999,10,10,10,10,10,10,10
5000,10,10,10,10,10,10,10
5001,7,7,7,7,7,7,7
5002,7,7,7,7,7,7,7
5003,2,2,2,2,2,2,2
5004,10,10,10,10,10,10,10
5005,10,10,10,10,10,10,10
5006,10,10,10,10,10,10,10
5007,10,10,10,10,10,10,10
5008,10,10,10,10,10,10,10
5009,10,10,10,10,10,10,10
5010,7,7,7,7,7,7,7
5011,7,7,7,7,7,7,7
5012,6,6,6,6,6,6,6
5013,10,10,10,10,10,10,10
5014,10,10,10,10,10,10,10
5015,10,10,10,10,10,10,10
5016,13,13,13,13,13,13,13
5017,2,2,2,2,2,2,2
5018,6,6,6,6,6,6,6
5019,6,6,6,6,6,6,6
5020,6,8,8,8,8,8,8
5021,6,2,2,2,2,2,2
5022,9,9,9,9,9,9,9
5023,11,11,11,11,11,11,11
5024,2,2,2,2,2,2,2
5025,7,7,7,7,7,7,7
5026,9,9,9,9,9,9,9
5027,9,9,9,9,9,9,9
5028,9,9,9,9,9,9,9
5029,9,9,9,9,9,9,9
5030,2,2,2,2,2,2,2
5031,6,6,6,6,6,6,6
5032,7,7,7,7,7,7,7
5033,7,7,7,7,7,7,7
5034,10,10,10,10,10,10,10
5035,10,10,10,10,10,10,10
5036,10,10,10,10,10,10,10
5037,10,10,10,10,10,10,10
5038,10,10,10,10,10,10,10
5039,13,13,13,13,13,13,13
5040,13,13,13,13,13,13,13
5041,2,2,2,2,2,2,2
5042,6,6,6,6,6,6,6
5043,7,7,7,7,7,7,7
5044,7,13,13,13,13,13,13
5045,7,7,7,7,7,7,7
5046,13,13,13,13,13,13,13
5047,10,10,10,10,10,10,10
5048,10,10,10,10,10,10,10
5049,10,10,10,10,10,10,10
5050,10,10,10,10,10,10,10
5051,10,10,10,10,10,10,10
5052,6,6,6,6,6,6,6
5053,8,8,8,8,8,8,8
5054,7,7,7,7,7,7,7
5055,6,6,6,6,6,6,6
5056,6,6,6,6,6,6,6
5057,6,6,6,6,6,6,6
5058,10,10,10,10,10,10,10
5059,10,10,10,10,10,10,10
5060,6,6,6,6,6,6,6
5061,6,6,6,6,6,6,6
5062,9,9,9,9,9,9,9
5063,9,9,9,9,9,9,9
5064,9,12,12,12,12,12,12
5065,9,9,9,9,9,9,9
5066,9,9,9,9,9,9,9
5067,13,13,13,13,13,13,13
5068,13,13,13,13,13,13,13
5069,6,6,6,6,6,6,6
5070,6,6,6,6,6,6,6
5071,9,9,9,9,9,9,9
5072,9,9,9,9,9,9,9
5073,9,9,9,9,9,9,9
5074,9,9,9,9,9,9,9
5075,9,9,9,9,9,9,9
5076,6,6,6,6,6,6,6
5077,6,6,6,6,6,6,6
5078,9,9,9,9,9,9,9
5079,13,13,13,13,13,13,13
5080,13,13,13,13,13,13,13
5081,9,9,9,9,9,9,9
5082,9,11,11,11,11,11,11
5083,6,6,6,6,6,6,6
5084,6,6,6,6,6,6,6
5085,9,9,9,9,9,9,9
5086,9,9,9,9,9,9,9
5087,9,9,9,9,9,9,9
5088,9,9,9,9,9,9,9
5089,9,9,9,9,9,9,9
5090,6,6,6,6,6,6,6
5091,6,6,6,6,6,6,6
5092,9,9,9,9,9,9,9
5093,9,9,9,9,9,9,9
5094,9,12,12,12,12,12,12
5095,13,13,13,13,13,13,13
5096,13,13,13,13,13,13,13
5097,9,9,9,9,9,9,9
5098,9,9,9,9,9,9,9
5099,6,6,6,6,6,6,6
5100,6,6,6,6,6,6,6
5101,9,9,9,9,9,9,9
5102,9,9,9,12,12,12,12
5103,9,9,9,9,9,9,9
5104,9,9,9,9,9,9,9
5105,9,9,9,9,9,9,9
5106,6,6,6,6,6,6,6
5107,6,6,6,6,6,6,6
5108,9,9,9,9,9,9,9
5109,13,13,13,13,13,13,13
5110,13,13,13,13,13,13,13
5111,9,9,9,9,9,9,9
5112,9,11,11,11,11,11,11
5113,9,9,9,9,9,9,9
5114,9,9,9,9,9,9,9
5115,6,6,6,6,6,6,6
5116,6,6,6,6,6,6,6
5117,9,9,9,9,9,9,9
5118,9,9,9,9,9,9,9
5119,9,12,12,12,12,12,12
5120,9,9,9,9,9,9,9
5121,9,9,9,9,9,9,9
5122,13,11,11,11,11,11,11
5123,13,13,13,13,13,13,13
5124,6,6,6,6,6,6,6
5125,6,6,6,6,6,6,6
5126,9,9,9,9,9,9,9
5127,9,9,9,9,9,9,9
5128,9,11,11,11,11,11,11
5129,9,9,9,9,9,9,9
5130,9,9,9,9,9,9,9
5131,6,6,6,6,6,6,6
5132,6,6,6,6,6,6,6
5133,10,10,10,10,10,10,10
5134,10,10,10,10,10,10,10
5135,10,10,10,10,10,10,10
5136,13,13,13,13,13,13,13
5137,13,13,13,13,13,13,13
5138,10,10,10,10,10,10,10
5139,10,10,10,10,10,10,10
5140,10,12,12,12,12,12,12
5141,10,10,10,10,10,10,10
5142,10,10,10,10,10,10,10
5143,10,10,10,10,10,10,10
5144,3,2,2,2,2,2,2
5145,6,6,6,6,6,6,6
5146,12,12,12,12,12,12,12
5147,12,12,12,12,12,12,12
5148,12,12,12,12,12,12,12
5149,13,13,13,13,13,13,13
5150,6,4,4,4,4,4,4
5151,7,7,7,7,7,7,7
5152,6,6,6,6,6,6,6
5153,6,2,2,2,2,2,2
5154,6,2,2,2,2,2,2
5155,0,0,0,0,0,0,0
5156,0,0,0,0,0,0,0
5157,7,7,7,7,7,7,7
5158,6,2,2,2,2,2,2
5159,8,8,8,8,8,8,8
5160,10,10,10,10,10,10,10
5161,6,6,6,6,6,6,6
5162,6,6,6,6,6,6,6
5163,7,7,7,7,7,7,7
5164,2,2,2,2,2,2,2
5165,7,7,7,7,7,7,7
5166,7,7,7,7,7,7,7
5167,9,9,9,9,9,9,9
5168,9,13,13,13,13,13,13
5169,9,9,9,9,9,9,9
5170,9,9,9,9,9,9,9
5171,9,13,13,13,13,13,13
5172,9,9,9,9,9,9,9
5173,9,9,9,9,9,9,9
5174,6,6,6,6,6,6,6
5175,6,6,6,6,6,6,6
5176,7,7,7,7,7,7,7
5177,2,2,2,2,2,2,2
5178,7,7,7,7,7,7,7
5179,7,7,7,7,7,7,7
5180,10,10,10,10,10,10,10
5181,10,10,10,10,10,10,10
5182,9,9,9,9,9,9,9
5183,10,10,10,10,10,10,10
5184,10,10,10,10,10,10,10
5185,2,2,2,2,2,2,2
5186,7,7,7,7,7,7,7
5187,7,7,7,7,7,7,7
5188,7,7,7,7,7,7,7
5189,8,7,7,7,7,7,7
5190,10,10,10,10,10,10,10
5191,10,10,10,10,10,10,10
5192,7,7,7,7,7,7,7
5193,7,7,7,7,7,7,7
5194,8,7,7,7,7,7,7
5195,6,13,13,9,9,13,13
5196,7,7,7,7,7,7,7
5197,10,10,10,10,10,10,10
5198,10,10,10,10,10,10,10
5199,6,6,6,6,6,6,6
5200,7,7,7,7,7,7,7
5201,7,7,7,7,7,7,7
5202,6,13,13,13,13,13,13
5203,8,7,7,7,7,7,7
5204,8,13,13,13,13,13,13
5205,7,7,7,7,7,7,7
5206,10,10,10,10,10,10,10
5207,10,10,10,10,10,10,10
5208,7,7,7,7,7,7,7
5209,8,6,6,6,6,6,6
5210,6,6,6,6,6,6,6
5211,8,8,8,8,8,8,8
5212,7,7,7,7,7,7,7
5213,10,10,10,10,10,10,10
5214,10,10,10,10,10,10,10
5215,6,13,13,13,13,13,13
5216,7,7,7,7,7,7,7
5217,6,2,2,2,2,2,2
5218,6,0,0,0,0,0,0
5219,8,8,8,8,8,8,8
5220,10,10,10,10,10,10,10
5221,10,10,10,10,10,10,10
5222,9,9,9,9,9,9,9
5223,2,2,2,2,2,2,2
5224,2,2,2,2,2,2,2
5225,6,6,6,6,6,6,6
5226,9,9,9,9,9,9,9
5227,6,6,6,6,6,6,6
5228,10,10,10,10,10,10,10
5229,10,10,10,10,10,10,10
5230,10,10,10,10,10,10,10
5231,7,12,12,7,7,7,7
5232,6,6,6,6,6,6,6
5233,2,2,2,2,2,2,2
5234,10,10,10,10,10,10,10
5235,10,10,10,10,10,10,10
5236,10,12,12,12,12,12,12
5237,10,10,10,10,10,10,10
5238,10,12,12,12,12,12,12
5239,9,9,9,9,9,9,9
5240,9,9,9,9,9,9,9
5241,7,7,7,7,7,7,7
5242,9,11,11,11,11,11,11
5243,10,10,10,10,10,10,10
5244,10,10,10,10,10,10,10
5245,9,9,9,9,9,9,9
5246,9,9,9,9,9,9,9
5247,9,9,9,9,9,9,9
5248,7,7,7,7,7,7,7
5249,7,7,7,7,7,7,7
5250,10,10,10,10,10,10,10
5251,7,13,13,13,13,13,13
5252,7,7,7,7,7,7,7
5253,10,10,10,10,10,10,10
5254,6,6,6,6,6,6,6
5255,7,7,7,7,7,7,7
5256,7,7,7,7,7,7,7
5257,10,10,10,10,10,10,10
5258,7,7,7,7,7,7,7
5259,7,7,7,7,7,7,7
5260,7,7,7,7,7,7,7
5261,7,7,7,7,7,7,7
5262,7,7,7,7,7,7,7
5263,7,7,7,7,7,7,7
5264,7,8,8,7,7,8,8
5265,7,7,7,7,7,7,7
5266,9,9,9,9,9,12,12
5267,9,9,9,9,9,9,9
5268,9,9,9,9,9,9,9
5269,6,6,6,6,6,6,6
5270,7,7,7,7,7,7,7
5271,9,9,9,9,9,9,9
5272,7,7,7,7,7,7,7
5273,9,9,9,9,9,9,9
5274,6,6,6,6,6,6,6
5275,6,6,6,6,6,6,6
5276,6,6,6,6,6,6,6
5277,6,6,6,6,6,6,6
5278,6,6,6,6,6,6,6
5279,6,6,6,6,6,6,6
5280,6,6,6,6,6,6,6
5281,8,8,8,8,8,8,8
5282,7,7,7,7,7,7,7
5283,11,11,11,11,11,11,11
5284,11,11,11,11,11,11,11
5285,9,9,9,9,9,9,9
5286,9,9,9,9,9,9,9
5287,9,9,9,9,9,9,9
5288,9,9,9,9,9,9,9
5289,7,7,7,7,7,7,7
5290,6,6,6,6,6,6,6
5291,6,6,6,6,6,6,6
5292,6,6,6,6,6,6,6
5293,6,6,6,6,6,6,6
5294,8,6,6,6,6,6,6
5295,7,13,13,13,13,13,13
5296,6,6,6,6,6,13,13
5297,9,9,9,9,9,9,9
5298,9,11,11,11,11,11,11
5299,13,13,13,13,13,13,13
5300,6,6,6,6,6,6,6
5301,6,6,6,6,6,6,6
5302,0,5,5,5,5,5,5
5303,6,6,6,6,6,6,6
5304,8,8,8,8,8,8,8
5305,0,0,0,0,0,0,0
5306,6,6,6,6,6,6,6
5307,7,7,7,7,7,7,7
5308,10,10,10,10,10,10,10
5309,10,10,10,10,10,10,10
5310,6,6,6,6,6,6,6
5311,8,8,8,8,8,8,8
5312,6,6,6,6,6,6,6
5313,0,0,0,0,0,0,0
5314,7,7,7,7,7,7,7
5315,7,7,7,7,7,7,7
5316,0,0,0,0,0,0,0
5317,6,6,6,6,6,6,6
5318,7,7,7,7,7,7,7
5319,0,6,6,6,6,6,6
5320,10,10,10,10,10,10,10
5321,10,10,10,10,10,10,10
5322,10,10,10,10,10,10,10
5323,10,10,10,10,10,10,10
5324,10,10,10,10,10,10,10
5325,13,13,13,13,13,13,13
5326,0,0,0,0,0,0,0
5327,7,7,7,7,7,7,7
5328,6,6,6,6,6,6,6
5329,6,6,6,6,6,6,6
5330,10,10,10,10,10,10,10
5331,10,10,10,10,10,10,10
5332,10,10,10,10,10,10,10
5333,10,12,12,12,12,12,12
5334,6,6,6,6,6,6,6
5335,10,10,10,10,10,10,10
5336,10,10,10,10,10,10,10
5337,10,10,10,10,10,10,10
5338,7,7,7,7,7,7,7
5339,7,7,7,7,7,7,7
5340,11,9,9,9,9,9,9
5341,11,9,9,9,9,9,9
5342,7,7,7,7,7,7,7
5343,10,10,10,10,10,10,10
5344,10,10,10,10,10,10,10
5345,13,7,7,7,7,7,7
5346,10,10,10,10,10,10,10
5347,6,6,6,6,6,6,6
5348,10,12,12,12,12,12,12
5349,10,10,10,10,10,10,10
5350,10,10,10,10,10,10,10
5351,10,10,10,10,10,10,10
5352,6,6,6,6,6,6,6
5353,10,10,10,10,10,10,10
5354,10,10,10,10,10,10,10
5355,2,2,2,2,2,2,2
5356,6,13,13,13,13,13,13
5357,9,9,9,9,9,9,9
5358,9,9,9,9,9,9,9
5359,9,9,9,9,9,9,9
5360,9,9,9,9,9,9,9
5361,6,9,9,9,9,9,9
5362,2,2,2,2,2,2,2
5363,9,9,9,9,9,9,9
5364,9,9,9,9,9,9,9
5365,9,9,9,9,9,9,9
5366,9,9,9,9,9,9,9
5367,6,9,9,9,9,9,9
5368,2,2,2,2,2,2,2
5369,9,9,9,9,9,9,9
5370,9,9,9,9,9,9,9
5371,9,9,9,9,9,9,9
5372,9,9,9,9,9,9,9
5373,6,9,9,9,9,9,9
5374,2,2,2,2,2,2,2
5375,9,9,9,9,9,9,9
5376,9,9,9,9,9,9,9
5377,9,9,9,9,9,9,9
5378,9,9,9,9,9,9,9
5379,6,9,9,9,9,9,9
5380,2,2,2,2,2,2,2
5381,9,9,9,9,9,9,9
5382,9,9,9,9,9,9,9
5383,9,9,9,9,9,9,9
5384,9,9,9,9,9,9,9
5385,6,9,9,9,9,9,9
5386,2,2,2,2,2,2,2
5387,9,9,9,9,9,9,9
5388,9,9,9,9,9,9,9
5389,9,9,9,9,9,9,9
5390,9,9,9,9,9,9,9
5391,6,9,9,9,9,9,9
5392,2,2,2,2,2,2,2
5393,9,9,9,9,9,9,9
5394,9,9,9,9,9,9,9
5395,9,9,9,9,9,9,9
5396,9,9,9,9,9,9,9
5397,6,6,6,6,6,6,6
5398,6,6,6,6,6,6,6
5399,10,10,10,10,10,10,10
5400,10,10,10,10,10,10,10
5401,6,6,6,6,6,6,6
5402,7,7,7,7,7,7,7
5403,7,7,7,7,7,7,7
5404,0,0,0,0,0,0,0
5405,11,11,11,11,11,11,11
5406,11,9,9,9,9,9,9
5407,9,9,9,9,9,9,9
5408,9,9,9,9,9,9,9
5409,7,7,7,7,7,7,7
5410,10,10,10,10,10,10,10
5411,10,10,10,10,10,10,10
5412,13,9,9,9,9,9,9
5413,7,7,7,7,7,7,7
5414,10,10,10,10,10,10,10
5415,10,10,10,10,10,10,10
5416,7,7,7,7,7,7,7
5417,11,11,11,11,11,11,11
5418,11,11,11,11,11,11,11
5419,13,13,13,13,13,13,13
5420,6,6,6,6,6,6,6
5421,13,13,13,13,13,13,13
5422,9,10,10,10,10,10,10
5423,7,7,7,7,7,7,7
5424,2,2,2,2,2,2,2
5425,6,6,6,6,6,6,6
5426,6,6,6,6,6,6,6
5427,7,7,7,7,7,7,7
5428,7,7,7,7,7,7,7
5429,6,6,6,6,6,6,6
5430,6,1,1,1,1,1,1
5431,9,9,9,9,9,9,9
5432,9,13,13,13,13,13,13
5433,10,10,10,10,10,10,10
5434,10,10,10,10,10,10,10
5435,13,7,7,7,7,7,7
5436,2,2,2,2,2,2,2
5437,7,7,7,7,7,7,7
5438,6,9,9,9,9,9,9
5439,10,10,10,10,10,10,10
5440,10,10,10,10,10,10,10
5441,10,10,10,10,10,10,10
5442,10,12,12,12,12,12,12
5443,10,10,10,10,10,10,10
5444,2,2,2,2,2,2,2
5445,6,6,6,6,6,6,6
5446,7,7,7,7,7,7,7
5447,6,13,13,13,13,13,13
5448,10,10,10,10,10,10,10
5449,10,10,10,10,10,10,10
5450,10,12,12,12,12,12,12
5451,10,10,10,10,10,10,10
5452,10,10,10,10,10,10,10
5453,7,7,7,7,7,7,7
5454,7,13,13,13,13,13,13
5455,6,6,6,6,6,6,6
5456,7,7,7,7,7,7,7
5457,10,12,12,12,12,12,12
5458,10,12,12,12,12,12,12
5459,2,2,2,2,2,2,2
5460,7,7,7,7,7,7,7
5461,6,6,6,6,6,6,6
5462,7,7,7,7,7,7,7
5463,6,6,6,6,6,6,6
5464,7,7,7,7,7,7,7
5465,6,6,6,6,6,6,6
5466,6,13,13,9,9,13,13
5467,9,9,9,9,9,9,9
5468,9,9,9,9,9,9,9
5469,10,12,12,12,12,12,12
5470,10,10,10,10,10,10,10
5471,6,6,6,6,6,6,6
5472,6,8,8,8,8,8,8
5473,10,10,10,10,10,10,10
5474,10,12,12,12,12,12,12
5475,9,9,9,9,9,9,9
5476,8,8,8,8,8,8,8
5477,7,7,7,7,7,7,7
5478,2,2,2,2,2,2,2
5479,10,12,12,12,12,12,12
5480,10,12,12,12,12,12,12
5481,10,12,12,12,12,12,12
5482,10,10,10,10,10,10,10
5483,10,12,12,12,12,12,12
5484,2,2,2,2,2,2,2
5485,9,9,9,9,9,9,9
5486,9,9,9,9,9,9,9
5487,9,9,9,9,9,9,9
5488,7,7,7,7,7,7,7
5489,6,6,6,6,6,6,6
5490,8,13,13,9,9,13,13
5491,10,10,10,10,10,10,10
5492,10,12,12,12,12,12,12
5493,13,13,13,13,13,13,13
5494,13,13,13,13,13,13,13
5495,11,11,11,11,11,11,11
5496,11,11,11,11,11,11,11
5497,11,11,11,11,11,11,11
5498,7,7,7,7,7,7,7
5499,13,10,10,10,10,10,10
5500,13,13,13,13,13,13,13
5501,9,9,9,9,9,9,9
5502,9,11,11,11,11,11,11
5503,13,13,13,13,13,13,13
5504,6,6,6,6,6,6,6
5505,6,6,6,6,6,6,6
5506,6,6,6,6,6,6,6
5507,9,11,11,11,11,11,11
5508,9,9,9,9,9,9,9
5509,9,9,9,9,9,9,9
5510,12,12,12,12,12,12,12
5511,6,6,6,6,6,6,6
5512,6,6,6,6,6,6,6
5513,6,6,6,6,6,6,6
5514,6,6,6,6,6,6,6
5515,6,6,6,6,6,6,6
5516,6,6,6,6,6,6,6
5517,6,6,6,6,6,6,6
5518,6,6,6,6,6,6,6
5519,6,6,6,6,6,6,6
5520,6,6,6,6,6,6,6
5521,6,6,6,6,6,6,6
5522,6,6,6,6,6,6,6
5523,6,6,6,6,6,6,6
5524,6,6,6,6,6,6,6
5525,6,6,6,6,6,6,6
5526,6,6,6,6,6,6,6
5527,6,6,6,6,6,6,6
5528,11,12,12,12,12,12,12
5529,8,8,8,8,8,8,8
5530,6,6,6,6,6,6,6
5531,7,7,7,7,7,7,7
5532,10,10,10,10,10,10,10
5533,10,10,10,10,10,10,10
5534,11,11,11,11,11,11,11
5535,6,6,6,6,6,6,6
5536,6,6,6,6,6,6,6
5537,7,7,7,7,7,7,7
5538,11,11,11,11,11,11,11
5539,7,7,7,7,7,7,7
5540,6,6,6,6,6,6,6
5541,11,11,11,11,11,11,11
5542,6,6,6,6,6,6,6
5543,7,7,7,7,7,7,7
5544,7,7,7,7,7,7,7
5545,6,6,6,6,6,6,6
5546,6,6,6,6,6,6,6
5547,9,9,9,9,9,9,9
5548,9,9,9,9,9,9,9
5549,9,13,13,13,13,13,13
5550,2,2,2,2,2,2,2
5551,8,7,7,7,7,7,7
5552,11,12,12,12,12,12,12
5553,12,12,12,12,12,12,12
5554,11,12,12,12,12,12,12
5555,12,12,12,12,12,12,12
5556,9,9,9,9,9,9,9
5557,9,9,9,9,9,9,9
5558,7,7,7,7,7,7,7
5559,7,7,7,7,7,7,7
5560,6,6,6,6,6,6,6
5561,7,7,7,7,7,7,7
5562,2,2,2,2,2,2,2
5563,7,7,7,7,7,7,7
5564,12,12,12,12,12,12,12
5565,12,12,12,12,12,12,12
5566,12,12,12,12,12,12,12
5567,10,12,12,12,12,12,12
5568,9,9,9,9,9,9,9
5569,7,7,7,7,7,7,7
5570,7,7,7,7,7,7,7
5571,2,2,2,2,2,2,2
5572,7,7,7,7,7,7,7
5573,9,12,12,12,12,12,12
5574,12,12,12,12,12,12,12
5575,12,12,12,12,12,12,12
5576,10,12,12,12,12,12,12
5577,9,9,9,9,9,9,9
5578,7,7,7,7,7,7,7
5579,7,7,7,7,7,7,7
5580,6,6,6,6,6,6,6
5581,7,7,7,7,7,7,7
5582,7,7,7,7,7,7,7
5583,12,12,12,12,12,12,12
5584,12,12,12,12,12,12,12
5585,12,12,12,12,12,12,12
5586,9,13,13,13,13,13,13
5587,7,7,7,7,7,7,7
5588,7,7,7,7,7,7,7
5589,10,10,10,10,10,10,10
5590,2,2,2,2,2,2,2
5591,7,7,7,7,7,7,7
5592,6,8,8,8,8,8,8
5593,7,7,7,7,7,7,7
5594,7,7,7,7,7,7,7
5595,2,2,2,2,2,2,2
5596,6,6,6,6,6,6,6
5597,6,6,6,6,6,6,6
5598,2,2,2,2,2,2,2
5599,7,7,7,7,7,7,7
5600,6,6,6,6,6,6,6
5601,10,10,10,10,10,10,10
5602,10,10,10,10,10,10,10
5603,6,6,6,6,6,6,6
5604,13,9,9,9,9,9,9
5605,13,9,9,9,9,9,9
5606,7,7,7,7,7,7,7
5607,13,9,9,9,9,9,9
5608,12,12,12,12,12,12,12
5609,13,13,13,13,13,13,13
5610,13,9,9,9,9,9,9
5611,9,9,9,9,9,9,9
5612,13,13,13,13,13,13,13
5613,6,6,6,6,6,6,6
5614,7,7,7,7,7,7,7
5615,7,7,7,7,7,7,7
5616,7,7,7,7,7,7,7
5617,7,7,7,7,7,7,7
5618,6,7,7,7,7,7,7
5619,2,2,2,2,2,2,2
5620,8,6,6,6,6,6,6
5621,10,10,10,10,10,10,10
5622,10,10,10,10,10,10,10
5623,13,13,13,13,13,13,13
5624,7,7,7,7,7,7,7
5625,6,6,6,6,6,6,6
5626,7,7,7,7,7,7,7
5627,8,8,8,8,8,8,8
5628,6,6,6,6,6,6,6
5629,10,10,10,10,10,10,10
5630,10,10,10,10,10,10,10
5631,10,10,10,10,10,10,10
5632,7,7,7,7,7,7,7
5633,10,10,10,10,10,10,10
5634,10,10,10,10,10,10,10
5635,10,10,10,10,10,10,10
5636,13,13,13,13,13,13,13
5637,8,8,8,8,8,8,8
5638,4,4,4,4,4,4,4
5639,7,7,7,7,7,7,7
5640,4,1,1,1,1,1,1
5641,4,6,6,6,6,6,6
5642,9,9,9,9,9,9,9
5643,9,9,9,9,9,9,9
5644,4,4,4,4,4,4,4
5645,4,6,6,6,6,6,6
5646,9,9,9,9,9,9,9
5647,9,9,9,9,9,9,9
5648,7,7,7,7,7,7,7
5649,4,1,1,1,1,1,1
5650,6,6,6,6,6,6,6
5651,4,6,6,6,6,6,6
5652,8,8,8,8,8,8,8
5653,9,9,9,9,9,9,9
5654,9,9,9,9,9,9,9
5655,4,1,1,1,1,1,1
5656,4,1,1,1,1,1,1
5657,6,6,6,6,6,6,6
5658,9,9,9,9,9,9,9
5659,9,9,9,9,9,9,9
5660,9,13,13,13,13,13,13
5661,7,7,7,7,7,7,7
5662,6,2,2,2,2,2,2
5663,7,7,7,7,7,7,7
5664,9,9,9,9,9,9,9
5665,9,9,9,9,9,9,9
5666,9,9,9,9,9,9,9
5667,9,9,9,9,9,9,9
5668,9,9,9,9,9,9,9
5669,10,7,7,7,7,7,7
5670,9,13,13,13,13,13,13
5671,7,7,7,7,7,7,7
5672,7,7,7,7,7,7,7
5673,13,13,13,13,13,13,13
5674,13,13,13,13,13,13,13
5675,10,10,10,10,10,10,10
5676,13,13,13,13,13,13,13
5677,13,13,13,13,13,13,13
5678,7,7,7,7,7,7,7
5679,9,13,13,13,13,13,13
5680,10,13,13,13,13,13,13
5681,10,10,10,10,10,10,10
5682,10,10,10,10,10,10,10
5683,7,7,7,7,7,7,7
5684,10,10,10,10,10,10,10
5685,10,13,13,13,13,13,13
5686,6,6,6,6,6,6,6
5687,7,7,7,7,7,7,7
5688,8,8,8,8,8,8,8
5689,7,7,7,7,7,7,7
5690,9,9,9,9,9,9,9
5691,9,9,9,9,9,9,9
5692,2,2,2,2,2,2,2
5693,10,7,7,7,7,7,7
5694,10,13,13,13,13,13,13
5695,10,13,13,13,13,13,13
5696,7,7,7,7,7,7,7
5697,6,6,6,6,6,6,6
5698,6,6,6,6,6,6,6
5699,10,10,10,10,10,10,10
5700,12,12,12,12,12,12,12
5701,6,6,6,6,6,6,6
5702,7,7,7,7,7,7,7
5703,6,6,6,6,6,6,6
5704,6,6,6,6,6,6,6
5705,10,10,10,10,10,10,10
5706,10,10,10,10,10,10,10
5707,13,13,13,13,13,13,13
5708,10,10,10,10,10,10,10
5709,10,10,10,10,10,10,10
5710,6,6,6,6,6,6,6
5711,12,12,12,12,12,12,12
5712,13,13,13,13,13,13,13
5713,10,10,10,10,10,10,10
5714,10,10,10,10,10,10,10
5715,12,12,12,12,12,12,12
5716,12,12,12,12,12,12,12
5717,8,6,6,6,6,6,6
5718,6,6,6,6,6,6,6
5719,0,0,0,0,0,0,0
5720,6,0,0,0,0,0,0
5721,6,6,6,6,6,6,6
5722,5,5,5,5,5,5,5
5723,5,3,3,3,3,3,3
5724,7,7,7,7,7,7,7
5725,8,13,13,13,13,13,13
5726,5,5,5,5,5,5,5
5727,5,5,5,5,5,5,5
5728,8,8,8,8,8,8,8
5729,6,6,6,6,6,6,6
5730,7,7,7,7,7,7,7
5731,7,7,7,7,7,7,7
5732,5,12,12,12,12,12,12
5733,5,11,11,11,11,11,11
5734,5,11,11,11,11,11,11
5735,8,8,8,8,8,8,8
5736,7,7,7,7,7,7,7
5737,7,7,7,7,7,7,7
5738,6,6,6,6,6,6,6
5739,10,10,10,10,10,10,10
5740,10,10,10,10,10,10,10
5741,7,7,7,7,7,7,7
5742,7,7,7,7,7,7,7
5743,8,8,8,8,8,8,8
5744,6,13,13,13,13,13,13
5745,7,7,7,7,7,7,7
5746,10,10,10,10,10,10,10
5747,10,10,10,10,10,10,10
5748,8,8,8,8,8,8,8
5749,6,6,6,6,6,6,6
5750,7,7,7,7,7,7,7
5751,10,10,10,10,10,10,10
5752,10,10,10,10,10,10,10
5753,6,6,6,6,6,6,6
5754,7,7,7,7,7,7,7
5755,7,7,7,7,7,7,7
5756,10,10,10,10,10,10,10
5757,10,10,10,10,10,10,10
5758,13,13,13,13,13,13,13
5759,10,10,10,10,10,10,10
5760,10,10,10,10,10,10,10
5761,13,13,13,13,13,13,13
5762,7,7,7,7,7,7,7
5763,7,7,7,7,7,7,7
5764,2,2,2,2,2,2,2
5765,12,12,12,12,12,12,12
5766,12,12,12,12,12,12,12
5767,12,12,12,12,12,12,12
5768,12,12,12,12,12,12,12
5769,9,13,13,13,13,13,13
5770,8,8,8,8,8,8,8
5771,7,7,7,7,7,7,7
5772,6,6,6,6,6,6,6
5773,7,7,7,7,7,7,7
5774,13,13,13,13,13,13,13
5775,10,10,10,10,10,10,10
5776,10,10,10,10,10,10,10
5777,10,10,10,10,10,10,10
5778,10,10,10,10,10,10,10
5779,8,8,8,8,8,8,8
5780,7,7,7,7,7,7,7
5781,7,7,7,7,7,7,7
5782,6,6,6,6,6,6,6
5783,10,10,10,10,10,10,10
5784,10,10,10,10,10,10,10
5785,10,10,10,10,10,10,10
5786,10,10,10,10,10,10,10
5787,6,6,6,6,6,6,6
5788,8,8,8,8,8,8,8
5789,6,4,4,4,4,4,4
5790,2,2,2,2,2,2,2
5791,8,8,8,8,8,8,8
5792,10,10,10,10,10,10,10
5793,10,10,10,10,10,10,10
5794,13,13,13,13,13,13,13
5795,6,6,6,6,6,6,6
5796,8,8,8,8,8,8,8
5797,6,6,6,6,6,6,6
5798,6,3,3,3,3,3,3
5799,10,10,10,10,10,10,10
5800,10,10,10,10,10,10,10
5801,6,6,6,6,6,6,6
5802,6,7,7,7,7,7,7
5803,6,6,6,6,6,6,6
5804,2,2,2,2,2,2,2
5805,10,10,10,10,10,10,10
5806,10,7,7,7,7,13,13
5807,10,10,10,10,10,10,10
5808,10,10,10,10,10,10,10
5809,10,10,10,10,10,10,10
5810,10,10,10,10,10,10,10
5811,10,10,10,10,10,10,10
5812,10,12,12,12,12,12,12
5813,6,6,6,6,6,6,6
5814,6,6,6,6,6,6,6
5815,10,10,10,10,10,10,10
5816,10,10,10,10,10,10,10
5817,10,10,10,10,10,10,10
5818,10,10,10,10,10,10,10
5819,6,6,6,6,6,6,6
5820,2,2,2,2,2,2,2
5821,10,10,10,10,10,10,10
5822,10,10,10,10,10,10,10
5823,10,10,10,10,10,10,10
5824,10,10,10,10,10,10,10
5825,10,10,10,10,10,10,10
5826,10,12,12,12,12,12,12
5827,2,2,2,2,2,2,2
5828,6,6,6,6,6,6,6
5829,10,10,10,10,10,10,10
5830,10,10,10,10,10,10,10
5831,7,7,7,7,7,7,7
5832,6,6,6,6,6,6,6
5833,6,6,6,6,6,6,6
5834,6,6,6,6,6,6,6
5835,13,9,9,9,9,9,9
5836,7,7,7,7,7,7,7
5837,6,6,6,6,6,6,6
5838,6,6,6,6,6,6,6
5839,8,8,8,8,8,8,8
5840,6,6,6,6,6,6,6
5841,10,10,10,10,10,10,10
5842,10,10,10,10,10,10,10
5843,6,6,6,6,6,6,6
5844,6,6,6,6,6,6,6
5845,6,6,6,6,6,6,6
5846,7,7,7,7,7,7,7
5847,8,2,2,2,2,2,2
5848,6,6,6,6,6,6,6
5849,8,6,6,6,6,6,6
5850,7,7,7,7,7,7,7
5851,2,2,2,2,2,2,2
5852,10,10,10,10,10,10,10
5853,10,10,10,10,10,10,10
5854,10,10,10,10,10,10,10
5855,13,13,13,13,13,13,13
5856,2,2,2,2,2,2,2
5857,6,3,3,3,3,3,3
5858,6,6,6,6,6,6,6
5859,6,6,6,6,6,6,6
5860,6,6,6,6,6,6,6
5861,7,7,7,7,7,7,7
5862,7,7,7,7,7,7,7
5863,10,10,10,10,10,10,10
5864,10,10,10,10,10,10,10
5865,6,6,6,6,6,6,6
5866,6,6,6,6,6,6,6
5867,6,6,6,6,6,6,6
5868,7,7,7,7,7,7,7
5869,7,13,13,13,13,13,13
5870,8,6,6,6,6,6,6
5871,6,6,6,6,6,6,6
5872,9,9,9,9,9,9,9
5873,9,9,9,9,9,9,9
5874,9,9,9,9,9,9,9
5875,9,9,9,9,9,9,9
5876,6,4,4,4,4,4,4
5877,7,7,7,7,7,7,7
5878,6,6,6,6,6,6,6
5879,6,6,6,6,6,6,6
5880,7,7,7,7,7,7,7
5881,8,8,8,8,8,8,8
5882,9,9,9,9,9,9,9
5883,9,9,9,9,9,9,9
5884,9,9,9,9,9,9,9
5885,9,9,9,9,9,9,9
5886,6,6,6,6,6,6,6
5887,7,7,7,7,7,7,7
5888,8,8,8,8,8,8,8
5889,6,6,6,6,6,6,6
5890,7,7,7,7,7,7,7
5891,6,6,6,6,6,6,6
5892,7,7,7,7,7,7,7
5893,9,9,9,9,9,9,9
5894,9,9,9,9,9,9,9
5895,9,9,9,9,9,9,9
5896,9,9,9,9,9,9,9
5897,9,9,9,9,9,9,9
5898,9,9,9,9,9,9,9
5899,6,6,6,6,6,6,6
5900,7,7,7,7,7,7,7
5901,8,8,8,8,8,8,8
5902,6,6,6,6,6,6,6
5903,7,7,7,7,7,7,7
5904,6,6,6,6,6,6,6
5905,7,7,7,7,7,7,7
5906,11,9,9,9,9,9,9
5907,11,9,9,9,9,9,9
5908,9,9,9,9,9,9,9
5909,9,9,9,9,9,9,9
5910,9,9,9,9,9,9,9
5911,9,9,9,9,9,9,9
5912,9,9,9,9,9,9,9
5913,6,6,6,6,6,6,6
5914,7,7,7,7,7,7,7
5915,8,8,8,8,8,8,8
5916,6,6,6,6,6,6,6
5917,7,7,7,7,7,7,7
5918,6,6,6,6,6,6,6
5919,7,7,7,7,7,7,7
5920,9,9,9,9,9,9,9
5921,9,9,9,9,9,9,9
5922,9,9,9,9,9,9,9
5923,9,9,9,9,9,9,9
5924,9,9,9,9,9,9,9
5925,9,9,9,9,9,9,9
5926,13,13,13,13,13,13,13
5927,7,7,7,7,7,7,7
5928,6,6,6,6,6,6,6
5929,7,7,7,7,7,7,7
5930,10,10,10,10,10,10,10
5931,10,10,10,10,10,10,10
5932,10,10,10,10,10,10,10
5933,10,10,10,10,10,10,10
5934,13,13,13,13,13,13,13
5935,6,6,6,6,6,6,6
5936,7,7,7,7,7,7,7
5937,10,10,10,10,10,10,10
5938,10,10,10,10,10,10,10
5939,10,10,10,10,10,10,10
5940,6,6,6,6,6,6,6
5941,2,2,2,2,2,2,2
5942,6,6,6,6,6,6,6
5943,6,7,7,7,7,7,7
5944,11,9,9,9,9,9,9
5945,11,9,9,9,9,9,9
5946,11,12,12,12,12,12,12
5947,9,9,9,9,9,9,9
5948,9,9,9,9,9,9,9
5949,6,6,6,6,6,6,6
5950,2,2,2,2,2,2,2
5951,6,6,6,6,6,6,6
5952,9,9,9,9,9,9,9
5953,9,9,9,9,9,9,9
5954,9,9,9,9,9,9,9
5955,9,9,9,9,9,9,9
5956,13,7,7,7,7,7,7
5957,13,7,7,7,7,7,7
5958,6,6,6,6,6,6,6
5959,2,2,2,2,2,2,2
5960,6,6,6,6,6,6,6
5961,10,10,10,10,10,10,10
5962,10,10,10,10,10,10,10
5963,10,10,10,10,10,10,10
5964,10,13,13,13,13,13,13
5965,6,6,6,6,6,6,6
5966,6,8,8,8,8,8,8
5967,6,6,6,6,6,6,6
5968,6,2,2,2,2,2,2
5969,6,6,6,6,6,6,6
5970,2,2,2,2,2,2,2
5971,6,6,6,6,6,6,6
5972,8,8,8,8,8,8,8
5973,8,8,8,8,8,8,8
5974,6,6,6,6,6,6,6
5975,7,7,7,7,7,7,7
5976,8,8,8,8,8,8,8
5977,6,6,6,6,6,6,6
5978,7,13,13,7,7,7,7
5979,6,6,6,6,6,6,6
5980,10,10,10,10,10,10,10
5981,10,12,12,12,12,12,12
5982,8,8,8,8,8,8,8
5983,8,8,8,8,8,8,8
5984,7,7,7,7,7,7,7
5985,6,6,6,6,6,6,6
5986,7,7,7,7,7,7,7
5987,6,6,6,6,6,6,6
5988,0,5,5,0,0,0,0
5989,0,1,1,1,1,1,1
5990,11,11,11,11,11,11,11
5991,11,12,12,12,12,12,12
5992,7,7,7,7,7,7,7
5993,0,0,0,0,0,0,0
5994,7,7,7,7,7,7,7
5995,6,6,6,6,6,6,6
5996,6,6,6,6,6,6,6
5997,13,13,13,13,13,13,13
5998,6,6,6,6,6,6,6
5999,7,7,7,7,7,7,7
6000,0,0,0,0,0,0,0
6001,7,7,7,7,7,7,7
6002,6,6,6,6,6,6,6
6003,13,12,12,12,12,12,12
6004,0,0,0,0,0,0,0
6005,6,6,6,6,6,6,6
6006,7,7,7,7,7,7,7
6007,7,7,7,7,7,7,7
6008,8,7,7,7,7,7,7
6009,10,12,12,13,13,13,13
6010,7,10,10,10,10,10,10
6011,7,13,13,13,13,13,13
6012,2,2,2,2,2,2,2
6013,9,9,9,9,9,9,9
6014,9,9,9,9,9,9,9
6015,2,2,2,2,2,2,2
6016,7,2,2,2,2,2,2
6017,9,9,9,9,9,9,9
6018,9,9,9,9,9,9,9
6019,9,9,9,9,9,9,9
6020,2,2,2,2,2,2,2
6021,10,10,10,10,10,10,10
6022,10,10,10,10,10,10,10
6023,2,2,2,2,2,2,2
6024,10,10,10,10,10,10,10
6025,10,10,10,10,10,10,10
6026,2,2,2,2,2,2,2
6027,10,10,10,10,10,10,10
6028,10,10,10,10,10,10,10
6029,2,2,2,2,2,2,2
6030,6,13,13,13,13,13,13
6031,10,10,10,10,10,10,10
6032,10,10,10,10,10,10,10
6033,2,2,2,2,2,2,2
6034,7,7,7,7,7,7,7
6035,10,10,10,10,10,10,10
6036,10,10,10,10,10,10,10
6037,2,2,2,2,2,2,2
6038,12,12,12,12,12,12,12
6039,12,12,12,12,12,12,12
6040,6,6,6,6,6,6,6
6041,6,6,6,6,6,6,6
6042,7,7,7,7,7,7,7
6043,10,10,10,10,10,10,10
6044,13,13,13,13,13,13,13
6045,6,6,6,6,6,6,6
6046,7,7,7,7,7,7,7
6047,6,6,6,6,6,6,6
6048,9,9,9,9,9,9,9
6049,6,6,6,6,6,6,6
6050,9,9,9,9,9,9,9
6051,9,9,9,9,9,9,9
6052,7,7,7,7,7,7,7
6053,6,6,6,6,6,6,6
6054,7,7,7,7,7,7,7
6055,9,9,9,9,9,9,9
6056,9,9,9,9,9,9,9
6057,9,9,9,9,9,9,9
6058,13,13,13,13,13,13,13
6059,12,12,12,12,12,12,12
6060,7,7,7,7,7,7,7
6061,9,9,9,9,9,9,9
6062,9,9,9,9,9,9,9
6063,9,9,9,9,9,9,9
6064,7,7,7,7,7,7,7
6065,7,7,7,7,7,7,7
6066,10,10,10,10,10,10,10
6067,10,10,10,10,10,10,10
6068,9,9,9,9,9,9,9
6069,9,9,9,9,9,9,9
6070,10,10,10,10,10,10,10
6071,10,10,10,10,10,10,10
6072,9,9,9,9,9,9,9
6073,9,13,13,13,13,13,13
6074,9,11,11,11,11,11,11
6075,7,7,7,7,7,7,7
6076,8,8,8,8,8,8,8
6077,6,7,7,7,7,7,7
6078,6,6,6,6,6,6,6
6079,6,6,6,6,6,6,6
6080,9,9,9,9,9,9,9
6081,8,8,8,8,8,8,8
6082,6,7,7,7,7,7,7
6083,6,6,6,6,6,6,6
6084,6,6,6,6,6,6,6
6085,6,6,6,6,6,6,6
6086,9,9,9,9,9,9,9
6087,8,8,8,8,8,8,8
6088,6,6,6,6,6,6,6
6089,6,6,6,6,6,6,6
6090,6,6,6,6,6,6,6
6091,6,6,6,6,6,6,6
6092,9,9,9,9,9,9,9
6093,8,8,8,8,8,8,8
6094,6,7,7,7,7,7,7
6095,6,6,6,6,6,6,6
6096,6,6,6,6,6,6,6
6097,6,6,6,6,6,6,6
6098,9,9,9,9,9,9,9
6099,8,8,8,8,8,8,8
6100,6,7,7,7,7,7,7
6101,6,6,6,6,6,6,6
6102,6,6,6,6,6,6,6
6103,6,6,6,6,6,6,6
6104,9,9,9,9,9,9,9
6105,13,13,13,13,13,13,13
6106,13,9,9,9,9,9,9
6107,8,8,8,8,8,8,8
6108,6,6,6,6,6,6,6
6109,6,6,6,6,6,6,6
6110,6,6,6,6,6,6,6
6111,6,6,6,6,6,6,6
6112,9,9,9,9,9,9,9
6113,8,8,8,8,8,8,8
6114,6,6,6,6,6,6,6
6115,6,6,6,6,6,6,6
6116,6,6,6,6,6,6,6
6117,6,6,6,6,6,6,6
6118,9,9,9,9,9,9,9
6119,8,8,8,8,8,8,8
6120,6,6,6,6,6,6,6
6121,6,6,6,6,6,6,6
6122,6,13,13,13,13,13,13
6123,6,6,6,6,6,6,6
6124,9,9,9,9,9,9,9
6125,6,6,6,6,6,6,6
6126,6,13,13,13,13,13,13
6127,6,6,6,6,6,6,6
6128,9,9,9,9,9,9,9
6129,6,6,6,6,6,6,6
6130,6,6,6,6,6,6,6
6131,6,6,6,6,6,6,6
6132,9,9,9,9,9,9,9
6133,8,8,8,8,8,8,8
6134,6,7,7,7,7,7,7
6135,6,6,6,6,6,6,6
6136,6,13,13,13,13,13,13
6137,6,6,6,6,6,6,6
6138,10,10,10,10,10,10,10
6139,8,8,8,8,8,8,8
6140,6,7,7,7,7,7,7
6141,6,6,6,6,6,6,6
6142,6,6,6,6,6,6,6
6143,6,6,6,6,6,6,6
6144,10,10,10,10,10,10,10
6145,8,8,8,8,8,8,8
6146,6,7,7,7,7,7,7
6147,6,6,6,6,6,6,6
6148,6,6,6,6,6,6,6
6149,6,6,6,6,6,6,6
6150,10,10,10,10,10,10,10
6151,6,6,6,6,6,6,6
6152,6,6,6,6,6,6,6
6153,6,6,6,6,6,6,6
6154,10,10,10,10,10,10,10
6155,6,6,6,6,6,6,6
6156,6,6,6,6,6,6,6
6157,6,6,6,6,6,6,6
6158,6,6,6,6,6,6,6
6159,6,6,6,6,6,6,6
6160,6,6,6,6,6,6,6
6161,6,6,6,6,6,6,6
6162,6,6,6,6,6,6,6
6163,6,6,6,6,6,6,6
6164,6,6,6,6,6,6,6
6165,6,6,6,6,6,6,6
6166,6,6,6,6,6,6,6
6167,6,6,6,6,6,6,6
6168,8,6,6,6,6,6,6
6169,8,8,8,8,8,8,8
6170,8,8,8,8,8,8,8
6171,8,8,8,8,8,8,8
6172,8,8,8,8,8,8,8
6173,8,8,8,8,8,8,8
6174,5,5,5,5,5,5,5
6175,6,6,6,6,6,6,6
6176,6,2,2,2,2,2,2
6177,6,2,2,2,2,2,2
6178,7,7,7,7,7,7,7
6179,9,9,9,9,9,9,9
6180,9,11,11,11,11,11,11
6181,9,9,9,9,9,9,9
6182,9,9,9,9,9,9,9
6183,2,3,3,3,3,3,3
6184,7,7,7,7,7,7,7
6185,9,10,10,10,10,10,10
6186,9,9,9,9,9,9,9
6187,9,9,9,9,9,9,9
6188,9,9,9,9,9,9,9
6189,9,9,9,9,9,9,9
6190,2,2,2,2,2,2,2
6191,7,7,7,7,7,7,7
6192,13,9,9,9,9,9,9
6193,13,12,12,12,12,12,12
6194,9,9,9,9,9,9,9
6195,9,9,9,9,9,9,9
6196,13,12,12,12,12,12,12
6197,13,13,13,13,13,13,13
6198,13,13,13,13,13,13,13
6199,13,12,12,12,12,12,12
6200,13,9,9,9,9,9,9
6201,2,2,2,2,2,2,2
6202,7,7,7,7,7,7,7
6203,13,13,13,13,13,13,13
6204,13,12,12,12,12,12,12
6205,9,9,9,9,9,9,9
6206,13,12,12,12,12,12,12
6207,9,9,9,9,9,9,9
6208,9,9,9,9,9,9,9
6209,13,13,13,13,13,13,13
6210,13,7,7,7,7,7,7
6211,13,13,13,13,13,13,13
6212,13,13,13,13,13,13,13
6213,2,2,2,2,2,2,2
6214,7,7,7,7,7,7,7
6215,13,13,13,13,13,13,13
6216,13,12,12,12,12,12,12
6217,13,12,12,12,12,12,12
6218,13,9,9,9,9,9,9
6219,9,9,9,9,9,9,9
6220,9,9,9,9,9,9,9
6221,13,13,13,13,13,13,13
6222,13,13,13,13,13,13,13
6223,2,2,2,2,2,2,2
6224,7,7,7,7,7,7,7
6225,9,9,9,9,9,9,9
6226,9,9,9,9,9,9,9
6227,9,9,9,9,9,9,9
6228,9,9,9,9,9,9,9
6229,13,10,10,10,10,10,10
6230,13,13,13,13,13,13,13
6231,13,13,13,13,13,13,13
6232,13,13,13,13,13,13,13
6233,13,13,13,13,13,13,13
6234,2,13,13,13,13,13,13
6235,7,3,3,3,3,3,3
6236,9,9,9,9,9,9,9
6237,9,9,9,9,9,9,9
6238,9,9,9,9,9,9,9
6239,9,9,9,9,9,9,9
6240,13,13,13,13,13,13,13
6241,13,13,13,13,13,13,13
6242,10,10,10,10,10,10,10
6243,10,10,10,10,10,10,10
6244,10,10,10,10,10,10,10
6245,10,10,10,10,10,10,10
6246,7,7,7,7,7,7,7
6247,2,3,3,3,3,3,3
6248,10,10,10,10,10,10,10
6249,10,10,10,10,10,10,10
6250,10,10,10,10,10,10,10
6251,13,13,13,13,13,13,13
6252,13,13,13,13,13,13,13
6253,13,13,13,13,13,13,13
6254,13,7,7,7,7,7,7
6255,2,3,3,3,3,3,3
6256,7,7,7,7,7,7,7
6257,10,10,10,10,10,10,10
6258,10,10,10,10,10,10,10
6259,10,10,10,10,10,10,10
6260,10,10,10,10,10,10,10
6261,13,13,13,13,13,13,13
6262,13,13,13,13,13,13,13
6263,13,13,13,13,13,13,13
6264,13,12,12,12,12,12,12
6265,7,7,7,7,7,7,7
6266,2,2,2,2,2,2,2
6267,13,13,13,13,13,13,13
6268,13,13,13,13,13,13,13
6269,10,10,10,10,10,10,10
6270,10,10,10,10,10,10,10
6271,13,13,13,13,13,13,13
6272,13,13,13,13,13,13,13
6273,10,10,10,10,10,10,10
6274,10,10,10,10,10,10,10
6275,13,13,13,13,13,13,13
6276,13,12,12,12,12,12,12
6277,2,3,3,3,3,3,3
6278,7,7,7,7,7,7,7
6279,13,6,6,6,6,6,6
6280,13,13,13,13,13,13,13
6281,13,13,13,9,9,9,9
6282,13,12,12,12,12,12,12
6283,13,9,9,9,9,9,9
6284,10,10,10,10,10,10,10
6285,10,10,10,10,10,10,10
6286,13,9,9,9,9,9,9
6287,13,13,13,13,13,13,13
6288,13,13,13,13,13,13,13
6289,2,3,3,3,3,3,3
6290,7,7,7,7,7,7,7
6291,13,13,13,13,13,13,13
6292,13,12,12,12,12,12,12
6293,13,7,7,7,7,7,7
6294,10,10,10,10,10,10,10
6295,10,10,10,10,10,10,10
6296,10,10,10,10,10,10,10
6297,10,12,12,12,12,12,12
6298,13,7,7,7,7,7,7
6299,13,13,13,13,13,13,13
6300,13,13,13,13,13,13,13
6301,7,7,7,7,7,7,7
6302,2,2,2,2,2,2,2
6303,13,13,13,13,13,13,13
6304,13,8,8,8,8,8,8
6305,13,9,9,9,9,9,9
6306,10,10,10,10,10,10,10
6307,10,10,10,10,10,10,10
6308,10,10,10,10,10,10,10
6309,10,12,12,12,12,12,12
6310,13,10,10,10,10,10,10
6311,13,12,12,12,12,12,12
6312,13,13,13,13,13,13,13
6313,13,13,13,13,13,13,13
6314,2,3,3,3,3,3,3
6315,7,7,7,7,7,7,7
6316,12,12,12,12,12,12,12
6317,13,12,12,12,12,12,12
6318,13,13,13,13,13,13,13
6319,13,9,9,9,9,9,9
6320,12,12,12,12,12,12,12
6321,12,12,12,12,12,12,12
6322,13,13,13,13,13,13,13
6323,13,9,9,9,9,9,9
6324,13,13,13,13,13,13,13
6325,13,11,11,11,11,11,11
6326,7,13,13,13,13,13,13
6327,2,2,2,2,2,2,2
6328,12,12,12,12,12,12,12
6329,12,12,12,12,12,12,12
6330,12,12,12,12,12,12,12
6331,12,12,12,12,12,12,12
6332,12,12,12,12,12,12,12
6333,12,12,12,12,12,12,12
6334,9,9,9,9,9,9,9
6335,9,12,12,12,12,12,12
6336,6,3,3,3,3,3,3
6337,8,8,8,8,8,8,8
6338,6,6,6,6,6,6,6
6339,7,7,7,7,7,7,7
6340,7,7,7,7,7,7,7
6341,11,11,11,11,11,11,11
6342,11,11,11,11,11,11,11
6343,10,10,10,10,10,10,10
6344,10,10,10,10,10,10,10
6345,6,6,6,6,6,6,6
6346,9,9,9,9,9,9,9
6347,9,9,9,9,9,9,9
6348,6,6,6,6,6,6,6
6349,13,13,13,13,13,13,13
6350,13,13,13,13,13,13,13
6351,9,9,9,9,9,9,9
6352,9,9,9,9,9,9,9
6353,6,6,6,6,6,6,6
6354,13,13,13,13,13,13,13
6355,9,9,9,9,9,9,9
6356,9,9,9,9,9,9,9
6357,13,13,13,13,13,13,13
6358,9,9,9,9,9,9,9
6359,9,9,9,9,9,9,9
6360,6,6,6,6,6,6,6
6361,9,9,9,9,9,9,9
6362,9,9,9,9,9,9,9
6363,13,13,13,13,13,13,13
6364,7,7,7,7,7,7,7
6365,7,7,7,7,7,7,7
6366,7,7,7,7,7,7,7
6367,7,7,7,7,7,7,7
6368,6,6,6,6,6,6,6
6369,8,8,8,8,8,8,8
6370,6,6,6,6,6,6,6
6371,8,8,8,8,8,8,8
6372,7,7,7,7,7,7,7
6373,7,7,7,7,7,7,7
6374,2,2,2,2,2,3,3
6375,8,8,8,8,8,8,8
6376,6,8,8,8,8,8,8
6377,10,10,10,10,10,10,10
6378,10,10,10,10,10,10,10
6379,13,13,13,13,13,13,13
6380,13,13,13,13,13,13,13
6381,6,8,8,8,8,8,8
6382,6,6,6,6,6,6,6
6383,7,7,7,7,7,7,7
6384,2,2,2,2,2,2,2
6385,7,7,7,7,7,7,7
6386,9,12,12,12,12,12,12
6387,9,9,9,9,9,9,9
6388,13,13,13,13,13,13,13
6389,13,13,13,13,13,13,13
6390,9,11,11,11,11,11,11
6391,7,7,7,7,7,7,7
6392,6,6,6,6,6,6,6
6393,9,12,12,12,12,12,12
6394,13,13,13,13,13,13,13
6395,7,7,7,7,7,7,7
6396,9,9,9,9,9,9,9
6397,13,13,13,13,13,13,13
6398,6,13,13,13,13,13,13
6399,6,6,6,6,6,6,6
6400,6,6,6,6,6,6,6
6401,8,11,11,11,11,11,11
6402,7,7,7,7,7,7,7
6403,2,2,2,2,2,2,2
6404,2,2,2,2,2,2,2
6405,8,8,8,8,8,8,8
6406,7,7,7,7,7,7,7
6407,7,7,7,7,7,7,7
6408,10,10,10,10,10,10,10
6409,10,12,12,12,12,12,12
6410,8,8,8,8,8,8,8
6411,7,7,7,7,7,7,7
6412,2,2,2,2,2,2,2
6413,13,13,13,13,13,13,13
6414,13,13,13,10,10,13,13
6415,2,2,2,2,2,2,2
6416,10,10,10,10,10,10,10
6417,10,10,10,10,10,10,10
6418,12,12,12,12,12,12,12
6419,12,12,12,12,12,12,12
6420,13,12,12,12,12,12,12
6421,13,12,12,12,12,12,12
6422,6,6,6,6,6,6,6
6423,6,9,9,9,9,9,9
6424,6,6,6,6,6,6,6
6425,6,6,6,6,6,6,6
6426,6,6,6,6,6,6,6
6427,6,6,6,6,6,6,6
6428,13,12,12,11,11,11,11
6429,13,12,12,12,12,12,12
6430,13,9,9,9,9,9,9
6431,10,10,10,10,10,10,10
6432,6,2,2,2,2,2,2
6433,6,6,6,6,6,6,6
6434,6,6,6,6,6,6,6
6435,6,6,6,6,6,6,6
6436,10,10,10,10,10,10,10
6437,10,10,10,10,10,10,10
6438,13,7,7,7,7,7,7
6439,13,7,7,7,7,7,7
6440,13,13,13,13,13,13,13
6441,6,6,6,6,6,6,6
6442,6,6,6,6,6,6,6
6443,2,2,2,2,2,2,2
6444,10,10,10,10,10,10,10
6445,10,10,10,10,10,10,10
6446,13,7,7,7,7,7,7
6447,6,6,6,6,6,6,6
6448,2,2,2,2,2,2,2
6449,8,8,8,8,8,8,8
6450,6,6,6,6,6,6,6
6451,7,7,7,7,7,7,7
6452,7,7,7,7,7,7,7
6453,8,8,8,8,8,8,8
6454,6,6,6,6,6,6,6
6455,7,7,7,7,7,7,7
6456,6,6,6,6,6,6,6
6457,10,12,12,12,12,12,12
6458,10,10,10,10,10,10,10
6459,6,6,6,6,6,6,6
6460,8,6,6,6,6,6,6
6461,6,6,6,6,6,6,6
6462,6,13,13,13,13,13,13
6463,10,10,10,10,10,10,10
6464,10,10,10,10,10,10,10
6465,10,10,10,10,10,10,10
6466,6,6,6,6,6,6,6
6467,7,7,7,7,7,7,7
6468,6,6,6,6,6,6,6
6469,6,6,6,6,6,6,6
6470,6,6,6,6,6,6,6
6471,2,2,2,2,2,2,2
6472,6,6,6,6,6,6,6
6473,10,10,10,10,10,10,10
6474,10,10,10,10,10,10,10
6475,7,7,7,7,7,7,7
6476,10,12,12,12,12,12,12
6477,10,10,10,10,10,10,10
6478,6,6,6,6,6,6,6
6479,6,6,6,6,6,6,6
6480,6,6,6,6,6,6,6
6481,9,9,9,9,9,9,9
6482,10,13,13,13,13,13,13
6483,9,13,13,13,13,13,13
6484,11,11,11,11,11,11,11
6485,11,11,11,11,11,11,11
6486,7,7,7,7,7,7,7
6487,6,6,6,6,6,6,6
6488,6,7,7,7,7,7,7
6489,6,6,6,6,6,6,6
6490,9,9,9,9,9,9,9
6491,10,10,10,10,10,10,10
6492,9,13,13,13,13,13,13
6493,6,6,6,6,6,6,6
6494,6,6,6,6,6,6,6
6495,6,6,6,6,6,6,6
6496,9,9,9,9,9,9,9
6497,10,13,13,13,13,13,13
6498,9,13,13,13,13,13,13
6499,11,11,11,11,11,11,11
6500,11,11,11,11,11,11,11
6501,7,7,7,7,7,7,7
6502,6,6,6,6,6,6,6
6503,6,6,6,6,6,6,6
6504,6,6,6,6,6,6,6
6505,9,9,9,9,9,9,9
6506,9,9,9,9,9,9,9
6507,9,13,13,13,13,13,13
6508,13,10,10,10,10,10,10
6509,13,13,13,13,13,13,13
6510,7,7,7,7,7,7,7
6511,6,6,6,6,6,6,6
6512,6,6,6,6,6,6,6
6513,6,6,6,6,6,6,6
6514,9,9,9,9,9,9,9
6515,9,9,9,9,9,9,9
6516,9,13,13,13,13,13,13
6517,13,11,11,11,11,11,11
6518,13,11,11,11,11,11,11
6519,7,7,7,7,7,7,7
6520,6,6,6,6,6,6,6
6521,6,6,6,6,6,6,6
6522,6,6,6,6,6,6,6
6523,9,9,9,9,9,9,9
6524,9,9,9,9,9,9,9
6525,9,13,13,13,13,13,13
6526,13,10,10,10,10,10,10
6527,13,13,13,13,13,13,13
6528,7,7,7,7,7,7,7
6529,6,6,6,6,6,6,6
6530,6,6,6,6,6,6,6
6531,6,6,6,6,6,6,6
6532,9,9,9,9,9,9,9
6533,9,9,9,9,9,9,9
6534,9,13,13,13,13,13,13
6535,11,12,12,12,12,12,12
6536,11,11,11,11,11,11,11
6537,7,7,7,7,7,7,7
6538,6,6,6,6,6,6,6
6539,6,6,6,6,6,6,6
6540,6,6,6,6,6,6,6
6541,9,9,9,9,9,9,9
6542,9,13,13,13,13,13,13
6543,9,13,13,13,13,13,13
6544,11,11,11,11,11,11,11
6545,11,11,11,11,11,11,11
6546,7,7,7,7,7,7,7
6547,6,6,6,6,6,6,6
6548,6,6,6,6,6,6,6
6549,6,6,6,6,6,6,6
6550,9,9,9,9,9,9,9
6551,9,13,13,13,13,13,13
6552,9,13,13,13,13,13,13
6553,13,13,13,13,13,13,13
6554,13,13,13,13,13,13,13
6555,7,7,7,7,7,7,7
6556,6,6,6,6,6,6,6
6557,6,6,6,6,6,6,6
6558,6,6,6,6,6,6,6
6559,9,9,9,9,9,9,9
6560,9,13,13,13,13,13,13
6561,9,13,13,13,13,13,13
6562,11,11,11,11,11,11,11
6563,11,11,11,11,11,11,11
6564,6,6,6,6,6,6,6
6565,6,6,6,6,6,6,6
6566,6,6,6,6,6,6,6
6567,9,9,9,9,9,9,9
6568,9,11,11,11,11,11,11
6569,9,13,13,13,13,13,13
6570,11,11,11,11,11,11,11
6571,11,11,11,11,11,11,11
6572,7,7,7,7,7,7,7
6573,2,2,2,2,2,2,2
6574,7,7,7,7,7,7,7
6575,7,7,7,7,7,7,7
6576,12,12,12,12,12,12,12
6577,12,12,12,12,12,12,12
6578,7,7,7,7,7,7,7
6579,2,2,2,2,2,2,2
6580,6,13,13,13,13,13,13
6581,8,13,13,13,13,13,13
6582,7,7,7,7,7,7,7
6583,6,7,7,7,7,7,7
6584,8,7,7,7,7,7,7
6585,7,7,7,7,7,7,7
6586,9,9,9,9,9,9,9
6587,11,11,11,11,11,11,11
6588,11,11,11,11,11,11,11
6589,7,7,7,7,7,7,7
6590,6,6,6,6,6,6,6
6591,9,9,9,9,9,9,9
6592,7,7,7,7,7,7,7
6593,7,13,13,13,13,13,13
6594,2,2,2,2,2,2,2
6595,6,6,6,6,6,6,6
6596,7,7,7,7,7,7,7
6597,6,0,0,0,0,0,0
6598,9,9,9,9,9,9,9
6599,6,6,6,6,6,6,6
6600,7,7,7,7,7,7,7
6601,7,13,13,13,13,13,13
6602,12,12,12,12,12,12,12
6603,12,8,8,8,8,8,8
6604,10,10,10,10,10,10,10
6605,7,7,7,7,7,7,7
6606,9,9,9,9,9,9,9
6607,9,9,9,9,9,9,9
6608,9,9,9,9,9,9,9
6609,6,6,6,6,6,6,6
6610,7,12,12,12,12,12,12
6611,2,6,6,6,6,6,6
6612,10,10,10,10,10,10,10
6613,10,10,10,10,10,10,10
6614,10,10,10,10,10,10,10
6615,2,2,2,2,2,2,2
6616,7,7,7,7,7,7,7
6617,10,10,10,10,10,10,10
6618,10,10,10,10,10,10,10
6619,10,10,10,10,10,10,10
6620,9,9,9,9,9,9,9
6621,13,13,13,13,13,13,13
6622,8,6,6,6,6,6,6
6623,7,7,7,7,7,7,7
6624,6,1,1,1,1,1,1
6625,7,10,10,10,10,10,10
6626,10,10,10,10,10,10,10
6627,10,10,10,10,10,10,10
6628,10,10,10,10,10,10,10
6629,7,7,7,7,7,7,7
6630,2,2,2,2,2,2,2
6631,7,7,7,7,7,7,7
6632,6,6,6,6,6,6,6
6633,9,7,7,7,7,7,7
6634,10,12,12,12,12,12,12
6635,10,12,12,12,12,12,12
6636,10,12,12,12,12,12,12
6637,8,8,8,8,8,8,8
6638,10,12,12,12,12,12,12
6639,9,9,9,9,9,9,9
6640,9,9,9,9,9,9,9
6641,10,7,7,7,7,7,7
6642,6,2,2,2,2,2,2
6643,9,9,9,9,9,9,9
6644,10,12,12,12,12,12,12
6645,9,11,11,11,11,11,11
6646,9,9,9,9,9,9,9
6647,9,11,11,9,9,11,11
6648,6,2,2,6,6,6,6
6649,9,9,9,9,9,9,9
6650,10,12,12,12,12,12,12
6651,9,11,11,11,11,11,11
6652,8,8,8,8,8,8,8
6653,6,2,2,2,2,2,2
6654,9,9,9,9,9,9,9
6655,10,12,12,12,12,12,12
6656,9,11,11,11,11,11,11
6657,8,8,8,8,8,8,8
6658,6,6,6,6,6,6,6
6659,10,10,10,10,10,10,10
6660,9,9,9,9,9,9,9
6661,9,11,11,11,11,11,11
6662,6,6,6,6,6,6,6
6663,10,10,10,10,10,10,10
6664,9,9,9,9,9,9,9
6665,9,11,11,11,11,11,11
6666,12,10,10,10,10,10,10
6667,6,6,6,6,6,6,6
6668,10,10,10,10,10,10,10
6669,9,9,9,9,9,9,9
6670,9,11,11,11,11,11,11
6671,12,10,10,10,10,10,10
6672,6,6,6,6,6,6,6
6673,9,9,9,9,9,9,9
6674,9,9,9,9,9,9,9
6675,9,11,11,11,11,11,11
6676,8,8,8,8,8,8,8
6677,11,11,11,11,11,11,11
6678,2,2,2,2,2,2,2
6679,7,7,7,7,7,7,7
6680,2,2,2,2,2,2,2
6681,6,6,6,6,6,6,6
6682,7,7,7,7,7,7,7
6683,7,7,7,7,7,7,7
6684,10,10,10,10,10,10,10
6685,10,12,12,12,12,12,12
6686,2,2,2,2,2,2,2
6687,7,7,7,7,7,7,7
6688,2,3,3,3,3,3,3
6689,7,7,7,7,7,7,7
6690,6,6,6,6,6,6,6
6691,7,13,13,13,13,13,13
6692,12,12,12,12,12,12,12
6693,12,12,12,12,12,12,12
6694,9,9,9,9,9,9,9
6695,7,6,6,6,6,6,6
6696,7,7,7,7,7,7,7
6697,0,0,0,0,0,0,0
6698,7,7,7,7,7,7,7
6699,0,0,0,0,0,0,0
6700,8,8,8,8,8,8,8
6701,8,8,8,8,8,8,8
6702,8,6,6,6,6,6,6
6703,8,7,7,7,7,7,7
6704,8,8,8,8,8,8,8
6705,8,8,8,8,8,8,8
6706,13,13,13,13,13,13,13
6707,9,9,9,9,9,9,9
6708,8,7,7,7,7,7,7
6709,8,8,8,8,8,8,8
6710,13,13,13,13,13,13,13
6711,9,9,9,9,9,9,9
6712,6,6,6,6,6,6,6
6713,7,7,7,7,7,7,7
6714,8,8,8,8,8,8,8
6715,8,8,8,8,8,8,8
6716,13,13,13,13,13,13,13
6717,10,10,10,10,10,10,10
6718,10,10,10,10,10,10,10
6719,10,10,10,10,10,10,10
6720,10,10,10,10,10,10,10
6721,4,6,6,6,6,6,6
6722,4,1,1,1,1,1,1
6723,6,6,6,6,6,6,6
6724,7,7,7,7,7,7,7
6725,9,9,9,9,9,9,9
6726,9,9,9,9,9,9,9
6727,13,13,13,13,13,13,13
6728,4,6,6,6,6,6,6
6729,4,1,1,1,1,1,1
6730,6,6,6,6,6,6,6
6731,7,7,7,7,7,7,7
6732,9,9,9,9,9,9,9
6733,9,9,9,9,9,9,9
6734,13,7,7,7,7,7,7
6735,7,7,7,7,7,7,7
6736,7,7,7,7,7,7,7
6737,6,6,6,6,6,6,6
6738,13,12,12,12,12,12,12
6739,10,10,10,10,10,10,10
6740,6,6,6,6,6,6,6
6741,7,7,7,7,7,7,7
6742,13,13,13,13,13,13,13
6743,13,13,13,13,13,13,13
6744,6,7,7,7,7,7,7
6745,7,7,7,7,7,7,7
6746,3,3,3,2,2,3,3
6747,6,6,6,6,6,6,6
6748,7,7,7,7,7,7,7
6749,7,7,7,7,7,7,7
6750,13,13,13,13,13,13,13
6751,9,9,9,9,9,9,9
6752,9,9,9,9,9,9,9
6753,3,2,2,2,2,3,3
6754,6,6,6,6,6,6,6
6755,7,7,7,7,7,7,7
6756,7,7,7,7,7,7,7
6757,10,10,10,10,10,10,10
6758,10,10,10,10,10,10,10
6759,7,7,7,7,7,7,7
6760,3,3,3,3,3,3,3
6761,6,6,6,6,6,6,6
6762,7,7,7,7,7,7,7
6763,7,7,7,7,7,7,7
6764,13,13,13,13,13,13,13
6765,10,10,10,10,10,10,10
6766,10,10,10,10,10,10,10
6767,6,6,6,6,6,6,6
6768,6,6,6,6,6,6,6
6769,9,9,9,9,9,9,9
6770,9,9,9,9,9,9,9
