frame,image_rel,gt_with_fine_label,v3_fp32+rec_fp32:tracks,v3_fp32+rec_fp32:matched,v3_fp32+rec_fp32:correct,v3_fp32+rec_fp16:tracks,v3_fp32+rec_fp16:matched,v3_fp32+rec_fp16:correct,v3_fp32+rec_int8_full:tracks,v3_fp32+rec_int8_full:matched,v3_fp32+rec_int8_full:correct,v3_fp16+rec_fp32:tracks,v3_fp16+rec_fp32:matched,v3_fp16+rec_fp32:correct,v3_fp16+rec_fp16:tracks,v3_fp16+rec_fp16:matched,v3_fp16+rec_fp16:correct,v3_fp16+rec_int8_full:tracks,v3_fp16+rec_int8_full:matched,v3_fp16+rec_int8_full:correct,v3_int8_head_excl+rec_fp32:tracks,v3_int8_head_excl+rec_fp32:matched,v3_int8_head_excl+rec_fp32:correct,v3_int8_head_excl+rec_fp16:tracks,v3_int8_head_excl+rec_fp16:matched,v3_int8_head_excl+rec_fp16:correct,v3_int8_head_excl+rec_int8_full:tracks,v3_int8_head_excl+rec_int8_full:matched,v3_int8_head_excl+rec_int8_full:correct,v3_int8_head_excl_fbias+rec_fp32:tracks,v3_int8_head_excl_fbias+rec_fp32:matched,v3_int8_head_excl_fbias+rec_fp32:correct,v3_int8_head_excl_fbias+rec_fp16:tracks,v3_int8_head_excl_fbias+rec_fp16:matched,v3_int8_head_excl_fbias+rec_fp16:correct,v3_int8_head_excl_fbias+rec_int8_full:tracks,v3_int8_head_excl_fbias+rec_int8_full:matched,v3_int8_head_excl_fbias+rec_int8_full:correct,v3_int8_full+rec_fp32:tracks,v3_int8_full+rec_fp32:matched,v3_int8_full+rec_fp32:correct,v3_int8_full+rec_fp16:tracks,v3_int8_full+rec_fp16:matched,v3_int8_full+rec_fp16:correct,v3_int8_full+rec_int8_full:tracks,v3_int8_full+rec_int8_full:matched,v3_int8_full+rec_int8_full:correct
0,data/aihub_traffic/test/images/c_validation_1920_1200_night_1/s01333519.jpg,2,2,2,2,2,2,2,2,2,2,2,2,2,2,2,2,2,2,2,1,1,1,1,1,1,1,1,1,1,1,1,1,1,1,1,1,1,0,0,0,0,0,0,0,0,0
1,data/aihub_traffic/test/images/c_validation_1920_1200_night_1/s01333525.jpg,4,2,0,0,2,0,0,2,0,0,2,0,0,2,0,0,2,0,0,0,0,0,0,0,0,0,0,0,0,0,0,0,0,0,0,0,0,0,0,0,0,0,0,0,0,0
2,data/aihub_traffic/test/images/c_validation_1920_1200_night_1/s01333531.jpg,3,1,0,0,1,0,0,1,0,0,1,0,0,1,0,0,1,0,0,0,0,0,0,0,0,0,0,0,0,0,0,0,0,0,0,0,0,0,0,0,0,0,0,0,0,0
3,data/aihub_traffic/test/images/c_validation_1920_1200_night_1/s01333537.jpg,2,2,2,2,2,2,2,2,2,2,2,2,2,2,2,2,2,2,2,3,2,2,3,2,2,3,2,2,3,2,2,3,2,2,3,2,2,0,0,0,0,0,0,0,0,0
4,data/aihub_traffic/test/images/c_validation_1920_1200_night_1/s01333543.jpg,2,2,2,2,2,2,2,2,2,2,2,2,2,2,2,2,2,2,2,2,2,2,2,2,2,2,2,2,2,2,2,2,2,2,2,2,2,0,0,0,0,0,0,0,0,0
5,data/aihub_traffic/test/images/c_validation_1920_1200_night_1/s01333761.jpg,2,1,1,0,1,1,0,1,1,0,1,1,0,1,1,0,1,1,0,0,0,0,0,0,0,0,0,0,0,0,0,0,0,0,0,0,0,0,0,0,0,0,0,0,0,0
6,data/aihub_traffic/test/images/c_validation_1920_1200_night_1/s01333768.jpg,3,1,1,0,1,1,0,1,1,0,1,1,0,1,1,0,1,1,0,0,0,0,0,0,0,0,0,0,0,0,0,0,0,0,0,0,0,0,0,0,0,0,0,0,0,0
7,data/aihub_traffic/test/images/c_validation_1920_1200_night_1/s01333776.jpg,3,1,1,0,1,1,0,1,1,0,1,1,0,1,1,0,1,1,0,0,0,0,0,0,0,0,0,0,0,0,0,0,0,0,0,0,0,0,0,0,0,0,0,0,0,0
8,data/aihub_traffic/test/images/c_validation_1920_1200_night_1/s01341896.jpg,3,1,1,1,1,1,1,1,1,1,1,1,1,1,1,1,1,1,1,1,1,1,1,1,1,1,1,1,1,1,1,1,1,1,1,1,1,0,0,0,0,0,0,0,0,0
9,data/aihub_traffic/test/images/c_validation_1920_1200_night_1/s01379219.jpg,1,0,0,0,0,0,0,0,0,0,0,0,0,0,0,0,0,0,0,0,0,0,0,0,0,0,0,0,0,0,0,0,0,0,0,0,0,0,0,0,0,0,0,0,0,0
10,data/aihub_traffic/test/images/c_validation_1920_1200_night_1/s01379351.jpg,2,2,2,2,2,2,2,2,2,2,2,2,2,2,2,2,2,2,2,3,2,2,3,2,2,3,2,2,3,2,2,3,2,2,3,2,2,0,0,0,0,0,0,0,0,0
11,data/aihub_traffic/test/images/c_validation_1920_1200_night_1/s01379659.jpg,0,1,0,0,1,0,0,1,0,0,1,0,0,1,0,0,1,0,0,0,0,0,0,0,0,0,0,0,0,0,0,0,0,0,0,0,0,0,0,0,0,0,0,0,0,0
12,data/aihub_traffic/test/images/c_validation_1920_1200_night_1/s01379953.jpg,3,1,1,0,1,1,0,1,1,0,1,1,0,1,1,0,1,1,0,0,0,0,0,0,0,0,0,0,0,0,0,0,0,0,0,0,0,0,0,0,0,0,0,0,0,0
13,data/aihub_traffic/test/images/c_validation_1920_1200_night_1/s01380171.jpg,1,0,0,0,0,0,0,0,0,0,0,0,0,0,0,0,0,0,0,0,0,0,0,0,0,0,0,0,0,0,0,0,0,0,0,0,0,0,0,0,0,0,0,0,0,0
14,data/aihub_traffic/test/images/c_validation_1920_1200_night_1/s01380284.jpg,2,0,0,0,0,0,0,0,0,0,0,0,0,0,0,0,0,0,0,0,0,0,0,0,0,0,0,0,0,0,0,0,0,0,0,0,0,0,0,0,0,0,0,0,0,0
15,data/aihub_traffic/test/images/c_validation_1920_1200_night_1/s01380436.jpg,0,1,0,0,1,0,0,1,0,0,1,0,0,1,0,0,1,0,0,0,0,0,0,0,0,0,0,0,0,0,0,0,0,0,0,0,0,0,0,0,0,0,0,0,0,0
16,data/aihub_traffic/test/images/d_validation_1920_1080_daylight_2/13647933.jpg,4,0,0,0,0,0,0,0,0,0,0,0,0,0,0,0,0,0,0,0,0,0,0,0,0,0,0,0,0,0,0,0,0,0,0,0,0,0,0,0,0,0,0,0,0,0
17,data/aihub_traffic/test/images/d_validation_1920_1080_daylight_2/13648078.jpg,4,2,2,2,2,2,2,2,2,2,2,2,2,2,2,2,2,2,2,2,2,2,2,2,2,2,2,2,2,2,2,2,2,2,2,2,2,0,0,0,0,0,0,0,0,0
18,data/aihub_traffic/test/images/d_validation_1920_1080_daylight_2/13648087.jpg,1,0,0,0,0,0,0,0,0,0,0,0,0,0,0,0,0,0,0,0,0,0,0,0,0,0,0,0,0,0,0,0,0,0,0,0,0,0,0,0,0,0,0,0,0,0
19,data/aihub_traffic/test/images/d_validation_1920_1080_daylight_2/13649043.jpg,3,2,2,2,2,2,2,2,2,2,2,2,2,2,2,2,2,2,2,2,2,2,2,2,2,2,2,2,2,2,2,2,2,2,2,2,2,0,0,0,0,0,0,0,0,0
20,data/aihub_traffic/test/images/d_validation_1920_1080_daylight_2/13649670.jpg,2,1,1,1,1,1,1,1,1,1,1,1,1,1,1,1,1,1,1,1,1,1,1,1,1,1,1,1,1,1,1,1,1,1,1,1,1,0,0,0,0,0,0,0,0,0
21,data/aihub_traffic/test/images/d_validation_1920_1080_daylight_2/13649678.jpg,5,1,1,1,1,1,1,1,1,1,1,1,1,1,1,1,1,1,1,2,2,2,2,2,2,2,2,2,2,2,2,2,2,2,2,2,2,0,0,0,0,0,0,0,0,0
22,data/aihub_traffic/test/images/d_validation_1920_1080_daylight_2/13649684.jpg,3,2,1,1,2,1,1,2,1,1,2,1,1,2,1,1,2,1,1,2,1,1,2,1,1,2,1,1,2,1,1,2,1,1,2,1,1,0,0,0,0,0,0,0,0,0
23,data/aihub_traffic/test/images/d_validation_1920_1080_daylight_2/13649806.jpg,3,3,0,0,3,0,0,3,0,0,2,0,0,2,0,0,2,0,0,2,0,0,2,0,0,2,0,0,2,0,0,2,0,0,2,0,0,0,0,0,0,0,0,0,0,0
24,data/aihub_traffic/test/images/d_validation_1920_1080_daylight_2/13650083.jpg,8,4,3,3,4,3,3,4,3,3,4,3,3,4,3,3,4,3,3,5,3,3,5,3,3,5,3,3,5,3,3,5,3,3,5,3,3,0,0,0,0,0,0,0,0,0
25,data/aihub_traffic/test/images/d_validation_1920_1080_daylight_2/13650089.jpg,7,7,5,4,7,5,4,7,5,4,7,4,3,7,4,3,7,4,3,6,5,4,6,5,4,6,5,4,6,5,4,6,5,4,6,5,4,0,0,0,0,0,0,0,0,0
26,data/aihub_traffic/test/images/d_validation_1920_1080_daylight_2/13650099.jpg,2,0,0,0,0,0,0,0,0,0,0,0,0,0,0,0,0,0,0,0,0,0,0,0,0,0,0,0,0,0,0,0,0,0,0,0,0,0,0,0,0,0,0,0,0,0
27,data/aihub_traffic/test/images/d_validation_1920_1080_daylight_2/13650105.jpg,0,0,0,0,0,0,0,0,0,0,0,0,0,0,0,0,0,0,0,0,0,0,0,0,0,0,0,0,0,0,0,0,0,0,0,0,0,0,0,0,0,0,0,0,0,0
28,data/aihub_traffic/test/images/d_validation_1920_1080_daylight_2/13650119.jpg,0,0,0,0,0,0,0,0,0,0,0,0,0,0,0,0,0,0,0,0,0,0,0,0,0,0,0,0,0,0,0,0,0,0,0,0,0,0,0,0,0,0,0,0,0,0
29,data/aihub_traffic/test/images/d_validation_1920_1080_daylight_2/13650127.jpg,1,0,0,0,0,0,0,0,0,0,0,0,0,0,0,0,0,0,0,0,0,0,0,0,0,0,0,0,0,0,0,0,0,0,0,0,0,0,0,0,0,0,0,0,0,0
30,data/aihub_traffic/test/images/d_validation_1920_1080_daylight_2/13651322.jpg,3,3,2,2,3,2,2,3,2,2,3,2,2,3,2,2,3,2,2,3,2,2,3,2,2,3,2,2,3,2,2,3,2,2,3,2,2,0,0,0,0,0,0,0,0,0
31,data/aihub_traffic/test/images/d_validation_1920_1080_daylight_2/13651328.jpg,4,5,4,3,5,4,3,5,4,3,5,4,3,5,4,3,5,4,3,5,4,3,5,4,3,5,4,3,5,4,3,5,4,3,5,4,3,0,0,0,0,0,0,0,0,0
32,data/aihub_traffic/test/images/d_validation_1920_1080_daylight_2/13651649.jpg,13,10,9,8,10,9,8,10,9,8,10,9,8,10,9,8,10,9,8,11,9,8,11,9,8,11,9,8,11,9,8,11,9,8,11,9,8,0,0,0,0,0,0,0,0,0
33,data/aihub_traffic/test/images/d_validation_1920_1080_daylight_2/13651655.jpg,5,5,5,5,5,5,5,5,5,5,5,5,5,5,5,5,5,5,5,5,5,5,5,5,5,5,5,5,5,5,5,5,5,5,5,5,5,0,0,0,0,0,0,0,0,0
34,data/aihub_traffic/test/images/d_validation_1920_1080_daylight_2/13651661.jpg,3,4,2,1,4,2,1,4,2,1,4,2,1,4,2,1,4,2,1,4,2,1,4,2,1,4,2,1,4,2,1,4,2,1,4,2,1,0,0,0,0,0,0,0,0,0
35,data/aihub_traffic/test/images/d_validation_1920_1080_daylight_2/13651667.jpg,0,2,0,0,2,0,0,2,0,0,2,0,0,2,0,0,2,0,0,2,0,0,2,0,0,2,0,0,2,0,0,2,0,0,2,0,0,0,0,0,0,0,0,0,0,0
36,data/aihub_traffic/test/images/d_validation_1920_1080_daylight_2/13651674.jpg,1,0,0,0,0,0,0,0,0,0,0,0,0,0,0,0,0,0,0,0,0,0,0,0,0,0,0,0,0,0,0,0,0,0,0,0,0,0,0,0,0,0,0,0,0,0
37,data/aihub_traffic/test/images/d_validation_1920_1080_daylight_2/13651684.jpg,0,1,0,0,1,0,0,1,0,0,1,0,0,1,0,0,1,0,0,1,0,0,1,0,0,1,0,0,1,0,0,1,0,0,1,0,0,0,0,0,0,0,0,0,0,0
38,data/aihub_traffic/test/images/d_validation_1920_1080_daylight_2/13651691.jpg,0,0,0,0,0,0,0,0,0,0,0,0,0,0,0,0,0,0,0,0,0,0,0,0,0,0,0,0,0,0,0,0,0,0,0,0,0,0,0,0,0,0,0,0,0,0
39,data/aihub_traffic/test/images/d_validation_1920_1080_daylight_2/13651697.jpg,0,0,0,0,0,0,0,0,0,0,0,0,0,0,0,0,0,0,0,0,0,0,0,0,0,0,0,0,0,0,0,0,0,0,0,0,0,0,0,0,0,0,0,0,0,0
40,data/aihub_traffic/test/images/d_validation_1920_1080_daylight_2/13651703.jpg,0,1,0,0,1,0,0,1,0,0,1,0,0,1,0,0,1,0,0,0,0,0,0,0,0,0,0,0,0,0,0,0,0,0,0,0,0,0,0,0,0,0,0,0,0,0
41,data/aihub_traffic/test/images/d_validation_1920_1080_daylight_2/13651709.jpg,0,1,0,0,1,0,0,1,0,0,1,0,0,1,0,0,1,0,0,1,0,0,1,0,0,1,0,0,1,0,0,1,0,0,1,0,0,0,0,0,0,0,0,0,0,0
42,data/aihub_traffic/test/images/d_validation_1920_1080_daylight_2/13652312.jpg,2,1,1,1,1,1,1,1,1,1,1,1,1,1,1,1,1,1,1,1,1,1,1,1,1,1,1,1,1,1,1,1,1,1,1,1,1,0,0,0,0,0,0,0,0,0
43,data/aihub_traffic/test/images/d_validation_1920_1080_daylight_2/13652318.jpg,1,1,1,1,1,1,1,1,1,1,1,1,1,1,1,1,1,1,1,1,1,1,1,1,1,1,1,1,1,1,1,1,1,1,1,1,1,0,0,0,0,0,0,0,0,0
44,data/aihub_traffic/test/images/d_validation_1920_1080_daylight_2/13652324.jpg,2,2,2,2,2,2,2,2,2,2,2,2,2,2,2,2,2,2,2,2,2,2,2,2,2,2,2,2,2,2,2,2,2,2,2,2,2,0,0,0,0,0,0,0,0,0
45,data/aihub_traffic/test/images/d_validation_1920_1080_daylight_2/13652524.jpg,2,2,2,2,2,2,2,2,2,2,2,2,2,2,2,2,2,2,2,2,2,2,2,2,2,2,2,2,2,2,2,2,2,2,2,2,2,0,0,0,0,0,0,0,0,0
46,data/aihub_traffic/test/images/d_validation_1920_1080_daylight_2/13652958.jpg,4,4,3,2,4,3,2,4,3,2,4,3,2,4,3,2,4,3,2,4,3,2,4,3,2,4,3,2,4,3,2,4,3,2,4,3,2,0,0,0,0,0,0,0,0,0
47,data/aihub_traffic/test/images/d_validation_1920_1080_daylight_2/13653661.jpg,4,7,3,3,7,3,3,7,3,3,7,3,3,7,3,3,7,3,3,8,3,3,8,3,3,8,3,3,8,3,3,8,3,3,8,3,3,0,0,0,0,0,0,0,0,0
48,data/aihub_traffic/test/images/d_validation_1920_1080_daylight_2/13686537.jpg,2,2,2,2,2,2,2,2,2,2,2,2,2,2,2,2,2,2,2,3,2,2,3,2,2,3,2,2,3,2,2,3,2,2,3,2,2,0,0,0,0,0,0,0,0,0
49,data/aihub_traffic/test/images/d_validation_1920_1080_daylight_2/13686543.jpg,0,0,0,0,0,0,0,0,0,0,0,0,0,0,0,0,0,0,0,0,0,0,0,0,0,0,0,0,0,0,0,0,0,0,0,0,0,0,0,0,0,0,0,0,0,0
50,data/aihub_traffic/test/images/d_validation_1920_1080_daylight_2/13686549.jpg,0,0,0,0,0,0,0,0,0,0,0,0,0,0,0,0,0,0,0,0,0,0,0,0,0,0,0,0,0,0,0,0,0,0,0,0,0,0,0,0,0,0,0,0,0,0
51,data/aihub_traffic/test/images/d_validation_1920_1080_daylight_2/13686556.jpg,0,0,0,0,0,0,0,0,0,0,0,0,0,0,0,0,0,0,0,0,0,0,0,0,0,0,0,0,0,0,0,0,0,0,0,0,0,0,0,0,0,0,0,0,0,0
52,data/aihub_traffic/test/images/d_validation_1920_1080_daylight_2/13686562.jpg,0,0,0,0,0,0,0,0,0,0,0,0,0,0,0,0,0,0,0,0,0,0,0,0,0,0,0,0,0,0,0,0,0,0,0,0,0,0,0,0,0,0,0,0,0,0
53,data/aihub_traffic/test/images/d_validation_1920_1080_daylight_2/13686639.jpg,3,3,2,2,3,2,2,3,2,2,3,2,2,3,2,2,3,2,2,3,2,2,3,2,2,3,2,2,3,2,2,3,2,2,3,2,2,0,0,0,0,0,0,0,0,0
54,data/aihub_traffic/test/images/d_validation_1920_1080_daylight_2/13686645.jpg,6,4,3,3,4,3,3,4,3,2,4,3,3,4,3,3,4,3,2,5,3,3,5,3,3,5,3,3,5,3,3,5,3,3,5,3,3,0,0,0,0,0,0,0,0,0
55,data/aihub_traffic/test/images/d_validation_1920_1080_daylight_2/13686655.jpg,7,7,6,4,7,6,4,7,6,4,7,6,4,7,6,4,7,6,4,7,6,5,7,6,5,7,6,5,7,6,5,7,6,5,7,6,5,0,0,0,0,0,0,0,0,0
56,data/aihub_traffic/test/images/d_validation_1920_1080_daylight_2/13686661.jpg,3,3,3,3,3,3,3,3,3,3,3,3,3,3,3,3,3,3,3,3,3,3,3,3,3,3,3,3,3,3,3,3,3,3,3,3,3,0,0,0,0,0,0,0,0,0
57,data/aihub_traffic/test/images/d_validation_1920_1080_daylight_2/13687008.jpg,0,1,0,0,1,0,0,1,0,0,1,0,0,1,0,0,1,0,0,1,0,0,1,0,0,1,0,0,1,0,0,1,0,0,1,0,0,0,0,0,0,0,0,0,0,0
58,data/aihub_traffic/test/images/d_validation_1920_1080_daylight_2/13687015.jpg,0,0,0,0,0,0,0,0,0,0,0,0,0,0,0,0,0,0,0,1,0,0,1,0,0,1,0,0,1,0,0,1,0,0,1,0,0,0,0,0,0,0,0,0,0,0
59,data/aihub_traffic/test/images/d_validation_1920_1080_daylight_2/13687021.jpg,0,1,0,0,1,0,0,1,0,0,1,0,0,1,0,0,1,0,0,1,0,0,1,0,0,1,0,0,1,0,0,1,0,0,1,0,0,0,0,0,0,0,0,0,0,0
60,data/aihub_traffic/test/images/d_validation_1920_1080_daylight_2/13687029.jpg,0,0,0,0,0,0,0,0,0,0,0,0,0,0,0,0,0,0,0,0,0,0,0,0,0,0,0,0,0,0,0,0,0,0,0,0,0,0,0,0,0,0,0,0,0,0
61,data/aihub_traffic/test/images/d_validation_1920_1080_daylight_2/13687035.jpg,0,0,0,0,0,0,0,0,0,0,0,0,0,0,0,0,0,0,0,0,0,0,0,0,0,0,0,0,0,0,0,0,0,0,0,0,0,0,0,0,0,0,0,0,0,0
62,data/aihub_traffic/test/images/d_validation_1920_1080_daylight_2/13687171.jpg,2,0,0,0,0,0,0,0,0,0,0,0,0,0,0,0,0,0,0,0,0,0,0,0,0,0,0,0,0,0,0,0,0,0,0,0,0,0,0,0,0,0,0,0,0,0
63,data/aihub_traffic/test/images/d_validation_1920_1080_daylight_2/13687177.jpg,3,2,2,2,2,2,2,2,2,2,2,2,2,2,2,2,2,2,2,2,2,2,2,2,2,2,2,2,2,2,2,2,2,2,2,2,2,0,0,0,0,0,0,0,0,0
64,data/aihub_traffic/test/images/d_validation_1920_1080_daylight_2/13713962.jpg,0,0,0,0,0,0,0,0,0,0,0,0,0,0,0,0,0,0,0,0,0,0,0,0,0,0,0,0,0,0,0,0,0,0,0,0,0,0,0,0,0,0,0,0,0,0
65,data/aihub_traffic/test/images/d_validation_1920_1080_daylight_2/13713970.jpg,0,0,0,0,0,0,0,0,0,0,0,0,0,0,0,0,0,0,0,0,0,0,0,0,0,0,0,0,0,0,0,0,0,0,0,0,0,0,0,0,0,0,0,0,0,0
66,data/aihub_traffic/test/images/d_validation_1920_1080_daylight_2/13713976.jpg,0,0,0,0,0,0,0,0,0,0,0,0,0,0,0,0,0,0,0,0,0,0,0,0,0,0,0,0,0,0,0,0,0,0,0,0,0,0,0,0,0,0,0,0,0,0
67,data/aihub_traffic/test/images/d_validation_1920_1080_daylight_2/13713983.jpg,0,0,0,0,0,0,0,0,0,0,0,0,0,0,0,0,0,0,0,0,0,0,0,0,0,0,0,0,0,0,0,0,0,0,0,0,0,0,0,0,0,0,0,0,0,0
68,data/aihub_traffic/test/images/d_validation_1920_1080_daylight_2/13713990.jpg,0,0,0,0,0,0,0,0,0,0,0,0,0,0,0,0,0,0,0,0,0,0,0,0,0,0,0,0,0,0,0,0,0,0,0,0,0,0,0,0,0,0,0,0,0,0
69,data/aihub_traffic/test/images/d_validation_1920_1080_daylight_2/13713997.jpg,0,1,0,0,1,0,0,1,0,0,1,0,0,1,0,0,1,0,0,1,0,0,1,0,0,1,0,0,1,0,0,1,0,0,1,0,0,0,0,0,0,0,0,0,0,0
70,data/aihub_traffic/test/images/d_validation_1920_1080_daylight_2/13714003.jpg,0,0,0,0,0,0,0,0,0,0,0,0,0,0,0,0,0,0,0,0,0,0,0,0,0,0,0,0,0,0,0,0,0,0,0,0,0,0,0,0,0,0,0,0,0,0
71,data/aihub_traffic/test/images/d_validation_1920_1080_daylight_2/13714010.jpg,0,0,0,0,0,0,0,0,0,0,0,0,0,0,0,0,0,0,0,0,0,0,0,0,0,0,0,0,0,0,0,0,0,0,0,0,0,0,0,0,0,0,0,0,0,0
72,data/aihub_traffic/test/images/d_validation_1920_1080_daylight_2/13714016.jpg,0,0,0,0,0,0,0,0,0,0,0,0,0,0,0,0,0,0,0,0,0,0,0,0,0,0,0,0,0,0,0,0,0,0,0,0,0,0,0,0,0,0,0,0,0,0
73,data/aihub_traffic/test/images/d_validation_1920_1080_daylight_2/13714161.jpg,0,0,0,0,0,0,0,0,0,0,0,0,0,0,0,0,0,0,0,0,0,0,0,0,0,0,0,0,0,0,0,0,0,0,0,0,0,0,0,0,0,0,0,0,0,0
74,data/aihub_traffic/test/images/d_validation_1920_1080_daylight_2/13714167.jpg,0,0,0,0,0,0,0,0,0,0,0,0,0,0,0,0,0,0,0,0,0,0,0,0,0,0,0,0,0,0,0,0,0,0,0,0,0,0,0,0,0,0,0,0,0,0
75,data/aihub_traffic/test/images/d_validation_1920_1080_daylight_2/13714174.jpg,0,0,0,0,0,0,0,0,0,0,0,0,0,0,0,0,0,0,0,0,0,0,0,0,0,0,0,0,0,0,0,0,0,0,0,0,0,0,0,0,0,0,0,0,0,0
76,data/aihub_traffic/test/images/d_validation_1920_1080_daylight_2/13714180.jpg,0,0,0,0,0,0,0,0,0,0,0,0,0,0,0,0,0,0,0,0,0,0,0,0,0,0,0,0,0,0,0,0,0,0,0,0,0,0,0,0,0,0,0,0,0,0
77,data/aihub_traffic/test/images/d_validation_1920_1080_daylight_2/13714186.jpg,0,0,0,0,0,0,0,0,0,0,0,0,0,0,0,0,0,0,0,0,0,0,0,0,0,0,0,0,0,0,0,0,0,0,0,0,0,0,0,0,0,0,0,0,0,0
78,data/aihub_traffic/test/images/d_validation_1920_1080_daylight_2/13714782.jpg,0,0,0,0,0,0,0,0,0,0,0,0,0,0,0,0,0,0,0,0,0,0,0,0,0,0,0,0,0,0,0,0,0,0,0,0,0,0,0,0,0,0,0,0,0,0
79,data/aihub_traffic/test/images/d_validation_1920_1080_daylight_2/13728826.jpg,10,4,3,3,4,3,3,4,3,3,4,3,3,4,3,3,4,3,3,4,3,3,4,3,3,4,3,3,4,3,3,4,3,3,4,3,3,0,0,0,0,0,0,0,0,0
80,data/aihub_traffic/test/images/d_validation_1920_1080_daylight_2/13728832.jpg,11,3,3,2,3,3,2,3,3,2,3,3,2,3,3,2,3,3,2,5,3,2,5,3,2,5,3,2,5,3,2,5,3,2,5,3,2,0,0,0,0,0,0,0,0,0
81,data/aihub_traffic/test/images/d_validation_1920_1080_daylight_2/13728839.jpg,10,5,4,2,5,4,2,5,4,2,5,4,2,5,4,2,5,4,2,5,3,2,5,3,2,5,3,2,5,3,2,5,3,2,5,3,2,0,0,0,0,0,0,0,0,0
82,data/aihub_traffic/test/images/d_validation_1920_1080_daylight_2/13728983.jpg,10,3,3,2,3,3,2,3,3,2,3,3,2,3,3,2,3,3,2,4,3,2,4,3,2,4,3,2,4,3,2,4,3,2,4,3,2,0,0,0,0,0,0,0,0,0
83,data/aihub_traffic/test/images/d_validation_1920_1080_daylight_2/13728989.jpg,8,5,4,2,5,4,2,5,4,2,5,4,2,5,4,2,5,4,2,6,4,2,6,4,2,6,4,2,6,4,2,6,4,2,6,4,2,0,0,0,0,0,0,0,0,0
84,data/aihub_traffic/test/images/d_validation_1920_1080_daylight_2/13728995.jpg,10,3,3,2,3,3,2,3,3,2,3,3,2,3,3,2,3,3,2,5,3,2,5,3,2,5,3,2,5,3,2,5,3,2,5,3,2,0,0,0,0,0,0,0,0,0
85,data/aihub_traffic/test/images/d_validation_1920_1080_daylight_2/13729001.jpg,9,5,4,2,5,4,2,5,4,2,5,4,2,5,4,2,5,4,2,6,4,2,6,4,2,6,4,2,6,4,2,6,4,2,6,4,2,0,0,0,0,0,0,0,0,0
86,data/aihub_traffic/test/images/d_validation_1920_1080_daylight_2/13729008.jpg,10,4,2,2,4,2,2,4,2,2,4,2,2,4,2,2,4,2,2,4,2,2,4,2,2,4,2,2,4,2,2,4,2,2,4,2,2,0,0,0,0,0,0,0,0,0
87,data/aihub_traffic/test/images/d_validation_1920_1080_daylight_2/13729101.jpg,10,2,2,2,2,2,2,2,2,2,2,2,2,2,2,2,2,2,2,2,2,2,2,2,2,2,2,2,2,2,2,2,2,2,2,2,2,0,0,0,0,0,0,0,0,0
88,data/aihub_traffic/test/images/d_validation_1920_1080_daylight_2/13729108.jpg,5,2,2,1,2,2,1,2,2,1,2,2,2,2,2,2,2,2,2,2,2,1,2,2,1,2,2,1,2,2,1,2,2,1,2,2,1,0,0,0,0,0,0,0,0,0
89,data/aihub_traffic/test/images/d_validation_1920_1080_daylight_2/13729116.jpg,4,2,2,2,2,2,2,2,2,2,2,2,2,2,2,2,2,2,2,2,2,2,2,2,2,2,2,2,2,2,2,2,2,2,2,2,2,0,0,0,0,0,0,0,0,0
90,data/aihub_traffic/test/images/d_validation_1920_1080_daylight_2/13729122.jpg,3,0,0,0,0,0,0,0,0,0,0,0,0,0,0,0,0,0,0,0,0,0,0,0,0,0,0,0,0,0,0,0,0,0,0,0,0,0,0,0,0,0,0,0,0,0
91,data/aihub_traffic/test/images/d_validation_1920_1080_daylight_2/13729128.jpg,5,2,2,2,2,2,2,2,2,2,2,2,2,2,2,2,2,2,2,2,2,2,2,2,2,2,2,2,2,2,2,2,2,2,2,2,2,0,0,0,0,0,0,0,0,0
92,data/aihub_traffic/test/images/d_validation_1920_1080_daylight_2/13729134.jpg,4,1,1,1,1,1,1,1,1,1,1,1,1,1,1,1,1,1,1,1,1,1,1,1,1,1,1,1,1,1,1,1,1,1,1,1,1,0,0,0,0,0,0,0,0,0
93,data/aihub_traffic/test/images/d_validation_1920_1080_daylight_2/13729141.jpg,9,1,1,1,1,1,1,1,1,1,1,1,1,1,1,1,1,1,1,1,1,1,1,1,1,1,1,1,1,1,1,1,1,1,1,1,1,0,0,0,0,0,0,0,0,0
94,data/aihub_traffic/test/images/d_validation_1920_1080_daylight_2/13729147.jpg,4,0,0,0,0,0,0,0,0,0,0,0,0,0,0,0,0,0,0,0,0,0,0,0,0,0,0,0,0,0,0,0,0,0,0,0,0,0,0,0,0,0,0,0,0,0
95,data/aihub_traffic/test/images/d_validation_1920_1080_daylight_2/13774791.jpg,2,0,0,0,0,0,0,0,0,0,0,0,0,0,0,0,0,0,0,0,0,0,0,0,0,0,0,0,0,0,0,0,0,0,0,0,0,0,0,0,0,0,0,0,0,0
96,data/aihub_traffic/test/images/d_validation_1920_1080_daylight_2/13774801.jpg,1,0,0,0,0,0,0,0,0,0,0,0,0,0,0,0,0,0,0,0,0,0,0,0,0,0,0,0,0,0,0,0,0,0,0,0,0,0,0,0,0,0,0,0,0,0
97,data/aihub_traffic/test/images/d_validation_1920_1080_daylight_2/13774809.jpg,0,0,0,0,0,0,0,0,0,0,0,0,0,0,0,0,0,0,0,0,0,0,0,0,0,0,0,0,0,0,0,0,0,0,0,0,0,0,0,0,0,0,0,0,0,0
98,data/aihub_traffic/test/images/d_validation_1920_1080_daylight_2/13774815.jpg,1,1,1,1,1,1,1,1,1,1,1,1,1,1,1,1,1,1,1,1,1,1,1,1,1,1,1,1,1,1,1,1,1,1,1,1,1,0,0,0,0,0,0,0,0,0
99,data/aihub_traffic/test/images/d_validation_1920_1080_daylight_2/13774821.jpg,2,0,0,0,0,0,0,0,0,0,0,0,0,0,0,0,0,0,0,0,0,0,0,0,0,0,0,0,0,0,0,0,0,0,0,0,0,0,0,0,0,0,0,0,0,0
100,data/aihub_traffic/test/images/d_validation_1920_1080_daylight_2/13774827.jpg,5,2,1,1,2,1,1,2,1,1,2,1,1,2,1,1,2,1,1,2,1,1,2,1,1,2,1,1,2,1,1,2,1,1,2,1,1,0,0,0,0,0,0,0,0,0
101,data/aihub_traffic/test/images/d_validation_1920_1080_daylight_2/13775472.jpg,5,1,1,1,1,1,1,1,1,1,1,1,1,1,1,1,1,1,1,1,1,1,1,1,1,1,1,1,1,1,1,1,1,1,1,1,1,0,0,0,0,0,0,0,0,0
102,data/aihub_traffic/test/images/d_validation_1920_1080_daylight_2/13775478.jpg,5,1,1,1,1,1,1,1,1,1,1,1,1,1,1,1,1,1,1,1,1,1,1,1,1,1,1,1,1,1,1,1,1,1,1,1,1,0,0,0,0,0,0,0,0,0
103,data/aihub_traffic/test/images/d_validation_1920_1080_daylight_2/13775484.jpg,4,1,1,1,1,1,1,1,1,1,1,1,1,1,1,1,1,1,1,1,1,1,1,1,1,1,1,1,1,1,1,1,1,1,1,1,1,0,0,0,0,0,0,0,0,0
104,data/aihub_traffic/test/images/d_validation_1920_1080_daylight_2/13775491.jpg,4,1,1,1,1,1,1,1,1,1,1,1,1,1,1,1,1,1,1,1,1,1,1,1,1,1,1,1,1,1,1,1,1,1,1,1,1,0,0,0,0,0,0,0,0,0
105,data/aihub_traffic/test/images/d_validation_1920_1080_daylight_2/13775497.jpg,4,1,1,1,1,1,1,1,1,1,1,1,1,1,1,1,1,1,1,1,1,1,1,1,1,1,1,1,1,1,1,1,1,1,1,1,1,0,0,0,0,0,0,0,0,0
106,data/aihub_traffic/test/images/d_validation_1920_1080_daylight_2/13776817.jpg,4,1,1,1,1,1,1,1,1,1,1,1,1,1,1,1,1,1,1,1,1,1,1,1,1,1,1,1,1,1,1,1,1,1,1,1,1,0,0,0,0,0,0,0,0,0
107,data/aihub_traffic/test/images/d_validation_1920_1080_daylight_2/13776823.jpg,3,1,1,1,1,1,1,1,1,1,1,1,1,1,1,1,1,1,1,1,1,1,1,1,1,1,1,1,1,1,1,1,1,1,1,1,1,0,0,0,0,0,0,0,0,0
108,data/aihub_traffic/test/images/d_validation_1920_1080_daylight_2/13776829.jpg,3,1,1,1,1,1,1,1,1,1,1,1,1,1,1,1,1,1,1,1,1,1,1,1,1,1,1,1,1,1,1,1,1,1,1,1,1,0,0,0,0,0,0,0,0,0
109,data/aihub_traffic/test/images/d_validation_1920_1080_daylight_2/13776835.jpg,3,1,1,1,1,1,1,1,1,1,1,1,1,1,1,1,1,1,1,1,1,1,1,1,1,1,1,1,1,1,1,1,1,1,1,1,1,0,0,0,0,0,0,0,0,0
110,data/aihub_traffic/test/images/d_validation_1920_1080_daylight_2/13776841.jpg,3,2,1,1,2,1,1,2,1,1,2,1,1,2,1,1,2,1,1,2,1,1,2,1,1,2,1,1,2,1,1,2,1,1,2,1,1,0,0,0,0,0,0,0,0,0
111,data/aihub_traffic/test/images/d_validation_1920_1080_daylight_2/13806322.jpg,3,0,0,0,0,0,0,0,0,0,0,0,0,0,0,0,0,0,0,0,0,0,0,0,0,0,0,0,0,0,0,0,0,0,0,0,0,0,0,0,0,0,0,0,0,0
112,data/aihub_traffic/test/images/d_validation_1920_1080_daylight_2/13806328.jpg,3,0,0,0,0,0,0,0,0,0,0,0,0,0,0,0,0,0,0,0,0,0,0,0,0,0,0,0,0,0,0,0,0,0,0,0,0,0,0,0,0,0,0,0,0,0
113,data/aihub_traffic/test/images/d_validation_1920_1080_daylight_2/13806336.jpg,5,4,4,4,4,4,4,4,4,4,4,4,4,4,4,4,4,4,4,5,5,4,5,5,4,5,5,4,5,5,4,5,5,4,5,5,4,0,0,0,0,0,0,0,0,0
114,data/aihub_traffic/test/images/d_validation_1920_1080_daylight_2/13806347.jpg,4,5,3,2,5,3,2,5,3,2,5,3,2,5,3,2,5,3,2,5,3,2,5,3,2,5,3,2,5,3,2,5,3,2,5,3,2,0,0,0,0,0,0,0,0,0
115,data/aihub_traffic/test/images/d_validation_1920_1080_daylight_2/13806353.jpg,4,3,3,3,3,3,3,3,3,3,3,3,3,3,3,3,3,3,3,4,3,3,4,3,3,4,3,3,4,3,3,4,3,3,4,3,3,0,0,0,0,0,0,0,0,0
116,data/aihub_traffic/test/images/d_validation_1920_1080_daylight_2/13806359.jpg,4,4,4,1,4,4,1,4,4,1,4,4,1,4,4,1,4,4,1,4,4,3,4,4,3,4,4,3,4,4,2,4,4,2,4,4,2,0,0,0,0,0,0,0,0,0
117,data/aihub_traffic/test/images/d_validation_1920_1080_daylight_2/13806366.jpg,3,2,2,2,2,2,2,2,2,2,2,2,2,2,2,2,2,2,2,2,2,2,2,2,2,2,2,2,2,2,2,2,2,2,2,2,2,0,0,0,0,0,0,0,0,0
118,data/aihub_traffic/test/images/d_validation_1920_1080_daylight_2/13806372.jpg,3,1,1,1,1,1,1,1,1,1,1,1,1,1,1,1,1,1,1,1,1,1,1,1,1,1,1,1,1,1,1,1,1,1,1,1,1,0,0,0,0,0,0,0,0,0
119,data/aihub_traffic/test/images/d_validation_1920_1080_daylight_2/13806444.jpg,7,5,4,4,5,4,4,5,4,4,5,4,4,5,4,4,5,4,4,4,3,3,4,3,3,4,3,3,4,3,3,4,3,3,4,3,3,0,0,0,0,0,0,0,0,0
120,data/aihub_traffic/test/images/d_validation_1920_1080_daylight_2/13806451.jpg,3,3,3,3,3,3,3,3,3,3,3,3,3,3,3,3,3,3,3,3,3,3,3,3,3,3,3,3,3,3,3,3,3,3,3,3,3,0,0,0,0,0,0,0,0,0
121,data/aihub_traffic/test/images/d_validation_1920_1080_daylight_2/13806458.jpg,1,1,1,1,1,1,1,1,1,1,1,1,1,1,1,1,1,1,1,1,1,1,1,1,1,1,1,1,1,1,1,1,1,1,1,1,1,0,0,0,0,0,0,0,0,0
122,data/aihub_traffic/test/images/d_validation_1920_1080_daylight_2/13806465.jpg,3,2,0,0,2,0,0,2,0,0,2,0,0,2,0,0,2,0,0,1,0,0,1,0,0,1,0,0,1,0,0,1,0,0,1,0,0,0,0,0,0,0,0,0,0,0
123,data/aihub_traffic/test/images/d_validation_1920_1080_daylight_2/13806479.jpg,4,4,4,3,4,4,3,4,4,3,4,4,3,4,4,3,4,4,3,4,3,2,4,3,2,4,3,2,4,3,2,4,3,2,4,3,2,0,0,0,0,0,0,0,0,0
124,data/aihub_traffic/test/images/d_validation_1920_1080_daylight_2/13806485.jpg,5,4,3,2,4,3,2,4,3,2,4,3,2,4,3,2,4,3,2,3,3,2,3,3,2,3,3,2,3,3,2,3,3,2,3,3,2,0,0,0,0,0,0,0,0,0
125,data/aihub_traffic/test/images/d_validation_1920_1080_daylight_2/13806492.jpg,5,5,4,2,5,4,2,5,4,2,5,4,2,5,4,2,5,4,2,5,4,2,5,4,2,5,4,2,5,4,2,5,4,2,5,4,2,0,0,0,0,0,0,0,0,0
126,data/aihub_traffic/test/images/d_validation_1920_1080_daylight_2/13812664.jpg,7,5,5,5,5,5,5,5,5,5,5,5,5,5,5,5,5,5,5,5,5,5,5,5,5,5,5,5,5,5,5,5,5,5,5,5,5,0,0,0,0,0,0,0,0,0
127,data/aihub_traffic/test/images/d_validation_1920_1080_daylight_2/13812670.jpg,6,5,5,5,5,5,5,5,5,5,5,5,5,5,5,5,5,5,5,4,4,4,4,4,4,4,4,4,4,4,4,4,4,4,4,4,4,0,0,0,0,0,0,0,0,0
128,data/aihub_traffic/test/images/d_validation_1920_1080_daylight_2/13812742.jpg,12,7,6,4,7,6,4,7,6,4,7,6,4,7,6,4,7,6,4,8,6,4,8,6,4,8,6,4,8,6,4,8,6,4,8,6,4,0,0,0,0,0,0,0,0,0
129,data/aihub_traffic/test/images/d_validation_1920_1080_daylight_2/13812749.jpg,5,5,3,2,5,3,2,5,3,2,5,3,2,5,3,2,5,3,2,4,2,2,4,2,2,4,2,2,4,2,2,4,2,2,4,2,2,0,0,0,0,0,0,0,0,0
130,data/aihub_traffic/test/images/d_validation_1920_1080_daylight_2/13812755.jpg,4,4,4,2,4,4,2,4,4,2,4,4,2,4,4,2,4,4,2,4,4,2,4,4,2,4,4,2,4,4,2,4,4,2,4,4,2,0,0,0,0,0,0,0,0,0
131,data/aihub_traffic/test/images/d_validation_1920_1080_daylight_2/13812761.jpg,2,1,1,1,1,1,1,1,1,1,1,1,1,1,1,1,1,1,1,1,1,1,1,1,1,1,1,1,1,1,1,1,1,1,1,1,1,0,0,0,0,0,0,0,0,0
132,data/aihub_traffic/test/images/d_validation_1920_1080_daylight_2/13812767.jpg,1,2,1,1,2,1,1,2,1,1,2,1,1,2,1,1,2,1,1,2,1,1,2,1,1,2,1,1,2,1,1,2,1,1,2,1,1,0,0,0,0,0,0,0,0,0
133,data/aihub_traffic/test/images/d_validation_1920_1080_daylight_2/13812833.jpg,1,3,1,1,3,1,1,3,1,1,3,1,1,3,1,1,3,1,1,3,1,1,3,1,1,3,1,1,3,1,1,3,1,1,3,1,1,0,0,0,0,0,0,0,0,0
134,data/aihub_traffic/test/images/d_validation_1920_1080_daylight_2/13812839.jpg,4,2,2,2,2,2,2,2,2,2,2,2,2,2,2,2,2,2,2,2,2,1,2,2,1,2,2,1,2,2,1,2,2,1,2,2,1,0,0,0,0,0,0,0,0,0
135,data/aihub_traffic/test/images/d_validation_1920_1080_daylight_2/13812845.jpg,1,1,0,0,1,0,0,1,0,0,1,0,0,1,0,0,1,0,0,1,0,0,1,0,0,1,0,0,1,0,0,1,0,0,1,0,0,0,0,0,0,0,0,0,0,0
136,data/aihub_traffic/test/images/d_validation_1920_1080_daylight_2/13812852.jpg,7,4,3,3,4,3,3,4,3,3,4,3,3,4,3,3,4,3,3,4,3,3,4,3,3,4,3,3,4,3,3,4,3,3,4,3,3,0,0,0,0,0,0,0,0,0
137,data/aihub_traffic/test/images/d_validation_1920_1080_daylight_2/13812859.jpg,9,4,2,2,4,2,2,4,2,2,3,2,2,3,2,2,3,2,2,3,2,2,3,2,2,3,2,2,3,2,2,3,2,2,3,2,2,0,0,0,0,0,0,0,0,0
138,data/aihub_traffic/test/images/d_validation_1920_1080_daylight_2/13812898.jpg,6,6,5,5,6,5,5,6,5,5,6,5,5,6,5,5,6,5,5,6,5,5,6,5,5,6,5,5,6,5,5,6,5,5,6,5,5,0,0,0,0,0,0,0,0,0
139,data/aihub_traffic/test/images/d_validation_1920_1080_daylight_2/13812904.jpg,6,4,4,4,4,4,4,4,4,4,4,4,4,4,4,4,4,4,4,4,4,4,4,4,4,4,4,4,4,4,4,4,4,4,4,4,4,0,0,0,0,0,0,0,0,0
140,data/aihub_traffic/test/images/d_validation_1920_1080_daylight_2/13812910.jpg,4,4,3,2,4,3,2,4,3,2,4,3,2,4,3,2,4,3,2,4,3,2,4,3,2,4,3,2,4,3,2,4,3,2,4,3,2,0,0,0,0,0,0,0,0,0
141,data/aihub_traffic/test/images/d_validation_1920_1080_daylight_2/13812916.jpg,3,3,2,1,3,2,1,3,2,1,3,2,1,3,2,1,3,2,1,2,2,1,2,2,1,2,2,1,2,2,1,2,2,1,2,2,1,0,0,0,0,0,0,0,0,0
142,data/aihub_traffic/test/images/d_validation_1920_1080_daylight_2/13823814.jpg,5,5,4,4,5,4,4,5,4,4,5,4,4,5,4,4,5,4,4,5,4,4,5,4,4,5,4,4,5,4,4,5,4,4,5,4,4,0,0,0,0,0,0,0,0,0
143,data/aihub_traffic/test/images/d_validation_1920_1080_daylight_2/13823826.jpg,7,7,5,5,7,5,5,7,5,5,7,5,5,7,5,5,7,5,5,7,5,5,7,5,5,7,5,5,7,5,5,7,5,5,7,5,5,0,0,0,0,0,0,0,0,0
144,data/aihub_traffic/test/images/d_validation_1920_1080_daylight_2/13823840.jpg,2,3,1,0,3,1,0,3,1,0,3,1,0,3,1,0,3,1,0,2,1,1,2,1,1,2,1,1,2,1,1,2,1,1,2,1,1,0,0,0,0,0,0,0,0,0
145,data/aihub_traffic/test/images/d_validation_1920_1080_daylight_2/13823846.jpg,3,4,3,3,4,3,3,4,3,3,4,3,3,4,3,3,4,3,3,4,3,3,4,3,3,4,3,3,4,3,3,4,3,3,4,3,3,0,0,0,0,0,0,0,0,0
146,data/aihub_traffic/test/images/d_validation_1920_1080_daylight_2/13823853.jpg,11,8,8,8,8,8,8,8,8,8,8,8,8,8,8,8,8,8,8,8,8,7,8,8,7,8,8,7,8,8,7,8,8,7,8,8,7,0,0,0,0,0,0,0,0,0
147,data/aihub_traffic/test/images/d_validation_1920_1080_daylight_2/13823861.jpg,10,8,8,7,8,8,7,8,8,7,8,8,7,8,8,7,8,8,7,8,8,7,8,8,7,8,8,7,8,8,7,8,8,7,8,8,7,0,0,0,0,0,0,0,0,0
148,data/aihub_traffic/test/images/d_validation_1920_1080_daylight_2/13824220.jpg,13,9,8,5,9,8,5,9,8,5,9,8,5,9,8,5,9,8,5,9,7,5,9,7,5,9,7,5,9,7,5,9,7,5,9,7,5,0,0,0,0,0,0,0,0,0
149,data/aihub_traffic/test/images/d_validation_1920_1080_daylight_2/13824226.jpg,11,9,8,8,9,8,8,9,8,8,9,8,8,9,8,8,9,8,8,9,7,7,9,7,7,9,7,7,9,7,7,9,7,7,9,7,7,0,0,0,0,0,0,0,0,0
150,data/aihub_traffic/test/images/d_validation_1920_1080_daylight_2/13824232.jpg,10,9,8,8,9,8,8,9,8,8,9,8,8,9,8,8,9,8,8,9,8,8,9,8,8,9,8,8,9,8,8,9,8,8,9,8,8,0,0,0,0,0,0,0,0,0
151,data/aihub_traffic/test/images/d_validation_1920_1080_daylight_2/13824238.jpg,12,9,8,8,9,8,8,9,8,8,9,8,8,9,8,8,9,8,8,8,8,8,8,8,8,8,8,8,8,8,8,8,8,8,8,8,8,0,0,0,0,0,0,0,0,0
152,data/aihub_traffic/test/images/d_validation_1920_1080_daylight_2/13824244.jpg,11,6,5,2,6,5,2,6,5,2,6,5,2,6,5,2,6,5,2,6,6,3,6,6,3,6,6,3,6,6,3,6,6,3,6,6,3,0,0,0,0,0,0,0,0,0
153,data/aihub_traffic/test/images/d_validation_1920_1080_daylight_2/13824483.jpg,11,9,9,8,9,9,8,9,9,8,9,9,8,9,9,8,9,9,8,8,8,8,8,8,8,8,8,8,8,8,8,8,8,8,8,8,8,0,0,0,0,0,0,0,0,0
154,data/aihub_traffic/test/images/d_validation_1920_1080_daylight_2/13824489.jpg,11,9,9,8,9,9,8,9,9,8,9,9,8,9,9,8,9,9,8,9,9,8,9,9,8,9,9,8,9,9,8,9,9,8,9,9,8,0,0,0,0,0,0,0,0,0
155,data/aihub_traffic/test/images/d_validation_1920_1080_daylight_2/13824495.jpg,11,8,8,8,8,8,8,8,8,8,8,8,8,8,8,8,8,8,8,8,8,8,8,8,8,8,8,8,8,8,8,8,8,8,8,8,8,0,0,0,0,0,0,0,0,0
156,data/aihub_traffic/test/images/d_validation_1920_1080_daylight_2/13824502.jpg,11,8,7,7,8,7,7,8,7,7,8,7,7,8,7,7,8,7,7,8,8,7,8,8,7,8,8,7,7,7,7,7,7,7,7,7,7,0,0,0,0,0,0,0,0,0
157,data/aihub_traffic/test/images/d_validation_1920_1080_daylight_2/13824508.jpg,6,7,5,4,7,5,4,7,5,4,7,5,4,7,5,4,7,5,4,7,5,4,7,5,4,7,5,4,7,5,4,7,5,4,7,5,4,0,0,0,0,0,0,0,0,0
158,data/aihub_traffic/test/images/d_validation_1920_1080_daylight_2/13847715.jpg,0,0,0,0,0,0,0,0,0,0,0,0,0,0,0,0,0,0,0,0,0,0,0,0,0,0,0,0,0,0,0,0,0,0,0,0,0,0,0,0,0,0,0,0,0,0
159,data/aihub_traffic/test/images/d_validation_1920_1080_daylight_2/13847721.jpg,3,2,2,0,2,2,0,2,2,0,2,2,0,2,2,0,2,2,0,2,2,0,2,2,0,2,2,0,2,2,0,2,2,0,2,2,0,0,0,0,0,0,0,0,0,0
160,data/aihub_traffic/test/images/d_validation_1920_1080_daylight_2/13847727.jpg,0,0,0,0,0,0,0,0,0,0,0,0,0,0,0,0,0,0,0,0,0,0,0,0,0,0,0,0,0,0,0,0,0,0,0,0,0,0,0,0,0,0,0,0,0,0
161,data/aihub_traffic/test/images/d_validation_1920_1080_daylight_2/13847733.jpg,0,0,0,0,0,0,0,0,0,0,0,0,0,0,0,0,0,0,0,0,0,0,0,0,0,0,0,0,0,0,0,0,0,0,0,0,0,0,0,0,0,0,0,0,0,0
162,data/aihub_traffic/test/images/d_validation_1920_1080_daylight_2/13847739.jpg,3,3,3,0,3,3,0,3,3,0,3,3,0,3,3,0,3,3,0,3,3,0,3,3,0,3,3,0,3,3,0,3,3,0,3,3,0,0,0,0,0,0,0,0,0,0
163,data/aihub_traffic/test/images/d_validation_1920_1080_daylight_2/13847746.jpg,0,0,0,0,0,0,0,0,0,0,0,0,0,0,0,0,0,0,0,0,0,0,0,0,0,0,0,0,0,0,0,0,0,0,0,0,0,0,0,0,0,0,0,0,0,0
164,data/aihub_traffic/test/images/d_validation_1920_1080_daylight_2/13847752.jpg,5,2,1,0,2,1,0,2,1,0,2,1,0,2,1,0,2,1,0,2,1,0,2,1,0,2,1,0,2,1,0,2,1,0,2,1,0,0,0,0,0,0,0,0,0,0
165,data/aihub_traffic/test/images/d_validation_1920_1080_daylight_2/13847758.jpg,0,0,0,0,0,0,0,0,0,0,0,0,0,0,0,0,0,0,0,0,0,0,0,0,0,0,0,0,0,0,0,0,0,0,0,0,0,0,0,0,0,0,0,0,0,0
166,data/aihub_traffic/test/images/d_validation_1920_1080_daylight_2/13847764.jpg,0,0,0,0,0,0,0,0,0,0,0,0,0,0,0,0,0,0,0,0,0,0,0,0,0,0,0,0,0,0,0,0,0,0,0,0,0,0,0,0,0,0,0,0,0,0
167,data/aihub_traffic/test/images/d_validation_1920_1080_daylight_2/13847770.jpg,0,0,0,0,0,0,0,0,0,0,0,0,0,0,0,0,0,0,0,1,0,0,1,0,0,1,0,0,1,0,0,1,0,0,1,0,0,0,0,0,0,0,0,0,0,0
168,data/aihub_traffic/test/images/d_validation_1920_1080_daylight_2/13848055.jpg,0,0,0,0,0,0,0,0,0,0,0,0,0,0,0,0,0,0,0,0,0,0,0,0,0,0,0,0,0,0,0,0,0,0,0,0,0,0,0,0,0,0,0,0,0,0
169,data/aihub_traffic/test/images/d_validation_1920_1080_daylight_2/13848061.jpg,0,2,0,0,2,0,0,2,0,0,2,0,0,2,0,0,2,0,0,1,0,0,1,0,0,1,0,0,1,0,0,1,0,0,1,0,0,0,0,0,0,0,0,0,0,0
170,data/aihub_traffic/test/images/d_validation_1920_1080_daylight_2/13848068.jpg,0,0,0,0,0,0,0,0,0,0,0,0,0,0,0,0,0,0,0,0,0,0,0,0,0,0,0,0,0,0,0,0,0,0,0,0,0,0,0,0,0,0,0,0,0,0
171,data/aihub_traffic/test/images/d_validation_1920_1080_daylight_2/13848074.jpg,5,3,2,0,3,2,0,3,2,0,3,2,0,3,2,0,3,2,0,3,2,0,3,2,0,3,2,0,3,2,0,3,2,0,3,2,0,0,0,0,0,0,0,0,0,0
172,data/aihub_traffic/test/images/d_validation_1920_1080_daylight_2/13848080.jpg,0,0,0,0,0,0,0,0,0,0,0,0,0,0,0,0,0,0,0,0,0,0,0,0,0,0,0,0,0,0,0,0,0,0,0,0,0,0,0,0,0,0,0,0,0,0
173,data/aihub_traffic/test/images/d_validation_1920_1080_daylight_2/13848086.jpg,3,0,0,0,0,0,0,0,0,0,0,0,0,0,0,0,0,0,0,0,0,0,0,0,0,0,0,0,0,0,0,0,0,0,0,0,0,0,0,0,0,0,0,0,0,0
174,data/aihub_traffic/test/images/d_validation_1920_1080_daylight_2/13848144.jpg,0,0,0,0,0,0,0,0,0,0,0,0,0,0,0,0,0,0,0,0,0,0,0,0,0,0,0,0,0,0,0,0,0,0,0,0,0,0,0,0,0,0,0,0,0,0
175,data/aihub_traffic/test/images/d_validation_1920_1080_daylight_2/13852795.jpg,3,2,0,0,2,0,0,2,0,0,2,0,0,2,0,0,2,0,0,2,0,0,2,0,0,2,0,0,2,0,0,2,0,0,2,0,0,0,0,0,0,0,0,0,0,0
176,data/aihub_traffic/test/images/d_validation_1920_1080_daylight_2/13852801.jpg,2,2,1,1,2,1,1,2,1,1,2,1,1,2,1,1,2,1,1,2,1,1,2,1,1,2,1,1,2,1,1,2,1,1,2,1,1,0,0,0,0,0,0,0,0,0
177,data/aihub_traffic/test/images/d_validation_1920_1080_daylight_2/13852808.jpg,5,1,1,1,1,1,1,1,1,1,1,1,1,1,1,1,1,1,1,1,1,1,1,1,1,1,1,1,1,1,1,1,1,1,1,1,1,0,0,0,0,0,0,0,0,0
178,data/aihub_traffic/test/images/d_validation_1920_1080_daylight_2/13852814.jpg,4,1,0,0,1,0,0,1,0,0,1,0,0,1,0,0,1,0,0,2,1,1,2,1,1,2,1,1,2,1,1,2,1,1,2,1,1,0,0,0,0,0,0,0,0,0
179,data/aihub_traffic/test/images/d_validation_1920_1080_daylight_2/13852830.jpg,3,4,3,1,4,3,1,4,3,1,4,3,1,4,3,1,4,3,1,4,3,1,4,3,1,4,3,1,4,3,1,4,3,1,4,3,1,0,0,0,0,0,0,0,0,0
180,data/aihub_traffic/test/images/d_validation_1920_1080_daylight_2/13852836.jpg,3,1,0,0,1,0,0,1,0,0,1,0,0,1,0,0,1,0,0,2,1,1,2,1,1,2,1,1,2,1,1,2,1,1,2,1,1,0,0,0,0,0,0,0,0,0
181,data/aihub_traffic/test/images/d_validation_1920_1080_daylight_2/13852842.jpg,4,2,2,2,2,2,2,2,2,2,2,2,2,2,2,2,2,2,2,2,2,2,2,2,2,2,2,2,2,2,2,2,2,2,2,2,2,0,0,0,0,0,0,0,0,0
182,data/aihub_traffic/test/images/d_validation_1920_1080_daylight_2/13852989.jpg,2,2,2,1,2,2,1,2,2,1,2,2,2,2,2,2,2,2,2,2,2,2,2,2,2,2,2,2,2,2,2,2,2,2,2,2,2,0,0,0,0,0,0,0,0,0
183,data/aihub_traffic/test/images/d_validation_1920_1080_daylight_2/13852995.jpg,3,1,1,0,1,1,0,1,1,0,1,1,0,1,1,0,1,1,0,1,1,0,1,1,0,1,1,0,1,1,0,1,1,0,1,1,0,0,0,0,0,0,0,0,0,0
184,data/aihub_traffic/test/images/d_validation_1920_1080_daylight_2/13853001.jpg,2,2,2,2,2,2,2,2,2,2,2,2,2,2,2,2,2,2,2,2,2,2,2,2,2,2,2,2,2,2,2,2,2,2,2,2,2,0,0,0,0,0,0,0,0,0
185,data/aihub_traffic/test/images/d_validation_1920_1080_daylight_2/13853007.jpg,5,1,1,1,1,1,1,1,1,1,1,1,1,1,1,1,1,1,1,1,1,1,1,1,1,1,1,1,1,1,1,1,1,1,1,1,1,0,0,0,0,0,0,0,0,0
186,data/aihub_traffic/test/images/d_validation_1920_1080_daylight_2/13853013.jpg,5,1,1,1,1,1,1,1,1,1,1,1,1,1,1,1,1,1,1,1,1,1,1,1,1,1,1,1,1,1,1,1,1,1,1,1,1,0,0,0,0,0,0,0,0,0
187,data/aihub_traffic/test/images/d_validation_1920_1080_daylight_2/13853140.jpg,10,8,5,4,8,5,4,8,5,4,8,5,4,8,5,4,8,5,4,7,6,3,7,6,3,7,6,3,7,6,3,7,6,3,7,6,3,0,0,0,0,0,0,0,0,0
188,data/aihub_traffic/test/images/d_validation_1920_1080_daylight_2/13853147.jpg,1,0,0,0,0,0,0,0,0,0,0,0,0,0,0,0,0,0,0,0,0,0,0,0,0,0,0,0,0,0,0,0,0,0,0,0,0,0,0,0,0,0,0,0,0,0
189,data/aihub_traffic/test/images/d_validation_1920_1080_daylight_2/13853153.jpg,1,1,1,1,1,1,1,1,1,1,1,1,1,1,1,1,1,1,1,1,1,1,1,1,1,1,1,1,1,1,1,1,1,1,1,1,1,0,0,0,0,0,0,0,0,0
190,data/aihub_traffic/test/images/d_validation_1920_1080_daylight_2/13853161.jpg,5,4,4,3,4,4,3,4,4,3,4,4,3,4,4,3,4,4,3,4,4,3,4,4,3,4,4,3,4,4,3,4,4,3,4,4,3,0,0,0,0,0,0,0,0,0
191,data/aihub_traffic/test/images/d_validation_1920_1080_daylight_2/13862812.jpg,0,1,0,0,1,0,0,1,0,0,1,0,0,1,0,0,1,0,0,1,0,0,1,0,0,1,0,0,1,0,0,1,0,0,1,0,0,0,0,0,0,0,0,0,0,0
192,data/aihub_traffic/test/images/d_validation_1920_1080_daylight_2/13862873.jpg,3,1,1,1,1,1,1,1,1,1,1,1,1,1,1,1,1,1,1,1,1,1,1,1,1,1,1,1,1,1,1,1,1,1,1,1,1,0,0,0,0,0,0,0,0,0
193,data/aihub_traffic/test/images/d_validation_1920_1080_daylight_2/13862880.jpg,1,1,1,1,1,1,1,1,1,1,1,1,1,1,1,1,1,1,1,1,1,1,1,1,1,1,1,1,1,1,1,1,1,1,1,1,1,0,0,0,0,0,0,0,0,0
194,data/aihub_traffic/test/images/d_validation_1920_1080_daylight_2/13862886.jpg,3,1,0,0,1,0,0,1,0,0,1,0,0,1,0,0,1,0,0,1,0,0,1,0,0,1,0,0,1,0,0,1,0,0,1,0,0,0,0,0,0,0,0,0,0,0
195,data/aihub_traffic/test/images/d_validation_1920_1080_daylight_2/13862892.jpg,0,1,0,0,1,0,0,1,0,0,1,0,0,1,0,0,1,0,0,1,0,0,1,0,0,1,0,0,1,0,0,1,0,0,1,0,0,0,0,0,0,0,0,0,0,0
196,data/aihub_traffic/test/images/d_validation_1920_1080_daylight_2/13862926.jpg,2,1,1,1,1,1,1,1,1,1,1,1,1,1,1,1,1,1,1,1,1,1,1,1,1,1,1,1,1,1,1,1,1,1,1,1,1,0,0,0,0,0,0,0,0,0
197,data/aihub_traffic/test/images/d_validation_1920_1080_daylight_2/13862932.jpg,2,2,1,1,2,1,1,2,1,1,2,1,1,2,1,1,2,1,1,1,1,1,1,1,1,1,1,1,1,1,1,1,1,1,1,1,1,0,0,0,0,0,0,0,0,0
198,data/aihub_traffic/test/images/d_validation_1920_1080_daylight_2/13862938.jpg,1,2,1,1,2,1,1,2,1,1,2,1,1,2,1,1,2,1,1,2,1,1,2,1,1,2,1,1,2,1,1,2,1,1,2,1,1,0,0,0,0,0,0,0,0,0
199,data/aihub_traffic/test/images/d_validation_1920_1080_daylight_2/13862944.jpg,2,2,2,2,2,2,2,2,2,2,2,2,2,2,2,2,2,2,2,2,2,2,2,2,2,2,2,2,2,2,2,2,2,2,2,2,2,0,0,0,0,0,0,0,0,0
200,data/aihub_traffic/test/images/d_validation_1920_1080_daylight_2/13862950.jpg,4,6,3,3,6,3,3,6,3,3,6,3,3,6,3,3,6,3,3,5,3,3,5,3,3,5,3,3,5,3,3,5,3,3,5,3,3,0,0,0,0,0,0,0,0,0
201,data/aihub_traffic/test/images/d_validation_1920_1080_daylight_2/13862958.jpg,1,2,1,1,2,1,1,2,1,1,2,1,1,2,1,1,2,1,1,2,1,1,2,1,1,2,1,1,2,1,1,2,1,1,2,1,1,0,0,0,0,0,0,0,0,0
202,data/aihub_traffic/test/images/d_validation_1920_1080_daylight_2/13862964.jpg,6,5,4,2,5,4,2,5,4,2,5,4,2,5,4,2,5,4,2,5,4,2,5,4,2,5,4,2,5,4,2,5,4,2,5,4,2,0,0,0,0,0,0,0,0,0
203,data/aihub_traffic/test/images/d_validation_1920_1080_daylight_2/13862970.jpg,1,1,1,0,1,1,0,1,1,0,1,1,0,1,1,0,1,1,0,1,1,0,1,1,0,1,1,0,1,1,0,1,1,0,1,1,0,0,0,0,0,0,0,0,0,0
204,data/aihub_traffic/test/images/d_validation_1920_1080_daylight_2/13862976.jpg,0,0,0,0,0,0,0,0,0,0,0,0,0,0,0,0,0,0,0,0,0,0,0,0,0,0,0,0,0,0,0,0,0,0,0,0,0,0,0,0,0,0,0,0,0,0
205,data/aihub_traffic/test/images/d_validation_1920_1080_daylight_2/13862982.jpg,6,3,2,2,3,2,2,3,2,2,3,2,2,3,2,2,3,2,1,3,2,2,3,2,2,3,2,2,3,2,2,3,2,2,3,2,2,0,0,0,0,0,0,0,0,0
206,data/aihub_traffic/test/images/d_validation_1920_1080_daylight_2/13862989.jpg,0,0,0,0,0,0,0,0,0,0,0,0,0,0,0,0,0,0,0,0,0,0,0,0,0,0,0,0,0,0,0,0,0,0,0,0,0,0,0,0,0,0,0,0,0,0
207,data/aihub_traffic/test/images/d_validation_1920_1080_daylight_2/13875518.jpg,1,2,0,0,2,0,0,2,0,0,2,0,0,2,0,0,2,0,0,2,0,0,2,0,0,2,0,0,2,0,0,2,0,0,2,0,0,0,0,0,0,0,0,0,0,0
208,data/aihub_traffic/test/images/d_validation_1920_1080_daylight_2/13875973.jpg,0,0,0,0,0,0,0,0,0,0,0,0,0,0,0,0,0,0,0,0,0,0,0,0,0,0,0,0,0,0,0,0,0,0,0,0,0,0,0,0,0,0,0,0,0,0
209,data/aihub_traffic/test/images/d_validation_1920_1080_daylight_2/13875979.jpg,5,2,0,0,2,0,0,2,0,0,2,0,0,2,0,0,2,0,0,2,0,0,2,0,0,2,0,0,2,0,0,2,0,0,2,0,0,0,0,0,0,0,0,0,0,0
210,data/aihub_traffic/test/images/d_validation_1920_1080_daylight_2/13875985.jpg,5,5,3,3,5,3,3,5,3,3,5,3,3,5,3,3,5,3,3,5,3,3,5,3,3,5,3,3,5,3,3,5,3,3,5,3,3,0,0,0,0,0,0,0,0,0
211,data/aihub_traffic/test/images/d_validation_1920_1080_daylight_2/13875991.jpg,3,6,2,2,6,2,2,6,2,2,6,2,2,6,2,2,6,2,2,6,2,2,6,2,2,6,2,2,6,2,2,6,2,2,6,2,2,0,0,0,0,0,0,0,0,0
212,data/aihub_traffic/test/images/d_validation_1920_1080_daylight_2/13875997.jpg,5,5,3,3,5,3,3,5,3,3,5,3,3,5,3,3,5,3,3,5,3,3,5,3,3,5,3,3,5,3,3,5,3,3,5,3,3,0,0,0,0,0,0,0,0,0
213,data/aihub_traffic/test/images/d_validation_1920_1080_daylight_2/13876003.jpg,4,6,4,4,6,4,4,6,4,4,6,4,4,6,4,4,6,4,4,6,4,4,6,4,4,6,4,4,6,4,4,6,4,4,6,4,4,0,0,0,0,0,0,0,0,0
214,data/aihub_traffic/test/images/d_validation_1920_1080_daylight_2/13876009.jpg,1,1,0,0,1,0,0,1,0,0,1,0,0,1,0,0,1,0,0,1,0,0,1,0,0,1,0,0,1,0,0,1,0,0,1,0,0,0,0,0,0,0,0,0,0,0
215,data/aihub_traffic/test/images/d_validation_1920_1080_daylight_2/13876016.jpg,2,2,2,2,2,2,2,2,2,2,2,2,2,2,2,2,2,2,2,2,2,2,2,2,2,2,2,2,2,2,2,2,2,2,2,2,2,0,0,0,0,0,0,0,0,0
216,data/aihub_traffic/test/images/d_validation_1920_1080_daylight_2/13876023.jpg,5,2,2,2,2,2,2,2,2,2,2,2,2,2,2,2,2,2,2,2,2,2,2,2,2,2,2,2,2,2,2,2,2,2,2,2,2,0,0,0,0,0,0,0,0,0
217,data/aihub_traffic/test/images/d_validation_1920_1080_daylight_2/13876030.jpg,1,0,0,0,0,0,0,0,0,0,0,0,0,0,0,0,0,0,0,0,0,0,0,0,0,0,0,0,0,0,0,0,0,0,0,0,0,0,0,0,0,0,0,0,0,0
218,data/aihub_traffic/test/images/d_validation_1920_1080_daylight_2/13876248.jpg,1,0,0,0,0,0,0,0,0,0,0,0,0,0,0,0,0,0,0,0,0,0,0,0,0,0,0,0,0,0,0,0,0,0,0,0,0,0,0,0,0,0,0,0,0,0
219,data/aihub_traffic/test/images/d_validation_1920_1080_daylight_2/13876255.jpg,3,1,0,0,1,0,0,1,0,0,1,0,0,1,0,0,1,0,0,1,0,0,1,0,0,1,0,0,1,0,0,1,0,0,1,0,0,0,0,0,0,0,0,0,0,0
220,data/aihub_traffic/test/images/d_validation_1920_1080_daylight_2/13876262.jpg,2,0,0,0,0,0,0,0,0,0,0,0,0,0,0,0,0,0,0,0,0,0,0,0,0,0,0,0,0,0,0,0,0,0,0,0,0,0,0,0,0,0,0,0,0,0
221,data/aihub_traffic/test/images/d_validation_1920_1080_daylight_2/13876268.jpg,5,3,3,3,3,3,3,3,3,3,3,3,3,3,3,3,3,3,3,2,2,2,2,2,2,2,2,2,2,2,2,2,2,2,2,2,2,0,0,0,0,0,0,0,0,0
222,data/aihub_traffic/test/images/d_validation_1920_1080_daylight_2/13879837.jpg,0,0,0,0,0,0,0,0,0,0,0,0,0,0,0,0,0,0,0,0,0,0,0,0,0,0,0,0,0,0,0,0,0,0,0,0,0,0,0,0,0,0,0,0,0,0
223,data/aihub_traffic/test/images/d_validation_1920_1080_daylight_2/13883607.jpg,4,3,3,3,3,3,3,3,3,3,3,3,3,3,3,3,3,3,3,3,3,3,3,3,3,3,3,3,3,3,3,3,3,3,3,3,3,0,0,0,0,0,0,0,0,0
224,data/aihub_traffic/test/images/d_validation_1920_1080_daylight_2/13883613.jpg,0,1,0,0,1,0,0,1,0,0,1,0,0,1,0,0,1,0,0,0,0,0,0,0,0,0,0,0,0,0,0,0,0,0,0,0,0,0,0,0,0,0,0,0,0,0
225,data/aihub_traffic/test/images/d_validation_1920_1080_daylight_2/13883620.jpg,1,1,1,1,1,1,1,1,1,1,1,1,1,1,1,1,1,1,1,1,1,1,1,1,1,1,1,1,1,1,1,1,1,1,1,1,1,0,0,0,0,0,0,0,0,0
226,data/aihub_traffic/test/images/d_validation_1920_1080_daylight_2/13883627.jpg,1,2,1,1,2,1,1,2,1,1,2,1,1,2,1,1,2,1,1,2,1,1,2,1,1,2,1,1,2,1,1,2,1,1,2,1,1,0,0,0,0,0,0,0,0,0
227,data/aihub_traffic/test/images/d_validation_1920_1080_daylight_2/13883635.jpg,1,1,0,0,1,0,0,1,0,0,1,0,0,1,0,0,1,0,0,1,0,0,1,0,0,1,0,0,1,0,0,1,0,0,1,0,0,0,0,0,0,0,0,0,0,0
228,data/aihub_traffic/test/images/d_validation_1920_1080_daylight_2/13883641.jpg,0,0,0,0,0,0,0,0,0,0,0,0,0,0,0,0,0,0,0,0,0,0,0,0,0,0,0,0,0,0,0,0,0,0,0,0,0,0,0,0,0,0,0,0,0,0
229,data/aihub_traffic/test/images/d_validation_1920_1080_daylight_2/13883648.jpg,0,0,0,0,0,0,0,0,0,0,0,0,0,0,0,0,0,0,0,0,0,0,0,0,0,0,0,0,0,0,0,0,0,0,0,0,0,0,0,0,0,0,0,0,0,0
230,data/aihub_traffic/test/images/d_validation_1920_1080_daylight_2/13883660.jpg,0,1,0,0,1,0,0,1,0,0,1,0,0,1,0,0,1,0,0,1,0,0,1,0,0,1,0,0,1,0,0,1,0,0,1,0,0,0,0,0,0,0,0,0,0,0
231,data/aihub_traffic/test/images/d_validation_1920_1080_daylight_2/13883666.jpg,1,2,1,1,2,1,1,2,1,1,2,1,1,2,1,1,2,1,1,2,1,1,2,1,1,2,1,1,2,1,1,2,1,1,2,1,1,0,0,0,0,0,0,0,0,0
232,data/aihub_traffic/test/images/d_validation_1920_1080_daylight_2/13883672.jpg,2,3,1,1,3,1,1,3,1,1,3,1,1,3,1,1,3,1,1,3,1,1,3,1,1,3,1,1,3,1,0,3,1,0,3,1,0,0,0,0,0,0,0,0,0,0
233,data/aihub_traffic/test/images/d_validation_1920_1080_daylight_2/13883678.jpg,0,0,0,0,0,0,0,0,0,0,0,0,0,0,0,0,0,0,0,0,0,0,0,0,0,0,0,0,0,0,0,0,0,0,0,0,0,0,0,0,0,0,0,0,0,0
234,data/aihub_traffic/test/images/d_validation_1920_1080_daylight_2/13883685.jpg,0,0,0,0,0,0,0,0,0,0,0,0,0,0,0,0,0,0,0,0,0,0,0,0,0,0,0,0,0,0,0,0,0,0,0,0,0,0,0,0,0,0,0,0,0,0
235,data/aihub_traffic/test/images/d_validation_1920_1080_daylight_2/13883695.jpg,1,0,0,0,0,0,0,0,0,0,0,0,0,0,0,0,0,0,0,0,0,0,0,0,0,0,0,0,0,0,0,0,0,0,0,0,0,0,0,0,0,0,0,0,0,0
236,data/aihub_traffic/test/images/d_validation_1920_1080_daylight_2/13883701.jpg,2,2,1,1,2,1,1,2,1,1,2,1,1,2,1,1,2,1,1,2,1,1,2,1,1,2,1,1,2,1,1,2,1,1,2,1,1,0,0,0,0,0,0,0,0,0
237,data/aihub_traffic/test/images/d_validation_1920_1080_daylight_2/13883707.jpg,2,1,1,1,1,1,1,1,1,1,1,1,1,1,1,1,1,1,1,1,1,1,1,1,1,1,1,1,1,1,1,1,1,1,1,1,1,0,0,0,0,0,0,0,0,0
238,data/aihub_traffic/test/images/d_validation_1920_1080_daylight_2/13895300.jpg,0,0,0,0,0,0,0,0,0,0,0,0,0,0,0,0,0,0,0,0,0,0,0,0,0,0,0,0,0,0,0,0,0,0,0,0,0,0,0,0,0,0,0,0,0,0
239,data/aihub_traffic/test/images/d_validation_1920_1080_daylight_2/13900836.jpg,11,3,2,1,3,2,1,3,2,1,4,3,1,4,3,1,4,3,1,3,2,1,3,2,1,3,2,1,3,2,1,3,2,1,3,2,1,0,0,0,0,0,0,0,0,0
240,data/aihub_traffic/test/images/d_validation_1920_1080_daylight_2/13900843.jpg,10,5,4,4,5,4,4,5,4,4,5,4,4,5,4,4,5,4,4,4,3,3,4,3,3,4,3,3,4,3,3,4,3,3,4,3,3,0,0,0,0,0,0,0,0,0
241,data/aihub_traffic/test/images/d_validation_1920_1080_daylight_2/13900849.jpg,1,1,1,1,1,1,1,1,1,1,1,1,1,1,1,1,1,1,1,1,1,1,1,1,1,1,1,1,1,1,1,1,1,1,1,1,1,0,0,0,0,0,0,0,0,0
242,data/aihub_traffic/test/images/d_validation_1920_1080_daylight_2/13900855.jpg,0,0,0,0,0,0,0,0,0,0,0,0,0,0,0,0,0,0,0,0,0,0,0,0,0,0,0,0,0,0,0,0,0,0,0,0,0,0,0,0,0,0,0,0,0,0
243,data/aihub_traffic/test/images/d_validation_1920_1080_daylight_2/13900861.jpg,0,0,0,0,0,0,0,0,0,0,0,0,0,0,0,0,0,0,0,0,0,0,0,0,0,0,0,0,0,0,0,0,0,0,0,0,0,0,0,0,0,0,0,0,0,0
244,data/aihub_traffic/test/images/d_validation_1920_1080_daylight_2/13900867.jpg,2,2,0,0,2,0,0,2,0,0,2,0,0,2,0,0,2,0,0,2,0,0,2,0,0,2,0,0,2,0,0,2,0,0,2,0,0,0,0,0,0,0,0,0,0,0
245,data/aihub_traffic/test/images/d_validation_1920_1080_daylight_2/13900935.jpg,2,3,1,1,3,1,1,3,1,1,3,1,1,3,1,1,3,1,1,3,1,1,3,1,1,3,1,1,3,1,1,3,1,1,3,1,1,0,0,0,0,0,0,0,0,0
246,data/aihub_traffic/test/images/d_validation_1920_1080_daylight_2/13900941.jpg,5,7,3,2,7,3,2,7,3,2,7,3,2,7,3,2,7,3,2,8,4,3,8,4,3,8,4,3,8,4,3,8,4,3,8,4,3,0,0,0,0,0,0,0,0,0
247,data/aihub_traffic/test/images/d_validation_1920_1080_daylight_2/13900949.jpg,8,7,4,4,7,4,4,7,4,4,7,4,4,7,4,4,7,4,4,7,4,4,7,4,4,7,4,4,7,4,4,7,4,4,7,4,4,0,0,0,0,0,0,0,0,0
248,data/aihub_traffic/test/images/d_validation_1920_1080_daylight_2/13900955.jpg,9,7,4,4,7,4,4,7,4,4,7,4,4,7,4,4,7,4,4,7,4,3,7,4,3,7,4,3,7,4,3,7,4,3,7,4,3,0,0,0,0,0,0,0,0,0
249,data/aihub_traffic/test/images/d_validation_1920_1080_daylight_2/13901471.jpg,9,7,6,6,7,6,6,7,6,6,7,6,6,7,6,6,7,6,6,7,6,6,7,6,6,7,6,6,7,6,6,7,6,6,7,6,6,0,0,0,0,0,0,0,0,0
250,data/aihub_traffic/test/images/d_validation_1920_1080_daylight_2/13901477.jpg,6,6,5,4,6,5,4,6,5,4,6,5,4,6,5,4,6,5,4,5,4,3,5,4,3,5,4,3,5,4,3,5,4,3,5,4,3,0,0,0,0,0,0,0,0,0
251,data/aihub_traffic/test/images/d_validation_1920_1080_daylight_2/13901483.jpg,6,8,6,5,8,6,5,8,6,5,8,6,5,8,6,5,8,6,5,8,6,5,8,6,5,8,6,5,8,6,5,8,6,5,8,6,5,0,0,0,0,0,0,0,0,0
252,data/aihub_traffic/test/images/d_validation_1920_1080_daylight_2/13901489.jpg,9,8,8,5,8,8,5,8,8,5,8,8,5,8,8,5,8,8,5,8,8,5,8,8,5,8,8,5,8,8,5,8,8,5,8,8,5,0,0,0,0,0,0,0,0,0
253,data/aihub_traffic/test/images/d_validation_1920_1080_daylight_2/13901495.jpg,1,0,0,0,0,0,0,0,0,0,0,0,0,0,0,0,0,0,0,0,0,0,0,0,0,0,0,0,0,0,0,0,0,0,0,0,0,0,0,0,0,0,0,0,0,0
254,data/aihub_traffic/test/images/d_validation_1920_1080_daylight_2/13901502.jpg,0,1,0,0,1,0,0,1,0,0,1,0,0,1,0,0,1,0,0,1,0,0,1,0,0,1,0,0,1,0,0,1,0,0,1,0,0,0,0,0,0,0,0,0,0,0
255,data/aihub_traffic/test/images/d_validation_1920_1080_daylight_2/13921083.jpg,0,0,0,0,0,0,0,0,0,0,0,0,0,0,0,0,0,0,0,0,0,0,0,0,0,0,0,0,0,0,0,0,0,0,0,0,0,0,0,0,0,0,0,0,0,0
256,data/aihub_traffic/test/images/d_validation_1920_1080_daylight_2/13921089.jpg,0,0,0,0,0,0,0,0,0,0,0,0,0,0,0,0,0,0,0,0,0,0,0,0,0,0,0,0,0,0,0,0,0,0,0,0,0,0,0,0,0,0,0,0,0,0
257,data/aihub_traffic/test/images/d_validation_1920_1080_daylight_2/13921095.jpg,3,3,3,3,3,3,3,3,3,3,3,3,3,3,3,3,3,3,3,3,3,3,3,3,3,3,3,3,3,3,3,3,3,3,3,3,3,0,0,0,0,0,0,0,0,0
258,data/aihub_traffic/test/images/d_validation_1920_1080_daylight_2/13921651.jpg,0,0,0,0,0,0,0,0,0,0,0,0,0,0,0,0,0,0,0,0,0,0,0,0,0,0,0,0,0,0,0,0,0,0,0,0,0,0,0,0,0,0,0,0,0,0
259,data/aihub_traffic/test/images/d_validation_1920_1080_daylight_2/13921657.jpg,0,0,0,0,0,0,0,0,0,0,0,0,0,0,0,0,0,0,0,0,0,0,0,0,0,0,0,0,0,0,0,0,0,0,0,0,0,0,0,0,0,0,0,0,0,0
260,data/aihub_traffic/test/images/d_validation_1920_1080_daylight_2/13921663.jpg,1,1,1,1,1,1,1,1,1,1,1,1,1,1,1,1,1,1,1,1,1,1,1,1,1,1,1,1,1,1,1,1,1,1,1,1,1,0,0,0,0,0,0,0,0,0
261,data/aihub_traffic/test/images/d_validation_1920_1080_daylight_2/13921670.jpg,0,0,0,0,0,0,0,0,0,0,0,0,0,0,0,0,0,0,0,0,0,0,0,0,0,0,0,0,0,0,0,0,0,0,0,0,0,0,0,0,0,0,0,0,0,0
262,data/aihub_traffic/test/images/d_validation_1920_1080_daylight_2/13921676.jpg,1,0,0,0,0,0,0,0,0,0,0,0,0,0,0,0,0,0,0,0,0,0,0,0,0,0,0,0,0,0,0,0,0,0,0,0,0,0,0,0,0,0,0,0,0,0
263,data/aihub_traffic/test/images/d_validation_1920_1080_daylight_2/13922334.jpg,0,0,0,0,0,0,0,0,0,0,0,0,0,0,0,0,0,0,0,0,0,0,0,0,0,0,0,0,0,0,0,0,0,0,0,0,0,0,0,0,0,0,0,0,0,0
264,data/aihub_traffic/test/images/d_validation_1920_1080_daylight_2/13922340.jpg,0,1,0,0,1,0,0,1,0,0,1,0,0,1,0,0,1,0,0,0,0,0,0,0,0,0,0,0,0,0,0,0,0,0,0,0,0,0,0,0,0,0,0,0,0,0
265,data/aihub_traffic/test/images/d_validation_1920_1080_daylight_2/13922346.jpg,0,0,0,0,0,0,0,0,0,0,0,0,0,0,0,0,0,0,0,0,0,0,0,0,0,0,0,0,0,0,0,0,0,0,0,0,0,0,0,0,0,0,0,0,0,0
266,data/aihub_traffic/test/images/d_validation_1920_1080_daylight_2/13922352.jpg,0,0,0,0,0,0,0,0,0,0,0,0,0,0,0,0,0,0,0,0,0,0,0,0,0,0,0,0,0,0,0,0,0,0,0,0,0,0,0,0,0,0,0,0,0,0
267,data/aihub_traffic/test/images/d_validation_1920_1080_daylight_2/13922434.jpg,0,0,0,0,0,0,0,0,0,0,0,0,0,0,0,0,0,0,0,0,0,0,0,0,0,0,0,0,0,0,0,0,0,0,0,0,0,0,0,0,0,0,0,0,0,0
268,data/aihub_traffic/test/images/d_validation_1920_1080_daylight_2/13922441.jpg,0,0,0,0,0,0,0,0,0,0,0,0,0,0,0,0,0,0,0,0,0,0,0,0,0,0,0,0,0,0,0,0,0,0,0,0,0,0,0,0,0,0,0,0,0,0
269,data/aihub_traffic/test/images/d_validation_1920_1080_daylight_2/13922448.jpg,0,0,0,0,0,0,0,0,0,0,0,0,0,0,0,0,0,0,0,0,0,0,0,0,0,0,0,0,0,0,0,0,0,0,0,0,0,0,0,0,0,0,0,0,0,0
270,data/aihub_traffic/test/images/d_validation_1920_1080_daylight_2/13932892.jpg,0,0,0,0,0,0,0,0,0,0,0,0,0,0,0,0,0,0,0,0,0,0,0,0,0,0,0,0,0,0,0,0,0,0,0,0,0,0,0,0,0,0,0,0,0,0
271,data/aihub_traffic/test/images/d_validation_1920_1080_daylight_2/13932898.jpg,0,1,0,0,1,0,0,1,0,0,1,0,0,1,0,0,1,0,0,0,0,0,0,0,0,0,0,0,0,0,0,0,0,0,0,0,0,0,0,0,0,0,0,0,0,0
272,data/aihub_traffic/test/images/d_validation_1920_1080_daylight_2/13932905.jpg,0,0,0,0,0,0,0,0,0,0,0,0,0,0,0,0,0,0,0,0,0,0,0,0,0,0,0,0,0,0,0,0,0,0,0,0,0,0,0,0,0,0,0,0,0,0
273,data/aihub_traffic/test/images/d_validation_1920_1080_daylight_2/13934122.jpg,0,0,0,0,0,0,0,0,0,0,0,0,0,0,0,0,0,0,0,0,0,0,0,0,0,0,0,0,0,0,0,0,0,0,0,0,0,0,0,0,0,0,0,0,0,0
274,data/aihub_traffic/test/images/d_validation_1920_1080_daylight_2/13934130.jpg,0,0,0,0,0,0,0,0,0,0,0,0,0,0,0,0,0,0,0,0,0,0,0,0,0,0,0,0,0,0,0,0,0,0,0,0,0,0,0,0,0,0,0,0,0,0
275,data/aihub_traffic/test/images/d_validation_1920_1080_daylight_2/13934139.jpg,0,0,0,0,0,0,0,0,0,0,0,0,0,0,0,0,0,0,0,0,0,0,0,0,0,0,0,0,0,0,0,0,0,0,0,0,0,0,0,0,0,0,0,0,0,0
276,data/aihub_traffic/test/images/d_validation_1920_1080_daylight_2/13934148.jpg,0,0,0,0,0,0,0,0,0,0,0,0,0,0,0,0,0,0,0,0,0,0,0,0,0,0,0,0,0,0,0,0,0,0,0,0,0,0,0,0,0,0,0,0,0,0
277,data/aihub_traffic/test/images/d_validation_1920_1080_daylight_2/13934155.jpg,0,0,0,0,0,0,0,0,0,0,0,0,0,0,0,0,0,0,0,0,0,0,0,0,0,0,0,0,0,0,0,0,0,0,0,0,0,0,0,0,0,0,0,0,0,0
278,data/aihub_traffic/test/images/d_validation_1920_1080_daylight_2/13934283.jpg,0,0,0,0,0,0,0,0,0,0,0,0,0,0,0,0,0,0,0,0,0,0,0,0,0,0,0,0,0,0,0,0,0,0,0,0,0,0,0,0,0,0,0,0,0,0
279,data/aihub_traffic/test/images/d_validation_1920_1080_daylight_2/13934289.jpg,0,0,0,0,0,0,0,0,0,0,0,0,0,0,0,0,0,0,0,0,0,0,0,0,0,0,0,0,0,0,0,0,0,0,0,0,0,0,0,0,0,0,0,0,0,0
280,data/aihub_traffic/test/images/d_validation_1920_1080_daylight_2/13934295.jpg,0,0,0,0,0,0,0,0,0,0,0,0,0,0,0,0,0,0,0,0,0,0,0,0,0,0,0,0,0,0,0,0,0,0,0,0,0,0,0,0,0,0,0,0,0,0
281,data/aihub_traffic/test/images/d_validation_1920_1080_daylight_2/13934302.jpg,0,0,0,0,0,0,0,0,0,0,0,0,0,0,0,0,0,0,0,0,0,0,0,0,0,0,0,0,0,0,0,0,0,0,0,0,0,0,0,0,0,0,0,0,0,0
282,data/aihub_traffic/test/images/d_validation_1920_1080_daylight_2/13934309.jpg,0,0,0,0,0,0,0,0,0,0,0,0,0,0,0,0,0,0,0,0,0,0,0,0,0,0,0,0,0,0,0,0,0,0,0,0,0,0,0,0,0,0,0,0,0,0
283,data/aihub_traffic/test/images/d_validation_1920_1080_daylight_2/13934316.jpg,0,0,0,0,0,0,0,0,0,0,0,0,0,0,0,0,0,0,0,0,0,0,0,0,0,0,0,0,0,0,0,0,0,0,0,0,0,0,0,0,0,0,0,0,0,0
284,data/aihub_traffic/test/images/d_validation_1920_1080_daylight_2/13934322.jpg,0,0,0,0,0,0,0,0,0,0,0,0,0,0,0,0,0,0,0,0,0,0,0,0,0,0,0,0,0,0,0,0,0,0,0,0,0,0,0,0,0,0,0,0,0,0
285,data/aihub_traffic/test/images/d_validation_1920_1080_daylight_2/13934328.jpg,0,0,0,0,0,0,0,0,0,0,0,0,0,0,0,0,0,0,0,0,0,0,0,0,0,0,0,0,0,0,0,0,0,0,0,0,0,0,0,0,0,0,0,0,0,0
286,data/aihub_traffic/test/images/d_validation_1920_1080_daylight_2/13961820.jpg,1,1,0,0,1,0,0,1,0,0,1,0,0,1,0,0,1,0,0,1,0,0,1,0,0,1,0,0,1,0,0,1,0,0,1,0,0,0,0,0,0,0,0,0,0,0
287,data/aihub_traffic/test/images/d_validation_1920_1080_daylight_2/13961826.jpg,1,1,1,1,1,1,1,1,1,1,1,1,1,1,1,1,1,1,1,1,1,1,1,1,1,1,1,1,1,1,1,1,1,1,1,1,1,0,0,0,0,0,0,0,0,0
288,data/aihub_traffic/test/images/d_validation_1920_1080_daylight_2/13961833.jpg,2,1,0,0,1,0,0,1,0,0,1,0,0,1,0,0,1,0,0,1,0,0,1,0,0,1,0,0,1,0,0,1,0,0,1,0,0,0,0,0,0,0,0,0,0,0
289,data/aihub_traffic/test/images/d_validation_1920_1080_daylight_2/13961839.jpg,0,0,0,0,0,0,0,0,0,0,0,0,0,0,0,0,0,0,0,0,0,0,0,0,0,0,0,0,0,0,0,0,0,0,0,0,0,0,0,0,0,0,0,0,0,0
290,data/aihub_traffic/test/images/d_validation_1920_1080_daylight_2/13962173.jpg,1,0,0,0,0,0,0,0,0,0,0,0,0,0,0,0,0,0,0,0,0,0,0,0,0,0,0,0,0,0,0,0,0,0,0,0,0,0,0,0,0,0,0,0,0,0
291,data/aihub_traffic/test/images/d_validation_1920_1080_daylight_2/13962179.jpg,0,0,0,0,0,0,0,0,0,0,0,0,0,0,0,0,0,0,0,0,0,0,0,0,0,0,0,0,0,0,0,0,0,0,0,0,0,0,0,0,0,0,0,0,0,0
292,data/aihub_traffic/test/images/d_validation_1920_1080_daylight_2/13962187.jpg,0,0,0,0,0,0,0,0,0,0,0,0,0,0,0,0,0,0,0,0,0,0,0,0,0,0,0,0,0,0,0,0,0,0,0,0,0,0,0,0,0,0,0,0,0,0
293,data/aihub_traffic/test/images/d_validation_1920_1080_daylight_2/13962194.jpg,0,0,0,0,0,0,0,0,0,0,0,0,0,0,0,0,0,0,0,0,0,0,0,0,0,0,0,0,0,0,0,0,0,0,0,0,0,0,0,0,0,0,0,0,0,0
294,data/aihub_traffic/test/images/d_validation_1920_1080_daylight_2/13962201.jpg,0,0,0,0,0,0,0,0,0,0,0,0,0,0,0,0,0,0,0,0,0,0,0,0,0,0,0,0,0,0,0,0,0,0,0,0,0,0,0,0,0,0,0,0,0,0
295,data/aihub_traffic/test/images/d_validation_1920_1080_daylight_2/13962207.jpg,0,0,0,0,0,0,0,0,0,0,0,0,0,0,0,0,0,0,0,0,0,0,0,0,0,0,0,0,0,0,0,0,0,0,0,0,0,0,0,0,0,0,0,0,0,0
296,data/aihub_traffic/test/images/d_validation_1920_1080_daylight_2/13962214.jpg,2,2,2,2,2,2,2,2,2,2,2,2,2,2,2,2,2,2,2,2,2,2,2,2,2,2,2,2,2,2,2,2,2,2,2,2,2,0,0,0,0,0,0,0,0,0
297,data/aihub_traffic/test/images/d_validation_1920_1080_daylight_2/13962220.jpg,0,0,0,0,0,0,0,0,0,0,0,0,0,0,0,0,0,0,0,0,0,0,0,0,0,0,0,0,0,0,0,0,0,0,0,0,0,0,0,0,0,0,0,0,0,0
298,data/aihub_traffic/test/images/d_validation_1920_1080_daylight_2/13962226.jpg,0,0,0,0,0,0,0,0,0,0,0,0,0,0,0,0,0,0,0,0,0,0,0,0,0,0,0,0,0,0,0,0,0,0,0,0,0,0,0,0,0,0,0,0,0,0
299,data/aihub_traffic/test/images/d_validation_1920_1080_daylight_2/13962545.jpg,0,0,0,0,0,0,0,0,0,0,0,0,0,0,0,0,0,0,0,0,0,0,0,0,0,0,0,0,0,0,0,0,0,0,0,0,0,0,0,0,0,0,0,0,0,0
300,data/aihub_traffic/test/images/d_validation_1920_1080_daylight_2/13962552.jpg,1,0,0,0,0,0,0,0,0,0,0,0,0,0,0,0,0,0,0,1,0,0,1,0,0,1,0,0,1,0,0,1,0,0,1,0,0,0,0,0,0,0,0,0,0,0
301,data/aihub_traffic/test/images/d_validation_1920_1080_daylight_2/13962558.jpg,1,1,1,1,1,1,1,1,1,1,1,1,1,1,1,1,1,1,1,1,1,1,1,1,1,1,1,1,1,1,1,1,1,1,1,1,1,0,0,0,0,0,0,0,0,0
302,data/aihub_traffic/test/images/d_validation_1920_1080_daylight_2/13968249.jpg,1,0,0,0,0,0,0,0,0,0,0,0,0,0,0,0,0,0,0,0,0,0,0,0,0,0,0,0,0,0,0,0,0,0,0,0,0,0,0,0,0,0,0,0,0,0
303,data/aihub_traffic/test/images/d_validation_1920_1080_daylight_2/13968256.jpg,0,0,0,0,0,0,0,0,0,0,0,0,0,0,0,0,0,0,0,0,0,0,0,0,0,0,0,0,0,0,0,0,0,0,0,0,0,0,0,0,0,0,0,0,0,0
304,data/aihub_traffic/test/images/d_validation_1920_1080_daylight_2/13968262.jpg,3,2,2,2,2,2,2,2,2,2,2,2,2,2,2,2,2,2,2,2,2,2,2,2,2,2,2,2,2,2,2,2,2,2,2,2,2,0,0,0,0,0,0,0,0,0
305,data/aihub_traffic/test/images/d_validation_1920_1080_daylight_2/13968268.jpg,0,0,0,0,0,0,0,0,0,0,0,0,0,0,0,0,0,0,0,0,0,0,0,0,0,0,0,0,0,0,0,0,0,0,0,0,0,0,0,0,0,0,0,0,0,0
306,data/aihub_traffic/test/images/d_validation_1920_1080_daylight_2/13968276.jpg,0,0,0,0,0,0,0,0,0,0,0,0,0,0,0,0,0,0,0,0,0,0,0,0,0,0,0,0,0,0,0,0,0,0,0,0,0,0,0,0,0,0,0,0,0,0
307,data/aihub_traffic/test/images/d_validation_1920_1080_daylight_2/13968282.jpg,5,5,4,3,5,4,3,5,4,3,5,4,3,5,4,3,5,4,3,5,4,3,5,4,3,5,4,3,5,4,3,5,4,3,5,4,3,0,0,0,0,0,0,0,0,0
308,data/aihub_traffic/test/images/d_validation_1920_1080_daylight_2/13968293.jpg,1,1,1,1,1,1,1,1,1,1,1,1,1,1,1,1,1,1,1,1,1,1,1,1,1,1,1,1,1,1,1,1,1,1,1,1,1,0,0,0,0,0,0,0,0,0
309,data/aihub_traffic/test/images/d_validation_1920_1080_daylight_2/13968299.jpg,0,0,0,0,0,0,0,0,0,0,0,0,0,0,0,0,0,0,0,0,0,0,0,0,0,0,0,0,0,0,0,0,0,0,0,0,0,0,0,0,0,0,0,0,0,0
310,data/aihub_traffic/test/images/d_validation_1920_1080_daylight_2/13968306.jpg,2,0,0,0,0,0,0,0,0,0,0,0,0,0,0,0,0,0,0,0,0,0,0,0,0,0,0,0,0,0,0,0,0,0,0,0,0,0,0,0,0,0,0,0,0,0
311,data/aihub_traffic/test/images/d_validation_1920_1080_daylight_2/13968312.jpg,3,2,2,2,2,2,2,2,2,2,2,2,2,2,2,2,2,2,2,2,2,2,2,2,2,2,2,2,2,2,2,2,2,2,2,2,2,0,0,0,0,0,0,0,0,0
312,data/aihub_traffic/test/images/d_validation_1920_1080_daylight_2/13968318.jpg,4,4,2,2,4,2,2,4,2,2,4,2,2,4,2,2,4,2,2,4,2,2,4,2,2,4,2,2,4,2,2,4,2,2,4,2,2,0,0,0,0,0,0,0,0,0
313,data/aihub_traffic/test/images/d_validation_1920_1080_daylight_2/13969095.jpg,4,3,1,0,3,1,0,3,1,0,3,1,0,3,1,0,3,1,0,2,1,0,2,1,0,2,1,0,2,1,0,2,1,0,2,1,0,0,0,0,0,0,0,0,0,0
314,data/aihub_traffic/test/images/d_validation_1920_1080_daylight_2/13969101.jpg,3,3,2,1,3,2,1,3,2,1,3,2,1,3,2,1,3,2,1,2,2,1,2,2,1,2,2,1,2,2,1,2,2,1,2,2,1,0,0,0,0,0,0,0,0,0
315,data/aihub_traffic/test/images/d_validation_1920_1080_daylight_2/13969108.jpg,0,0,0,0,0,0,0,0,0,0,0,0,0,0,0,0,0,0,0,0,0,0,0,0,0,0,0,0,0,0,0,0,0,0,0,0,0,0,0,0,0,0,0,0,0,0
316,data/aihub_traffic/test/images/d_validation_1920_1080_daylight_2/13969116.jpg,4,2,2,1,2,2,1,2,2,1,2,2,1,2,2,1,2,2,1,2,2,1,2,2,1,2,2,1,2,2,1,2,2,1,2,2,1,0,0,0,0,0,0,0,0,0
317,data/aihub_traffic/test/images/d_validation_1920_1080_daylight_2/13986964.jpg,0,0,0,0,0,0,0,0,0,0,0,0,0,0,0,0,0,0,0,0,0,0,0,0,0,0,0,0,0,0,0,0,0,0,0,0,0,0,0,0,0,0,0,0,0,0
318,data/aihub_traffic/test/images/d_validation_1920_1080_daylight_2/13987369.jpg,0,0,0,0,0,0,0,0,0,0,0,0,0,0,0,0,0,0,0,0,0,0,0,0,0,0,0,0,0,0,0,0,0,0,0,0,0,0,0,0,0,0,0,0,0,0
319,data/aihub_traffic/test/images/d_validation_1920_1080_daylight_2/13987375.jpg,0,0,0,0,0,0,0,0,0,0,0,0,0,0,0,0,0,0,0,0,0,0,0,0,0,0,0,0,0,0,0,0,0,0,0,0,0,0,0,0,0,0,0,0,0,0
320,data/aihub_traffic/test/images/d_validation_1920_1080_daylight_2/13987381.jpg,0,0,0,0,0,0,0,0,0,0,0,0,0,0,0,0,0,0,0,0,0,0,0,0,0,0,0,0,0,0,0,0,0,0,0,0,0,0,0,0,0,0,0,0,0,0
321,data/aihub_traffic/test/images/d_validation_1920_1080_daylight_2/13987387.jpg,0,0,0,0,0,0,0,0,0,0,0,0,0,0,0,0,0,0,0,0,0,0,0,0,0,0,0,0,0,0,0,0,0,0,0,0,0,0,0,0,0,0,0,0,0,0
322,data/aihub_traffic/test/images/d_validation_1920_1080_daylight_2/13987393.jpg,0,0,0,0,0,0,0,0,0,0,0,0,0,0,0,0,0,0,0,0,0,0,0,0,0,0,0,0,0,0,0,0,0,0,0,0,0,0,0,0,0,0,0,0,0,0
323,data/aihub_traffic/test/images/d_validation_1920_1080_daylight_2/13987399.jpg,0,0,0,0,0,0,0,0,0,0,0,0,0,0,0,0,0,0,0,0,0,0,0,0,0,0,0,0,0,0,0,0,0,0,0,0,0,0,0,0,0,0,0,0,0,0
324,data/aihub_traffic/test/images/d_validation_1920_1080_daylight_2/13987406.jpg,0,0,0,0,0,0,0,0,0,0,0,0,0,0,0,0,0,0,0,0,0,0,0,0,0,0,0,0,0,0,0,0,0,0,0,0,0,0,0,0,0,0,0,0,0,0
325,data/aihub_traffic/test/images/d_validation_1920_1080_daylight_2/13987412.jpg,0,0,0,0,0,0,0,0,0,0,0,0,0,0,0,0,0,0,0,0,0,0,0,0,0,0,0,0,0,0,0,0,0,0,0,0,0,0,0,0,0,0,0,0,0,0
326,data/aihub_traffic/test/images/d_validation_1920_1080_daylight_2/13987418.jpg,0,0,0,0,0,0,0,0,0,0,0,0,0,0,0,0,0,0,0,0,0,0,0,0,0,0,0,0,0,0,0,0,0,0,0,0,0,0,0,0,0,0,0,0,0,0
327,data/aihub_traffic/test/images/d_validation_1920_1080_daylight_2/13987424.jpg,0,0,0,0,0,0,0,0,0,0,0,0,0,0,0,0,0,0,0,0,0,0,0,0,0,0,0,0,0,0,0,0,0,0,0,0,0,0,0,0,0,0,0,0,0,0
328,data/aihub_traffic/test/images/d_validation_1920_1080_daylight_2/13988647.jpg,0,0,0,0,0,0,0,0,0,0,0,0,0,0,0,0,0,0,0,0,0,0,0,0,0,0,0,0,0,0,0,0,0,0,0,0,0,0,0,0,0,0,0,0,0,0
329,data/aihub_traffic/test/images/d_validation_1920_1080_daylight_2/13988654.jpg,1,1,1,1,1,1,1,1,1,1,1,1,1,1,1,1,1,1,1,1,1,1,1,1,1,1,1,1,1,1,1,1,1,1,1,1,1,0,0,0,0,0,0,0,0,0
330,data/aihub_traffic/test/images/d_validation_1920_1080_daylight_2/13988661.jpg,1,1,1,1,1,1,1,1,1,1,1,1,1,1,1,1,1,1,1,1,1,1,1,1,1,1,1,1,1,1,1,1,1,1,1,1,1,0,0,0,0,0,0,0,0,0
331,data/aihub_traffic/test/images/d_validation_1920_1080_daylight_2/13988667.jpg,0,0,0,0,0,0,0,0,0,0,0,0,0,0,0,0,0,0,0,0,0,0,0,0,0,0,0,0,0,0,0,0,0,0,0,0,0,0,0,0,0,0,0,0,0,0
332,data/aihub_traffic/test/images/d_validation_1920_1080_daylight_2/13988673.jpg,0,0,0,0,0,0,0,0,0,0,0,0,0,0,0,0,0,0,0,0,0,0,0,0,0,0,0,0,0,0,0,0,0,0,0,0,0,0,0,0,0,0,0,0,0,0
333,data/aihub_traffic/test/images/d_validation_1920_1080_daylight_2/13988682.jpg,1,1,1,1,1,1,1,1,1,1,1,1,1,1,1,1,1,1,1,1,1,1,1,1,1,1,1,1,1,1,1,1,1,1,1,1,1,0,0,0,0,0,0,0,0,0
334,data/aihub_traffic/test/images/d_validation_1920_1080_daylight_2/14026376.jpg,0,0,0,0,0,0,0,0,0,0,0,0,0,0,0,0,0,0,0,0,0,0,0,0,0,0,0,0,0,0,0,0,0,0,0,0,0,0,0,0,0,0,0,0,0,0
335,data/aihub_traffic/test/images/d_validation_1920_1080_daylight_2/14026382.jpg,1,0,0,0,0,0,0,0,0,0,0,0,0,0,0,0,0,0,0,0,0,0,0,0,0,0,0,0,0,0,0,0,0,0,0,0,0,0,0,0,0,0,0,0,0,0
336,data/aihub_traffic/test/images/d_validation_1920_1080_daylight_2/14026388.jpg,0,0,0,0,0,0,0,0,0,0,0,0,0,0,0,0,0,0,0,0,0,0,0,0,0,0,0,0,0,0,0,0,0,0,0,0,0,0,0,0,0,0,0,0,0,0
337,data/aihub_traffic/test/images/d_validation_1920_1080_daylight_2/14026395.jpg,0,0,0,0,0,0,0,0,0,0,0,0,0,0,0,0,0,0,0,0,0,0,0,0,0,0,0,0,0,0,0,0,0,0,0,0,0,0,0,0,0,0,0,0,0,0
338,data/aihub_traffic/test/images/d_validation_1920_1080_daylight_2/14026401.jpg,0,0,0,0,0,0,0,0,0,0,0,0,0,0,0,0,0,0,0,0,0,0,0,0,0,0,0,0,0,0,0,0,0,0,0,0,0,0,0,0,0,0,0,0,0,0
339,data/aihub_traffic/test/images/d_validation_1920_1080_daylight_2/14026407.jpg,0,0,0,0,0,0,0,0,0,0,0,0,0,0,0,0,0,0,0,0,0,0,0,0,0,0,0,0,0,0,0,0,0,0,0,0,0,0,0,0,0,0,0,0,0,0
340,data/aihub_traffic/test/images/d_validation_1920_1080_daylight_2/14026779.jpg,0,0,0,0,0,0,0,0,0,0,0,0,0,0,0,0,0,0,0,0,0,0,0,0,0,0,0,0,0,0,0,0,0,0,0,0,0,0,0,0,0,0,0,0,0,0
341,data/aihub_traffic/test/images/d_validation_1920_1080_daylight_2/14026785.jpg,0,0,0,0,0,0,0,0,0,0,0,0,0,0,0,0,0,0,0,0,0,0,0,0,0,0,0,0,0,0,0,0,0,0,0,0,0,0,0,0,0,0,0,0,0,0
342,data/aihub_traffic/test/images/d_validation_1920_1080_daylight_2/14026792.jpg,0,2,0,0,2,0,0,2,0,0,2,0,0,2,0,0,2,0,0,2,0,0,2,0,0,2,0,0,2,0,0,2,0,0,2,0,0,0,0,0,0,0,0,0,0,0
343,data/aihub_traffic/test/images/d_validation_1920_1080_daylight_2/14026798.jpg,0,0,0,0,0,0,0,0,0,0,0,0,0,0,0,0,0,0,0,0,0,0,0,0,0,0,0,0,0,0,0,0,0,0,0,0,0,0,0,0,0,0,0,0,0,0
344,data/aihub_traffic/test/images/d_validation_1920_1080_daylight_2/14027723.jpg,1,0,0,0,0,0,0,0,0,0,0,0,0,0,0,0,0,0,0,0,0,0,0,0,0,0,0,0,0,0,0,0,0,0,0,0,0,0,0,0,0,0,0,0,0,0
345,data/aihub_traffic/test/images/d_validation_1920_1080_daylight_2/14027729.jpg,0,0,0,0,0,0,0,0,0,0,0,0,0,0,0,0,0,0,0,0,0,0,0,0,0,0,0,0,0,0,0,0,0,0,0,0,0,0,0,0,0,0,0,0,0,0
346,data/aihub_traffic/test/images/d_validation_1920_1080_daylight_2/14027735.jpg,0,0,0,0,0,0,0,0,0,0,0,0,0,0,0,0,0,0,0,0,0,0,0,0,0,0,0,0,0,0,0,0,0,0,0,0,0,0,0,0,0,0,0,0,0,0
347,data/aihub_traffic/test/images/d_validation_1920_1080_daylight_2/14027741.jpg,0,0,0,0,0,0,0,0,0,0,0,0,0,0,0,0,0,0,0,0,0,0,0,0,0,0,0,0,0,0,0,0,0,0,0,0,0,0,0,0,0,0,0,0,0,0
348,data/aihub_traffic/test/images/d_validation_1920_1080_daylight_2/14027747.jpg,0,0,0,0,0,0,0,0,0,0,0,0,0,0,0,0,0,0,0,0,0,0,0,0,0,0,0,0,0,0,0,0,0,0,0,0,0,0,0,0,0,0,0,0,0,0
349,data/aihub_traffic/test/images/d_validation_1920_1080_daylight_2/14027760.jpg,4,2,2,2,2,2,2,2,2,2,2,2,2,2,2,2,2,2,2,2,2,2,2,2,2,2,2,2,2,2,2,2,2,2,2,2,2,0,0,0,0,0,0,0,0,0
350,data/aihub_traffic/test/images/d_validation_1920_1080_daylight_2/14041216.jpg,1,3,1,1,3,1,1,3,1,1,3,1,1,3,1,1,3,1,1,3,1,1,3,1,1,3,1,1,3,1,1,3,1,1,3,1,1,0,0,0,0,0,0,0,0,0
351,data/aihub_traffic/test/images/d_validation_1920_1080_daylight_2/14041223.jpg,0,0,0,0,0,0,0,0,0,0,0,0,0,0,0,0,0,0,0,0,0,0,0,0,0,0,0,0,0,0,0,0,0,0,0,0,0,0,0,0,0,0,0,0,0,0
352,data/aihub_traffic/test/images/d_validation_1920_1080_daylight_2/14041229.jpg,4,5,4,4,5,4,4,5,4,4,5,4,4,5,4,4,5,4,4,5,4,4,5,4,4,5,4,4,5,4,4,5,4,4,5,4,4,0,0,0,0,0,0,0,0,0
353,data/aihub_traffic/test/images/d_validation_1920_1080_daylight_2/14041235.jpg,0,1,0,0,1,0,0,1,0,0,1,0,0,1,0,0,1,0,0,1,0,0,1,0,0,1,0,0,1,0,0,1,0,0,1,0,0,0,0,0,0,0,0,0,0,0
354,data/aihub_traffic/test/images/d_validation_1920_1080_daylight_2/14041377.jpg,8,9,7,6,9,7,6,9,7,6,9,7,6,9,7,6,9,7,6,9,7,6,9,7,6,9,7,5,9,7,6,9,7,6,9,7,5,0,0,0,0,0,0,0,0,0
355,data/aihub_traffic/test/images/d_validation_1920_1080_daylight_2/14041384.jpg,3,1,1,1,1,1,1,1,1,1,1,1,1,1,1,1,1,1,1,2,2,2,2,2,2,2,2,2,2,2,2,2,2,2,2,2,2,0,0,0,0,0,0,0,0,0
356,data/aihub_traffic/test/images/d_validation_1920_1080_daylight_2/14041391.jpg,6,5,5,5,5,5,5,5,5,5,5,5,5,5,5,5,5,5,5,5,5,5,5,5,5,5,5,5,5,5,5,5,5,5,5,5,5,0,0,0,0,0,0,0,0,0
357,data/aihub_traffic/test/images/d_validation_1920_1080_daylight_2/14041399.jpg,2,2,2,2,2,2,2,2,2,2,2,2,2,2,2,2,2,2,2,2,2,2,2,2,2,2,2,2,2,2,2,2,2,2,2,2,2,0,0,0,0,0,0,0,0,0
358,data/aihub_traffic/test/images/d_validation_1920_1080_daylight_2/14041585.jpg,5,5,5,5,5,5,5,5,5,5,5,5,5,5,5,5,5,5,5,5,5,4,5,5,4,5,5,4,5,5,4,5,5,4,5,5,4,0,0,0,0,0,0,0,0,0
359,data/aihub_traffic/test/images/d_validation_1920_1080_daylight_2/14041593.jpg,2,2,2,2,2,2,2,2,2,2,2,2,2,2,2,2,2,2,2,2,2,2,2,2,2,2,2,2,2,2,2,2,2,2,2,2,2,0,0,0,0,0,0,0,0,0
360,data/aihub_traffic/test/images/d_validation_1920_1080_daylight_2/14041600.jpg,7,4,4,4,4,4,4,4,4,4,4,4,4,4,4,4,4,4,4,4,4,4,4,4,4,4,4,4,4,4,4,4,4,4,4,4,4,0,0,0,0,0,0,0,0,0
361,data/aihub_traffic/test/images/d_validation_1920_1080_daylight_2/14041610.jpg,5,5,5,4,5,5,4,5,5,4,5,5,4,5,5,4,5,5,4,5,5,4,5,5,4,5,5,4,5,5,4,5,5,4,5,5,4,0,0,0,0,0,0,0,0,0
362,data/aihub_traffic/test/images/d_validation_1920_1080_daylight_2/14041627.jpg,8,4,3,2,4,3,2,4,3,2,4,3,2,4,3,2,4,3,2,4,3,2,4,3,2,4,3,2,4,3,2,4,3,2,4,3,2,0,0,0,0,0,0,0,0,0
363,data/aihub_traffic/test/images/d_validation_1920_1080_daylight_2/14041633.jpg,8,6,5,4,6,5,4,6,5,4,6,5,4,6,5,4,6,5,4,6,5,4,6,5,4,6,5,4,6,5,4,6,5,4,6,5,4,0,0,0,0,0,0,0,0,0
364,data/aihub_traffic/test/images/d_validation_1920_1080_daylight_2/14041639.jpg,8,5,3,2,5,3,2,5,3,2,5,3,2,5,3,2,5,3,2,5,3,2,5,3,2,5,3,2,5,3,2,5,3,2,5,3,2,0,0,0,0,0,0,0,0,0
365,data/aihub_traffic/test/images/d_validation_1920_1080_daylight_2/14041774.jpg,5,3,2,1,3,2,1,3,2,1,3,2,1,3,2,1,3,2,1,5,3,1,5,3,1,5,3,1,5,3,1,5,3,1,5,3,1,0,0,0,0,0,0,0,0,0
366,data/aihub_traffic/test/images/d_validation_1920_1080_daylight_2/14073832.jpg,0,0,0,0,0,0,0,0,0,0,0,0,0,0,0,0,0,0,0,0,0,0,0,0,0,0,0,0,0,0,0,0,0,0,0,0,0,0,0,0,0,0,0,0,0,0
367,data/aihub_traffic/test/images/d_validation_1920_1080_daylight_2/14073838.jpg,0,0,0,0,0,0,0,0,0,0,0,0,0,0,0,0,0,0,0,0,0,0,0,0,0,0,0,0,0,0,0,0,0,0,0,0,0,0,0,0,0,0,0,0,0,0
368,data/aihub_traffic/test/images/d_validation_1920_1080_daylight_2/14073844.jpg,4,4,3,3,4,3,3,4,3,3,4,3,3,4,3,3,4,3,3,4,3,3,4,3,3,4,3,3,4,3,3,4,3,3,4,3,3,0,0,0,0,0,0,0,0,0
369,data/aihub_traffic/test/images/d_validation_1920_1080_daylight_2/14073852.jpg,0,0,0,0,0,0,0,0,0,0,0,0,0,0,0,0,0,0,0,0,0,0,0,0,0,0,0,0,0,0,0,0,0,0,0,0,0,0,0,0,0,0,0,0,0,0
370,data/aihub_traffic/test/images/d_validation_1920_1080_daylight_2/14073858.jpg,0,0,0,0,0,0,0,0,0,0,0,0,0,0,0,0,0,0,0,0,0,0,0,0,0,0,0,0,0,0,0,0,0,0,0,0,0,0,0,0,0,0,0,0,0,0
371,data/aihub_traffic/test/images/d_validation_1920_1080_daylight_2/14074071.jpg,1,0,0,0,0,0,0,0,0,0,0,0,0,0,0,0,0,0,0,0,0,0,0,0,0,0,0,0,0,0,0,0,0,0,0,0,0,0,0,0,0,0,0,0,0,0
372,data/aihub_traffic/test/images/d_validation_1920_1080_daylight_2/14074077.jpg,2,0,0,0,0,0,0,0,0,0,0,0,0,0,0,0,0,0,0,0,0,0,0,0,0,0,0,0,0,0,0,0,0,0,0,0,0,0,0,0,0,0,0,0,0,0
373,data/aihub_traffic/test/images/d_validation_1920_1080_daylight_2/14074083.jpg,0,0,0,0,0,0,0,0,0,0,0,0,0,0,0,0,0,0,0,0,0,0,0,0,0,0,0,0,0,0,0,0,0,0,0,0,0,0,0,0,0,0,0,0,0,0
374,data/aihub_traffic/test/images/d_validation_1920_1080_daylight_2/14074089.jpg,2,2,2,1,2,2,1,2,2,1,2,2,1,2,2,1,2,2,1,2,2,1,2,2,1,2,2,1,2,2,1,2,2,1,2,2,1,0,0,0,0,0,0,0,0,0
375,data/aihub_traffic/test/images/d_validation_1920_1080_daylight_2/14074395.jpg,0,1,0,0,1,0,0,1,0,0,1,0,0,1,0,0,1,0,0,1,0,0,1,0,0,1,0,0,1,0,0,1,0,0,1,0,0,0,0,0,0,0,0,0,0,0
376,data/aihub_traffic/test/images/d_validation_1920_1080_daylight_2/14074401.jpg,0,0,0,0,0,0,0,0,0,0,0,0,0,0,0,0,0,0,0,0,0,0,0,0,0,0,0,0,0,0,0,0,0,0,0,0,0,0,0,0,0,0,0,0,0,0
377,data/aihub_traffic/test/images/d_validation_1920_1080_daylight_2/14074407.jpg,0,0,0,0,0,0,0,0,0,0,0,0,0,0,0,0,0,0,0,0,0,0,0,0,0,0,0,0,0,0,0,0,0,0,0,0,0,0,0,0,0,0,0,0,0,0
378,data/aihub_traffic/test/images/d_validation_1920_1080_daylight_2/14074413.jpg,0,0,0,0,0,0,0,0,0,0,0,0,0,0,0,0,0,0,0,0,0,0,0,0,0,0,0,0,0,0,0,0,0,0,0,0,0,0,0,0,0,0,0,0,0,0
379,data/aihub_traffic/test/images/d_validation_1920_1080_daylight_2/14074419.jpg,0,0,0,0,0,0,0,0,0,0,0,0,0,0,0,0,0,0,0,0,0,0,0,0,0,0,0,0,0,0,0,0,0,0,0,0,0,0,0,0,0,0,0,0,0,0
380,data/aihub_traffic/test/images/d_validation_1920_1080_daylight_2/14074425.jpg,0,0,0,0,0,0,0,0,0,0,0,0,0,0,0,0,0,0,0,0,0,0,0,0,0,0,0,0,0,0,0,0,0,0,0,0,0,0,0,0,0,0,0,0,0,0
381,data/aihub_traffic/test/images/d_validation_1920_1080_daylight_2/14074431.jpg,2,0,0,0,0,0,0,0,0,0,0,0,0,0,0,0,0,0,0,0,0,0,0,0,0,0,0,0,0,0,0,0,0,0,0,0,0,0,0,0,0,0,0,0,0,0
382,data/aihub_traffic/test/images/d_validation_1920_1080_daylight_2/14115813.jpg,0,0,0,0,0,0,0,0,0,0,0,0,0,0,0,0,0,0,0,0,0,0,0,0,0,0,0,0,0,0,0,0,0,0,0,0,0,0,0,0,0,0,0,0,0,0
383,data/aihub_traffic/test/images/d_validation_1920_1080_daylight_2/14115828.jpg,4,3,2,2,3,2,2,3,2,2,3,2,2,3,2,2,3,2,2,3,2,2,3,2,2,3,2,2,3,2,2,3,2,2,3,2,2,0,0,0,0,0,0,0,0,0
384,data/aihub_traffic/test/images/d_validation_1920_1080_daylight_2/14115834.jpg,3,2,2,2,2,2,2,2,2,2,2,2,2,2,2,2,2,2,2,2,2,2,2,2,2,2,2,2,2,2,2,2,2,2,2,2,2,0,0,0,0,0,0,0,0,0
385,data/aihub_traffic/test/images/d_validation_1920_1080_daylight_2/14115840.jpg,5,2,2,2,2,2,2,2,2,2,2,2,2,2,2,2,2,2,2,3,2,1,3,2,1,3,2,1,3,2,1,3,2,1,3,2,1,0,0,0,0,0,0,0,0,0
386,data/aihub_traffic/test/images/d_validation_1920_1080_daylight_2/14115846.jpg,3,2,1,1,2,1,1,2,1,1,2,1,1,2,1,1,2,1,1,2,1,1,2,1,1,2,1,1,2,1,1,2,1,1,2,1,1,0,0,0,0,0,0,0,0,0
387,data/aihub_traffic/test/images/d_validation_1920_1080_daylight_2/14115852.jpg,3,1,1,1,1,1,1,1,1,1,1,1,1,1,1,1,1,1,1,1,1,1,1,1,1,1,1,1,1,1,1,1,1,1,1,1,1,0,0,0,0,0,0,0,0,0
388,data/aihub_traffic/test/images/d_validation_1920_1080_daylight_2/14116086.jpg,3,2,2,2,2,2,2,2,2,2,2,2,2,2,2,2,2,2,2,2,2,2,2,2,2,2,2,2,2,2,2,2,2,2,2,2,2,0,0,0,0,0,0,0,0,0
389,data/aihub_traffic/test/images/d_validation_1920_1080_daylight_2/14116092.jpg,1,2,1,1,2,1,1,2,1,1,2,1,1,2,1,1,2,1,1,2,1,1,2,1,1,2,1,1,2,1,1,2,1,1,2,1,1,0,0,0,0,0,0,0,0,0
390,data/aihub_traffic/test/images/d_validation_1920_1080_daylight_2/14116099.jpg,0,1,0,0,1,0,0,1,0,0,1,0,0,1,0,0,1,0,0,1,0,0,1,0,0,1,0,0,1,0,0,1,0,0,1,0,0,0,0,0,0,0,0,0,0,0
391,data/aihub_traffic/test/images/d_validation_1920_1080_daylight_2/14116106.jpg,1,2,1,1,2,1,1,2,1,1,2,1,1,2,1,1,2,1,1,2,1,1,2,1,1,2,1,1,2,1,1,2,1,1,2,1,1,0,0,0,0,0,0,0,0,0
392,data/aihub_traffic/test/images/d_validation_1920_1080_daylight_2/14116323.jpg,0,0,0,0,0,0,0,0,0,0,0,0,0,0,0,0,0,0,0,0,0,0,0,0,0,0,0,0,0,0,0,0,0,0,0,0,0,0,0,0,0,0,0,0,0,0
393,data/aihub_traffic/test/images/d_validation_1920_1080_daylight_2/14116330.jpg,0,0,0,0,0,0,0,0,0,0,0,0,0,0,0,0,0,0,0,0,0,0,0,0,0,0,0,0,0,0,0,0,0,0,0,0,0,0,0,0,0,0,0,0,0,0
394,data/aihub_traffic/test/images/d_validation_1920_1080_daylight_2/14116340.jpg,0,1,0,0,1,0,0,1,0,0,1,0,0,1,0,0,1,0,0,1,0,0,1,0,0,1,0,0,1,0,0,1,0,0,1,0,0,0,0,0,0,0,0,0,0,0
395,data/aihub_traffic/test/images/d_validation_1920_1080_daylight_2/14118297.jpg,4,3,1,1,3,1,1,3,1,1,3,1,1,3,1,1,3,1,1,4,1,1,4,1,1,4,1,1,4,1,1,4,1,1,4,1,1,0,0,0,0,0,0,0,0,0
396,data/aihub_traffic/test/images/d_validation_1920_1080_daylight_2/14118305.jpg,2,1,1,1,1,1,1,1,1,1,1,1,1,1,1,1,1,1,1,1,1,1,1,1,1,1,1,1,1,1,1,1,1,1,1,1,1,0,0,0,0,0,0,0,0,0
397,data/aihub_traffic/test/images/d_validation_1920_1080_daylight_2/14118311.jpg,4,1,1,1,1,1,1,1,1,1,1,1,1,1,1,1,1,1,1,1,1,1,1,1,1,1,1,1,1,1,1,1,1,1,1,1,1,0,0,0,0,0,0,0,0,0
398,data/aihub_traffic/test/images/d_validation_1920_1080_daylight_2/14138414.jpg,3,3,0,0,3,0,0,3,0,0,3,0,0,3,0,0,3,0,0,3,0,0,3,0,0,3,0,0,3,0,0,3,0,0,3,0,0,0,0,0,0,0,0,0,0,0
399,data/aihub_traffic/test/images/d_validation_1920_1080_daylight_2/14138420.jpg,5,5,4,3,5,4,3,5,4,3,5,4,3,5,4,3,5,4,3,5,4,3,5,4,3,5,4,3,5,4,3,5,4,3,5,4,3,0,0,0,0,0,0,0,0,0
400,data/aihub_traffic/test/images/d_validation_1920_1080_daylight_2/14138426.jpg,5,7,5,5,7,5,5,7,5,5,7,5,5,7,5,5,7,5,5,6,4,4,6,4,4,6,4,4,6,4,4,6,4,4,6,4,4,0,0,0,0,0,0,0,0,0
401,data/aihub_traffic/test/images/d_validation_1920_1080_daylight_2/14138432.jpg,2,0,0,0,0,0,0,0,0,0,0,0,0,0,0,0,0,0,0,0,0,0,0,0,0,0,0,0,0,0,0,0,0,0,0,0,0,0,0,0,0,0,0,0,0,0
402,data/aihub_traffic/test/images/d_validation_1920_1080_daylight_2/14138701.jpg,3,3,2,2,3,2,2,3,2,2,3,2,2,3,2,2,3,2,2,3,2,2,3,2,2,3,2,2,3,2,2,3,2,2,3,2,2,0,0,0,0,0,0,0,0,0
403,data/aihub_traffic/test/images/d_validation_1920_1080_daylight_2/14138708.jpg,12,7,6,5,7,6,5,7,6,5,7,6,5,7,6,5,7,6,5,6,5,5,6,5,5,6,5,5,6,5,5,6,5,5,6,5,5,0,0,0,0,0,0,0,0,0
404,data/aihub_traffic/test/images/d_validation_1920_1080_daylight_2/14138714.jpg,4,4,2,2,4,2,2,4,2,2,4,2,2,4,2,2,4,2,2,4,2,2,4,2,2,4,2,2,4,2,2,4,2,2,4,2,2,0,0,0,0,0,0,0,0,0
405,data/aihub_traffic/test/images/d_validation_1920_1080_daylight_2/14138720.jpg,9,6,5,4,6,5,4,6,5,4,6,5,4,6,5,4,6,5,4,7,5,4,7,5,4,7,5,4,7,5,4,7,5,4,7,5,4,0,0,0,0,0,0,0,0,0
406,data/aihub_traffic/test/images/d_validation_1920_1080_daylight_2/14138728.jpg,8,4,3,3,4,3,3,4,3,3,4,3,3,4,3,3,4,3,3,4,3,3,4,3,3,4,3,3,4,3,3,4,3,3,4,3,3,0,0,0,0,0,0,0,0,0
407,data/aihub_traffic/test/images/d_validation_1920_1080_daylight_2/14139848.jpg,9,6,6,6,6,6,6,6,6,6,6,6,6,6,6,6,6,6,6,6,6,6,6,6,6,6,6,6,6,6,6,6,6,6,6,6,6,0,0,0,0,0,0,0,0,0
408,data/aihub_traffic/test/images/d_validation_1920_1080_daylight_2/14139854.jpg,2,1,0,0,1,0,0,1,0,0,1,0,0,1,0,0,1,0,0,0,0,0,0,0,0,0,0,0,0,0,0,0,0,0,0,0,0,0,0,0,0,0,0,0,0,0
409,data/aihub_traffic/test/images/d_validation_1920_1080_daylight_2/14139860.jpg,4,3,2,2,3,2,2,3,2,2,3,3,3,3,3,3,3,3,3,3,2,2,3,2,2,3,2,2,3,2,2,3,2,2,3,2,2,0,0,0,0,0,0,0,0,0
410,data/aihub_traffic/test/images/d_validation_1920_1080_daylight_2/14139866.jpg,5,6,3,3,6,3,3,6,3,3,6,3,3,6,3,3,6,3,3,5,3,3,5,3,3,5,3,3,5,3,3,5,3,3,5,3,3,0,0,0,0,0,0,0,0,0
411,data/aihub_traffic/test/images/d_validation_1920_1080_daylight_2/14139872.jpg,4,3,2,1,3,2,1,3,2,1,3,2,1,3,2,1,3,2,1,3,1,1,3,1,1,3,1,1,3,1,1,3,1,1,3,1,1,0,0,0,0,0,0,0,0,0
412,data/aihub_traffic/test/images/d_validation_1920_1080_daylight_2/14140292.jpg,11,3,3,2,3,3,2,3,3,2,3,3,2,3,3,2,3,3,2,3,3,2,3,3,2,3,3,2,3,3,2,3,3,2,3,3,2,0,0,0,0,0,0,0,0,0
413,data/aihub_traffic/test/images/d_validation_1920_1080_daylight_2/14140298.jpg,4,4,3,3,4,3,3,4,3,3,4,3,3,4,3,3,4,3,3,4,3,3,4,3,3,4,3,3,4,3,3,4,3,3,4,3,3,0,0,0,0,0,0,0,0,0
414,data/aihub_traffic/test/images/d_validation_1920_1080_daylight_2/14170075.jpg,5,8,4,3,8,4,3,8,4,3,8,4,3,8,4,3,8,4,3,7,4,3,7,4,3,7,4,3,7,4,3,7,4,3,7,4,3,0,0,0,0,0,0,0,0,0
415,data/aihub_traffic/test/images/d_validation_1920_1080_daylight_2/14170242.jpg,2,0,0,0,0,0,0,0,0,0,0,0,0,0,0,0,0,0,0,0,0,0,0,0,0,0,0,0,0,0,0,0,0,0,0,0,0,0,0,0,0,0,0,0,0,0
416,data/aihub_traffic/test/images/d_validation_1920_1080_daylight_2/14170248.jpg,3,2,2,2,2,2,2,2,2,2,2,2,2,2,2,2,2,2,2,2,2,2,2,2,2,2,2,2,2,2,2,2,2,2,2,2,2,0,0,0,0,0,0,0,0,0
417,data/aihub_traffic/test/images/d_validation_1920_1080_daylight_2/14170255.jpg,0,1,0,0,1,0,0,1,0,0,1,0,0,1,0,0,1,0,0,1,0,0,1,0,0,1,0,0,1,0,0,1,0,0,1,0,0,0,0,0,0,0,0,0,0,0
418,data/aihub_traffic/test/images/d_validation_1920_1080_daylight_2/14170261.jpg,2,0,0,0,0,0,0,0,0,0,0,0,0,0,0,0,0,0,0,0,0,0,0,0,0,0,0,0,0,0,0,0,0,0,0,0,0,0,0,0,0,0,0,0,0,0
419,data/aihub_traffic/test/images/d_validation_1920_1080_daylight_2/14170808.jpg,0,1,0,0,1,0,0,1,0,0,1,0,0,1,0,0,1,0,0,1,0,0,1,0,0,1,0,0,1,0,0,1,0,0,1,0,0,0,0,0,0,0,0,0,0,0
420,data/aihub_traffic/test/images/d_validation_1920_1080_daylight_2/14170827.jpg,0,0,0,0,0,0,0,0,0,0,0,0,0,0,0,0,0,0,0,0,0,0,0,0,0,0,0,0,0,0,0,0,0,0,0,0,0,0,0,0,0,0,0,0,0,0
421,data/aihub_traffic/test/images/d_validation_1920_1080_daylight_2/14170903.jpg,3,3,0,0,3,0,0,3,0,0,3,0,0,3,0,0,3,0,0,2,0,0,2,0,0,2,0,0,2,0,0,2,0,0,2,0,0,0,0,0,0,0,0,0,0,0
422,data/aihub_traffic/test/images/d_validation_1920_1080_daylight_2/14170909.jpg,8,7,6,5,7,6,5,7,6,5,7,6,5,7,6,5,7,6,5,6,6,6,6,6,6,6,6,6,6,6,6,6,6,6,6,6,6,0,0,0,0,0,0,0,0,0
423,data/aihub_traffic/test/images/d_validation_1920_1080_daylight_2/14170915.jpg,3,3,2,2,3,2,2,3,2,2,3,2,2,3,2,2,3,2,2,3,2,2,3,2,2,3,2,2,3,2,2,3,2,2,3,2,2,0,0,0,0,0,0,0,0,0
424,data/aihub_traffic/test/images/d_validation_1920_1080_daylight_2/14170921.jpg,5,6,4,4,6,4,4,6,4,4,6,4,4,6,4,4,6,4,4,6,4,4,6,4,4,6,4,4,6,4,4,6,4,4,6,4,4,0,0,0,0,0,0,0,0,0
425,data/aihub_traffic/test/images/d_validation_1920_1080_daylight_2/14170927.jpg,8,5,5,3,5,5,3,5,5,3,5,5,3,5,5,3,5,5,3,5,5,3,5,5,3,5,5,3,5,5,3,5,5,3,5,5,3,0,0,0,0,0,0,0,0,0
426,data/aihub_traffic/test/images/d_validation_1920_1080_daylight_2/14171855.jpg,3,2,1,1,2,1,1,2,1,1,2,1,1,2,1,1,2,1,1,2,1,1,2,1,1,2,1,1,2,1,1,2,1,1,2,1,1,0,0,0,0,0,0,0,0,0
427,data/aihub_traffic/test/images/d_validation_1920_1080_daylight_2/14171863.jpg,0,0,0,0,0,0,0,0,0,0,0,0,0,0,0,0,0,0,0,0,0,0,0,0,0,0,0,0,0,0,0,0,0,0,0,0,0,0,0,0,0,0,0,0,0,0
428,data/aihub_traffic/test/images/d_validation_1920_1080_daylight_2/14171869.jpg,2,5,2,2,5,2,2,5,2,2,5,2,2,5,2,2,5,2,2,5,2,2,5,2,2,5,2,2,5,2,2,5,2,2,5,2,2,0,0,0,0,0,0,0,0,0
429,data/aihub_traffic/test/images/d_validation_1920_1080_daylight_2/14171875.jpg,4,3,2,1,3,2,1,3,2,1,3,2,1,3,2,1,3,2,1,3,2,1,3,2,1,3,2,1,3,2,1,3,2,1,3,2,1,0,0,0,0,0,0,0,0,0
430,data/aihub_traffic/test/images/d_validation_1920_1080_daylight_2/14198825.jpg,3,3,2,2,3,2,2,3,2,2,3,2,2,3,2,2,3,2,2,3,2,2,3,2,2,3,2,2,3,2,2,3,2,2,3,2,2,0,0,0,0,0,0,0,0,0
431,data/aihub_traffic/test/images/d_validation_1920_1080_daylight_2/14198831.jpg,10,5,4,4,5,4,4,5,4,4,5,4,4,5,4,4,5,4,4,5,5,5,5,5,5,5,5,5,5,5,5,5,5,5,5,5,5,0,0,0,0,0,0,0,0,0
432,data/aihub_traffic/test/images/d_validation_1920_1080_daylight_2/14198837.jpg,0,0,0,0,0,0,0,0,0,0,0,0,0,0,0,0,0,0,0,0,0,0,0,0,0,0,0,0,0,0,0,0,0,0,0,0,0,0,0,0,0,0,0,0,0,0
433,data/aihub_traffic/test/images/d_validation_1920_1080_daylight_2/14198843.jpg,3,2,0,0,2,0,0,2,0,0,2,0,0,2,0,0,2,0,0,2,0,0,2,0,0,2,0,0,2,0,0,2,0,0,2,0,0,0,0,0,0,0,0,0,0,0
434,data/aihub_traffic/test/images/d_validation_1920_1080_daylight_2/14199462.jpg,5,4,4,3,4,4,3,4,4,3,4,4,3,4,4,3,4,4,3,4,4,4,4,4,4,4,4,4,4,4,4,4,4,4,4,4,4,0,0,0,0,0,0,0,0,0
435,data/aihub_traffic/test/images/d_validation_1920_1080_daylight_2/14199472.jpg,0,0,0,0,0,0,0,0,0,0,0,0,0,0,0,0,0,0,0,0,0,0,0,0,0,0,0,0,0,0,0,0,0,0,0,0,0,0,0,0,0,0,0,0,0,0
436,data/aihub_traffic/test/images/d_validation_1920_1080_daylight_2/14199478.jpg,2,0,0,0,0,0,0,0,0,0,0,0,0,0,0,0,0,0,0,0,0,0,0,0,0,0,0,0,0,0,0,0,0,0,0,0,0,0,0,0,0,0,0,0,0,0
437,data/aihub_traffic/test/images/d_validation_1920_1080_daylight_2/14199655.jpg,4,5,4,3,5,4,3,5,4,3,5,4,3,5,4,3,5,4,3,5,4,3,5,4,3,5,4,3,5,4,3,5,4,3,5,4,3,0,0,0,0,0,0,0,0,0
438,data/aihub_traffic/test/images/d_validation_1920_1080_daylight_2/14199663.jpg,0,0,0,0,0,0,0,0,0,0,0,0,0,0,0,0,0,0,0,0,0,0,0,0,0,0,0,0,0,0,0,0,0,0,0,0,0,0,0,0,0,0,0,0,0,0
439,data/aihub_traffic/test/images/d_validation_1920_1080_daylight_2/14199669.jpg,2,1,0,0,1,0,0,1,0,0,1,0,0,1,0,0,1,0,0,0,0,0,0,0,0,0,0,0,0,0,0,0,0,0,0,0,0,0,0,0,0,0,0,0,0,0
440,data/aihub_traffic/test/images/d_validation_1920_1080_daylight_2/14199675.jpg,3,5,1,0,5,1,0,5,1,0,5,1,0,5,1,0,5,1,0,5,1,1,5,1,1,5,1,1,5,1,1,5,1,1,5,1,1,0,0,0,0,0,0,0,0,0
441,data/aihub_traffic/test/images/d_validation_1920_1080_daylight_2/14199790.jpg,0,1,0,0,1,0,0,1,0,0,1,0,0,1,0,0,1,0,0,0,0,0,0,0,0,0,0,0,0,0,0,0,0,0,0,0,0,0,0,0,0,0,0,0,0,0
442,data/aihub_traffic/test/images/d_validation_1920_1080_daylight_2/14199799.jpg,5,4,4,4,4,4,4,4,4,4,4,4,4,4,4,4,4,4,4,5,4,4,5,4,4,5,4,4,5,4,4,5,4,4,5,4,4,0,0,0,0,0,0,0,0,0
443,data/aihub_traffic/test/images/d_validation_1920_1080_daylight_2/14199805.jpg,0,2,0,0,2,0,0,2,0,0,2,0,0,2,0,0,2,0,0,2,0,0,2,0,0,2,0,0,2,0,0,2,0,0,2,0,0,0,0,0,0,0,0,0,0,0
444,data/aihub_traffic/test/images/d_validation_1920_1080_daylight_2/14199811.jpg,3,2,0,0,2,0,0,2,0,0,2,0,0,2,0,0,2,0,0,2,0,0,2,0,0,2,0,0,2,0,0,2,0,0,2,0,0,0,0,0,0,0,0,0,0,0
445,data/aihub_traffic/test/images/d_validation_1920_1080_daylight_2/14207144.jpg,0,1,0,0,1,0,0,1,0,0,1,0,0,1,0,0,1,0,0,1,0,0,1,0,0,1,0,0,1,0,0,1,0,0,1,0,0,0,0,0,0,0,0,0,0,0
446,data/aihub_traffic/test/images/d_validation_1920_1080_daylight_2/14207152.jpg,0,1,0,0,1,0,0,1,0,0,1,0,0,1,0,0,1,0,0,1,0,0,1,0,0,1,0,0,1,0,0,1,0,0,1,0,0,0,0,0,0,0,0,0,0,0
447,data/aihub_traffic/test/images/d_validation_1920_1080_daylight_2/14207163.jpg,0,0,0,0,0,0,0,0,0,0,0,0,0,0,0,0,0,0,0,0,0,0,0,0,0,0,0,0,0,0,0,0,0,0,0,0,0,0,0,0,0,0,0,0,0,0
448,data/aihub_traffic/test/images/d_validation_1920_1080_daylight_2/14207216.jpg,0,0,0,0,0,0,0,0,0,0,0,0,0,0,0,0,0,0,0,0,0,0,0,0,0,0,0,0,0,0,0,0,0,0,0,0,0,0,0,0,0,0,0,0,0,0
449,data/aihub_traffic/test/images/d_validation_1920_1080_daylight_2/14207222.jpg,3,3,3,3,3,3,3,3,3,3,3,3,3,3,3,3,3,3,3,3,3,3,3,3,3,3,3,3,3,3,3,3,3,3,3,3,3,0,0,0,0,0,0,0,0,0
450,data/aihub_traffic/test/images/d_validation_1920_1080_daylight_2/14207230.jpg,3,2,2,2,2,2,2,2,2,2,2,2,2,2,2,2,2,2,2,2,2,2,2,2,2,2,2,2,2,2,2,2,2,2,2,2,2,0,0,0,0,0,0,0,0,0
451,data/aihub_traffic/test/images/d_validation_1920_1080_daylight_2/14207236.jpg,6,4,4,4,4,4,4,4,4,4,4,4,4,4,4,4,4,4,4,5,5,5,5,5,5,5,5,5,5,5,5,5,5,5,5,5,5,0,0,0,0,0,0,0,0,0
452,data/aihub_traffic/test/images/d_validation_1920_1080_daylight_2/14207242.jpg,3,3,3,3,3,3,3,3,3,3,3,3,3,3,3,3,3,3,3,3,3,3,3,3,3,3,3,3,3,3,3,3,3,3,3,3,3,0,0,0,0,0,0,0,0,0
453,data/aihub_traffic/test/images/d_validation_1920_1080_daylight_2/14207255.jpg,3,4,2,1,4,2,1,4,2,1,4,2,2,4,2,2,4,2,2,4,2,1,4,2,1,4,2,1,4,2,1,4,2,1,4,2,1,0,0,0,0,0,0,0,0,0
454,data/aihub_traffic/test/images/d_validation_1920_1080_daylight_2/14207262.jpg,7,2,2,2,2,2,2,2,2,2,2,2,2,2,2,2,2,2,2,3,2,2,3,2,2,3,2,2,3,2,2,3,2,2,3,2,2,0,0,0,0,0,0,0,0,0
455,data/aihub_traffic/test/images/d_validation_1920_1080_daylight_2/14207269.jpg,22,13,13,13,13,13,13,13,13,13,13,13,13,13,13,13,13,13,13,13,13,13,13,13,13,13,13,13,13,13,13,13,13,13,13,13,13,0,0,0,0,0,0,0,0,0
456,data/aihub_traffic/test/images/d_validation_1920_1080_daylight_2/14207278.jpg,6,6,5,5,6,5,5,6,5,5,6,5,5,6,5,5,6,5,5,6,5,5,6,5,5,6,5,5,6,5,5,6,5,5,6,5,5,0,0,0,0,0,0,0,0,0
457,data/aihub_traffic/test/images/d_validation_1920_1080_daylight_2/14207307.jpg,6,7,5,5,7,5,5,7,5,5,7,5,5,7,5,5,7,5,5,6,5,5,6,5,5,6,5,5,6,5,5,6,5,5,6,5,5,0,0,0,0,0,0,0,0,0
458,data/aihub_traffic/test/images/d_validation_1920_1080_daylight_2/14207313.jpg,6,7,4,4,7,4,4,7,4,4,7,4,4,7,4,4,7,4,4,7,4,4,7,4,4,7,4,4,7,4,4,7,4,4,7,4,4,0,0,0,0,0,0,0,0,0
459,data/aihub_traffic/test/images/d_validation_1920_1080_daylight_2/14207319.jpg,6,7,4,4,7,4,4,7,4,4,7,4,4,7,4,4,7,4,4,5,4,4,5,4,4,5,4,4,5,4,4,5,4,4,5,4,4,0,0,0,0,0,0,0,0,0
460,data/aihub_traffic/test/images/d_validation_1920_1080_daylight_2/14207326.jpg,6,6,5,5,6,5,5,6,5,5,6,5,5,6,5,5,6,5,5,5,4,4,5,4,4,5,4,4,5,4,4,5,4,4,5,4,4,0,0,0,0,0,0,0,0,0
461,data/aihub_traffic/test/images/d_validation_1920_1080_daylight_2/14238603.jpg,0,0,0,0,0,0,0,0,0,0,0,0,0,0,0,0,0,0,0,0,0,0,0,0,0,0,0,0,0,0,0,0,0,0,0,0,0,0,0,0,0,0,0,0,0,0
462,data/aihub_traffic/test/images/d_validation_1920_1080_daylight_2/14239006.jpg,0,0,0,0,0,0,0,0,0,0,0,0,0,0,0,0,0,0,0,0,0,0,0,0,0,0,0,0,0,0,0,0,0,0,0,0,0,0,0,0,0,0,0,0,0,0
463,data/aihub_traffic/test/images/d_validation_1920_1080_daylight_2/14239024.jpg,0,0,0,0,0,0,0,0,0,0,0,0,0,0,0,0,0,0,0,0,0,0,0,0,0,0,0,0,0,0,0,0,0,0,0,0,0,0,0,0,0,0,0,0,0,0
464,data/aihub_traffic/test/images/d_validation_1920_1080_daylight_2/14239091.jpg,1,1,0,0,1,0,0,1,0,0,1,0,0,1,0,0,1,0,0,1,0,0,1,0,0,1,0,0,1,0,0,1,0,0,1,0,0,0,0,0,0,0,0,0,0,0
465,data/aihub_traffic/test/images/d_validation_1920_1080_daylight_2/14239105.jpg,14,7,7,6,7,7,6,7,7,6,7,7,6,7,7,6,7,7,6,9,8,7,9,8,7,9,8,7,9,8,7,9,8,7,9,8,7,0,0,0,0,0,0,0,0,0
466,data/aihub_traffic/test/images/d_validation_1920_1080_daylight_2/14239112.jpg,9,7,6,6,7,6,6,7,6,6,7,6,6,7,6,6,7,6,6,6,5,5,6,5,5,6,5,5,6,5,5,6,5,5,6,5,5,0,0,0,0,0,0,0,0,0
467,data/aihub_traffic/test/images/d_validation_1920_1080_daylight_2/14239680.jpg,15,14,12,11,14,12,11,14,12,11,14,12,11,14,12,11,14,12,11,14,12,12,14,12,12,14,12,12,14,12,12,14,12,12,14,12,12,0,0,0,0,0,0,0,0,0
468,data/aihub_traffic/test/images/d_validation_1920_1080_daylight_2/14239688.jpg,1,0,0,0,0,0,0,0,0,0,0,0,0,0,0,0,0,0,0,0,0,0,0,0,0,0,0,0,0,0,0,0,0,0,0,0,0,0,0,0,0,0,0,0,0,0
469,data/aihub_traffic/test/images/d_validation_1920_1080_daylight_2/14239695.jpg,2,1,1,1,1,1,1,1,1,1,1,1,1,1,1,1,1,1,1,1,1,1,1,1,1,1,1,1,1,1,1,1,1,1,1,1,1,0,0,0,0,0,0,0,0,0
470,data/aihub_traffic/test/images/d_validation_1920_1080_daylight_2/14239702.jpg,11,4,3,3,4,3,3,4,3,3,4,3,3,4,3,3,4,3,3,2,1,1,2,1,1,2,1,1,2,1,1,2,1,1,2,1,1,0,0,0,0,0,0,0,0,0
471,data/aihub_traffic/test/images/d_validation_1920_1080_daylight_2/14239738.jpg,11,8,7,6,8,7,6,8,7,6,8,7,6,8,7,6,8,7,6,8,7,6,8,7,6,8,7,6,8,7,6,8,7,6,8,7,6,0,0,0,0,0,0,0,0,0
472,data/aihub_traffic/test/images/d_validation_1920_1080_daylight_2/14239744.jpg,1,2,1,1,2,1,1,2,1,1,2,1,1,2,1,1,2,1,1,1,1,1,1,1,1,1,1,1,1,1,1,1,1,1,1,1,1,0,0,0,0,0,0,0,0,0
473,data/aihub_traffic/test/images/d_validation_1920_1080_daylight_2/14239751.jpg,1,0,0,0,0,0,0,0,0,0,0,0,0,0,0,0,0,0,0,0,0,0,0,0,0,0,0,0,0,0,0,0,0,0,0,0,0,0,0,0,0,0,0,0,0,0
474,data/aihub_traffic/test/images/d_validation_1920_1080_daylight_2/14239757.jpg,0,0,0,0,0,0,0,0,0,0,0,0,0,0,0,0,0,0,0,0,0,0,0,0,0,0,0,0,0,0,0,0,0,0,0,0,0,0,0,0,0,0,0,0,0,0
475,data/aihub_traffic/test/images/d_validation_1920_1080_daylight_2/14239763.jpg,0,1,0,0,1,0,0,1,0,0,1,0,0,1,0,0,1,0,0,1,0,0,1,0,0,1,0,0,1,0,0,1,0,0,1,0,0,0,0,0,0,0,0,0,0,0
476,data/aihub_traffic/test/images/d_validation_1920_1080_daylight_2/14240142.jpg,1,3,1,1,3,1,1,3,1,1,3,1,1,3,1,1,3,1,1,3,1,1,3,1,1,3,1,1,3,1,1,3,1,1,3,1,1,0,0,0,0,0,0,0,0,0
477,data/aihub_traffic/test/images/d_validation_1920_1080_daylight_2/14252555.jpg,3,3,2,1,3,2,1,3,2,1,3,2,1,3,2,1,3,2,1,4,2,1,4,2,1,4,2,1,4,2,1,4,2,1,4,2,1,0,0,0,0,0,0,0,0,0
478,data/aihub_traffic/test/images/d_validation_1920_1080_daylight_2/14252947.jpg,3,4,2,1,4,2,1,4,2,1,4,2,1,4,2,1,4,2,1,2,2,1,2,2,1,2,2,1,2,2,1,2,2,1,2,2,1,0,0,0,0,0,0,0,0,0
479,data/aihub_traffic/test/images/d_validation_1920_1080_daylight_2/14252953.jpg,3,7,3,2,7,3,2,7,3,2,7,3,2,7,3,2,7,3,2,7,3,2,7,3,2,7,3,1,7,3,2,7,3,2,7,3,1,0,0,0,0,0,0,0,0,0
480,data/aihub_traffic/test/images/d_validation_1920_1080_daylight_2/14252959.jpg,1,1,1,0,1,1,0,1,1,0,1,1,0,1,1,0,1,1,0,1,1,0,1,1,0,1,1,0,1,1,0,1,1,0,1,1,0,0,0,0,0,0,0,0,0,0
481,data/aihub_traffic/test/images/d_validation_1920_1080_daylight_2/14252966.jpg,0,0,0,0,0,0,0,0,0,0,0,0,0,0,0,0,0,0,0,0,0,0,0,0,0,0,0,0,0,0,0,0,0,0,0,0,0,0,0,0,0,0,0,0,0,0
482,data/aihub_traffic/test/images/d_validation_1920_1080_daylight_2/14252973.jpg,3,2,0,0,2,0,0,2,0,0,2,0,0,2,0,0,2,0,0,1,0,0,1,0,0,1,0,0,1,0,0,1,0,0,1,0,0,0,0,0,0,0,0,0,0,0
483,data/aihub_traffic/test/images/d_validation_1920_1080_daylight_2/14253294.jpg,7,5,4,2,5,4,2,5,4,2,5,4,2,5,4,2,5,4,2,5,4,3,5,4,3,5,4,3,5,4,3,5,4,3,5,4,3,0,0,0,0,0,0,0,0,0
484,data/aihub_traffic/test/images/d_validation_1920_1080_daylight_2/14253300.jpg,3,1,1,0,1,1,0,1,1,0,1,1,0,1,1,0,1,1,0,1,1,0,1,1,0,1,1,0,1,1,0,1,1,0,1,1,0,0,0,0,0,0,0,0,0,0
485,data/aihub_traffic/test/images/d_validation_1920_1080_daylight_2/14253309.jpg,0,0,0,0,0,0,0,0,0,0,0,0,0,0,0,0,0,0,0,0,0,0,0,0,0,0,0,0,0,0,0,0,0,0,0,0,0,0,0,0,0,0,0,0,0,0
486,data/aihub_traffic/test/images/d_validation_1920_1080_daylight_2/14253315.jpg,0,0,0,0,0,0,0,0,0,0,0,0,0,0,0,0,0,0,0,0,0,0,0,0,0,0,0,0,0,0,0,0,0,0,0,0,0,0,0,0,0,0,0,0,0,0
487,data/aihub_traffic/test/images/d_validation_1920_1080_daylight_2/14256310.jpg,0,0,0,0,0,0,0,0,0,0,0,0,0,0,0,0,0,0,0,0,0,0,0,0,0,0,0,0,0,0,0,0,0,0,0,0,0,0,0,0,0,0,0,0,0,0
488,data/aihub_traffic/test/images/d_validation_1920_1080_daylight_2/14256319.jpg,0,0,0,0,0,0,0,0,0,0,0,0,0,0,0,0,0,0,0,0,0,0,0,0,0,0,0,0,0,0,0,0,0,0,0,0,0,0,0,0,0,0,0,0,0,0
489,data/aihub_traffic/test/images/d_validation_1920_1080_daylight_2/14256325.jpg,1,4,0,0,4,0,0,4,0,0,4,0,0,4,0,0,4,0,0,3,0,0,3,0,0,3,0,0,3,0,0,3,0,0,3,0,0,0,0,0,0,0,0,0,0,0
490,data/aihub_traffic/test/images/d_validation_1920_1080_daylight_2/14256332.jpg,1,1,1,1,1,1,1,1,1,1,1,1,1,1,1,1,1,1,1,1,1,1,1,1,1,1,1,1,1,1,1,1,1,1,1,1,1,0,0,0,0,0,0,0,0,0
491,data/aihub_traffic/test/images/d_validation_1920_1080_daylight_2/14256526.jpg,0,0,0,0,0,0,0,0,0,0,0,0,0,0,0,0,0,0,0,0,0,0,0,0,0,0,0,0,0,0,0,0,0,0,0,0,0,0,0,0,0,0,0,0,0,0
492,data/aihub_traffic/test/images/d_validation_1920_1080_daylight_2/14269656.jpg,9,4,3,2,4,3,2,4,3,2,4,3,2,4,3,2,4,3,2,5,3,2,5,3,2,5,3,2,5,3,2,5,3,2,5,3,2,0,0,0,0,0,0,0,0,0
493,data/aihub_traffic/test/images/d_validation_1920_1080_daylight_2/14269664.jpg,9,5,3,3,5,3,3,5,3,3,5,3,3,5,3,3,5,3,3,4,3,2,4,3,2,4,3,2,4,3,2,4,3,2,4,3,2,0,0,0,0,0,0,0,0,0
494,data/aihub_traffic/test/images/d_validation_1920_1080_daylight_2/14269670.jpg,10,9,8,8,9,8,8,9,8,8,9,8,8,9,8,8,9,8,8,9,8,8,9,8,8,9,8,8,9,8,8,9,8,8,9,8,8,0,0,0,0,0,0,0,0,0
495,data/aihub_traffic/test/images/d_validation_1920_1080_daylight_2/14271450.jpg,5,9,4,3,9,4,3,9,4,3,9,4,3,9,4,3,9,4,3,8,4,3,8,4,3,8,4,3,8,4,3,8,4,3,8,4,3,0,0,0,0,0,0,0,0,0
496,data/aihub_traffic/test/images/d_validation_1920_1080_daylight_2/14271456.jpg,8,6,3,2,6,3,2,6,3,2,6,3,2,6,3,2,6,3,2,4,3,3,4,3,3,4,3,3,4,3,3,4,3,3,4,3,3,0,0,0,0,0,0,0,0,0
497,data/aihub_traffic/test/images/d_validation_1920_1080_daylight_2/14271462.jpg,5,7,4,4,7,4,4,7,4,4,7,4,4,7,4,4,7,4,4,9,4,4,9,4,4,9,4,4,9,4,4,9,4,4,9,4,4,0,0,0,0,0,0,0,0,0
498,data/aihub_traffic/test/images/d_validation_1920_1080_daylight_2/14271468.jpg,7,7,6,5,7,6,5,7,6,5,7,6,5,7,6,5,7,6,5,6,6,5,6,6,5,6,6,5,6,6,5,6,6,5,6,6,5,0,0,0,0,0,0,0,0,0
499,data/aihub_traffic/test/images/d_validation_1920_1080_daylight_2/14271811.jpg,15,4,4,2,4,4,2,4,4,2,4,4,2,4,4,2,4,4,2,4,4,2,4,4,2,4,4,2,4,4,2,4,4,2,4,4,2,0,0,0,0,0,0,0,0,0
500,data/aihub_traffic/test/images/d_validation_1920_1080_daylight_2/14271817.jpg,0,0,0,0,0,0,0,0,0,0,0,0,0,0,0,0,0,0,0,0,0,0,0,0,0,0,0,0,0,0,0,0,0,0,0,0,0,0,0,0,0,0,0,0,0,0
501,data/aihub_traffic/test/images/d_validation_1920_1080_daylight_2/14271823.jpg,5,6,5,5,6,5,5,6,5,5,6,5,5,6,5,5,6,5,5,6,5,5,6,5,5,6,5,5,6,5,5,6,5,5,6,5,5,0,0,0,0,0,0,0,0,0
502,data/aihub_traffic/test/images/d_validation_1920_1080_daylight_2/14271829.jpg,2,4,2,1,4,2,1,4,2,1,4,2,1,4,2,1,4,2,1,4,2,1,4,2,1,4,2,1,4,2,1,4,2,1,4,2,1,0,0,0,0,0,0,0,0,0
503,data/aihub_traffic/test/images/d_validation_1920_1080_daylight_2/14271836.jpg,5,6,3,1,6,3,1,6,3,1,6,3,1,6,3,1,6,3,1,6,3,2,6,3,2,6,3,2,6,3,2,6,3,2,6,3,2,0,0,0,0,0,0,0,0,0
504,data/aihub_traffic/test/images/d_validation_1920_1080_daylight_2/14272818.jpg,1,0,0,0,0,0,0,0,0,0,0,0,0,0,0,0,0,0,0,0,0,0,0,0,0,0,0,0,0,0,0,0,0,0,0,0,0,0,0,0,0,0,0,0,0,0
505,data/aihub_traffic/test/images/d_validation_1920_1080_daylight_2/14272824.jpg,6,5,5,5,5,5,5,5,5,5,5,5,4,5,5,4,5,5,4,5,5,5,5,5,5,5,5,5,5,5,5,5,5,5,5,5,5,0,0,0,0,0,0,0,0,0
506,data/aihub_traffic/test/images/d_validation_1920_1080_daylight_2/14272830.jpg,8,9,4,4,9,4,4,9,4,4,9,4,4,9,4,4,9,4,4,8,4,4,8,4,4,8,4,4,8,4,4,8,4,4,8,4,4,0,0,0,0,0,0,0,0,0
507,data/aihub_traffic/test/images/d_validation_1920_1080_daylight_2/14272838.jpg,9,3,3,3,3,3,3,3,3,3,3,3,3,3,3,3,3,3,3,4,3,3,4,3,3,4,3,3,4,3,3,4,3,3,4,3,3,0,0,0,0,0,0,0,0,0
508,data/aihub_traffic/test/images/d_validation_1920_1080_daylight_2/14276473.jpg,6,3,2,1,3,2,1,3,2,1,3,2,1,3,2,1,3,2,1,3,2,1,3,2,1,3,2,1,3,2,1,3,2,1,3,2,1,0,0,0,0,0,0,0,0,0
509,data/aihub_traffic/test/images/d_validation_1920_1080_daylight_2/14276480.jpg,9,3,2,1,3,2,1,3,2,1,3,2,1,3,2,1,3,2,1,3,2,2,3,2,2,3,2,2,3,2,2,3,2,2,3,2,2,0,0,0,0,0,0,0,0,0
510,data/aihub_traffic/test/images/d_validation_1920_1080_daylight_2/14276490.jpg,5,3,2,2,3,2,2,3,2,2,3,2,2,3,2,2,3,2,2,3,2,2,3,2,2,3,2,2,3,2,2,3,2,2,3,2,2,0,0,0,0,0,0,0,0,0
511,data/aihub_traffic/test/images/d_validation_1920_1080_daylight_2/14276501.jpg,3,2,1,1,2,1,1,2,1,1,2,1,1,2,1,1,2,1,1,2,1,1,2,1,1,2,1,1,2,1,1,2,1,1,2,1,1,0,0,0,0,0,0,0,0,0
512,data/aihub_traffic/test/images/d_validation_1920_1080_daylight_2/14277619.jpg,0,0,0,0,0,0,0,0,0,0,0,0,0,0,0,0,0,0,0,0,0,0,0,0,0,0,0,0,0,0,0,0,0,0,0,0,0,0,0,0,0,0,0,0,0,0
513,data/aihub_traffic/test/images/d_validation_1920_1080_daylight_2/14277799.jpg,12,8,6,5,8,6,5,8,6,5,8,6,5,8,6,5,8,6,5,5,4,3,5,4,3,5,4,3,5,4,3,5,4,3,5,4,3,0,0,0,0,0,0,0,0,0
514,data/aihub_traffic/test/images/d_validation_1920_1080_daylight_2/14277810.jpg,2,0,0,0,0,0,0,0,0,0,0,0,0,0,0,0,0,0,0,0,0,0,0,0,0,0,0,0,0,0,0,0,0,0,0,0,0,0,0,0,0,0,0,0,0,0
515,data/aihub_traffic/test/images/d_validation_1920_1080_daylight_2/14279573.jpg,11,2,1,0,2,1,0,2,1,0,2,1,0,2,1,0,2,1,0,2,1,0,2,1,0,2,1,0,2,1,0,2,1,0,2,1,0,0,0,0,0,0,0,0,0,0
516,data/aihub_traffic/test/images/d_validation_1920_1080_daylight_2/14279584.jpg,13,6,5,4,6,5,4,6,5,4,7,6,4,7,6,4,7,6,4,5,5,3,5,5,3,5,5,3,5,5,3,5,5,3,5,5,3,0,0,0,0,0,0,0,0,0
517,data/aihub_traffic/test/images/d_validation_1920_1080_daylight_2/14283613.jpg,5,5,5,5,5,5,5,5,5,5,5,5,4,5,5,4,5,5,4,5,5,4,5,5,4,5,5,4,5,5,4,5,5,4,5,5,4,0,0,0,0,0,0,0,0,0
518,data/aihub_traffic/test/images/d_validation_1920_1080_daylight_2/14287056.jpg,11,11,9,9,11,9,9,11,9,9,11,9,9,11,9,9,11,9,9,11,10,9,11,10,9,11,10,9,11,10,9,11,10,9,11,10,9,0,0,0,0,0,0,0,0,0
519,data/aihub_traffic/test/images/d_validation_1920_1080_daylight_2/14291399.jpg,1,3,1,1,3,1,1,3,1,1,3,1,1,3,1,1,3,1,1,3,1,1,3,1,1,3,1,1,3,1,1,3,1,1,3,1,1,0,0,0,0,0,0,0,0,0
520,data/aihub_traffic/test/images/d_validation_1920_1080_daylight_2/14294235.jpg,2,2,2,2,2,2,2,2,2,2,2,2,2,2,2,2,2,2,2,2,2,2,2,2,2,2,2,2,2,2,2,2,2,2,2,2,2,0,0,0,0,0,0,0,0,0
521,data/aihub_traffic/test/images/d_validation_1920_1080_daylight_2/14295996.jpg,2,3,2,2,3,2,2,3,2,2,3,2,2,3,2,2,3,2,2,3,2,2,3,2,2,3,2,2,3,2,2,3,2,2,3,2,2,0,0,0,0,0,0,0,0,0
522,data/aihub_traffic/test/images/d_validation_1920_1080_daylight_2/14296041.jpg,2,1,1,1,1,1,1,1,1,1,1,1,1,1,1,1,1,1,1,1,1,1,1,1,1,1,1,1,1,1,1,1,1,1,1,1,1,0,0,0,0,0,0,0,0,0
523,data/aihub_traffic/test/images/d_validation_1920_1080_daylight_2/14296048.jpg,2,1,1,1,1,1,1,1,1,1,1,1,1,1,1,1,1,1,1,1,1,1,1,1,1,1,1,1,1,1,1,1,1,1,1,1,1,0,0,0,0,0,0,0,0,0
524,data/aihub_traffic/test/images/d_validation_1920_1080_daylight_2/14296078.jpg,0,0,0,0,0,0,0,0,0,0,0,0,0,0,0,0,0,0,0,0,0,0,0,0,0,0,0,0,0,0,0,0,0,0,0,0,0,0,0,0,0,0,0,0,0,0
525,data/aihub_traffic/test/images/d_validation_1920_1080_daylight_2/14311201.jpg,7,0,0,0,0,0,0,0,0,0,0,0,0,0,0,0,0,0,0,0,0,0,0,0,0,0,0,0,0,0,0,0,0,0,0,0,0,0,0,0,0,0,0,0,0,0
526,data/aihub_traffic/test/images/d_validation_1920_1080_daylight_2/14311207.jpg,7,4,4,4,4,4,4,4,4,4,4,4,4,4,4,4,4,4,4,4,4,4,4,4,4,4,4,4,4,4,4,4,4,4,4,4,4,0,0,0,0,0,0,0,0,0
527,data/aihub_traffic/test/images/d_validation_1920_1080_daylight_2/14311214.jpg,6,2,1,1,2,1,1,2,1,1,2,1,1,2,1,1,2,1,1,2,1,1,2,1,1,2,1,1,2,1,1,2,1,1,2,1,1,0,0,0,0,0,0,0,0,0
528,data/aihub_traffic/test/images/d_validation_1920_1080_daylight_2/14311220.jpg,11,7,6,6,7,6,6,7,6,6,7,6,6,7,6,6,7,6,6,7,6,6,7,6,6,7,6,6,7,6,6,7,6,6,7,6,6,0,0,0,0,0,0,0,0,0
529,data/aihub_traffic/test/images/d_validation_1920_1080_daylight_2/14311402.jpg,8,4,4,4,4,4,4,4,4,4,4,4,4,4,4,4,4,4,4,4,4,4,4,4,4,4,4,4,4,4,4,4,4,4,4,4,4,0,0,0,0,0,0,0,0,0
530,data/aihub_traffic/test/images/d_validation_1920_1080_daylight_2/14311409.jpg,2,1,1,1,1,1,1,1,1,1,1,1,1,1,1,1,1,1,1,1,1,1,1,1,1,1,1,1,1,1,1,1,1,1,1,1,1,0,0,0,0,0,0,0,0,0
531,data/aihub_traffic/test/images/d_validation_1920_1080_daylight_2/14311416.jpg,0,0,0,0,0,0,0,0,0,0,0,0,0,0,0,0,0,0,0,0,0,0,0,0,0,0,0,0,0,0,0,0,0,0,0,0,0,0,0,0,0,0,0,0,0,0
532,data/aihub_traffic/test/images/d_validation_1920_1080_daylight_2/14311422.jpg,0,0,0,0,0,0,0,0,0,0,0,0,0,0,0,0,0,0,0,0,0,0,0,0,0,0,0,0,0,0,0,0,0,0,0,0,0,0,0,0,0,0,0,0,0,0
533,data/aihub_traffic/test/images/d_validation_1920_1080_daylight_2/14311428.jpg,0,0,0,0,0,0,0,0,0,0,0,0,0,0,0,0,0,0,0,0,0,0,0,0,0,0,0,0,0,0,0,0,0,0,0,0,0,0,0,0,0,0,0,0,0,0
534,data/aihub_traffic/test/images/d_validation_1920_1080_daylight_2/14311510.jpg,1,0,0,0,0,0,0,0,0,0,0,0,0,0,0,0,0,0,0,0,0,0,0,0,0,0,0,0,0,0,0,0,0,0,0,0,0,0,0,0,0,0,0,0,0,0
535,data/aihub_traffic/test/images/d_validation_1920_1080_daylight_2/14311516.jpg,9,9,6,6,9,6,6,9,6,6,9,6,6,9,6,6,9,6,6,9,6,6,9,6,6,9,6,6,9,6,6,9,6,6,9,6,6,0,0,0,0,0,0,0,0,0
536,data/aihub_traffic/test/images/d_validation_1920_1080_daylight_2/14311522.jpg,3,1,1,1,1,1,1,1,1,1,1,1,1,1,1,1,1,1,1,1,1,1,1,1,1,1,1,1,1,1,1,1,1,1,1,1,1,0,0,0,0,0,0,0,0,0
537,data/aihub_traffic/test/images/d_validation_1920_1080_daylight_2/14311528.jpg,1,2,1,1,2,1,1,2,1,1,2,1,1,2,1,1,2,1,1,2,1,1,2,1,1,2,1,1,2,1,1,2,1,1,2,1,1,0,0,0,0,0,0,0,0,0
538,data/aihub_traffic/test/images/d_validation_1920_1080_daylight_2/14311702.jpg,4,3,2,2,3,2,2,3,2,2,3,2,2,3,2,2,3,2,2,3,2,2,3,2,2,3,2,2,3,2,2,3,2,2,3,2,2,0,0,0,0,0,0,0,0,0
539,data/aihub_traffic/test/images/d_validation_1920_1080_daylight_2/14311708.jpg,6,5,5,4,5,5,4,5,5,4,5,5,4,5,5,4,5,5,4,5,4,3,5,4,3,5,4,3,5,4,3,5,4,3,5,4,3,0,0,0,0,0,0,0,0,0
540,data/aihub_traffic/test/images/d_validation_1920_1080_daylight_2/14317627.jpg,1,0,0,0,0,0,0,0,0,0,0,0,0,0,0,0,0,0,0,0,0,0,0,0,0,0,0,0,0,0,0,0,0,0,0,0,0,0,0,0,0,0,0,0,0,0
541,data/aihub_traffic/test/images/d_validation_1920_1080_daylight_2/14317633.jpg,5,4,1,0,4,1,0,4,1,0,4,1,0,4,1,0,4,1,0,1,0,0,1,0,0,1,0,0,1,0,0,1,0,0,1,0,0,0,0,0,0,0,0,0,0,0
542,data/aihub_traffic/test/images/d_validation_1920_1080_daylight_2/14317639.jpg,3,1,1,1,1,1,1,1,1,1,1,1,1,1,1,1,1,1,1,1,1,1,1,1,1,1,1,1,1,1,1,1,1,1,1,1,1,0,0,0,0,0,0,0,0,0
543,data/aihub_traffic/test/images/d_validation_1920_1080_daylight_2/14317648.jpg,0,0,0,0,0,0,0,0,0,0,0,0,0,0,0,0,0,0,0,0,0,0,0,0,0,0,0,0,0,0,0,0,0,0,0,0,0,0,0,0,0,0,0,0,0,0
544,data/aihub_traffic/test/images/d_validation_1920_1080_daylight_2/14317815.jpg,3,0,0,0,0,0,0,0,0,0,0,0,0,0,0,0,0,0,0,0,0,0,0,0,0,0,0,0,0,0,0,0,0,0,0,0,0,0,0,0,0,0,0,0,0,0
545,data/aihub_traffic/test/images/d_validation_1920_1080_daylight_2/14317821.jpg,5,3,2,2,3,2,2,3,2,2,3,2,2,3,2,2,3,2,2,4,2,2,4,2,2,4,2,2,4,2,2,4,2,2,4,2,2,0,0,0,0,0,0,0,0,0
546,data/aihub_traffic/test/images/d_validation_1920_1080_daylight_2/14317827.jpg,4,5,4,4,5,4,4,5,4,4,5,4,4,5,4,4,5,4,4,5,4,4,5,4,4,5,4,4,5,4,4,5,4,4,5,4,4,0,0,0,0,0,0,0,0,0
547,data/aihub_traffic/test/images/d_validation_1920_1080_daylight_2/14317834.jpg,0,0,0,0,0,0,0,0,0,0,0,0,0,0,0,0,0,0,0,0,0,0,0,0,0,0,0,0,0,0,0,0,0,0,0,0,0,0,0,0,0,0,0,0,0,0
548,data/aihub_traffic/test/images/d_validation_1920_1080_daylight_2/14317840.jpg,0,0,0,0,0,0,0,0,0,0,0,0,0,0,0,0,0,0,0,0,0,0,0,0,0,0,0,0,0,0,0,0,0,0,0,0,0,0,0,0,0,0,0,0,0,0
549,data/aihub_traffic/test/images/d_validation_1920_1080_daylight_2/14317848.jpg,0,0,0,0,0,0,0,0,0,0,0,0,0,0,0,0,0,0,0,0,0,0,0,0,0,0,0,0,0,0,0,0,0,0,0,0,0,0,0,0,0,0,0,0,0,0
550,data/aihub_traffic/test/images/d_validation_1920_1080_daylight_2/14317856.jpg,0,0,0,0,0,0,0,0,0,0,0,0,0,0,0,0,0,0,0,0,0,0,0,0,0,0,0,0,0,0,0,0,0,0,0,0,0,0,0,0,0,0,0,0,0,0
551,data/aihub_traffic/test/images/d_validation_1920_1080_daylight_2/14317862.jpg,0,0,0,0,0,0,0,0,0,0,0,0,0,0,0,0,0,0,0,0,0,0,0,0,0,0,0,0,0,0,0,0,0,0,0,0,0,0,0,0,0,0,0,0,0,0
552,data/aihub_traffic/test/images/d_validation_1920_1080_daylight_2/14317869.jpg,1,1,0,0,1,0,0,1,0,0,1,0,0,1,0,0,1,0,0,1,0,0,1,0,0,1,0,0,1,0,0,1,0,0,1,0,0,0,0,0,0,0,0,0,0,0
553,data/aihub_traffic/test/images/d_validation_1920_1080_daylight_2/14317942.jpg,2,1,1,1,1,1,1,1,1,1,1,1,1,1,1,1,1,1,1,1,1,1,1,1,1,1,1,1,1,1,1,1,1,1,1,1,1,0,0,0,0,0,0,0,0,0
554,data/aihub_traffic/test/images/d_validation_1920_1080_daylight_2/14317948.jpg,4,3,2,2,3,2,2,3,2,2,3,2,2,3,2,2,3,2,2,2,2,2,2,2,2,2,2,2,2,2,2,2,2,2,2,2,2,0,0,0,0,0,0,0,0,0
555,data/aihub_traffic/test/images/d_validation_1920_1080_daylight_2/14317954.jpg,9,7,6,5,7,6,5,7,6,5,7,6,5,7,6,5,7,6,5,7,6,5,7,6,5,7,6,5,7,6,5,7,6,5,7,6,5,0,0,0,0,0,0,0,0,0
556,data/aihub_traffic/test/images/d_validation_1920_1080_daylight_2/14400108.jpg,3,2,2,2,2,2,2,2,2,2,2,2,1,2,2,1,2,2,1,2,2,2,2,2,2,2,2,2,2,2,2,2,2,2,2,2,2,0,0,0,0,0,0,0,0,0
557,data/aihub_traffic/test/images/d_validation_1920_1080_daylight_2/14400114.jpg,4,2,2,2,2,2,2,2,2,2,2,2,2,2,2,2,2,2,2,2,2,2,2,2,2,2,2,2,2,2,2,2,2,2,2,2,2,0,0,0,0,0,0,0,0,0
558,data/aihub_traffic/test/images/d_validation_1920_1080_daylight_2/14400120.jpg,2,0,0,0,0,0,0,0,0,0,0,0,0,0,0,0,0,0,0,0,0,0,0,0,0,0,0,0,0,0,0,0,0,0,0,0,0,0,0,0,0,0,0,0,0,0
559,data/aihub_traffic/test/images/d_validation_1920_1080_daylight_2/14400127.jpg,0,1,0,0,1,0,0,1,0,0,1,0,0,1,0,0,1,0,0,1,0,0,1,0,0,1,0,0,1,0,0,1,0,0,1,0,0,0,0,0,0,0,0,0,0,0
560,data/aihub_traffic/test/images/d_validation_1920_1080_daylight_2/14400271.jpg,3,0,0,0,0,0,0,0,0,0,0,0,0,0,0,0,0,0,0,0,0,0,0,0,0,0,0,0,0,0,0,0,0,0,0,0,0,0,0,0,0,0,0,0,0,0
561,data/aihub_traffic/test/images/d_validation_1920_1080_daylight_2/14400278.jpg,4,6,4,4,6,4,4,6,4,4,6,4,4,6,4,4,6,4,4,4,4,4,4,4,4,4,4,4,4,4,4,4,4,4,4,4,4,0,0,0,0,0,0,0,0,0
562,data/aihub_traffic/test/images/d_validation_1920_1080_daylight_2/14400284.jpg,1,1,1,1,1,1,1,1,1,1,1,1,1,1,1,1,1,1,1,1,1,1,1,1,1,1,1,1,1,1,1,1,1,1,1,1,1,0,0,0,0,0,0,0,0,0
563,data/aihub_traffic/test/images/d_validation_1920_1080_daylight_2/14400291.jpg,0,0,0,0,0,0,0,0,0,0,0,0,0,0,0,0,0,0,0,0,0,0,0,0,0,0,0,0,0,0,0,0,0,0,0,0,0,0,0,0,0,0,0,0,0,0
564,data/aihub_traffic/test/images/d_validation_1920_1080_daylight_2/14400298.jpg,1,1,1,1,1,1,1,1,1,1,1,1,1,1,1,1,1,1,1,1,1,1,1,1,1,1,1,1,1,1,1,1,1,1,1,1,1,0,0,0,0,0,0,0,0,0
565,data/aihub_traffic/test/images/d_validation_1920_1080_daylight_2/14400637.jpg,6,0,0,0,0,0,0,0,0,0,0,0,0,0,0,0,0,0,0,0,0,0,0,0,0,0,0,0,0,0,0,0,0,0,0,0,0,0,0,0,0,0,0,0,0,0
566,data/aihub_traffic/test/images/d_validation_1920_1080_daylight_2/14400643.jpg,5,0,0,0,0,0,0,0,0,0,0,0,0,0,0,0,0,0,0,0,0,0,0,0,0,0,0,0,0,0,0,0,0,0,0,0,0,0,0,0,0,0,0,0,0,0
567,data/aihub_traffic/test/images/d_validation_1920_1080_daylight_2/14400649.jpg,4,2,2,2,2,2,2,2,2,2,2,2,2,2,2,2,2,2,2,2,2,2,2,2,2,2,2,2,2,2,2,2,2,2,2,2,2,0,0,0,0,0,0,0,0,0
568,data/aihub_traffic/test/images/d_validation_1920_1080_daylight_2/14400656.jpg,5,0,0,0,0,0,0,0,0,0,0,0,0,0,0,0,0,0,0,0,0,0,0,0,0,0,0,0,0,0,0,0,0,0,0,0,0,0,0,0,0,0,0,0,0,0
569,data/aihub_traffic/test/images/d_validation_1920_1080_daylight_2/14400662.jpg,10,2,2,2,2,2,2,2,2,2,2,2,2,2,2,2,2,2,2,2,2,2,2,2,2,2,2,2,2,2,2,2,2,2,2,2,2,0,0,0,0,0,0,0,0,0
570,data/aihub_traffic/test/images/d_validation_1920_1080_daylight_2/14400679.jpg,2,0,0,0,0,0,0,0,0,0,0,0,0,0,0,0,0,0,0,1,0,0,1,0,0,1,0,0,1,0,0,1,0,0,1,0,0,0,0,0,0,0,0,0,0,0
571,data/aihub_traffic/test/images/d_validation_1920_1080_daylight_2/14400686.jpg,1,0,0,0,0,0,0,0,0,0,0,0,0,0,0,0,0,0,0,0,0,0,0,0,0,0,0,0,0,0,0,0,0,0,0,0,0,0,0,0,0,0,0,0,0,0
572,data/aihub_traffic/test/images/d_validation_1920_1080_daylight_2/14421683.jpg,1,0,0,0,0,0,0,0,0,0,0,0,0,0,0,0,0,0,0,0,0,0,0,0,0,0,0,0,0,0,0,0,0,0,0,0,0,0,0,0,0,0,0,0,0,0
573,data/aihub_traffic/test/images/d_validation_1920_1080_daylight_2/14421690.jpg,0,0,0,0,0,0,0,0,0,0,0,0,0,0,0,0,0,0,0,0,0,0,0,0,0,0,0,0,0,0,0,0,0,0,0,0,0,0,0,0,0,0,0,0,0,0
574,data/aihub_traffic/test/images/d_validation_1920_1080_daylight_2/14422021.jpg,0,0,0,0,0,0,0,0,0,0,0,0,0,0,0,0,0,0,0,0,0,0,0,0,0,0,0,0,0,0,0,0,0,0,0,0,0,0,0,0,0,0,0,0,0,0
575,data/aihub_traffic/test/images/d_validation_1920_1080_daylight_2/14422027.jpg,1,0,0,0,0,0,0,0,0,0,0,0,0,0,0,0,0,0,0,0,0,0,0,0,0,0,0,0,0,0,0,0,0,0,0,0,0,0,0,0,0,0,0,0,0,0
576,data/aihub_traffic/test/images/d_validation_1920_1080_daylight_2/14422033.jpg,1,2,1,0,2,1,0,2,1,0,2,1,0,2,1,0,2,1,0,1,1,0,1,1,0,1,1,0,1,1,0,1,1,0,1,1,0,0,0,0,0,0,0,0,0,0
577,data/aihub_traffic/test/images/d_validation_1920_1080_daylight_2/14422039.jpg,1,0,0,0,0,0,0,0,0,0,0,0,0,0,0,0,0,0,0,0,0,0,0,0,0,0,0,0,0,0,0,0,0,0,0,0,0,0,0,0,0,0,0,0,0,0
578,data/aihub_traffic/test/images/d_validation_1920_1080_daylight_2/14422046.jpg,3,2,1,1,2,1,1,2,1,1,2,1,1,2,1,1,2,1,1,1,1,1,1,1,1,1,1,1,1,1,1,1,1,1,1,1,1,0,0,0,0,0,0,0,0,0
579,data/aihub_traffic/test/images/d_validation_1920_1080_daylight_2/14422283.jpg,0,0,0,0,0,0,0,0,0,0,0,0,0,0,0,0,0,0,0,0,0,0,0,0,0,0,0,0,0,0,0,0,0,0,0,0,0,0,0,0,0,0,0,0,0,0
580,data/aihub_traffic/test/images/d_validation_1920_1080_daylight_2/14422289.jpg,0,0,0,0,0,0,0,0,0,0,0,0,0,0,0,0,0,0,0,0,0,0,0,0,0,0,0,0,0,0,0,0,0,0,0,0,0,0,0,0,0,0,0,0,0,0
581,data/aihub_traffic/test/images/d_validation_1920_1080_daylight_2/14422295.jpg,0,0,0,0,0,0,0,0,0,0,0,0,0,0,0,0,0,0,0,0,0,0,0,0,0,0,0,0,0,0,0,0,0,0,0,0,0,0,0,0,0,0,0,0,0,0
582,data/aihub_traffic/test/images/d_validation_1920_1080_daylight_2/14422301.jpg,0,0,0,0,0,0,0,0,0,0,0,0,0,0,0,0,0,0,0,0,0,0,0,0,0,0,0,0,0,0,0,0,0,0,0,0,0,0,0,0,0,0,0,0,0,0
583,data/aihub_traffic/test/images/d_validation_1920_1080_daylight_2/14422308.jpg,1,0,0,0,0,0,0,0,0,0,0,0,0,0,0,0,0,0,0,0,0,0,0,0,0,0,0,0,0,0,0,0,0,0,0,0,0,0,0,0,0,0,0,0,0,0
584,data/aihub_traffic/test/images/d_validation_1920_1080_daylight_2/14422323.jpg,0,0,0,0,0,0,0,0,0,0,0,0,0,0,0,0,0,0,0,0,0,0,0,0,0,0,0,0,0,0,0,0,0,0,0,0,0,0,0,0,0,0,0,0,0,0
585,data/aihub_traffic/test/images/d_validation_1920_1080_daylight_2/14422329.jpg,1,0,0,0,0,0,0,0,0,0,0,0,0,0,0,0,0,0,0,0,0,0,0,0,0,0,0,0,0,0,0,0,0,0,0,0,0,0,0,0,0,0,0,0,0,0
586,data/aihub_traffic/test/images/d_validation_1920_1080_daylight_2/14422336.jpg,1,0,0,0,0,0,0,0,0,0,0,0,0,0,0,0,0,0,0,0,0,0,0,0,0,0,0,0,0,0,0,0,0,0,0,0,0,0,0,0,0,0,0,0,0,0
587,data/aihub_traffic/test/images/d_validation_1920_1080_daylight_2/14422343.jpg,1,0,0,0,0,0,0,0,0,0,0,0,0,0,0,0,0,0,0,0,0,0,0,0,0,0,0,0,0,0,0,0,0,0,0,0,0,0,0,0,0,0,0,0,0,0
588,data/aihub_traffic/test/images/d_validation_1920_1080_daylight_2/14427747.jpg,2,3,1,1,3,1,1,3,1,1,3,1,1,3,1,1,3,1,1,3,1,1,3,1,1,3,1,1,3,1,1,3,1,1,3,1,1,0,0,0,0,0,0,0,0,0
589,data/aihub_traffic/test/images/d_validation_1920_1080_daylight_2/14427754.jpg,0,0,0,0,0,0,0,0,0,0,0,0,0,0,0,0,0,0,0,0,0,0,0,0,0,0,0,0,0,0,0,0,0,0,0,0,0,0,0,0,0,0,0,0,0,0
590,data/aihub_traffic/test/images/d_validation_1920_1080_daylight_2/14427765.jpg,0,0,0,0,0,0,0,0,0,0,0,0,0,0,0,0,0,0,0,0,0,0,0,0,0,0,0,0,0,0,0,0,0,0,0,0,0,0,0,0,0,0,0,0,0,0
591,data/aihub_traffic/test/images/d_validation_1920_1080_daylight_2/14427772.jpg,0,0,0,0,0,0,0,0,0,0,0,0,0,0,0,0,0,0,0,0,0,0,0,0,0,0,0,0,0,0,0,0,0,0,0,0,0,0,0,0,0,0,0,0,0,0
592,data/aihub_traffic/test/images/d_validation_1920_1080_daylight_2/14427781.jpg,0,0,0,0,0,0,0,0,0,0,0,0,0,0,0,0,0,0,0,0,0,0,0,0,0,0,0,0,0,0,0,0,0,0,0,0,0,0,0,0,0,0,0,0,0,0
593,data/aihub_traffic/test/images/d_validation_1920_1080_daylight_2/14427787.jpg,0,0,0,0,0,0,0,0,0,0,0,0,0,0,0,0,0,0,0,0,0,0,0,0,0,0,0,0,0,0,0,0,0,0,0,0,0,0,0,0,0,0,0,0,0,0
594,data/aihub_traffic/test/images/d_validation_1920_1080_daylight_2/14427794.jpg,5,4,4,3,4,4,3,4,4,3,4,4,3,4,4,3,4,4,3,4,4,3,4,4,3,4,4,3,4,4,3,4,4,3,4,4,3,0,0,0,0,0,0,0,0,0
595,data/aihub_traffic/test/images/d_validation_1920_1080_daylight_2/14427802.jpg,0,1,0,0,1,0,0,1,0,0,1,0,0,1,0,0,1,0,0,1,0,0,1,0,0,1,0,0,1,0,0,1,0,0,1,0,0,0,0,0,0,0,0,0,0,0
596,data/aihub_traffic/test/images/d_validation_1920_1080_daylight_2/14427809.jpg,6,0,0,0,0,0,0,0,0,0,0,0,0,0,0,0,0,0,0,0,0,0,0,0,0,0,0,0,0,0,0,0,0,0,0,0,0,0,0,0,0,0,0,0,0,0
597,data/aihub_traffic/test/images/d_validation_1920_1080_daylight_2/14427815.jpg,5,1,1,0,1,1,0,1,1,0,1,1,0,1,1,0,1,1,0,1,1,0,1,1,0,1,1,0,1,1,0,1,1,0,1,1,0,0,0,0,0,0,0,0,0,0
598,data/aihub_traffic/test/images/d_validation_1920_1080_daylight_2/14427821.jpg,0,0,0,0,0,0,0,0,0,0,0,0,0,0,0,0,0,0,0,0,0,0,0,0,0,0,0,0,0,0,0,0,0,0,0,0,0,0,0,0,0,0,0,0,0,0
599,data/aihub_traffic/test/images/d_validation_1920_1080_daylight_2/14427959.jpg,0,0,0,0,0,0,0,0,0,0,0,0,0,0,0,0,0,0,0,0,0,0,0,0,0,0,0,0,0,0,0,0,0,0,0,0,0,0,0,0,0,0,0,0,0,0
600,data/aihub_traffic/test/images/d_validation_1920_1080_daylight_2/14427976.jpg,0,0,0,0,0,0,0,0,0,0,0,0,0,0,0,0,0,0,0,0,0,0,0,0,0,0,0,0,0,0,0,0,0,0,0,0,0,0,0,0,0,0,0,0,0,0
601,data/aihub_traffic/test/images/d_validation_1920_1080_daylight_2/14427986.jpg,1,0,0,0,0,0,0,0,0,0,0,0,0,0,0,0,0,0,0,0,0,0,0,0,0,0,0,0,0,0,0,0,0,0,0,0,0,0,0,0,0,0,0,0,0,0
602,data/aihub_traffic/test/images/d_validation_1920_1080_daylight_2/14427992.jpg,0,5,0,0,5,0,0,5,0,0,5,0,0,5,0,0,5,0,0,2,0,0,2,0,0,2,0,0,2,0,0,2,0,0,2,0,0,0,0,0,0,0,0,0,0,0
603,data/aihub_traffic/test/images/d_validation_1920_1080_daylight_2/14455392.jpg,8,6,5,4,6,5,4,6,5,4,6,5,4,6,5,4,6,5,4,6,5,4,6,5,4,6,5,4,6,5,4,6,5,4,6,5,4,0,0,0,0,0,0,0,0,0
604,data/aihub_traffic/test/images/d_validation_1920_1080_daylight_2/14455399.jpg,8,8,6,5,8,6,5,8,6,5,8,6,5,8,6,5,8,6,5,8,6,5,8,6,5,8,6,5,8,6,5,8,6,5,8,6,5,0,0,0,0,0,0,0,0,0
605,data/aihub_traffic/test/images/d_validation_1920_1080_daylight_2/14455405.jpg,1,0,0,0,0,0,0,0,0,0,0,0,0,0,0,0,0,0,0,0,0,0,0,0,0,0,0,0,0,0,0,0,0,0,0,0,0,0,0,0,0,0,0,0,0,0
606,data/aihub_traffic/test/images/d_validation_1920_1080_daylight_2/14455411.jpg,1,1,1,1,1,1,1,1,1,1,1,1,1,1,1,1,1,1,1,1,1,1,1,1,1,1,1,1,1,1,1,1,1,1,1,1,1,0,0,0,0,0,0,0,0,0
607,data/aihub_traffic/test/images/d_validation_1920_1080_daylight_2/14455526.jpg,1,0,0,0,0,0,0,0,0,0,0,0,0,0,0,0,0,0,0,0,0,0,0,0,0,0,0,0,0,0,0,0,0,0,0,0,0,0,0,0,0,0,0,0,0,0
608,data/aihub_traffic/test/images/d_validation_1920_1080_daylight_2/14455532.jpg,5,3,3,2,3,3,2,3,3,2,3,3,2,3,3,2,3,3,2,2,2,1,2,2,1,2,2,1,2,2,1,2,2,1,2,2,1,0,0,0,0,0,0,0,0,0
609,data/aihub_traffic/test/images/d_validation_1920_1080_daylight_2/14455539.jpg,2,3,1,1,3,1,1,3,1,1,3,1,1,3,1,1,3,1,1,4,1,1,4,1,1,4,1,1,4,1,1,4,1,1,4,1,1,0,0,0,0,0,0,0,0,0
610,data/aihub_traffic/test/images/d_validation_1920_1080_daylight_2/14455735.jpg,3,3,2,2,3,2,2,3,2,2,3,2,2,3,2,2,3,2,2,2,2,2,2,2,2,2,2,2,2,2,2,2,2,2,2,2,2,0,0,0,0,0,0,0,0,0
611,data/aihub_traffic/test/images/d_validation_1920_1080_daylight_2/14455741.jpg,3,3,2,2,3,2,2,3,2,2,3,2,2,3,2,2,3,2,2,2,2,2,2,2,2,2,2,2,2,2,2,2,2,2,2,2,2,0,0,0,0,0,0,0,0,0
612,data/aihub_traffic/test/images/d_validation_1920_1080_daylight_2/14455747.jpg,3,3,2,2,3,2,2,3,2,2,3,2,2,3,2,2,3,2,2,3,2,2,3,2,2,3,2,2,3,2,2,3,2,2,3,2,2,0,0,0,0,0,0,0,0,0
613,data/aihub_traffic/test/images/d_validation_1920_1080_daylight_2/14455753.jpg,3,2,2,2,2,2,2,2,2,2,2,2,2,2,2,2,2,2,2,2,2,2,2,2,2,2,2,2,2,2,2,2,2,2,2,2,2,0,0,0,0,0,0,0,0,0
614,data/aihub_traffic/test/images/d_validation_1920_1080_daylight_2/14455759.jpg,2,2,2,2,2,2,2,2,2,2,2,2,2,2,2,2,2,2,2,3,2,2,3,2,2,3,2,2,3,2,2,3,2,2,3,2,2,0,0,0,0,0,0,0,0,0
615,data/aihub_traffic/test/images/d_validation_1920_1080_daylight_2/14455999.jpg,2,2,2,2,2,2,2,2,2,2,2,2,2,2,2,2,2,2,2,2,2,2,2,2,2,2,2,2,2,2,2,2,2,2,2,2,2,0,0,0,0,0,0,0,0,0
616,data/aihub_traffic/test/images/d_validation_1920_1080_daylight_2/14456005.jpg,2,2,2,2,2,2,2,2,2,2,2,2,2,2,2,2,2,2,2,2,2,2,2,2,2,2,2,2,2,2,2,2,2,2,2,2,2,0,0,0,0,0,0,0,0,0
617,data/aihub_traffic/test/images/d_validation_1920_1080_daylight_2/14456011.jpg,2,2,2,2,2,2,2,2,2,2,2,2,2,2,2,2,2,2,2,2,2,2,2,2,2,2,2,2,2,2,2,2,2,2,2,2,2,0,0,0,0,0,0,0,0,0
618,data/aihub_traffic/test/images/d_validation_1920_1080_daylight_2/14456017.jpg,2,3,2,2,3,2,2,3,2,2,3,2,2,3,2,2,3,2,2,3,2,2,3,2,2,3,2,2,3,2,2,3,2,2,3,2,2,0,0,0,0,0,0,0,0,0
619,data/aihub_traffic/test/images/d_validation_1920_1080_daylight_2/14456023.jpg,2,3,2,2,3,2,2,3,2,2,3,2,2,3,2,2,3,2,2,3,2,2,3,2,2,3,2,2,3,2,2,3,2,2,3,2,2,0,0,0,0,0,0,0,0,0
620,data/aihub_traffic/test/images/d_validation_1920_1080_daylight_2/14473539.jpg,0,0,0,0,0,0,0,0,0,0,0,0,0,0,0,0,0,0,0,0,0,0,0,0,0,0,0,0,0,0,0,0,0,0,0,0,0,0,0,0,0,0,0,0,0,0
621,data/aihub_traffic/test/images/d_validation_1920_1080_daylight_2/14473545.jpg,0,0,0,0,0,0,0,0,0,0,0,0,0,0,0,0,0,0,0,0,0,0,0,0,0,0,0,0,0,0,0,0,0,0,0,0,0,0,0,0,0,0,0,0,0,0
622,data/aihub_traffic/test/images/d_validation_1920_1080_daylight_2/14473808.jpg,3,0,0,0,0,0,0,0,0,0,0,0,0,0,0,0,0,0,0,0,0,0,0,0,0,0,0,0,0,0,0,0,0,0,0,0,0,0,0,0,0,0,0,0,0,0
623,data/aihub_traffic/test/images/d_validation_1920_1080_daylight_2/14473814.jpg,2,4,2,2,4,2,2,4,2,2,4,2,2,4,2,2,4,2,2,5,2,2,5,2,2,5,2,2,5,2,2,5,2,2,5,2,2,0,0,0,0,0,0,0,0,0
624,data/aihub_traffic/test/images/d_validation_1920_1080_daylight_2/14473821.jpg,3,4,2,2,4,2,2,4,2,2,4,2,2,4,2,2,4,2,2,3,2,2,3,2,2,3,2,2,3,2,2,3,2,2,3,2,2,0,0,0,0,0,0,0,0,0
625,data/aihub_traffic/test/images/d_validation_1920_1080_daylight_2/14473827.jpg,1,1,1,1,1,1,1,1,1,1,1,1,1,1,1,1,1,1,1,1,1,1,1,1,1,1,1,1,1,1,1,1,1,1,1,1,1,0,0,0,0,0,0,0,0,0
626,data/aihub_traffic/test/images/d_validation_1920_1080_daylight_2/14473833.jpg,0,0,0,0,0,0,0,0,0,0,0,0,0,0,0,0,0,0,0,0,0,0,0,0,0,0,0,0,0,0,0,0,0,0,0,0,0,0,0,0,0,0,0,0,0,0
627,data/aihub_traffic/test/images/d_validation_1920_1080_daylight_2/14474138.jpg,0,0,0,0,0,0,0,0,0,0,0,0,0,0,0,0,0,0,0,0,0,0,0,0,0,0,0,0,0,0,0,0,0,0,0,0,0,0,0,0,0,0,0,0,0,0
628,data/aihub_traffic/test/images/d_validation_1920_1080_daylight_2/14474144.jpg,5,3,3,3,3,3,3,3,3,3,3,3,3,3,3,3,3,3,3,4,3,3,4,3,3,4,3,3,4,3,3,4,3,3,4,3,3,0,0,0,0,0,0,0,0,0
629,data/aihub_traffic/test/images/d_validation_1920_1080_daylight_2/14474150.jpg,5,4,4,3,4,4,3,4,4,3,4,4,3,4,4,3,4,4,3,5,4,3,5,4,3,5,4,3,5,4,3,5,4,3,5,4,3,0,0,0,0,0,0,0,0,0
630,data/aihub_traffic/test/images/d_validation_1920_1080_daylight_2/14474157.jpg,3,0,0,0,0,0,0,0,0,0,0,0,0,0,0,0,0,0,0,0,0,0,0,0,0,0,0,0,0,0,0,0,0,0,0,0,0,0,0,0,0,0,0,0,0,0
631,data/aihub_traffic/test/images/d_validation_1920_1080_daylight_2/14474163.jpg,0,1,0,0,1,0,0,1,0,0,1,0,0,1,0,0,1,0,0,0,0,0,0,0,0,0,0,0,0,0,0,0,0,0,0,0,0,0,0,0,0,0,0,0,0,0
632,data/aihub_traffic/test/images/d_validation_1920_1080_daylight_2/14474229.jpg,0,0,0,0,0,0,0,0,0,0,0,0,0,0,0,0,0,0,0,0,0,0,0,0,0,0,0,0,0,0,0,0,0,0,0,0,0,0,0,0,0,0,0,0,0,0
633,data/aihub_traffic/test/images/d_validation_1920_1080_daylight_2/14474237.jpg,4,4,3,2,4,3,2,4,3,2,4,3,2,4,3,2,4,3,2,3,2,2,3,2,2,3,2,2,3,2,2,3,2,2,3,2,2,0,0,0,0,0,0,0,0,0
634,data/aihub_traffic/test/images/d_validation_1920_1080_daylight_2/14474243.jpg,4,4,4,3,4,4,3,4,4,3,4,4,3,4,4,3,4,4,3,4,4,3,4,4,3,4,4,3,4,4,3,4,4,3,4,4,3,0,0,0,0,0,0,0,0,0
635,data/aihub_traffic/test/images/d_validation_1920_1080_daylight_2/14474251.jpg,0,0,0,0,0,0,0,0,0,0,0,0,0,0,0,0,0,0,0,0,0,0,0,0,0,0,0,0,0,0,0,0,0,0,0,0,0,0,0,0,0,0,0,0,0,0
636,data/aihub_traffic/test/images/d_validation_1920_1080_daylight_2/14478313.jpg,6,7,2,1,7,2,1,7,2,1,7,2,1,7,2,1,7,2,1,7,2,1,7,2,1,7,2,1,7,2,1,7,2,1,7,2,1,0,0,0,0,0,0,0,0,0
637,data/aihub_traffic/test/images/d_validation_1920_1080_daylight_2/14478319.jpg,5,4,2,1,4,2,1,4,2,1,4,2,1,4,2,1,4,2,1,4,2,1,4,2,1,4,2,1,4,2,1,4,2,1,4,2,1,0,0,0,0,0,0,0,0,0
638,data/aihub_traffic/test/images/d_validation_1920_1080_daylight_2/14478325.jpg,5,4,3,2,4,3,2,4,3,2,4,3,2,4,3,2,4,3,2,3,2,1,3,2,1,3,2,1,3,2,1,3,2,1,3,2,1,0,0,0,0,0,0,0,0,0
639,data/aihub_traffic/test/images/d_validation_1920_1080_daylight_2/14478331.jpg,4,4,2,2,4,2,2,4,2,2,4,2,2,4,2,2,4,2,2,4,2,1,4,2,1,4,2,1,4,2,1,4,2,1,4,2,1,0,0,0,0,0,0,0,0,0
640,data/aihub_traffic/test/images/d_validation_1920_1080_daylight_2/14478340.jpg,8,8,5,4,8,5,4,8,5,4,8,5,4,8,5,4,8,5,4,8,5,4,8,5,4,8,5,4,8,5,4,8,5,4,8,5,4,0,0,0,0,0,0,0,0,0
641,data/aihub_traffic/test/images/d_validation_1920_1080_daylight_2/14478346.jpg,3,5,2,2,5,2,2,5,2,2,5,2,2,5,2,2,5,2,2,5,2,2,5,2,2,5,2,2,5,2,2,5,2,2,5,2,2,0,0,0,0,0,0,0,0,0
642,data/aihub_traffic/test/images/d_validation_1920_1080_daylight_2/14478352.jpg,0,0,0,0,0,0,0,0,0,0,0,0,0,0,0,0,0,0,0,0,0,0,0,0,0,0,0,0,0,0,0,0,0,0,0,0,0,0,0,0,0,0,0,0,0,0
643,data/aihub_traffic/test/images/d_validation_1920_1080_daylight_2/14478358.jpg,2,0,0,0,0,0,0,0,0,0,0,0,0,0,0,0,0,0,0,0,0,0,0,0,0,0,0,0,0,0,0,0,0,0,0,0,0,0,0,0,0,0,0,0,0,0
644,data/aihub_traffic/test/images/d_validation_1920_1080_daylight_2/14478458.jpg,2,3,2,2,3,2,2,3,2,2,3,2,2,3,2,2,3,2,2,3,2,2,3,2,2,3,2,2,3,2,2,3,2,2,3,2,2,0,0,0,0,0,0,0,0,0
645,data/aihub_traffic/test/images/d_validation_1920_1080_daylight_2/14478464.jpg,0,0,0,0,0,0,0,0,0,0,0,0,0,0,0,0,0,0,0,0,0,0,0,0,0,0,0,0,0,0,0,0,0,0,0,0,0,0,0,0,0,0,0,0,0,0
646,data/aihub_traffic/test/images/d_validation_1920_1080_daylight_2/14478470.jpg,2,0,0,0,0,0,0,0,0,0,0,0,0,0,0,0,0,0,0,0,0,0,0,0,0,0,0,0,0,0,0,0,0,0,0,0,0,0,0,0,0,0,0,0,0,0
647,data/aihub_traffic/test/images/d_validation_1920_1080_daylight_2/14478478.jpg,0,1,0,0,1,0,0,1,0,0,1,0,0,1,0,0,1,0,0,1,0,0,1,0,0,1,0,0,1,0,0,1,0,0,1,0,0,0,0,0,0,0,0,0,0,0
648,data/aihub_traffic/test/images/d_validation_1920_1080_daylight_2/14478484.jpg,0,0,0,0,0,0,0,0,0,0,0,0,0,0,0,0,0,0,0,0,0,0,0,0,0,0,0,0,0,0,0,0,0,0,0,0,0,0,0,0,0,0,0,0,0,0
649,data/aihub_traffic/test/images/d_validation_1920_1080_daylight_2/14478961.jpg,2,0,0,0,0,0,0,0,0,0,0,0,0,0,0,0,0,0,0,0,0,0,0,0,0,0,0,0,0,0,0,0,0,0,0,0,0,0,0,0,0,0,0,0,0,0
650,data/aihub_traffic/test/images/d_validation_1920_1080_daylight_2/14478986.jpg,1,1,1,1,1,1,1,1,1,1,1,1,1,1,1,1,1,1,1,1,1,1,1,1,1,1,1,1,1,1,1,1,1,1,1,1,1,0,0,0,0,0,0,0,0,0
651,data/aihub_traffic/test/images/d_validation_1920_1080_daylight_2/14479029.jpg,1,0,0,0,0,0,0,0,0,0,0,0,0,0,0,0,0,0,0,0,0,0,0,0,0,0,0,0,0,0,0,0,0,0,0,0,0,0,0,0,0,0,0,0,0,0
652,data/aihub_traffic/test/images/d_validation_1920_1080_daylight_2/14492629.jpg,2,1,1,0,1,1,0,1,1,0,1,1,0,1,1,0,1,1,0,0,0,0,0,0,0,0,0,0,0,0,0,0,0,0,0,0,0,0,0,0,0,0,0,0,0,0
653,data/aihub_traffic/test/images/d_validation_1920_1080_daylight_2/14492636.jpg,1,1,1,1,1,1,1,1,1,1,1,1,1,1,1,1,1,1,1,0,0,0,0,0,0,0,0,0,0,0,0,0,0,0,0,0,0,0,0,0,0,0,0,0,0,0
654,data/aihub_traffic/test/images/d_validation_1920_1080_daylight_2/14492652.jpg,0,0,0,0,0,0,0,0,0,0,0,0,0,0,0,0,0,0,0,0,0,0,0,0,0,0,0,0,0,0,0,0,0,0,0,0,0,0,0,0,0,0,0,0,0,0
655,data/aihub_traffic/test/images/d_validation_1920_1080_daylight_2/14492658.jpg,0,0,0,0,0,0,0,0,0,0,0,0,0,0,0,0,0,0,0,0,0,0,0,0,0,0,0,0,0,0,0,0,0,0,0,0,0,0,0,0,0,0,0,0,0,0
656,data/aihub_traffic/test/images/d_validation_1920_1080_daylight_2/14492667.jpg,5,4,2,2,4,2,2,4,2,2,4,2,2,4,2,2,4,2,2,4,2,2,4,2,2,4,2,2,4,2,2,4,2,2,4,2,2,0,0,0,0,0,0,0,0,0
657,data/aihub_traffic/test/images/d_validation_1920_1080_daylight_2/14492673.jpg,2,2,2,2,2,2,2,2,2,2,2,2,2,2,2,2,2,2,2,2,2,2,2,2,2,2,2,2,2,2,2,2,2,2,2,2,2,0,0,0,0,0,0,0,0,0
658,data/aihub_traffic/test/images/d_validation_1920_1080_daylight_2/14492740.jpg,2,2,2,2,2,2,2,2,2,2,2,2,2,2,2,2,2,2,2,2,2,2,2,2,2,2,2,2,2,2,2,2,2,2,2,2,2,0,0,0,0,0,0,0,0,0
659,data/aihub_traffic/test/images/d_validation_1920_1080_daylight_2/14492746.jpg,2,2,2,2,2,2,2,2,2,2,2,2,2,2,2,2,2,2,2,2,2,2,2,2,2,2,2,2,2,2,2,2,2,2,2,2,2,0,0,0,0,0,0,0,0,0
660,data/aihub_traffic/test/images/d_validation_1920_1080_daylight_2/14492753.jpg,2,2,2,2,2,2,2,2,2,2,2,2,2,2,2,2,2,2,2,2,2,2,2,2,2,2,2,2,2,2,2,2,2,2,2,2,2,0,0,0,0,0,0,0,0,0
661,data/aihub_traffic/test/images/d_validation_1920_1080_daylight_2/14492759.jpg,1,2,1,1,2,1,1,2,1,1,2,1,1,2,1,1,2,1,1,2,1,1,2,1,1,2,1,1,2,1,1,2,1,1,2,1,1,0,0,0,0,0,0,0,0,0
662,data/aihub_traffic/test/images/d_validation_1920_1080_daylight_2/14492765.jpg,3,2,2,1,2,2,1,2,2,1,2,2,1,2,2,1,2,2,1,1,1,0,1,1,0,1,1,0,1,1,0,1,1,0,1,1,0,0,0,0,0,0,0,0,0,0
663,data/aihub_traffic/test/images/d_validation_1920_1080_daylight_2/14492771.jpg,3,0,0,0,0,0,0,0,0,0,0,0,0,0,0,0,0,0,0,0,0,0,0,0,0,0,0,0,0,0,0,0,0,0,0,0,0,0,0,0,0,0,0,0,0,0
664,data/aihub_traffic/test/images/d_validation_1920_1080_daylight_2/14492777.jpg,3,3,3,3,3,3,3,3,3,3,3,3,3,3,3,3,3,3,3,3,3,3,3,3,3,3,3,3,3,3,3,3,3,3,3,3,3,0,0,0,0,0,0,0,0,0
665,data/aihub_traffic/test/images/d_validation_1920_1080_daylight_2/14492987.jpg,0,0,0,0,0,0,0,0,0,0,0,0,0,0,0,0,0,0,0,0,0,0,0,0,0,0,0,0,0,0,0,0,0,0,0,0,0,0,0,0,0,0,0,0,0,0
666,data/aihub_traffic/test/images/d_validation_1920_1080_daylight_2/14492993.jpg,0,1,0,0,1,0,0,1,0,0,1,0,0,1,0,0,1,0,0,0,0,0,0,0,0,0,0,0,0,0,0,0,0,0,0,0,0,0,0,0,0,0,0,0,0,0
667,data/aihub_traffic/test/images/d_validation_1920_1080_daylight_2/14492999.jpg,0,0,0,0,0,0,0,0,0,0,0,0,0,0,0,0,0,0,0,0,0,0,0,0,0,0,0,0,0,0,0,0,0,0,0,0,0,0,0,0,0,0,0,0,0,0
668,data/aihub_traffic/test/images/d_validation_1920_1080_daylight_2/14496874.jpg,0,0,0,0,0,0,0,0,0,0,0,0,0,0,0,0,0,0,0,0,0,0,0,0,0,0,0,0,0,0,0,0,0,0,0,0,0,0,0,0,0,0,0,0,0,0
669,data/aihub_traffic/test/images/d_validation_1920_1080_daylight_2/14496880.jpg,1,2,1,1,2,1,1,2,1,1,2,1,1,2,1,1,2,1,1,1,1,1,1,1,1,1,1,1,1,1,1,1,1,1,1,1,1,0,0,0,0,0,0,0,0,0
670,data/aihub_traffic/test/images/d_validation_1920_1080_daylight_2/14496886.jpg,2,2,2,2,2,2,2,2,2,2,2,2,2,2,2,2,2,2,2,3,2,2,3,2,2,3,2,2,3,2,2,3,2,2,3,2,2,0,0,0,0,0,0,0,0,0
671,data/aihub_traffic/test/images/d_validation_1920_1080_daylight_2/14496892.jpg,0,1,0,0,1,0,0,1,0,0,1,0,0,1,0,0,1,0,0,1,0,0,1,0,0,1,0,0,1,0,0,1,0,0,1,0,0,0,0,0,0,0,0,0,0,0
672,data/aihub_traffic/test/images/d_validation_1920_1080_daylight_2/14496899.jpg,0,0,0,0,0,0,0,0,0,0,0,0,0,0,0,0,0,0,0,0,0,0,0,0,0,0,0,0,0,0,0,0,0,0,0,0,0,0,0,0,0,0,0,0,0,0
673,data/aihub_traffic/test/images/d_validation_1920_1080_daylight_2/14496906.jpg,0,0,0,0,0,0,0,0,0,0,0,0,0,0,0,0,0,0,0,0,0,0,0,0,0,0,0,0,0,0,0,0,0,0,0,0,0,0,0,0,0,0,0,0,0,0
674,data/aihub_traffic/test/images/d_validation_1920_1080_daylight_2/14496913.jpg,6,7,6,5,7,6,5,7,6,5,7,6,5,7,6,5,7,6,5,7,6,5,7,6,5,7,6,5,7,6,5,7,6,5,7,6,5,0,0,0,0,0,0,0,0,0
675,data/aihub_traffic/test/images/d_validation_1920_1080_daylight_2/14496920.jpg,2,0,0,0,0,0,0,0,0,0,0,0,0,0,0,0,0,0,0,0,0,0,0,0,0,0,0,0,0,0,0,0,0,0,0,0,0,0,0,0,0,0,0,0,0,0
676,data/aihub_traffic/test/images/d_validation_1920_1080_daylight_2/14496927.jpg,0,0,0,0,0,0,0,0,0,0,0,0,0,0,0,0,0,0,0,0,0,0,0,0,0,0,0,0,0,0,0,0,0,0,0,0,0,0,0,0,0,0,0,0,0,0
677,data/aihub_traffic/test/images/d_validation_1920_1080_daylight_2/14496938.jpg,2,1,0,0,1,0,0,1,0,0,1,0,0,1,0,0,1,0,0,1,0,0,1,0,0,1,0,0,1,0,0,1,0,0,1,0,0,0,0,0,0,0,0,0,0,0
678,data/aihub_traffic/test/images/d_validation_1920_1080_daylight_2/14496945.jpg,1,1,1,0,1,1,0,1,1,0,1,1,0,1,1,0,1,1,0,1,1,0,1,1,0,1,1,0,1,1,0,1,1,0,1,1,0,0,0,0,0,0,0,0,0,0
679,data/aihub_traffic/test/images/d_validation_1920_1080_daylight_2/14496951.jpg,0,0,0,0,0,0,0,0,0,0,0,0,0,0,0,0,0,0,0,1,0,0,1,0,0,1,0,0,1,0,0,1,0,0,1,0,0,0,0,0,0,0,0,0,0,0
680,data/aihub_traffic/test/images/d_validation_1920_1080_daylight_2/14496957.jpg,2,2,2,2,2,2,2,2,2,2,2,2,2,2,2,2,2,2,2,2,2,2,2,2,2,2,2,2,2,2,2,2,2,2,2,2,2,0,0,0,0,0,0,0,0,0
681,data/aihub_traffic/test/images/d_validation_1920_1080_daylight_2/14496963.jpg,4,0,0,0,0,0,0,0,0,0,0,0,0,0,0,0,0,0,0,0,0,0,0,0,0,0,0,0,0,0,0,0,0,0,0,0,0,0,0,0,0,0,0,0,0,0
682,data/aihub_traffic/test/images/d_validation_1920_1080_daylight_2/14497031.jpg,0,0,0,0,0,0,0,0,0,0,0,0,0,0,0,0,0,0,0,0,0,0,0,0,0,0,0,0,0,0,0,0,0,0,0,0,0,0,0,0,0,0,0,0,0,0
683,data/aihub_traffic/test/images/d_validation_1920_1080_daylight_2/14519762.jpg,0,0,0,0,0,0,0,0,0,0,0,0,0,0,0,0,0,0,0,0,0,0,0,0,0,0,0,0,0,0,0,0,0,0,0,0,0,0,0,0,0,0,0,0,0,0
684,data/aihub_traffic/test/images/d_validation_1920_1080_daylight_2/14519768.jpg,0,0,0,0,0,0,0,0,0,0,0,0,0,0,0,0,0,0,0,0,0,0,0,0,0,0,0,0,0,0,0,0,0,0,0,0,0,0,0,0,0,0,0,0,0,0
685,data/aihub_traffic/test/images/d_validation_1920_1080_daylight_2/14519774.jpg,5,0,0,0,0,0,0,0,0,0,0,0,0,0,0,0,0,0,0,0,0,0,0,0,0,0,0,0,0,0,0,0,0,0,0,0,0,0,0,0,0,0,0,0,0,0
686,data/aihub_traffic/test/images/d_validation_1920_1080_daylight_2/14519781.jpg,2,1,0,0,1,0,0,1,0,0,1,0,0,1,0,0,1,0,0,0,0,0,0,0,0,0,0,0,0,0,0,0,0,0,0,0,0,0,0,0,0,0,0,0,0,0
687,data/aihub_traffic/test/images/d_validation_1920_1080_daylight_2/14519917.jpg,3,0,0,0,0,0,0,0,0,0,0,0,0,0,0,0,0,0,0,0,0,0,0,0,0,0,0,0,0,0,0,0,0,0,0,0,0,0,0,0,0,0,0,0,0,0
688,data/aihub_traffic/test/images/d_validation_1920_1080_daylight_2/14520010.jpg,1,1,1,1,1,1,1,1,1,1,1,1,1,1,1,1,1,1,1,1,1,0,1,1,0,1,1,0,1,1,0,1,1,0,1,1,0,0,0,0,0,0,0,0,0,0
689,data/aihub_traffic/test/images/d_validation_1920_1080_daylight_2/14520016.jpg,9,7,7,6,7,7,6,7,7,7,7,7,6,7,7,6,7,7,7,7,7,7,7,7,7,7,7,7,7,7,7,7,7,7,7,7,7,0,0,0,0,0,0,0,0,0
690,data/aihub_traffic/test/images/d_validation_1920_1080_daylight_2/14520023.jpg,10,8,6,5,8,6,5,8,6,4,8,6,5,8,6,5,8,6,5,7,5,5,7,5,5,7,5,5,7,5,5,7,5,5,7,5,5,0,0,0,0,0,0,0,0,0
691,data/aihub_traffic/test/images/d_validation_1920_1080_daylight_2/14520030.jpg,6,4,4,4,4,4,4,4,4,4,4,4,4,4,4,4,4,4,4,4,4,4,4,4,4,4,4,4,4,4,4,4,4,4,4,4,4,0,0,0,0,0,0,0,0,0
692,data/aihub_traffic/test/images/d_validation_1920_1080_daylight_2/14520043.jpg,0,0,0,0,0,0,0,0,0,0,0,0,0,0,0,0,0,0,0,1,0,0,1,0,0,1,0,0,1,0,0,1,0,0,1,0,0,0,0,0,0,0,0,0,0,0
693,data/aihub_traffic/test/images/d_validation_1920_1080_daylight_2/14520049.jpg,3,3,1,1,3,1,1,3,1,1,3,1,1,3,1,1,3,1,1,1,0,0,1,0,0,1,0,0,1,0,0,1,0,0,1,0,0,0,0,0,0,0,0,0,0,0
694,data/aihub_traffic/test/images/d_validation_1920_1080_daylight_2/14520058.jpg,7,5,5,5,5,5,5,5,5,5,5,5,5,5,5,5,5,5,5,5,5,5,5,5,5,5,5,5,5,5,5,5,5,5,5,5,5,0,0,0,0,0,0,0,0,0
695,data/aihub_traffic/test/images/d_validation_1920_1080_daylight_2/14520064.jpg,6,6,5,5,6,5,5,6,5,5,6,5,5,6,5,5,6,5,5,6,5,5,6,5,5,6,5,5,6,5,5,6,5,5,6,5,5,0,0,0,0,0,0,0,0,0
696,data/aihub_traffic/test/images/d_validation_1920_1080_daylight_2/14520207.jpg,7,5,5,5,5,5,5,5,5,5,5,5,5,5,5,5,5,5,5,5,5,5,5,5,5,5,5,5,5,5,5,5,5,5,5,5,5,0,0,0,0,0,0,0,0,0
697,data/aihub_traffic/test/images/d_validation_1920_1080_daylight_2/14520213.jpg,6,2,2,2,2,2,2,2,2,2,2,2,2,2,2,2,2,2,2,1,1,1,1,1,1,1,1,1,1,1,1,1,1,1,1,1,1,0,0,0,0,0,0,0,0,0
698,data/aihub_traffic/test/images/d_validation_1920_1080_daylight_2/14520219.jpg,5,2,2,1,2,2,1,2,2,1,2,2,2,2,2,2,2,2,2,2,2,2,2,2,2,2,2,2,2,2,2,2,2,2,2,2,2,0,0,0,0,0,0,0,0,0
699,data/aihub_traffic/test/images/d_validation_1920_1080_daylight_2/14538746.jpg,3,0,0,0,0,0,0,0,0,0,0,0,0,0,0,0,0,0,0,0,0,0,0,0,0,0,0,0,0,0,0,0,0,0,0,0,0,0,0,0,0,0,0,0,0,0
700,data/aihub_traffic/test/images/d_validation_1920_1080_daylight_2/14538753.jpg,6,4,4,4,4,4,4,4,4,4,4,4,4,4,4,4,4,4,4,4,4,4,4,4,4,4,4,4,4,4,4,4,4,4,4,4,4,0,0,0,0,0,0,0,0,0
701,data/aihub_traffic/test/images/d_validation_1920_1080_daylight_2/14538759.jpg,9,2,2,2,2,2,2,2,2,2,2,2,2,2,2,2,2,2,2,2,2,2,2,2,2,2,2,2,2,2,2,2,2,2,2,2,2,0,0,0,0,0,0,0,0,0
702,data/aihub_traffic/test/images/d_validation_1920_1080_daylight_2/14538766.jpg,9,4,3,3,4,3,3,4,3,3,4,3,3,4,3,3,4,3,3,5,3,3,5,3,3,5,3,3,5,3,3,5,3,3,5,3,3,0,0,0,0,0,0,0,0,0
703,data/aihub_traffic/test/images/d_validation_1920_1080_daylight_2/14538773.jpg,5,1,1,1,1,1,1,1,1,1,1,1,1,1,1,1,1,1,1,1,1,1,1,1,1,1,1,1,1,1,1,1,1,1,1,1,1,0,0,0,0,0,0,0,0,0
704,data/aihub_traffic/test/images/d_validation_1920_1080_daylight_2/14538789.jpg,0,0,0,0,0,0,0,0,0,0,0,0,0,0,0,0,0,0,0,0,0,0,0,0,0,0,0,0,0,0,0,0,0,0,0,0,0,0,0,0,0,0,0,0,0,0
705,data/aihub_traffic/test/images/d_validation_1920_1080_daylight_2/14539170.jpg,0,0,0,0,0,0,0,0,0,0,0,0,0,0,0,0,0,0,0,0,0,0,0,0,0,0,0,0,0,0,0,0,0,0,0,0,0,0,0,0,0,0,0,0,0,0
706,data/aihub_traffic/test/images/d_validation_1920_1080_daylight_2/14539176.jpg,0,0,0,0,0,0,0,0,0,0,0,0,0,0,0,0,0,0,0,0,0,0,0,0,0,0,0,0,0,0,0,0,0,0,0,0,0,0,0,0,0,0,0,0,0,0
707,data/aihub_traffic/test/images/d_validation_1920_1080_daylight_2/14539183.jpg,2,2,0,0,2,0,0,2,0,0,2,0,0,2,0,0,2,0,0,1,0,0,1,0,0,1,0,0,1,0,0,1,0,0,1,0,0,0,0,0,0,0,0,0,0,0
708,data/aihub_traffic/test/images/d_validation_1920_1080_daylight_2/14539189.jpg,6,2,2,1,2,2,1,2,2,1,2,2,1,2,2,1,2,2,1,2,2,1,2,2,1,2,2,1,2,2,1,2,2,1,2,2,1,0,0,0,0,0,0,0,0,0
709,data/aihub_traffic/test/images/d_validation_1920_1080_daylight_2/14539195.jpg,2,0,0,0,0,0,0,0,0,0,0,0,0,0,0,0,0,0,0,0,0,0,0,0,0,0,0,0,0,0,0,0,0,0,0,0,0,0,0,0,0,0,0,0,0,0
710,data/aihub_traffic/test/images/d_validation_1920_1080_daylight_2/14539318.jpg,0,0,0,0,0,0,0,0,0,0,0,0,0,0,0,0,0,0,0,0,0,0,0,0,0,0,0,0,0,0,0,0,0,0,0,0,0,0,0,0,0,0,0,0,0,0
711,data/aihub_traffic/test/images/d_validation_1920_1080_daylight_2/14539327.jpg,0,0,0,0,0,0,0,0,0,0,0,0,0,0,0,0,0,0,0,0,0,0,0,0,0,0,0,0,0,0,0,0,0,0,0,0,0,0,0,0,0,0,0,0,0,0
712,data/aihub_traffic/test/images/d_validation_1920_1080_daylight_2/14539335.jpg,0,0,0,0,0,0,0,0,0,0,0,0,0,0,0,0,0,0,0,0,0,0,0,0,0,0,0,0,0,0,0,0,0,0,0,0,0,0,0,0,0,0,0,0,0,0
713,data/aihub_traffic/test/images/d_validation_1920_1080_daylight_2/14539341.jpg,5,3,1,0,3,1,0,3,1,0,3,1,0,3,1,0,3,1,0,2,2,1,2,2,1,2,2,1,2,2,1,2,2,1,2,2,1,0,0,0,0,0,0,0,0,0
714,data/aihub_traffic/test/images/d_validation_1920_1080_daylight_2/14553068.jpg,2,2,2,2,2,2,2,2,2,2,2,2,2,2,2,2,2,2,2,2,2,2,2,2,2,2,2,2,2,2,2,2,2,2,2,2,2,0,0,0,0,0,0,0,0,0
715,data/aihub_traffic/test/images/d_validation_1920_1080_daylight_2/14553076.jpg,1,0,0,0,0,0,0,0,0,0,0,0,0,0,0,0,0,0,0,0,0,0,0,0,0,0,0,0,0,0,0,0,0,0,0,0,0,0,0,0,0,0,0,0,0,0
716,data/aihub_traffic/test/images/d_validation_1920_1080_daylight_2/14553082.jpg,1,0,0,0,0,0,0,0,0,0,0,0,0,0,0,0,0,0,0,0,0,0,0,0,0,0,0,0,0,0,0,0,0,0,0,0,0,0,0,0,0,0,0,0,0,0
717,data/aihub_traffic/test/images/d_validation_1920_1080_daylight_2/14553089.jpg,1,0,0,0,0,0,0,0,0,0,0,0,0,0,0,0,0,0,0,0,0,0,0,0,0,0,0,0,0,0,0,0,0,0,0,0,0,0,0,0,0,0,0,0,0,0
718,data/aihub_traffic/test/images/d_validation_1920_1080_daylight_2/14553097.jpg,0,0,0,0,0,0,0,0,0,0,0,0,0,0,0,0,0,0,0,0,0,0,0,0,0,0,0,0,0,0,0,0,0,0,0,0,0,0,0,0,0,0,0,0,0,0
719,data/aihub_traffic/test/images/d_validation_1920_1080_daylight_2/14553245.jpg,3,2,2,2,2,2,2,2,2,2,2,2,2,2,2,2,2,2,2,2,2,2,2,2,2,2,2,2,2,2,2,2,2,2,2,2,2,0,0,0,0,0,0,0,0,0
720,data/aihub_traffic/test/images/d_validation_1920_1080_daylight_2/14553251.jpg,1,1,1,0,1,1,0,1,1,0,1,1,0,1,1,0,1,1,0,1,1,0,1,1,0,1,1,0,1,1,0,1,1,0,1,1,0,0,0,0,0,0,0,0,0,0
721,data/aihub_traffic/test/images/d_validation_1920_1080_daylight_2/14553258.jpg,0,0,0,0,0,0,0,0,0,0,0,0,0,0,0,0,0,0,0,0,0,0,0,0,0,0,0,0,0,0,0,0,0,0,0,0,0,0,0,0,0,0,0,0,0,0
722,data/aihub_traffic/test/images/d_validation_1920_1080_daylight_2/14553264.jpg,1,1,1,1,1,1,1,1,1,1,1,1,1,1,1,1,1,1,1,0,0,0,0,0,0,0,0,0,0,0,0,0,0,0,0,0,0,0,0,0,0,0,0,0,0,0
723,data/aihub_traffic/test/images/d_validation_1920_1080_daylight_2/14553270.jpg,1,0,0,0,0,0,0,0,0,0,0,0,0,0,0,0,0,0,0,0,0,0,0,0,0,0,0,0,0,0,0,0,0,0,0,0,0,0,0,0,0,0,0,0,0,0
724,data/aihub_traffic/test/images/d_validation_1920_1080_daylight_2/14553314.jpg,1,0,0,0,0,0,0,0,0,0,0,0,0,0,0,0,0,0,0,0,0,0,0,0,0,0,0,0,0,0,0,0,0,0,0,0,0,0,0,0,0,0,0,0,0,0
725,data/aihub_traffic/test/images/d_validation_1920_1080_daylight_2/14553320.jpg,1,1,1,1,1,1,1,1,1,1,1,1,1,1,1,1,1,1,1,1,1,1,1,1,1,1,1,1,1,1,1,1,1,1,1,1,1,0,0,0,0,0,0,0,0,0
726,data/aihub_traffic/test/images/d_validation_1920_1080_daylight_2/14553326.jpg,0,0,0,0,0,0,0,0,0,0,0,0,0,0,0,0,0,0,0,0,0,0,0,0,0,0,0,0,0,0,0,0,0,0,0,0,0,0,0,0,0,0,0,0,0,0
727,data/aihub_traffic/test/images/d_validation_1920_1080_daylight_2/14553332.jpg,0,0,0,0,0,0,0,0,0,0,0,0,0,0,0,0,0,0,0,0,0,0,0,0,0,0,0,0,0,0,0,0,0,0,0,0,0,0,0,0,0,0,0,0,0,0
728,data/aihub_traffic/test/images/d_validation_1920_1080_daylight_2/14553743.jpg,1,1,1,1,1,1,1,1,1,1,1,1,1,1,1,1,1,1,1,1,1,1,1,1,1,1,1,1,1,1,1,1,1,1,1,1,1,0,0,0,0,0,0,0,0,0
729,data/aihub_traffic/test/images/d_validation_1920_1080_daylight_2/14553749.jpg,1,1,1,1,1,1,1,1,1,1,1,1,1,1,1,1,1,1,1,1,1,1,1,1,1,1,1,1,1,1,1,1,1,1,1,1,1,0,0,0,0,0,0,0,0,0
730,data/aihub_traffic/test/images/d_validation_1920_1080_daylight_2/14553755.jpg,1,1,1,1,1,1,1,1,1,1,1,1,1,1,1,1,1,1,1,0,0,0,0,0,0,0,0,0,0,0,0,0,0,0,0,0,0,0,0,0,0,0,0,0,0,0
731,data/aihub_traffic/test/images/d_validation_1920_1080_daylight_2/14566352.jpg,0,0,0,0,0,0,0,0,0,0,0,0,0,0,0,0,0,0,0,0,0,0,0,0,0,0,0,0,0,0,0,0,0,0,0,0,0,0,0,0,0,0,0,0,0,0
732,data/aihub_traffic/test/images/d_validation_1920_1080_daylight_2/14566358.jpg,1,0,0,0,0,0,0,0,0,0,0,0,0,0,0,0,0,0,0,0,0,0,0,0,0,0,0,0,0,0,0,0,0,0,0,0,0,0,0,0,0,0,0,0,0,0
733,data/aihub_traffic/test/images/d_validation_1920_1080_daylight_2/14566364.jpg,0,0,0,0,0,0,0,0,0,0,0,0,0,0,0,0,0,0,0,0,0,0,0,0,0,0,0,0,0,0,0,0,0,0,0,0,0,0,0,0,0,0,0,0,0,0
734,data/aihub_traffic/test/images/d_validation_1920_1080_daylight_2/14566373.jpg,1,0,0,0,0,0,0,0,0,0,0,0,0,0,0,0,0,0,0,0,0,0,0,0,0,0,0,0,0,0,0,0,0,0,0,0,0,0,0,0,0,0,0,0,0,0
735,data/aihub_traffic/test/images/d_validation_1920_1080_daylight_2/14566379.jpg,1,0,0,0,0,0,0,0,0,0,0,0,0,0,0,0,0,0,0,0,0,0,0,0,0,0,0,0,0,0,0,0,0,0,0,0,0,0,0,0,0,0,0,0,0,0
736,data/aihub_traffic/test/images/d_validation_1920_1080_daylight_2/14566387.jpg,3,1,1,1,1,1,1,1,1,1,1,1,1,1,1,1,1,1,1,1,1,1,1,1,1,1,1,1,1,1,1,1,1,1,1,1,1,0,0,0,0,0,0,0,0,0
737,data/aihub_traffic/test/images/d_validation_1920_1080_daylight_2/14566394.jpg,5,2,2,1,2,2,1,2,2,1,2,2,1,2,2,1,2,2,1,2,2,1,2,2,1,2,2,1,2,2,1,2,2,1,2,2,1,0,0,0,0,0,0,0,0,0
738,data/aihub_traffic/test/images/d_validation_1920_1080_daylight_2/14566400.jpg,0,0,0,0,0,0,0,0,0,0,1,0,0,1,0,0,1,0,0,1,0,0,1,0,0,1,0,0,1,0,0,1,0,0,1,0,0,0,0,0,0,0,0,0,0,0
739,data/aihub_traffic/test/images/d_validation_1920_1080_daylight_2/14566642.jpg,1,1,1,1,1,1,1,1,1,1,1,1,1,1,1,1,1,1,1,1,1,1,1,1,1,1,1,1,1,1,1,1,1,1,1,1,1,0,0,0,0,0,0,0,0,0
740,data/aihub_traffic/test/images/d_validation_1920_1080_daylight_2/14566648.jpg,1,0,0,0,0,0,0,0,0,0,0,0,0,0,0,0,0,0,0,1,0,0,1,0,0,1,0,0,1,0,0,1,0,0,1,0,0,0,0,0,0,0,0,0,0,0
741,data/aihub_traffic/test/images/d_validation_1920_1080_daylight_2/14566654.jpg,5,1,1,1,1,1,1,1,1,1,1,1,1,1,1,1,1,1,1,1,1,1,1,1,1,1,1,1,1,1,1,1,1,1,1,1,1,0,0,0,0,0,0,0,0,0
742,data/aihub_traffic/test/images/d_validation_1920_1080_daylight_2/14566713.jpg,3,1,1,1,1,1,1,1,1,1,1,1,1,1,1,1,1,1,1,1,1,1,1,1,1,1,1,1,1,1,1,1,1,1,1,1,1,0,0,0,0,0,0,0,0,0
743,data/aihub_traffic/test/images/d_validation_1920_1080_daylight_2/14566721.jpg,4,2,2,2,2,2,2,2,2,2,2,2,2,2,2,2,2,2,2,2,2,2,2,2,2,2,2,2,2,2,2,2,2,2,2,2,2,0,0,0,0,0,0,0,0,0
744,data/aihub_traffic/test/images/d_validation_1920_1080_daylight_2/14566727.jpg,3,2,2,1,2,2,1,2,2,1,2,2,1,2,2,1,2,2,1,2,2,1,2,2,1,2,2,1,2,2,1,2,2,1,2,2,1,0,0,0,0,0,0,0,0,0
745,data/aihub_traffic/test/images/d_validation_1920_1080_daylight_2/14566733.jpg,3,2,2,1,2,2,1,2,2,1,2,2,1,2,2,1,2,2,1,2,2,1,2,2,1,2,2,1,2,2,1,2,2,1,2,2,1,0,0,0,0,0,0,0,0,0
746,data/aihub_traffic/test/images/d_validation_1920_1080_daylight_2/14579343.jpg,3,0,0,0,0,0,0,0,0,0,0,0,0,0,0,0,0,0,0,0,0,0,0,0,0,0,0,0,0,0,0,0,0,0,0,0,0,0,0,0,0,0,0,0,0,0
747,data/aihub_traffic/test/images/d_validation_1920_1080_daylight_2/14580018.jpg,6,4,3,1,4,3,1,4,3,2,4,3,1,4,3,1,4,3,1,3,3,2,3,3,2,3,3,2,3,3,2,3,3,2,3,3,2,0,0,0,0,0,0,0,0,0
748,data/aihub_traffic/test/images/d_validation_1920_1080_daylight_2/14580024.jpg,8,5,3,2,5,3,2,5,3,2,5,3,2,5,3,2,5,3,2,3,2,2,3,2,2,3,2,2,3,2,2,3,2,2,3,2,2,0,0,0,0,0,0,0,0,0
749,data/aihub_traffic/test/images/d_validation_1920_1080_daylight_2/14580031.jpg,8,5,3,2,5,3,2,5,3,2,5,3,2,5,3,2,5,3,2,3,2,0,3,2,0,3,2,0,3,2,0,3,2,0,3,2,0,0,0,0,0,0,0,0,0,0
750,data/aihub_traffic/test/images/d_validation_1920_1080_daylight_2/14580037.jpg,8,6,4,3,6,4,3,6,4,3,6,4,3,6,4,3,6,4,3,5,4,3,5,4,3,5,4,3,5,4,3,5,4,3,5,4,3,0,0,0,0,0,0,0,0,0
751,data/aihub_traffic/test/images/d_validation_1920_1080_daylight_2/14580043.jpg,8,5,2,1,5,2,1,5,2,1,5,2,1,5,2,1,5,2,1,3,2,0,3,2,0,3,2,0,3,2,0,3,2,0,3,2,0,0,0,0,0,0,0,0,0,0
752,data/aihub_traffic/test/images/d_validation_1920_1080_daylight_2/14580703.jpg,2,2,2,2,2,2,2,2,2,2,2,2,2,2,2,2,2,2,2,2,2,2,2,2,2,2,2,2,2,2,2,2,2,2,2,2,2,0,0,0,0,0,0,0,0,0
753,data/aihub_traffic/test/images/d_validation_1920_1080_daylight_2/14580710.jpg,0,1,0,0,1,0,0,1,0,0,1,0,0,1,0,0,1,0,0,0,0,0,0,0,0,0,0,0,0,0,0,0,0,0,0,0,0,0,0,0,0,0,0,0,0,0
754,data/aihub_traffic/test/images/d_validation_1920_1080_daylight_2/14580716.jpg,2,3,2,2,3,2,2,3,2,2,3,2,2,3,2,2,3,2,2,3,2,2,3,2,2,3,2,2,3,2,2,3,2,2,3,2,2,0,0,0,0,0,0,0,0,0
755,data/aihub_traffic/test/images/d_validation_1920_1080_daylight_2/14580722.jpg,0,0,0,0,0,0,0,0,0,0,0,0,0,0,0,0,0,0,0,0,0,0,0,0,0,0,0,0,0,0,0,0,0,0,0,0,0,0,0,0,0,0,0,0,0,0
756,data/aihub_traffic/test/images/d_validation_1920_1080_daylight_2/14580888.jpg,0,0,0,0,0,0,0,0,0,0,0,0,0,0,0,0,0,0,0,0,0,0,0,0,0,0,0,0,0,0,0,0,0,0,0,0,0,0,0,0,0,0,0,0,0,0
757,data/aihub_traffic/test/images/d_validation_1920_1080_daylight_2/14580894.jpg,1,0,0,0,0,0,0,0,0,0,0,0,0,0,0,0,0,0,0,0,0,0,0,0,0,0,0,0,0,0,0,0,0,0,0,0,0,0,0,0,0,0,0,0,0,0
758,data/aihub_traffic/test/images/d_validation_1920_1080_daylight_2/14580900.jpg,0,1,0,0,1,0,0,1,0,0,1,0,0,1,0,0,1,0,0,1,0,0,1,0,0,1,0,0,1,0,0,1,0,0,1,0,0,0,0,0,0,0,0,0,0,0
759,data/aihub_traffic/test/images/d_validation_1920_1080_daylight_2/14580906.jpg,1,1,1,1,1,1,1,1,1,1,1,1,1,1,1,1,1,1,1,1,1,1,1,1,1,1,1,1,1,1,1,1,1,1,1,1,1,0,0,0,0,0,0,0,0,0
760,data/aihub_traffic/test/images/d_validation_1920_1080_daylight_2/14580913.jpg,5,3,3,2,3,3,2,3,3,2,3,3,2,3,3,2,3,3,2,3,3,2,3,3,2,3,3,2,3,3,2,3,3,2,3,3,2,0,0,0,0,0,0,0,0,0
761,data/aihub_traffic/test/images/d_validation_1920_1080_daylight_2/14581110.jpg,1,0,0,0,0,0,0,0,0,0,0,0,0,0,0,0,0,0,0,0,0,0,0,0,0,0,0,0,0,0,0,0,0,0,0,0,0,0,0,0,0,0,0,0,0,0
762,data/aihub_traffic/test/images/d_validation_1920_1080_daylight_2/14597226.jpg,4,1,0,0,1,0,0,1,0,0,1,0,0,1,0,0,1,0,0,0,0,0,0,0,0,0,0,0,0,0,0,0,0,0,0,0,0,0,0,0,0,0,0,0,0,0
763,data/aihub_traffic/test/images/d_validation_1920_1080_daylight_2/14597291.jpg,5,1,0,0,1,0,0,1,0,0,1,0,0,1,0,0,1,0,0,0,0,0,0,0,0,0,0,0,0,0,0,0,0,0,0,0,0,0,0,0,0,0,0,0,0,0
764,data/aihub_traffic/test/images/d_validation_1920_1080_daylight_2/14597297.jpg,3,1,0,0,1,0,0,1,0,0,1,0,0,1,0,0,1,0,0,0,0,0,0,0,0,0,0,0,0,0,0,0,0,0,0,0,0,0,0,0,0,0,0,0,0,0
765,data/aihub_traffic/test/images/d_validation_1920_1080_daylight_2/14597305.jpg,5,1,0,0,1,0,0,1,0,0,1,0,0,1,0,0,1,0,0,0,0,0,0,0,0,0,0,0,0,0,0,0,0,0,0,0,0,0,0,0,0,0,0,0,0,0
766,data/aihub_traffic/test/images/d_validation_1920_1080_daylight_2/14597311.jpg,2,1,0,0,1,0,0,1,0,0,1,0,0,1,0,0,1,0,0,0,0,0,0,0,0,0,0,0,0,0,0,0,0,0,0,0,0,0,0,0,0,0,0,0,0,0
767,data/aihub_traffic/test/images/d_validation_1920_1080_daylight_2/14597317.jpg,3,1,0,0,1,0,0,1,0,0,1,0,0,1,0,0,1,0,0,0,0,0,0,0,0,0,0,0,0,0,0,0,0,0,0,0,0,0,0,0,0,0,0,0,0,0
768,data/aihub_traffic/test/images/d_validation_1920_1080_daylight_2/14597323.jpg,3,1,0,0,1,0,0,1,0,0,1,0,0,1,0,0,1,0,0,0,0,0,0,0,0,0,0,0,0,0,0,0,0,0,0,0,0,0,0,0,0,0,0,0,0,0
769,data/aihub_traffic/test/images/d_validation_1920_1080_daylight_2/14597329.jpg,9,1,0,0,1,0,0,1,0,0,1,0,0,1,0,0,1,0,0,0,0,0,0,0,0,0,0,0,0,0,0,0,0,0,0,0,0,0,0,0,0,0,0,0,0,0
770,data/aihub_traffic/test/images/d_validation_1920_1080_daylight_2/14597335.jpg,9,1,0,0,1,0,0,1,0,0,1,0,0,1,0,0,1,0,0,0,0,0,0,0,0,0,0,0,0,0,0,0,0,0,0,0,0,0,0,0,0,0,0,0,0,0
771,data/aihub_traffic/test/images/d_validation_1920_1080_daylight_2/14597342.jpg,9,1,0,0,1,0,0,1,0,0,1,0,0,1,0,0,1,0,0,0,0,0,0,0,0,0,0,0,0,0,0,0,0,0,0,0,0,0,0,0,0,0,0,0,0,0
772,data/aihub_traffic/test/images/d_validation_1920_1080_daylight_2/14597473.jpg,4,1,0,0,1,0,0,1,0,0,1,0,0,1,0,0,1,0,0,0,0,0,0,0,0,0,0,0,0,0,0,0,0,0,0,0,0,0,0,0,0,0,0,0,0,0
773,data/aihub_traffic/test/images/d_validation_1920_1080_daylight_2/14597479.jpg,2,2,1,0,2,1,0,2,1,0,2,1,0,2,1,0,2,1,0,2,1,0,2,1,0,2,1,0,2,1,0,2,1,0,2,1,0,0,0,0,0,0,0,0,0,0
774,data/aihub_traffic/test/images/d_validation_1920_1080_daylight_2/14597491.jpg,3,0,0,0,0,0,0,0,0,0,0,0,0,0,0,0,0,0,0,0,0,0,0,0,0,0,0,0,0,0,0,0,0,0,0,0,0,0,0,0,0,0,0,0,0,0
775,data/aihub_traffic/test/images/d_validation_1920_1080_daylight_2/14597644.jpg,1,0,0,0,0,0,0,0,0,0,0,0,0,0,0,0,0,0,0,0,0,0,0,0,0,0,0,0,0,0,0,0,0,0,0,0,0,0,0,0,0,0,0,0,0,0
776,data/aihub_traffic/test/images/d_validation_1920_1080_daylight_2/14597650.jpg,6,6,4,3,6,4,3,6,4,3,6,4,4,6,4,4,6,4,3,6,4,4,6,4,4,6,4,4,6,4,4,6,4,4,6,4,4,0,0,0,0,0,0,0,0,0
777,data/aihub_traffic/test/images/d_validation_1920_1080_daylight_2/14597656.jpg,1,0,0,0,0,0,0,0,0,0,0,0,0,0,0,0,0,0,0,0,0,0,0,0,0,0,0,0,0,0,0,0,0,0,0,0,0,0,0,0,0,0,0,0,0,0
778,data/aihub_traffic/test/images/d_validation_1920_1080_daylight_2/14597662.jpg,1,0,0,0,0,0,0,0,0,0,0,0,0,0,0,0,0,0,0,0,0,0,0,0,0,0,0,0,0,0,0,0,0,0,0,0,0,0,0,0,0,0,0,0,0,0
779,data/aihub_traffic/test/images/d_validation_1920_1080_daylight_2/14602534.jpg,0,0,0,0,0,0,0,0,0,0,0,0,0,0,0,0,0,0,0,0,0,0,0,0,0,0,0,0,0,0,0,0,0,0,0,0,0,0,0,0,0,0,0,0,0,0
780,data/aihub_traffic/test/images/d_validation_1920_1080_daylight_2/14602541.jpg,6,0,0,0,0,0,0,0,0,0,0,0,0,0,0,0,0,0,0,0,0,0,0,0,0,0,0,0,0,0,0,0,0,0,0,0,0,0,0,0,0,0,0,0,0,0
781,data/aihub_traffic/test/images/d_validation_1920_1080_daylight_2/14602552.jpg,0,0,0,0,0,0,0,0,0,0,0,0,0,0,0,0,0,0,0,0,0,0,0,0,0,0,0,0,0,0,0,0,0,0,0,0,0,0,0,0,0,0,0,0,0,0
782,data/aihub_traffic/test/images/d_validation_1920_1080_daylight_2/14602560.jpg,4,1,1,1,1,1,1,1,1,1,1,1,1,1,1,1,1,1,1,1,1,1,1,1,1,1,1,1,1,1,1,1,1,1,1,1,1,0,0,0,0,0,0,0,0,0
783,data/aihub_traffic/test/images/d_validation_1920_1080_daylight_2/14602597.jpg,3,1,1,1,1,1,1,1,1,1,1,1,1,1,1,1,1,1,1,1,1,1,1,1,1,1,1,1,1,1,1,1,1,1,1,1,1,0,0,0,0,0,0,0,0,0
784,data/aihub_traffic/test/images/d_validation_1920_1080_daylight_2/14602603.jpg,2,0,0,0,0,0,0,0,0,0,0,0,0,0,0,0,0,0,0,0,0,0,0,0,0,0,0,0,0,0,0,0,0,0,0,0,0,0,0,0,0,0,0,0,0,0
785,data/aihub_traffic/test/images/d_validation_1920_1080_daylight_2/14602609.jpg,2,2,2,2,2,2,2,2,2,2,2,2,2,2,2,2,2,2,2,2,2,2,2,2,2,2,2,2,2,2,2,2,2,2,2,2,2,0,0,0,0,0,0,0,0,0
786,data/aihub_traffic/test/images/d_validation_1920_1080_daylight_2/14602617.jpg,2,1,1,1,1,1,1,1,1,1,1,1,1,1,1,1,1,1,1,0,0,0,0,0,0,0,0,0,0,0,0,0,0,0,0,0,0,0,0,0,0,0,0,0,0,0
787,data/aihub_traffic/test/images/d_validation_1920_1080_daylight_2/14602623.jpg,0,1,0,0,1,0,0,1,0,0,1,0,0,1,0,0,1,0,0,1,0,0,1,0,0,1,0,0,1,0,0,1,0,0,1,0,0,0,0,0,0,0,0,0,0,0
788,data/aihub_traffic/test/images/d_validation_1920_1080_daylight_2/14602643.jpg,0,0,0,0,0,0,0,0,0,0,0,0,0,0,0,0,0,0,0,0,0,0,0,0,0,0,0,0,0,0,0,0,0,0,0,0,0,0,0,0,0,0,0,0,0,0
789,data/aihub_traffic/test/images/d_validation_1920_1080_daylight_2/14602649.jpg,1,0,0,0,0,0,0,0,0,0,0,0,0,0,0,0,0,0,0,0,0,0,0,0,0,0,0,0,0,0,0,0,0,0,0,0,0,0,0,0,0,0,0,0,0,0
790,data/aihub_traffic/test/images/d_validation_1920_1080_daylight_2/14602655.jpg,1,0,0,0,0,0,0,0,0,0,0,0,0,0,0,0,0,0,0,0,0,0,0,0,0,0,0,0,0,0,0,0,0,0,0,0,0,0,0,0,0,0,0,0,0,0
791,data/aihub_traffic/test/images/d_validation_1920_1080_daylight_2/14602663.jpg,1,0,0,0,0,0,0,0,0,0,0,0,0,0,0,0,0,0,0,0,0,0,0,0,0,0,0,0,0,0,0,0,0,0,0,0,0,0,0,0,0,0,0,0,0,0
792,data/aihub_traffic/test/images/d_validation_1920_1080_daylight_2/14602772.jpg,1,0,0,0,0,0,0,0,0,0,0,0,0,0,0,0,0,0,0,0,0,0,0,0,0,0,0,0,0,0,0,0,0,0,0,0,0,0,0,0,0,0,0,0,0,0
793,data/aihub_traffic/test/images/d_validation_1920_1080_daylight_2/14602778.jpg,5,0,0,0,0,0,0,0,0,0,0,0,0,0,0,0,0,0,0,0,0,0,0,0,0,0,0,0,0,0,0,0,0,0,0,0,0,0,0,0,0,0,0,0,0,0
794,data/aihub_traffic/test/images/d_validation_1920_1080_daylight_2/14602785.jpg,0,0,0,0,0,0,0,0,0,0,0,0,0,0,0,0,0,0,0,0,0,0,0,0,0,0,0,0,0,0,0,0,0,0,0,0,0,0,0,0,0,0,0,0,0,0
795,data/aihub_traffic/test/images/d_validation_1920_1080_daylight_2/14607721.jpg,5,1,1,1,1,1,1,1,1,1,1,1,1,1,1,1,1,1,1,1,1,1,1,1,1,1,1,1,1,1,1,1,1,1,1,1,1,0,0,0,0,0,0,0,0,0
796,data/aihub_traffic/test/images/d_validation_1920_1080_daylight_2/14607729.jpg,7,3,2,1,3,2,1,3,2,1,3,2,1,3,2,1,3,2,1,3,2,1,3,2,1,3,2,1,3,2,1,3,2,1,3,2,1,0,0,0,0,0,0,0,0,0
797,data/aihub_traffic/test/images/d_validation_1920_1080_daylight_2/14608075.jpg,6,3,2,2,3,2,2,3,2,2,3,2,2,3,2,2,3,2,2,2,2,2,2,2,2,2,2,2,2,2,2,2,2,2,2,2,2,0,0,0,0,0,0,0,0,0
798,data/aihub_traffic/test/images/d_validation_1920_1080_daylight_2/14608081.jpg,7,3,3,3,3,3,3,3,3,3,3,3,3,3,3,3,3,3,3,2,2,2,2,2,2,2,2,2,2,2,2,2,2,2,2,2,2,0,0,0,0,0,0,0,0,0
799,data/aihub_traffic/test/images/d_validation_1920_1080_daylight_2/14608087.jpg,6,3,1,1,3,1,1,3,1,1,3,1,1,3,1,1,3,1,1,3,1,1,3,1,1,3,1,1,3,1,1,3,1,1,3,1,1,0,0,0,0,0,0,0,0,0
800,data/aihub_traffic/test/images/d_validation_1920_1080_daylight_2/14608094.jpg,8,3,3,2,3,3,2,3,3,2,3,3,2,3,3,2,3,3,2,3,3,2,3,3,2,3,3,2,3,3,2,3,3,2,3,3,2,0,0,0,0,0,0,0,0,0
801,data/aihub_traffic/test/images/d_validation_1920_1080_daylight_2/14608168.jpg,8,3,2,2,3,2,2,3,2,2,3,2,2,3,2,2,3,2,2,3,2,2,3,2,2,3,2,2,3,2,2,3,2,2,3,2,2,0,0,0,0,0,0,0,0,0
802,data/aihub_traffic/test/images/d_validation_1920_1080_daylight_2/14608174.jpg,4,2,0,0,2,0,0,2,0,0,2,0,0,2,0,0,2,0,0,2,0,0,2,0,0,2,0,0,2,0,0,2,0,0,2,0,0,0,0,0,0,0,0,0,0,0
803,data/aihub_traffic/test/images/d_validation_1920_1080_daylight_2/14608182.jpg,2,3,2,1,3,2,1,3,2,1,3,2,1,3,2,1,3,2,1,3,2,0,3,2,0,3,2,0,3,2,0,3,2,0,3,2,0,0,0,0,0,0,0,0,0,0
804,data/aihub_traffic/test/images/d_validation_1920_1080_daylight_2/14608188.jpg,0,2,0,0,2,0,0,2,0,0,2,0,0,2,0,0,2,0,0,2,0,0,2,0,0,2,0,0,2,0,0,2,0,0,2,0,0,0,0,0,0,0,0,0,0,0
805,data/aihub_traffic/test/images/d_validation_1920_1080_daylight_2/14608194.jpg,7,2,1,1,2,1,1,2,1,1,2,1,1,2,1,1,2,1,1,3,2,2,3,2,2,3,2,2,3,2,2,3,2,2,3,2,2,0,0,0,0,0,0,0,0,0
806,data/aihub_traffic/test/images/d_validation_1920_1080_daylight_2/14608293.jpg,0,0,0,0,0,0,0,0,0,0,0,0,0,0,0,0,0,0,0,0,0,0,0,0,0,0,0,0,0,0,0,0,0,0,0,0,0,0,0,0,0,0,0,0,0,0
807,data/aihub_traffic/test/images/d_validation_1920_1080_daylight_2/14608299.jpg,0,0,0,0,0,0,0,0,0,0,0,0,0,0,0,0,0,0,0,0,0,0,0,0,0,0,0,0,0,0,0,0,0,0,0,0,0,0,0,0,0,0,0,0,0,0
808,data/aihub_traffic/test/images/d_validation_1920_1080_daylight_2/14608309.jpg,0,1,0,0,1,0,0,1,0,0,1,0,0,1,0,0,1,0,0,1,0,0,1,0,0,1,0,0,1,0,0,1,0,0,1,0,0,0,0,0,0,0,0,0,0,0
809,data/aihub_traffic/test/images/d_validation_1920_1080_daylight_2/14608315.jpg,2,0,0,0,0,0,0,0,0,0,0,0,0,0,0,0,0,0,0,0,0,0,0,0,0,0,0,0,0,0,0,0,0,0,0,0,0,0,0,0,0,0,0,0,0,0
810,data/aihub_traffic/test/images/d_validation_1920_1080_daylight_2/14608399.jpg,0,1,0,0,1,0,0,1,0,0,1,0,0,1,0,0,1,0,0,1,0,0,1,0,0,1,0,0,1,0,0,1,0,0,1,0,0,0,0,0,0,0,0,0,0,0
811,data/aihub_traffic/test/images/d_validation_1920_1080_daylight_2/14615919.jpg,1,2,1,1,2,1,1,2,1,1,2,1,1,2,1,1,2,1,1,1,1,1,1,1,1,1,1,1,1,1,1,1,1,1,1,1,1,0,0,0,0,0,0,0,0,0
812,data/aihub_traffic/test/images/d_validation_1920_1080_daylight_2/14615988.jpg,0,0,0,0,0,0,0,0,0,0,0,0,0,0,0,0,0,0,0,0,0,0,0,0,0,0,0,0,0,0,0,0,0,0,0,0,0,0,0,0,0,0,0,0,0,0
813,data/aihub_traffic/test/images/d_validation_1920_1080_daylight_2/14615994.jpg,4,2,1,1,2,1,1,2,1,1,2,1,1,2,1,1,2,1,1,2,1,1,2,1,1,2,1,1,2,1,1,2,1,1,2,1,1,0,0,0,0,0,0,0,0,0
814,data/aihub_traffic/test/images/d_validation_1920_1080_daylight_2/14616001.jpg,3,0,0,0,0,0,0,0,0,0,0,0,0,0,0,0,0,0,0,0,0,0,0,0,0,0,0,0,0,0,0,0,0,0,0,0,0,0,0,0,0,0,0,0,0,0
815,data/aihub_traffic/test/images/d_validation_1920_1080_daylight_2/14616007.jpg,5,0,0,0,0,0,0,0,0,0,0,0,0,0,0,0,0,0,0,1,0,0,1,0,0,1,0,0,1,0,0,1,0,0,1,0,0,0,0,0,0,0,0,0,0,0
816,data/aihub_traffic/test/images/d_validation_1920_1080_daylight_2/14616013.jpg,6,0,0,0,0,0,0,0,0,0,0,0,0,0,0,0,0,0,0,0,0,0,0,0,0,0,0,0,0,0,0,0,0,0,0,0,0,0,0,0,0,0,0,0,0,0
817,data/aihub_traffic/test/images/d_validation_1920_1080_daylight_2/14616126.jpg,1,1,1,1,1,1,1,1,1,1,1,1,1,1,1,1,1,1,1,1,1,1,1,1,1,1,1,1,1,1,1,1,1,1,1,1,1,0,0,0,0,0,0,0,0,0
818,data/aihub_traffic/test/images/d_validation_1920_1080_daylight_2/14616132.jpg,3,0,0,0,0,0,0,0,0,0,0,0,0,0,0,0,0,0,0,0,0,0,0,0,0,0,0,0,0,0,0,0,0,0,0,0,0,0,0,0,0,0,0,0,0,0
819,data/aihub_traffic/test/images/d_validation_1920_1080_daylight_2/14616138.jpg,4,3,2,2,3,2,2,3,2,2,3,2,2,3,2,2,3,2,2,3,2,2,3,2,2,3,2,2,3,2,2,3,2,2,3,2,2,0,0,0,0,0,0,0,0,0
820,data/aihub_traffic/test/images/d_validation_1920_1080_daylight_2/14616144.jpg,2,0,0,0,0,0,0,0,0,0,0,0,0,0,0,0,0,0,0,0,0,0,0,0,0,0,0,0,0,0,0,0,0,0,0,0,0,0,0,0,0,0,0,0,0,0
821,data/aihub_traffic/test/images/d_validation_1920_1080_daylight_2/14616150.jpg,1,1,1,1,1,1,1,1,1,1,1,1,1,1,1,1,1,1,1,1,1,1,1,1,1,1,1,1,1,1,1,1,1,1,1,1,1,0,0,0,0,0,0,0,0,0
822,data/aihub_traffic/test/images/d_validation_1920_1080_daylight_2/14616336.jpg,4,0,0,0,0,0,0,0,0,0,0,0,0,0,0,0,0,0,0,0,0,0,0,0,0,0,0,0,0,0,0,0,0,0,0,0,0,0,0,0,0,0,0,0,0,0
823,data/aihub_traffic/test/images/d_validation_1920_1080_daylight_2/14616343.jpg,3,0,0,0,0,0,0,0,0,0,0,0,0,0,0,0,0,0,0,0,0,0,0,0,0,0,0,0,0,0,0,0,0,0,0,0,0,0,0,0,0,0,0,0,0,0
824,data/aihub_traffic/test/images/d_validation_1920_1080_daylight_2/14616349.jpg,11,4,4,4,4,4,4,4,4,4,4,4,4,4,4,4,4,4,4,4,4,4,4,4,4,4,4,4,4,4,4,4,4,4,4,4,4,0,0,0,0,0,0,0,0,0
825,data/aihub_traffic/test/images/d_validation_1920_1080_daylight_2/14616355.jpg,8,1,1,1,1,1,1,1,1,1,1,1,1,1,1,1,1,1,1,1,1,1,1,1,1,1,1,1,1,1,1,1,1,1,1,1,1,0,0,0,0,0,0,0,0,0
826,data/aihub_traffic/test/images/d_validation_1920_1080_daylight_2/14645411.jpg,0,0,0,0,0,0,0,0,0,0,0,0,0,0,0,0,0,0,0,0,0,0,0,0,0,0,0,0,0,0,0,0,0,0,0,0,0,0,0,0,0,0,0,0,0,0
827,data/aihub_traffic/test/images/d_validation_1920_1080_daylight_2/14651464.jpg,0,0,0,0,0,0,0,0,0,0,0,0,0,0,0,0,0,0,0,0,0,0,0,0,0,0,0,0,0,0,0,0,0,0,0,0,0,0,0,0,0,0,0,0,0,0
828,data/aihub_traffic/test/images/d_validation_1920_1080_daylight_2/14651473.jpg,6,2,2,1,2,2,1,2,2,1,2,2,1,2,2,1,2,2,1,2,2,1,2,2,1,2,2,1,2,2,1,2,2,1,2,2,1,0,0,0,0,0,0,0,0,0
829,data/aihub_traffic/test/images/d_validation_1920_1080_daylight_2/14651480.jpg,0,0,0,0,0,0,0,0,0,0,0,0,0,0,0,0,0,0,0,0,0,0,0,0,0,0,0,0,0,0,0,0,0,0,0,0,0,0,0,0,0,0,0,0,0,0
830,data/aihub_traffic/test/images/d_validation_1920_1080_daylight_2/14651486.jpg,0,0,0,0,0,0,0,0,0,0,0,0,0,0,0,0,0,0,0,0,0,0,0,0,0,0,0,0,0,0,0,0,0,0,0,0,0,0,0,0,0,0,0,0,0,0
831,data/aihub_traffic/test/images/d_validation_1920_1080_daylight_2/14651514.jpg,0,0,0,0,0,0,0,0,0,0,0,0,0,0,0,0,0,0,0,0,0,0,0,0,0,0,0,0,0,0,0,0,0,0,0,0,0,0,0,0,0,0,0,0,0,0
832,data/aihub_traffic/test/images/d_validation_1920_1080_daylight_2/14651520.jpg,2,0,0,0,0,0,0,0,0,0,0,0,0,0,0,0,0,0,0,0,0,0,0,0,0,0,0,0,0,0,0,0,0,0,0,0,0,0,0,0,0,0,0,0,0,0
833,data/aihub_traffic/test/images/d_validation_1920_1080_daylight_2/14651526.jpg,1,0,0,0,0,0,0,0,0,0,0,0,0,0,0,0,0,0,0,0,0,0,0,0,0,0,0,0,0,0,0,0,0,0,0,0,0,0,0,0,0,0,0,0,0,0
834,data/aihub_traffic/test/images/d_validation_1920_1080_daylight_2/14651532.jpg,1,0,0,0,0,0,0,0,0,0,0,0,0,0,0,0,0,0,0,0,0,0,0,0,0,0,0,0,0,0,0,0,0,0,0,0,0,0,0,0,0,0,0,0,0,0
835,data/aihub_traffic/test/images/d_validation_1920_1080_daylight_2/14651538.jpg,1,0,0,0,0,0,0,0,0,0,0,0,0,0,0,0,0,0,0,0,0,0,0,0,0,0,0,0,0,0,0,0,0,0,0,0,0,0,0,0,0,0,0,0,0,0
836,data/aihub_traffic/test/images/d_validation_1920_1080_daylight_2/14651544.jpg,1,0,0,0,0,0,0,0,0,0,0,0,0,0,0,0,0,0,0,0,0,0,0,0,0,0,0,0,0,0,0,0,0,0,0,0,0,0,0,0,0,0,0,0,0,0
837,data/aihub_traffic/test/images/d_validation_1920_1080_daylight_2/14651550.jpg,3,0,0,0,0,0,0,0,0,0,0,0,0,0,0,0,0,0,0,0,0,0,0,0,0,0,0,0,0,0,0,0,0,0,0,0,0,0,0,0,0,0,0,0,0,0
838,data/aihub_traffic/test/images/d_validation_1920_1080_daylight_2/14651556.jpg,1,0,0,0,0,0,0,0,0,0,0,0,0,0,0,0,0,0,0,0,0,0,0,0,0,0,0,0,0,0,0,0,0,0,0,0,0,0,0,0,0,0,0,0,0,0
839,data/aihub_traffic/test/images/d_validation_1920_1080_daylight_2/14651563.jpg,0,0,0,0,0,0,0,0,0,0,0,0,0,0,0,0,0,0,0,0,0,0,0,0,0,0,0,0,0,0,0,0,0,0,0,0,0,0,0,0,0,0,0,0,0,0
840,data/aihub_traffic/test/images/d_validation_1920_1080_daylight_2/14651569.jpg,2,0,0,0,0,0,0,0,0,0,0,0,0,0,0,0,0,0,0,0,0,0,0,0,0,0,0,0,0,0,0,0,0,0,0,0,0,0,0,0,0,0,0,0,0,0
841,data/aihub_traffic/test/images/d_validation_1920_1080_daylight_2/14651575.jpg,2,0,0,0,0,0,0,0,0,0,0,0,0,0,0,0,0,0,0,0,0,0,0,0,0,0,0,0,0,0,0,0,0,0,0,0,0,0,0,0,0,0,0,0,0,0
842,data/aihub_traffic/test/images/d_validation_1920_1080_daylight_2/14651581.jpg,1,0,0,0,0,0,0,0,0,0,0,0,0,0,0,0,0,0,0,0,0,0,0,0,0,0,0,0,0,0,0,0,0,0,0,0,0,0,0,0,0,0,0,0,0,0
843,data/aihub_traffic/test/images/d_validation_1920_1080_daylight_2/14661231.jpg,6,4,4,4,4,4,4,4,4,4,4,4,4,4,4,4,4,4,4,4,4,4,4,4,4,4,4,4,4,4,4,4,4,4,4,4,4,0,0,0,0,0,0,0,0,0
844,data/aihub_traffic/test/images/d_validation_1920_1080_daylight_2/14661237.jpg,4,4,4,4,4,4,4,4,4,4,4,4,4,4,4,4,4,4,4,4,4,4,4,4,4,4,4,4,4,4,4,4,4,4,4,4,4,0,0,0,0,0,0,0,0,0
845,data/aihub_traffic/test/images/d_validation_1920_1080_daylight_2/14661244.jpg,5,4,4,3,4,4,3,4,4,3,4,4,3,4,4,3,4,4,3,4,4,3,4,4,3,4,4,3,4,4,3,4,4,3,4,4,3,0,0,0,0,0,0,0,0,0
846,data/aihub_traffic/test/images/d_validation_1920_1080_daylight_2/14661250.jpg,4,4,2,2,4,2,2,4,2,2,4,2,2,4,2,2,4,2,2,4,2,2,4,2,2,4,2,2,4,2,2,4,2,2,4,2,2,0,0,0,0,0,0,0,0,0
847,data/aihub_traffic/test/images/d_validation_1920_1080_daylight_2/14661256.jpg,4,4,2,2,4,2,2,4,2,2,4,2,2,4,2,2,4,2,2,5,2,2,5,2,2,5,2,2,5,2,2,5,2,2,5,2,2,0,0,0,0,0,0,0,0,0
848,data/aihub_traffic/test/images/d_validation_1920_1080_daylight_2/14661262.jpg,2,4,2,2,4,2,2,4,2,2,4,2,2,4,2,2,4,2,2,4,2,2,4,2,2,4,2,2,4,2,2,4,2,2,4,2,2,0,0,0,0,0,0,0,0,0
849,data/aihub_traffic/test/images/d_validation_1920_1080_daylight_2/14661269.jpg,1,0,0,0,0,0,0,0,0,0,0,0,0,0,0,0,0,0,0,0,0,0,0,0,0,0,0,0,0,0,0,0,0,0,0,0,0,0,0,0,0,0,0,0,0,0
850,data/aihub_traffic/test/images/d_validation_1920_1080_daylight_2/14661338.jpg,5,2,2,1,2,2,1,2,2,1,2,2,1,2,2,1,2,2,1,2,2,1,2,2,1,2,2,1,2,2,1,2,2,1,2,2,1,0,0,0,0,0,0,0,0,0
851,data/aihub_traffic/test/images/d_validation_1920_1080_daylight_2/14661347.jpg,3,3,3,2,3,3,2,3,3,2,3,3,2,3,3,2,3,3,2,3,3,1,3,3,1,3,3,1,3,3,1,3,3,1,3,3,1,0,0,0,0,0,0,0,0,0
852,data/aihub_traffic/test/images/d_validation_1920_1080_daylight_2/14661353.jpg,3,3,3,2,3,3,2,3,3,2,3,3,2,3,3,2,3,3,2,3,3,2,3,3,2,3,3,2,3,3,2,3,3,2,3,3,2,0,0,0,0,0,0,0,0,0
853,data/aihub_traffic/test/images/d_validation_1920_1080_daylight_2/14661360.jpg,3,3,3,2,3,3,2,3,3,2,3,3,1,3,3,1,3,3,1,3,3,2,3,3,2,3,3,2,3,3,2,3,3,2,3,3,2,0,0,0,0,0,0,0,0,0
854,data/aihub_traffic/test/images/d_validation_1920_1080_daylight_2/14661367.jpg,3,3,3,3,3,3,3,3,3,3,3,3,3,3,3,3,3,3,3,3,3,3,3,3,3,3,3,3,3,3,3,3,3,3,3,3,3,0,0,0,0,0,0,0,0,0
855,data/aihub_traffic/test/images/d_validation_1920_1080_daylight_2/14661373.jpg,1,0,0,0,0,0,0,0,0,0,0,0,0,0,0,0,0,0,0,0,0,0,0,0,0,0,0,0,0,0,0,0,0,0,0,0,0,0,0,0,0,0,0,0,0,0
856,data/aihub_traffic/test/images/d_validation_1920_1080_daylight_2/14661379.jpg,4,1,1,1,1,1,1,1,1,1,1,1,1,1,1,1,1,1,1,1,1,1,1,1,1,1,1,1,1,1,1,1,1,1,1,1,1,0,0,0,0,0,0,0,0,0
857,data/aihub_traffic/test/images/d_validation_1920_1080_daylight_2/14661385.jpg,0,0,0,0,0,0,0,0,0,0,0,0,0,0,0,0,0,0,0,0,0,0,0,0,0,0,0,0,0,0,0,0,0,0,0,0,0,0,0,0,0,0,0,0,0,0
858,data/aihub_traffic/test/images/d_validation_1920_1080_daylight_2/14661391.jpg,0,0,0,0,0,0,0,0,0,0,0,0,0,0,0,0,0,0,0,0,0,0,0,0,0,0,0,0,0,0,0,0,0,0,0,0,0,0,0,0,0,0,0,0,0,0
859,data/aihub_traffic/test/images/d_validation_1920_1080_daylight_2/14664386.jpg,3,1,0,0,1,0,0,1,0,0,1,0,0,1,0,0,1,0,0,1,0,0,1,0,0,1,0,0,1,0,0,1,0,0,1,0,0,0,0,0,0,0,0,0,0,0
860,data/aihub_traffic/test/images/d_validation_1920_1080_daylight_2/14664392.jpg,1,0,0,0,0,0,0,0,0,0,0,0,0,0,0,0,0,0,0,0,0,0,0,0,0,0,0,0,0,0,0,0,0,0,0,0,0,0,0,0,0,0,0,0,0,0
861,data/aihub_traffic/test/images/d_validation_1920_1080_daylight_2/14664399.jpg,4,0,0,0,0,0,0,0,0,0,0,0,0,0,0,0,0,0,0,0,0,0,0,0,0,0,0,0,0,0,0,0,0,0,0,0,0,0,0,0,0,0,0,0,0,0
862,data/aihub_traffic/test/images/d_validation_1920_1080_daylight_2/14664405.jpg,4,0,0,0,0,0,0,0,0,0,0,0,0,0,0,0,0,0,0,0,0,0,0,0,0,0,0,0,0,0,0,0,0,0,0,0,0,0,0,0,0,0,0,0,0,0
863,data/aihub_traffic/test/images/d_validation_1920_1080_daylight_2/14664411.jpg,4,0,0,0,0,0,0,0,0,0,0,0,0,0,0,0,0,0,0,0,0,0,0,0,0,0,0,0,0,0,0,0,0,0,0,0,0,0,0,0,0,0,0,0,0,0
864,data/aihub_traffic/test/images/d_validation_1920_1080_daylight_2/14664417.jpg,4,0,0,0,0,0,0,0,0,0,0,0,0,0,0,0,0,0,0,0,0,0,0,0,0,0,0,0,0,0,0,0,0,0,0,0,0,0,0,0,0,0,0,0,0,0
865,data/aihub_traffic/test/images/d_validation_1920_1080_daylight_2/14664423.jpg,4,0,0,0,0,0,0,0,0,0,0,0,0,0,0,0,0,0,0,0,0,0,0,0,0,0,0,0,0,0,0,0,0,0,0,0,0,0,0,0,0,0,0,0,0,0
866,data/aihub_traffic/test/images/d_validation_1920_1080_daylight_2/14664429.jpg,4,0,0,0,0,0,0,0,0,0,0,0,0,0,0,0,0,0,0,0,0,0,0,0,0,0,0,0,0,0,0,0,0,0,0,0,0,0,0,0,0,0,0,0,0,0
867,data/aihub_traffic/test/images/d_validation_1920_1080_daylight_2/14664435.jpg,4,0,0,0,0,0,0,0,0,0,0,0,0,0,0,0,0,0,0,0,0,0,0,0,0,0,0,0,0,0,0,0,0,0,0,0,0,0,0,0,0,0,0,0,0,0
868,data/aihub_traffic/test/images/d_validation_1920_1080_daylight_2/14664442.jpg,4,0,0,0,0,0,0,0,0,0,0,0,0,0,0,0,0,0,0,0,0,0,0,0,0,0,0,0,0,0,0,0,0,0,0,0,0,0,0,0,0,0,0,0,0,0
869,data/aihub_traffic/test/images/d_validation_1920_1080_daylight_2/14664448.jpg,3,3,3,2,3,3,2,3,3,2,3,3,2,3,3,2,3,3,2,3,3,3,3,3,3,3,3,3,3,3,3,3,3,3,3,3,3,0,0,0,0,0,0,0,0,0
870,data/aihub_traffic/test/images/d_validation_1920_1080_daylight_2/14664454.jpg,0,0,0,0,0,0,0,0,0,0,0,0,0,0,0,0,0,0,0,0,0,0,0,0,0,0,0,0,0,0,0,0,0,0,0,0,0,0,0,0,0,0,0,0,0,0
871,data/aihub_traffic/test/images/d_validation_1920_1080_daylight_2/14664460.jpg,0,0,0,0,0,0,0,0,0,0,0,0,0,0,0,0,0,0,0,0,0,0,0,0,0,0,0,0,0,0,0,0,0,0,0,0,0,0,0,0,0,0,0,0,0,0
872,data/aihub_traffic/test/images/d_validation_1920_1080_daylight_2/14664531.jpg,0,0,0,0,0,0,0,0,0,0,0,0,0,0,0,0,0,0,0,0,0,0,0,0,0,0,0,0,0,0,0,0,0,0,0,0,0,0,0,0,0,0,0,0,0,0
873,data/aihub_traffic/test/images/d_validation_1920_1080_daylight_2/14664537.jpg,0,0,0,0,0,0,0,0,0,0,0,0,0,0,0,0,0,0,0,0,0,0,0,0,0,0,0,0,0,0,0,0,0,0,0,0,0,0,0,0,0,0,0,0,0,0
874,data/aihub_traffic/test/images/d_validation_1920_1080_daylight_2/14664543.jpg,0,0,0,0,0,0,0,0,0,0,0,0,0,0,0,0,0,0,0,0,0,0,0,0,0,0,0,0,0,0,0,0,0,0,0,0,0,0,0,0,0,0,0,0,0,0
875,data/aihub_traffic/test/images/d_validation_1920_1080_daylight_2/14668222.jpg,2,2,2,1,2,2,1,2,2,1,2,2,1,2,2,1,2,2,1,2,2,1,2,2,1,2,2,1,2,2,1,2,2,1,2,2,1,0,0,0,0,0,0,0,0,0
876,data/aihub_traffic/test/images/d_validation_1920_1080_daylight_2/14668228.jpg,0,0,0,0,0,0,0,0,0,0,0,0,0,0,0,0,0,0,0,0,0,0,0,0,0,0,0,0,0,0,0,0,0,0,0,0,0,0,0,0,0,0,0,0,0,0
877,data/aihub_traffic/test/images/d_validation_1920_1080_daylight_2/14668234.jpg,0,0,0,0,0,0,0,0,0,0,0,0,0,0,0,0,0,0,0,0,0,0,0,0,0,0,0,0,0,0,0,0,0,0,0,0,0,0,0,0,0,0,0,0,0,0
878,data/aihub_traffic/test/images/d_validation_1920_1080_daylight_2/14668240.jpg,0,0,0,0,0,0,0,0,0,0,0,0,0,0,0,0,0,0,0,0,0,0,0,0,0,0,0,0,0,0,0,0,0,0,0,0,0,0,0,0,0,0,0,0,0,0
879,data/aihub_traffic/test/images/d_validation_1920_1080_daylight_2/14668246.jpg,0,0,0,0,0,0,0,0,0,0,0,0,0,0,0,0,0,0,0,0,0,0,0,0,0,0,0,0,0,0,0,0,0,0,0,0,0,0,0,0,0,0,0,0,0,0
880,data/aihub_traffic/test/images/d_validation_1920_1080_daylight_2/14668469.jpg,0,0,0,0,0,0,0,0,0,0,0,0,0,0,0,0,0,0,0,0,0,0,0,0,0,0,0,0,0,0,0,0,0,0,0,0,0,0,0,0,0,0,0,0,0,0
881,data/aihub_traffic/test/images/d_validation_1920_1080_daylight_2/14668476.jpg,0,0,0,0,0,0,0,0,0,0,0,0,0,0,0,0,0,0,0,0,0,0,0,0,0,0,0,0,0,0,0,0,0,0,0,0,0,0,0,0,0,0,0,0,0,0
882,data/aihub_traffic/test/images/d_validation_1920_1080_daylight_2/14668482.jpg,0,2,0,0,2,0,0,2,0,0,2,0,0,2,0,0,2,0,0,1,0,0,1,0,0,1,0,0,1,0,0,1,0,0,1,0,0,0,0,0,0,0,0,0,0,0
883,data/aihub_traffic/test/images/d_validation_1920_1080_daylight_2/14668489.jpg,0,0,0,0,0,0,0,0,0,0,0,0,0,0,0,0,0,0,0,0,0,0,0,0,0,0,0,0,0,0,0,0,0,0,0,0,0,0,0,0,0,0,0,0,0,0
884,data/aihub_traffic/test/images/d_validation_1920_1080_daylight_2/14668739.jpg,0,0,0,0,0,0,0,0,0,0,0,0,0,0,0,0,0,0,0,0,0,0,0,0,0,0,0,0,0,0,0,0,0,0,0,0,0,0,0,0,0,0,0,0,0,0
885,data/aihub_traffic/test/images/d_validation_1920_1080_daylight_2/14668746.jpg,2,0,0,0,0,0,0,0,0,0,0,0,0,0,0,0,0,0,0,0,0,0,0,0,0,0,0,0,0,0,0,0,0,0,0,0,0,0,0,0,0,0,0,0,0,0
886,data/aihub_traffic/test/images/d_validation_1920_1080_daylight_2/14668753.jpg,1,0,0,0,0,0,0,0,0,0,0,0,0,0,0,0,0,0,0,0,0,0,0,0,0,0,0,0,0,0,0,0,0,0,0,0,0,0,0,0,0,0,0,0,0,0
887,data/aihub_traffic/test/images/d_validation_1920_1080_daylight_2/14668759.jpg,1,1,1,1,1,1,1,1,1,1,1,1,1,1,1,1,1,1,1,1,1,1,1,1,1,1,1,1,1,1,1,1,1,1,1,1,1,0,0,0,0,0,0,0,0,0
888,data/aihub_traffic/test/images/d_validation_1920_1080_daylight_2/14668765.jpg,0,0,0,0,0,0,0,0,0,0,0,0,0,0,0,0,0,0,0,0,0,0,0,0,0,0,0,0,0,0,0,0,0,0,0,0,0,0,0,0,0,0,0,0,0,0
889,data/aihub_traffic/test/images/d_validation_1920_1080_daylight_2/14668833.jpg,0,1,0,0,1,0,0,1,0,0,1,0,0,1,0,0,1,0,0,0,0,0,0,0,0,0,0,0,0,0,0,0,0,0,0,0,0,0,0,0,0,0,0,0,0,0
890,data/aihub_traffic/test/images/d_validation_1920_1080_daylight_2/14668839.jpg,0,0,0,0,0,0,0,0,0,0,0,0,0,0,0,0,0,0,0,0,0,0,0,0,0,0,0,0,0,0,0,0,0,0,0,0,0,0,0,0,0,0,0,0,0,0
891,data/aihub_traffic/test/images/d_validation_1920_1080_daylight_2/14668845.jpg,0,0,0,0,0,0,0,0,0,0,0,0,0,0,0,0,0,0,0,0,0,0,0,0,0,0,0,0,0,0,0,0,0,0,0,0,0,0,0,0,0,0,0,0,0,0
892,data/aihub_traffic/test/images/d_validation_1920_1080_daylight_2/14668851.jpg,6,1,1,1,1,1,1,1,1,1,1,1,1,1,1,1,1,1,1,0,0,0,0,0,0,0,0,0,0,0,0,0,0,0,0,0,0,0,0,0,0,0,0,0,0,0
893,data/aihub_traffic/test/images/d_validation_1920_1080_daylight_2/14668857.jpg,2,0,0,0,0,0,0,0,0,0,0,0,0,0,0,0,0,0,0,0,0,0,0,0,0,0,0,0,0,0,0,0,0,0,0,0,0,0,0,0,0,0,0,0,0,0
894,data/aihub_traffic/test/images/d_validation_1920_1080_daylight_2/14668863.jpg,6,1,1,1,1,1,1,1,1,1,1,1,1,1,1,1,1,1,1,1,1,1,1,1,1,1,1,1,1,1,1,1,1,1,1,1,1,0,0,0,0,0,0,0,0,0
895,data/aihub_traffic/test/images/d_validation_1920_1080_daylight_2/14668869.jpg,0,0,0,0,0,0,0,0,0,0,0,0,0,0,0,0,0,0,0,0,0,0,0,0,0,0,0,0,0,0,0,0,0,0,0,0,0,0,0,0,0,0,0,0,0,0
896,data/aihub_traffic/test/images/d_validation_1920_1080_daylight_2/14672195.jpg,4,1,1,1,1,1,1,1,1,1,1,1,1,1,1,1,1,1,1,1,1,1,1,1,1,1,1,1,1,1,1,1,1,1,1,1,1,0,0,0,0,0,0,0,0,0
897,data/aihub_traffic/test/images/d_validation_1920_1080_daylight_2/14672201.jpg,4,2,2,2,2,2,2,2,2,2,2,2,2,2,2,2,2,2,2,2,2,2,2,2,2,2,2,2,2,2,2,2,2,2,2,2,2,0,0,0,0,0,0,0,0,0
898,data/aihub_traffic/test/images/d_validation_1920_1080_daylight_2/14672208.jpg,4,3,3,3,3,3,3,3,3,3,3,3,3,3,3,3,3,3,3,3,3,3,3,3,3,3,3,3,3,3,3,3,3,3,3,3,3,0,0,0,0,0,0,0,0,0
899,data/aihub_traffic/test/images/d_validation_1920_1080_daylight_2/14672310.jpg,7,3,3,3,3,3,3,3,3,3,3,3,3,3,3,3,3,3,3,3,3,3,3,3,3,3,3,3,3,3,3,3,3,3,3,3,3,0,0,0,0,0,0,0,0,0
900,data/aihub_traffic/test/images/d_validation_1920_1080_daylight_2/14672316.jpg,5,0,0,0,0,0,0,0,0,0,0,0,0,0,0,0,0,0,0,0,0,0,0,0,0,0,0,0,0,0,0,0,0,0,0,0,0,0,0,0,0,0,0,0,0,0
901,data/aihub_traffic/test/images/d_validation_1920_1080_daylight_2/14672322.jpg,1,2,1,1,2,1,1,2,1,1,2,1,1,2,1,1,2,1,1,2,1,1,2,1,1,2,1,1,2,1,1,2,1,1,2,1,1,0,0,0,0,0,0,0,0,0
902,data/aihub_traffic/test/images/d_validation_1920_1080_daylight_2/14672328.jpg,5,6,5,5,6,5,5,6,5,5,6,5,5,6,5,5,6,5,5,5,4,4,5,4,4,5,4,4,5,4,4,5,4,4,5,4,4,0,0,0,0,0,0,0,0,0
903,data/aihub_traffic/test/images/d_validation_1920_1080_daylight_2/14672334.jpg,0,0,0,0,0,0,0,0,0,0,0,0,0,0,0,0,0,0,0,0,0,0,0,0,0,0,0,0,0,0,0,0,0,0,0,0,0,0,0,0,0,0,0,0,0,0
904,data/aihub_traffic/test/images/d_validation_1920_1080_daylight_2/14672542.jpg,0,0,0,0,0,0,0,0,0,0,0,0,0,0,0,0,0,0,0,0,0,0,0,0,0,0,0,0,0,0,0,0,0,0,0,0,0,0,0,0,0,0,0,0,0,0
905,data/aihub_traffic/test/images/d_validation_1920_1080_daylight_2/14672549.jpg,2,0,0,0,0,0,0,0,0,0,0,0,0,0,0,0,0,0,0,0,0,0,0,0,0,0,0,0,0,0,0,0,0,0,0,0,0,0,0,0,0,0,0,0,0,0
906,data/aihub_traffic/test/images/d_validation_1920_1080_daylight_2/14672555.jpg,0,0,0,0,0,0,0,0,0,0,0,0,0,0,0,0,0,0,0,0,0,0,0,0,0,0,0,0,0,0,0,0,0,0,0,0,0,0,0,0,0,0,0,0,0,0
907,data/aihub_traffic/test/images/d_validation_1920_1080_daylight_2/14672561.jpg,0,0,0,0,0,0,0,0,0,0,0,0,0,0,0,0,0,0,0,0,0,0,0,0,0,0,0,0,0,0,0,0,0,0,0,0,0,0,0,0,0,0,0,0,0,0
908,data/aihub_traffic/test/images/d_validation_1920_1080_daylight_2/14672978.jpg,5,0,0,0,0,0,0,0,0,0,0,0,0,0,0,0,0,0,0,0,0,0,0,0,0,0,0,0,0,0,0,0,0,0,0,0,0,0,0,0,0,0,0,0,0,0
909,data/aihub_traffic/test/images/d_validation_1920_1080_daylight_2/14672993.jpg,0,0,0,0,0,0,0,0,0,0,0,0,0,0,0,0,0,0,0,0,0,0,0,0,0,0,0,0,0,0,0,0,0,0,0,0,0,0,0,0,0,0,0,0,0,0
910,data/aihub_traffic/test/images/d_validation_1920_1080_daylight_2/14672999.jpg,1,0,0,0,0,0,0,0,0,0,0,0,0,0,0,0,0,0,0,0,0,0,0,0,0,0,0,0,0,0,0,0,0,0,0,0,0,0,0,0,0,0,0,0,0,0
911,data/aihub_traffic/test/images/d_validation_1920_1080_daylight_2/14673065.jpg,1,0,0,0,0,0,0,0,0,0,0,0,0,0,0,0,0,0,0,1,1,1,1,1,1,1,1,1,1,1,1,1,1,1,1,1,1,0,0,0,0,0,0,0,0,0
912,data/aihub_traffic/test/images/d_validation_1920_1080_daylight_2/14673071.jpg,6,1,1,1,1,1,1,1,1,1,1,1,1,1,1,1,1,1,1,1,1,1,1,1,1,1,1,1,1,1,1,1,1,1,1,1,1,0,0,0,0,0,0,0,0,0
913,data/aihub_traffic/test/images/d_validation_1920_1080_daylight_2/14673077.jpg,0,0,0,0,0,0,0,0,0,0,0,0,0,0,0,0,0,0,0,0,0,0,0,0,0,0,0,0,0,0,0,0,0,0,0,0,0,0,0,0,0,0,0,0,0,0
914,data/aihub_traffic/test/images/d_validation_1920_1080_daylight_2/14673086.jpg,0,0,0,0,0,0,0,0,0,0,0,0,0,0,0,0,0,0,0,0,0,0,0,0,0,0,0,0,0,0,0,0,0,0,0,0,0,0,0,0,0,0,0,0,0,0
915,data/aihub_traffic/test/images/d_validation_1920_1080_daylight_2/14673092.jpg,0,0,0,0,0,0,0,0,0,0,0,0,0,0,0,0,0,0,0,0,0,0,0,0,0,0,0,0,0,0,0,0,0,0,0,0,0,0,0,0,0,0,0,0,0,0
916,data/aihub_traffic/test/images/d_validation_1920_1080_daylight_2/14673098.jpg,0,0,0,0,0,0,0,0,0,0,0,0,0,0,0,0,0,0,0,0,0,0,0,0,0,0,0,0,0,0,0,0,0,0,0,0,0,0,0,0,0,0,0,0,0,0
917,data/aihub_traffic/test/images/d_validation_1920_1080_daylight_2/14673104.jpg,4,3,2,2,3,2,2,3,2,2,3,2,2,3,2,2,3,2,2,2,2,2,2,2,2,2,2,2,2,2,2,2,2,2,2,2,2,0,0,0,0,0,0,0,0,0
918,data/aihub_traffic/test/images/d_validation_1920_1080_daylight_2/14673110.jpg,0,0,0,0,0,0,0,0,0,0,0,0,0,0,0,0,0,0,0,0,0,0,0,0,0,0,0,0,0,0,0,0,0,0,0,0,0,0,0,0,0,0,0,0,0,0
919,data/aihub_traffic/test/images/d_validation_1920_1080_daylight_2/14673125.jpg,0,0,0,0,0,0,0,0,0,0,0,0,0,0,0,0,0,0,0,0,0,0,0,0,0,0,0,0,0,0,0,0,0,0,0,0,0,0,0,0,0,0,0,0,0,0
920,data/aihub_traffic/test/images/d_validation_1920_1080_daylight_2/14673131.jpg,4,1,1,1,1,1,1,1,1,1,1,1,1,1,1,1,1,1,1,1,1,1,1,1,1,1,1,1,1,1,1,1,1,1,1,1,1,0,0,0,0,0,0,0,0,0
921,data/aihub_traffic/test/images/d_validation_1920_1080_daylight_2/14673137.jpg,7,3,2,2,3,2,2,3,2,2,3,2,2,3,2,2,3,2,2,2,1,1,2,1,1,2,1,1,2,1,1,2,1,1,2,1,1,0,0,0,0,0,0,0,0,0
922,data/aihub_traffic/test/images/d_validation_1920_1080_daylight_2/14675513.jpg,0,0,0,0,0,0,0,0,0,0,0,0,0,0,0,0,0,0,0,0,0,0,0,0,0,0,0,0,0,0,0,0,0,0,0,0,0,0,0,0,0,0,0,0,0,0
923,data/aihub_traffic/test/images/d_validation_1920_1080_daylight_2/14675519.jpg,0,0,0,0,0,0,0,0,0,0,0,0,0,0,0,0,0,0,0,0,0,0,0,0,0,0,0,0,0,0,0,0,0,0,0,0,0,0,0,0,0,0,0,0,0,0
924,data/aihub_traffic/test/images/d_validation_1920_1080_daylight_2/14675525.jpg,2,1,0,0,1,0,0,1,0,0,1,0,0,1,0,0,1,0,0,2,1,0,2,1,0,2,1,0,2,1,0,2,1,0,2,1,0,0,0,0,0,0,0,0,0,0
925,data/aihub_traffic/test/images/d_validation_1920_1080_daylight_2/14675531.jpg,0,0,0,0,0,0,0,0,0,0,0,0,0,0,0,0,0,0,0,0,0,0,0,0,0,0,0,0,0,0,0,0,0,0,0,0,0,0,0,0,0,0,0,0,0,0
926,data/aihub_traffic/test/images/d_validation_1920_1080_daylight_2/14675598.jpg,0,0,0,0,0,0,0,0,0,0,0,0,0,0,0,0,0,0,0,0,0,0,0,0,0,0,0,0,0,0,0,0,0,0,0,0,0,0,0,0,0,0,0,0,0,0
927,data/aihub_traffic/test/images/d_validation_1920_1080_daylight_2/14675604.jpg,4,0,0,0,0,0,0,0,0,0,0,0,0,0,0,0,0,0,0,0,0,0,0,0,0,0,0,0,0,0,0,0,0,0,0,0,0,0,0,0,0,0,0,0,0,0
928,data/aihub_traffic/test/images/d_validation_1920_1080_daylight_2/14675610.jpg,0,0,0,0,0,0,0,0,0,0,0,0,0,0,0,0,0,0,0,0,0,0,0,0,0,0,0,0,0,0,0,0,0,0,0,0,0,0,0,0,0,0,0,0,0,0
929,data/aihub_traffic/test/images/d_validation_1920_1080_daylight_2/14675616.jpg,0,1,0,0,1,0,0,1,0,0,1,0,0,1,0,0,1,0,0,0,0,0,0,0,0,0,0,0,0,0,0,0,0,0,0,0,0,0,0,0,0,0,0,0,0,0
930,data/aihub_traffic/test/images/d_validation_1920_1080_daylight_2/14675622.jpg,2,0,0,0,0,0,0,0,0,0,0,0,0,0,0,0,0,0,0,0,0,0,0,0,0,0,0,0,0,0,0,0,0,0,0,0,0,0,0,0,0,0,0,0,0,0
931,data/aihub_traffic/test/images/d_validation_1920_1080_daylight_2/14675628.jpg,1,0,0,0,0,0,0,0,0,0,0,0,0,0,0,0,0,0,0,0,0,0,0,0,0,0,0,0,0,0,0,0,0,0,0,0,0,0,0,0,0,0,0,0,0,0
932,data/aihub_traffic/test/images/d_validation_1920_1080_daylight_2/14675634.jpg,0,0,0,0,0,0,0,0,0,0,0,0,0,0,0,0,0,0,0,0,0,0,0,0,0,0,0,0,0,0,0,0,0,0,0,0,0,0,0,0,0,0,0,0,0,0
933,data/aihub_traffic/test/images/d_validation_1920_1080_daylight_2/14675640.jpg,0,0,0,0,0,0,0,0,0,0,0,0,0,0,0,0,0,0,0,0,0,0,0,0,0,0,0,0,0,0,0,0,0,0,0,0,0,0,0,0,0,0,0,0,0,0
934,data/aihub_traffic/test/images/d_validation_1920_1080_daylight_2/14675646.jpg,0,0,0,0,0,0,0,0,0,0,0,0,0,0,0,0,0,0,0,0,0,0,0,0,0,0,0,0,0,0,0,0,0,0,0,0,0,0,0,0,0,0,0,0,0,0
935,data/aihub_traffic/test/images/d_validation_1920_1080_daylight_2/14675652.jpg,0,0,0,0,0,0,0,0,0,0,0,0,0,0,0,0,0,0,0,0,0,0,0,0,0,0,0,0,0,0,0,0,0,0,0,0,0,0,0,0,0,0,0,0,0,0
936,data/aihub_traffic/test/images/d_validation_1920_1080_daylight_2/14675658.jpg,0,0,0,0,0,0,0,0,0,0,0,0,0,0,0,0,0,0,0,0,0,0,0,0,0,0,0,0,0,0,0,0,0,0,0,0,0,0,0,0,0,0,0,0,0,0
937,data/aihub_traffic/test/images/d_validation_1920_1080_daylight_2/14675664.jpg,0,0,0,0,0,0,0,0,0,0,0,0,0,0,0,0,0,0,0,0,0,0,0,0,0,0,0,0,0,0,0,0,0,0,0,0,0,0,0,0,0,0,0,0,0,0
938,data/aihub_traffic/test/images/d_validation_1920_1080_daylight_2/14675670.jpg,6,0,0,0,0,0,0,0,0,0,0,0,0,0,0,0,0,0,0,0,0,0,0,0,0,0,0,0,0,0,0,0,0,0,0,0,0,0,0,0,0,0,0,0,0,0
939,data/aihub_traffic/test/images/d_validation_1920_1080_daylight_2/14678856.jpg,5,1,1,1,1,1,1,1,1,1,1,1,1,1,1,1,1,1,1,2,2,1,2,2,1,2,2,1,2,2,1,2,2,1,2,2,1,0,0,0,0,0,0,0,0,0
940,data/aihub_traffic/test/images/d_validation_1920_1080_daylight_2/14678862.jpg,2,0,0,0,0,0,0,0,0,0,0,0,0,0,0,0,0,0,0,0,0,0,0,0,0,0,0,0,0,0,0,0,0,0,0,0,0,0,0,0,0,0,0,0,0,0
941,data/aihub_traffic/test/images/d_validation_1920_1080_daylight_2/14678941.jpg,3,0,0,0,0,0,0,0,0,0,0,0,0,0,0,0,0,0,0,0,0,0,0,0,0,0,0,0,0,0,0,0,0,0,0,0,0,0,0,0,0,0,0,0,0,0
942,data/aihub_traffic/test/images/d_validation_1920_1080_daylight_2/14678947.jpg,5,4,3,3,4,3,3,4,3,3,4,3,3,4,3,3,4,3,3,4,3,3,4,3,3,4,3,3,4,3,3,4,3,3,4,3,3,0,0,0,0,0,0,0,0,0
943,data/aihub_traffic/test/images/d_validation_1920_1080_daylight_2/14678953.jpg,2,0,0,0,0,0,0,0,0,0,0,0,0,0,0,0,0,0,0,0,0,0,0,0,0,0,0,0,0,0,0,0,0,0,0,0,0,0,0,0,0,0,0,0,0,0
944,data/aihub_traffic/test/images/d_validation_1920_1080_daylight_2/14678959.jpg,7,2,1,1,2,1,1,2,1,1,2,1,1,2,1,1,2,1,1,2,1,1,2,1,1,2,1,1,2,1,1,2,1,1,2,1,1,0,0,0,0,0,0,0,0,0
945,data/aihub_traffic/test/images/d_validation_1920_1080_daylight_2/14678965.jpg,7,3,3,3,3,3,3,3,3,3,3,3,3,3,3,3,3,3,3,2,2,2,2,2,2,2,2,2,2,2,2,2,2,2,2,2,2,0,0,0,0,0,0,0,0,0
946,data/aihub_traffic/test/images/d_validation_1920_1080_daylight_2/14679130.jpg,6,2,1,1,2,1,1,2,1,1,2,1,1,2,1,1,2,1,1,3,1,1,3,1,1,3,1,1,3,1,1,3,1,1,3,1,1,0,0,0,0,0,0,0,0,0
947,data/aihub_traffic/test/images/d_validation_1920_1080_daylight_2/14679136.jpg,1,0,0,0,0,0,0,0,0,0,0,0,0,0,0,0,0,0,0,0,0,0,0,0,0,0,0,0,0,0,0,0,0,0,0,0,0,0,0,0,0,0,0,0,0,0
948,data/aihub_traffic/test/images/d_validation_1920_1080_daylight_2/14679142.jpg,0,0,0,0,0,0,0,0,0,0,0,0,0,0,0,0,0,0,0,0,0,0,0,0,0,0,0,0,0,0,0,0,0,0,0,0,0,0,0,0,0,0,0,0,0,0
949,data/aihub_traffic/test/images/d_validation_1920_1080_daylight_2/14679148.jpg,2,0,0,0,0,0,0,0,0,0,0,0,0,0,0,0,0,0,0,0,0,0,0,0,0,0,0,0,0,0,0,0,0,0,0,0,0,0,0,0,0,0,0,0,0,0
950,data/aihub_traffic/test/images/d_validation_1920_1080_daylight_2/14679154.jpg,3,0,0,0,0,0,0,0,0,0,0,0,0,0,0,0,0,0,0,0,0,0,0,0,0,0,0,0,0,0,0,0,0,0,0,0,0,0,0,0,0,0,0,0,0,0
951,data/aihub_traffic/test/images/d_validation_1920_1080_daylight_2/14679320.jpg,3,2,1,1,2,1,1,2,1,1,2,1,1,2,1,1,2,1,1,2,1,1,2,1,1,2,1,1,2,1,1,2,1,1,2,1,1,0,0,0,0,0,0,0,0,0
952,data/aihub_traffic/test/images/d_validation_1920_1080_daylight_2/14679326.jpg,3,2,2,1,2,2,1,2,2,1,2,2,1,2,2,1,2,2,1,2,2,1,2,2,1,2,2,1,2,2,1,2,2,1,2,2,1,0,0,0,0,0,0,0,0,0
953,data/aihub_traffic/test/images/d_validation_1920_1080_daylight_2/14679333.jpg,3,0,0,0,0,0,0,0,0,0,0,0,0,0,0,0,0,0,0,0,0,0,0,0,0,0,0,0,0,0,0,0,0,0,0,0,0,0,0,0,0,0,0,0,0,0
954,data/aihub_traffic/test/images/d_validation_1920_1080_daylight_2/14679340.jpg,6,3,3,2,3,3,2,3,3,2,3,3,2,3,3,2,3,3,2,2,2,2,2,2,2,2,2,2,2,2,2,2,2,2,2,2,2,0,0,0,0,0,0,0,0,0
955,data/aihub_traffic/test/images/d_validation_1920_1080_daylight_2/14683248.jpg,1,0,0,0,0,0,0,0,0,0,0,0,0,0,0,0,0,0,0,0,0,0,0,0,0,0,0,0,0,0,0,0,0,0,0,0,0,0,0,0,0,0,0,0,0,0
956,data/aihub_traffic/test/images/d_validation_1920_1080_daylight_2/14683255.jpg,0,0,0,0,0,0,0,0,0,0,0,0,0,0,0,0,0,0,0,0,0,0,0,0,0,0,0,0,0,0,0,0,0,0,0,0,0,0,0,0,0,0,0,0,0,0
957,data/aihub_traffic/test/images/d_validation_1920_1080_daylight_2/14683261.jpg,2,1,1,1,1,1,1,1,1,1,1,1,1,1,1,1,1,1,1,1,1,1,1,1,1,1,1,1,1,1,1,1,1,1,1,1,1,0,0,0,0,0,0,0,0,0
958,data/aihub_traffic/test/images/d_validation_1920_1080_daylight_2/14683267.jpg,1,0,0,0,0,0,0,0,0,0,0,0,0,0,0,0,0,0,0,0,0,0,0,0,0,0,0,0,0,0,0,0,0,0,0,0,0,0,0,0,0,0,0,0,0,0
959,data/aihub_traffic/test/images/d_validation_1920_1080_daylight_2/14683273.jpg,0,0,0,0,0,0,0,0,0,0,0,0,0,0,0,0,0,0,0,0,0,0,0,0,0,0,0,0,0,0,0,0,0,0,0,0,0,0,0,0,0,0,0,0,0,0
960,data/aihub_traffic/test/images/d_validation_1920_1080_daylight_2/14683279.jpg,1,0,0,0,0,0,0,0,0,0,0,0,0,0,0,0,0,0,0,0,0,0,0,0,0,0,0,0,0,0,0,0,0,0,0,0,0,0,0,0,0,0,0,0,0,0
961,data/aihub_traffic/test/images/d_validation_1920_1080_daylight_2/14683285.jpg,5,0,0,0,0,0,0,0,0,0,0,0,0,0,0,0,0,0,0,0,0,0,0,0,0,0,0,0,0,0,0,0,0,0,0,0,0,0,0,0,0,0,0,0,0,0
962,data/aihub_traffic/test/images/d_validation_1920_1080_daylight_2/14683292.jpg,8,2,2,2,2,2,2,2,2,2,2,2,2,2,2,2,2,2,2,2,2,2,2,2,2,2,2,2,2,2,2,2,2,2,2,2,2,0,0,0,0,0,0,0,0,0
963,data/aihub_traffic/test/images/d_validation_1920_1080_daylight_2/14683298.jpg,1,2,1,1,2,1,1,2,1,1,2,1,1,2,1,1,2,1,1,2,1,1,2,1,1,2,1,1,2,1,1,2,1,1,2,1,1,0,0,0,0,0,0,0,0,0
964,data/aihub_traffic/test/images/d_validation_1920_1080_daylight_2/14683334.jpg,0,0,0,0,0,0,0,0,0,0,0,0,0,0,0,0,0,0,0,0,0,0,0,0,0,0,0,0,0,0,0,0,0,0,0,0,0,0,0,0,0,0,0,0,0,0
965,data/aihub_traffic/test/images/d_validation_1920_1080_daylight_2/14683340.jpg,2,0,0,0,0,0,0,0,0,0,0,0,0,0,0,0,0,0,0,0,0,0,0,0,0,0,0,0,0,0,0,0,0,0,0,0,0,0,0,0,0,0,0,0,0,0
966,data/aihub_traffic/test/images/d_validation_1920_1080_daylight_2/14683347.jpg,1,0,0,0,0,0,0,0,0,0,0,0,0,0,0,0,0,0,0,0,0,0,0,0,0,0,0,0,0,0,0,0,0,0,0,0,0,0,0,0,0,0,0,0,0,0
967,data/aihub_traffic/test/images/d_validation_1920_1080_daylight_2/14683353.jpg,3,0,0,0,0,0,0,0,0,0,0,0,0,0,0,0,0,0,0,0,0,0,0,0,0,0,0,0,0,0,0,0,0,0,0,0,0,0,0,0,0,0,0,0,0,0
968,data/aihub_traffic/test/images/d_validation_1920_1080_daylight_2/14683359.jpg,2,0,0,0,0,0,0,0,0,0,0,0,0,0,0,0,0,0,0,0,0,0,0,0,0,0,0,0,0,0,0,0,0,0,0,0,0,0,0,0,0,0,0,0,0,0
969,data/aihub_traffic/test/images/d_validation_1920_1080_daylight_2/14683365.jpg,3,0,0,0,0,0,0,0,0,0,0,0,0,0,0,0,0,0,0,0,0,0,0,0,0,0,0,0,0,0,0,0,0,0,0,0,0,0,0,0,0,0,0,0,0,0
970,data/aihub_traffic/test/images/d_validation_1920_1080_daylight_2/14683371.jpg,1,0,0,0,0,0,0,0,0,0,0,0,0,0,0,0,0,0,0,0,0,0,0,0,0,0,0,0,0,0,0,0,0,0,0,0,0,0,0,0,0,0,0,0,0,0
971,data/aihub_traffic/test/images/d_validation_1920_1080_daylight_2/14683377.jpg,0,0,0,0,0,0,0,0,0,0,0,0,0,0,0,0,0,0,0,0,0,0,0,0,0,0,0,0,0,0,0,0,0,0,0,0,0,0,0,0,0,0,0,0,0,0
972,data/aihub_traffic/test/images/d_validation_1920_1080_daylight_2/14686299.jpg,0,0,0,0,0,0,0,0,0,0,0,0,0,0,0,0,0,0,0,0,0,0,0,0,0,0,0,0,0,0,0,0,0,0,0,0,0,0,0,0,0,0,0,0,0,0
973,data/aihub_traffic/test/images/d_validation_1920_1080_daylight_2/14686305.jpg,5,1,1,0,1,1,0,1,1,0,1,1,0,1,1,0,1,1,0,1,1,0,1,1,0,1,1,0,1,1,0,1,1,0,1,1,0,0,0,0,0,0,0,0,0,0
974,data/aihub_traffic/test/images/d_validation_1920_1080_daylight_2/14686311.jpg,5,1,0,0,1,0,0,1,0,0,1,0,0,1,0,0,1,0,0,1,0,0,1,0,0,1,0,0,1,0,0,1,0,0,1,0,0,0,0,0,0,0,0,0,0,0
975,data/aihub_traffic/test/images/d_validation_1920_1080_daylight_2/14686317.jpg,7,0,0,0,0,0,0,0,0,0,0,0,0,0,0,0,0,0,0,0,0,0,0,0,0,0,0,0,0,0,0,0,0,0,0,0,0,0,0,0,0,0,0,0,0,0
976,data/aihub_traffic/test/images/d_validation_1920_1080_daylight_2/14686323.jpg,8,4,4,4,4,4,4,4,4,4,4,4,4,4,4,4,4,4,4,4,4,4,4,4,4,4,4,4,4,4,4,4,4,4,4,4,4,0,0,0,0,0,0,0,0,0
977,data/aihub_traffic/test/images/d_validation_1920_1080_daylight_2/14686378.jpg,4,4,4,3,4,4,3,4,4,3,4,4,3,4,4,3,4,4,3,4,4,3,4,4,3,4,4,3,4,4,3,4,4,3,4,4,3,0,0,0,0,0,0,0,0,0
978,data/aihub_traffic/test/images/d_validation_1920_1080_daylight_2/14686384.jpg,4,2,2,2,2,2,2,2,2,2,2,2,2,2,2,2,2,2,2,2,2,2,2,2,2,2,2,2,2,2,2,2,2,2,2,2,2,0,0,0,0,0,0,0,0,0
979,data/aihub_traffic/test/images/d_validation_1920_1080_daylight_2/14686390.jpg,4,2,2,2,2,2,2,2,2,2,2,2,2,2,2,2,2,2,2,2,2,2,2,2,2,2,2,2,2,2,2,2,2,2,2,2,2,0,0,0,0,0,0,0,0,0
980,data/aihub_traffic/test/images/d_validation_1920_1080_daylight_2/14686396.jpg,4,2,2,2,2,2,2,2,2,2,2,2,2,2,2,2,2,2,2,3,2,2,3,2,2,3,2,2,3,2,2,3,2,2,3,2,2,0,0,0,0,0,0,0,0,0
981,data/aihub_traffic/test/images/d_validation_1920_1080_daylight_2/14686402.jpg,4,1,1,1,1,1,1,1,1,1,1,1,1,1,1,1,1,1,1,1,1,1,1,1,1,1,1,1,1,1,1,1,1,1,1,1,1,0,0,0,0,0,0,0,0,0
982,data/aihub_traffic/test/images/d_validation_1920_1080_daylight_2/14686408.jpg,3,2,2,1,2,2,1,2,2,1,2,2,1,2,2,1,2,2,1,2,2,1,2,2,1,2,2,1,2,2,1,2,2,1,2,2,1,0,0,0,0,0,0,0,0,0
983,data/aihub_traffic/test/images/d_validation_1920_1080_daylight_2/14686414.jpg,3,0,0,0,0,0,0,0,0,0,0,0,0,0,0,0,0,0,0,0,0,0,0,0,0,0,0,0,0,0,0,0,0,0,0,0,0,0,0,0,0,0,0,0,0,0
984,data/aihub_traffic/test/images/d_validation_1920_1080_daylight_2/14686420.jpg,6,1,0,0,1,0,0,1,0,0,1,0,0,1,0,0,1,0,0,1,0,0,1,0,0,1,0,0,1,0,0,1,0,0,1,0,0,0,0,0,0,0,0,0,0,0
985,data/aihub_traffic/test/images/d_validation_1920_1080_daylight_2/14686426.jpg,7,6,5,3,6,5,3,6,5,3,6,5,3,6,5,3,6,5,3,5,5,3,5,5,3,5,5,3,5,5,3,5,5,3,5,5,3,0,0,0,0,0,0,0,0,0
986,data/aihub_traffic/test/images/d_validation_1920_1080_daylight_2/14686432.jpg,15,6,6,6,6,6,6,6,6,6,6,6,6,6,6,6,6,6,6,6,6,6,6,6,6,6,6,6,6,6,6,6,6,6,6,6,6,0,0,0,0,0,0,0,0,0
987,data/aihub_traffic/test/images/d_validation_1920_1080_daylight_2/14686438.jpg,1,0,0,0,0,0,0,0,0,0,0,0,0,0,0,0,0,0,0,0,0,0,0,0,0,0,0,0,0,0,0,0,0,0,0,0,0,0,0,0,0,0,0,0,0,0
988,data/aihub_traffic/test/images/d_validation_1920_1080_daylight_2/14686444.jpg,2,0,0,0,0,0,0,0,0,0,0,0,0,0,0,0,0,0,0,0,0,0,0,0,0,0,0,0,0,0,0,0,0,0,0,0,0,0,0,0,0,0,0,0,0,0
989,data/aihub_traffic/test/images/d_validation_1920_1080_daylight_2/14690969.jpg,0,0,0,0,0,0,0,0,0,0,0,0,0,0,0,0,0,0,0,0,0,0,0,0,0,0,0,0,0,0,0,0,0,0,0,0,0,0,0,0,0,0,0,0,0,0
990,data/aihub_traffic/test/images/d_validation_1920_1080_daylight_2/14690975.jpg,1,0,0,0,0,0,0,0,0,0,0,0,0,0,0,0,0,0,0,0,0,0,0,0,0,0,0,0,0,0,0,0,0,0,0,0,0,0,0,0,0,0,0,0,0,0
991,data/aihub_traffic/test/images/d_validation_1920_1080_daylight_2/14690982.jpg,6,4,4,4,4,4,4,4,4,4,4,4,4,4,4,4,4,4,4,4,4,4,4,4,4,4,4,4,4,4,4,4,4,4,4,4,4,0,0,0,0,0,0,0,0,0
992,data/aihub_traffic/test/images/d_validation_1920_1080_daylight_2/14690998.jpg,0,0,0,0,0,0,0,0,0,0,0,0,0,0,0,0,0,0,0,0,0,0,0,0,0,0,0,0,0,0,0,0,0,0,0,0,0,0,0,0,0,0,0,0,0,0
993,data/aihub_traffic/test/images/d_validation_1920_1080_daylight_2/14691007.jpg,0,0,0,0,0,0,0,0,0,0,0,0,0,0,0,0,0,0,0,0,0,0,0,0,0,0,0,0,0,0,0,0,0,0,0,0,0,0,0,0,0,0,0,0,0,0
994,data/aihub_traffic/test/images/d_validation_1920_1080_daylight_2/14691013.jpg,4,4,3,2,4,3,2,4,3,2,4,3,2,4,3,2,4,3,2,4,3,2,4,3,2,4,3,2,4,3,2,4,3,2,4,3,2,0,0,0,0,0,0,0,0,0
995,data/aihub_traffic/test/images/d_validation_1920_1080_daylight_2/14691021.jpg,0,0,0,0,0,0,0,0,0,0,0,0,0,0,0,0,0,0,0,0,0,0,0,0,0,0,0,0,0,0,0,0,0,0,0,0,0,0,0,0,0,0,0,0,0,0
996,data/aihub_traffic/test/images/d_validation_1920_1080_daylight_2/14691033.jpg,2,0,0,0,0,0,0,0,0,0,0,0,0,0,0,0,0,0,0,0,0,0,0,0,0,0,0,0,0,0,0,0,0,0,0,0,0,0,0,0,0,0,0,0,0,0
997,data/aihub_traffic/test/images/d_validation_1920_1080_daylight_2/14691039.jpg,0,0,0,0,0,0,0,0,0,0,0,0,0,0,0,0,0,0,0,0,0,0,0,0,0,0,0,0,0,0,0,0,0,0,0,0,0,0,0,0,0,0,0,0,0,0
998,data/aihub_traffic/test/images/d_validation_1920_1080_daylight_2/14691045.jpg,0,0,0,0,0,0,0,0,0,0,0,0,0,0,0,0,0,0,0,0,0,0,0,0,0,0,0,0,0,0,0,0,0,0,0,0,0,0,0,0,0,0,0,0,0,0
999,data/aihub_traffic/test/images/d_validation_1920_1080_daylight_2/14691051.jpg,0,0,0,0,0,0,0,0,0,0,0,0,0,0,0,0,0,0,0,0,0,0,0,0,0,0,0,0,0,0,0,0,0,0,0,0,0,0,0,0,0,0,0,0,0,0
1000,data/aihub_traffic/test/images/d_validation_1920_1080_daylight_2/14691246.jpg,0,0,0,0,0,0,0,0,0,0,0,0,0,0,0,0,0,0,0,0,0,0,0,0,0,0,0,0,0,0,0,0,0,0,0,0,0,0,0,0,0,0,0,0,0,0
1001,data/aihub_traffic/test/images/d_validation_1920_1080_daylight_2/14691252.jpg,0,0,0,0,0,0,0,0,0,0,0,0,0,0,0,0,0,0,0,0,0,0,0,0,0,0,0,0,0,0,0,0,0,0,0,0,0,0,0,0,0,0,0,0,0,0
1002,data/aihub_traffic/test/images/d_validation_1920_1080_daylight_2/14691258.jpg,0,0,0,0,0,0,0,0,0,0,0,0,0,0,0,0,0,0,0,0,0,0,0,0,0,0,0,0,0,0,0,0,0,0,0,0,0,0,0,0,0,0,0,0,0,0
1003,data/aihub_traffic/test/images/d_validation_1920_1080_daylight_2/14691305.jpg,0,0,0,0,0,0,0,0,0,0,0,0,0,0,0,0,0,0,0,0,0,0,0,0,0,0,0,0,0,0,0,0,0,0,0,0,0,0,0,0,0,0,0,0,0,0
1004,data/aihub_traffic/test/images/d_validation_1920_1080_daylight_2/14691311.jpg,5,3,3,3,3,3,3,3,3,3,3,3,3,3,3,3,3,3,3,3,3,3,3,3,3,3,3,3,3,3,3,3,3,3,3,3,3,0,0,0,0,0,0,0,0,0
1005,data/aihub_traffic/test/images/d_validation_1920_1080_daylight_2/14695879.jpg,4,3,3,2,3,3,2,3,3,2,3,3,2,3,3,2,3,3,2,3,3,2,3,3,2,3,3,2,3,3,2,3,3,2,3,3,2,0,0,0,0,0,0,0,0,0
1006,data/aihub_traffic/test/images/d_validation_1920_1080_daylight_2/14695885.jpg,0,0,0,0,0,0,0,0,0,0,0,0,0,0,0,0,0,0,0,0,0,0,0,0,0,0,0,0,0,0,0,0,0,0,0,0,0,0,0,0,0,0,0,0,0,0
1007,data/aihub_traffic/test/images/d_validation_1920_1080_daylight_2/14695891.jpg,1,0,0,0,0,0,0,0,0,0,0,0,0,0,0,0,0,0,0,0,0,0,0,0,0,0,0,0,0,0,0,0,0,0,0,0,0,0,0,0,0,0,0,0,0,0
1008,data/aihub_traffic/test/images/d_validation_1920_1080_daylight_2/14695897.jpg,0,0,0,0,0,0,0,0,0,0,0,0,0,0,0,0,0,0,0,0,0,0,0,0,0,0,0,0,0,0,0,0,0,0,0,0,0,0,0,0,0,0,0,0,0,0
1009,data/aihub_traffic/test/images/d_validation_1920_1080_daylight_2/14695904.jpg,0,0,0,0,0,0,0,0,0,0,0,0,0,0,0,0,0,0,0,0,0,0,0,0,0,0,0,0,0,0,0,0,0,0,0,0,0,0,0,0,0,0,0,0,0,0
1010,data/aihub_traffic/test/images/d_validation_1920_1080_daylight_2/14695912.jpg,4,2,1,1,2,1,1,2,1,1,2,1,1,2,1,1,2,1,1,3,1,1,3,1,1,3,1,1,3,1,1,3,1,1,3,1,1,0,0,0,0,0,0,0,0,0
1011,data/aihub_traffic/test/images/d_validation_1920_1080_daylight_2/14695918.jpg,0,0,0,0,0,0,0,0,0,0,0,0,0,0,0,0,0,0,0,0,0,0,0,0,0,0,0,0,0,0,0,0,0,0,0,0,0,0,0,0,0,0,0,0,0,0
1012,data/aihub_traffic/test/images/d_validation_1920_1080_daylight_2/14695924.jpg,0,0,0,0,0,0,0,0,0,0,0,0,0,0,0,0,0,0,0,0,0,0,0,0,0,0,0,0,0,0,0,0,0,0,0,0,0,0,0,0,0,0,0,0,0,0
1013,data/aihub_traffic/test/images/d_validation_1920_1080_daylight_2/14695931.jpg,3,0,0,0,0,0,0,0,0,0,0,0,0,0,0,0,0,0,0,0,0,0,0,0,0,0,0,0,0,0,0,0,0,0,0,0,0,0,0,0,0,0,0,0,0,0
1014,data/aihub_traffic/test/images/d_validation_1920_1080_daylight_2/14695937.jpg,0,0,0,0,0,0,0,0,0,0,0,0,0,0,0,0,0,0,0,0,0,0,0,0,0,0,0,0,0,0,0,0,0,0,0,0,0,0,0,0,0,0,0,0,0,0
1015,data/aihub_traffic/test/images/d_validation_1920_1080_daylight_2/14695944.jpg,0,0,0,0,0,0,0,0,0,0,0,0,0,0,0,0,0,0,0,0,0,0,0,0,0,0,0,0,0,0,0,0,0,0,0,0,0,0,0,0,0,0,0,0,0,0
1016,data/aihub_traffic/test/images/d_validation_1920_1080_daylight_2/14695950.jpg,0,0,0,0,0,0,0,0,0,0,0,0,0,0,0,0,0,0,0,0,0,0,0,0,0,0,0,0,0,0,0,0,0,0,0,0,0,0,0,0,0,0,0,0,0,0
1017,data/aihub_traffic/test/images/d_validation_1920_1080_daylight_2/14695956.jpg,0,0,0,0,0,0,0,0,0,0,0,0,0,0,0,0,0,0,0,0,0,0,0,0,0,0,0,0,0,0,0,0,0,0,0,0,0,0,0,0,0,0,0,0,0,0
1018,data/aihub_traffic/test/images/d_validation_1920_1080_daylight_2/14696257.jpg,0,0,0,0,0,0,0,0,0,0,0,0,0,0,0,0,0,0,0,0,0,0,0,0,0,0,0,0,0,0,0,0,0,0,0,0,0,0,0,0,0,0,0,0,0,0
1019,data/aihub_traffic/test/images/d_validation_1920_1080_daylight_2/14696264.jpg,0,0,0,0,0,0,0,0,0,0,0,0,0,0,0,0,0,0,0,0,0,0,0,0,0,0,0,0,0,0,0,0,0,0,0,0,0,0,0,0,0,0,0,0,0,0
1020,data/aihub_traffic/test/images/d_validation_1920_1080_daylight_2/14703703.jpg,0,1,0,0,1,0,0,1,0,0,1,0,0,1,0,0,1,0,0,1,0,0,1,0,0,1,0,0,1,0,0,1,0,0,1,0,0,0,0,0,0,0,0,0,0,0
1021,data/aihub_traffic/test/images/d_validation_1920_1080_daylight_2/14703709.jpg,0,1,0,0,1,0,0,1,0,0,1,0,0,1,0,0,1,0,0,1,0,0,1,0,0,1,0,0,1,0,0,1,0,0,1,0,0,0,0,0,0,0,0,0,0,0
1022,data/aihub_traffic/test/images/d_validation_1920_1080_daylight_2/14703715.jpg,0,2,0,0,2,0,0,2,0,0,2,0,0,2,0,0,2,0,0,2,0,0,2,0,0,2,0,0,2,0,0,2,0,0,2,0,0,0,0,0,0,0,0,0,0,0
1023,data/aihub_traffic/test/images/d_validation_1920_1080_daylight_2/14703858.jpg,0,1,0,0,1,0,0,1,0,0,1,0,0,1,0,0,1,0,0,1,0,0,1,0,0,1,0,0,1,0,0,1,0,0,1,0,0,0,0,0,0,0,0,0,0,0
1024,data/aihub_traffic/test/images/d_validation_1920_1080_daylight_2/14703865.jpg,0,1,0,0,1,0,0,1,0,0,1,0,0,1,0,0,1,0,0,1,0,0,1,0,0,1,0,0,1,0,0,1,0,0,1,0,0,0,0,0,0,0,0,0,0,0
1025,data/aihub_traffic/test/images/d_validation_1920_1080_daylight_2/14703871.jpg,0,0,0,0,0,0,0,0,0,0,0,0,0,0,0,0,0,0,0,0,0,0,0,0,0,0,0,0,0,0,0,0,0,0,0,0,0,0,0,0,0,0,0,0,0,0
1026,data/aihub_traffic/test/images/d_validation_1920_1080_daylight_2/14703879.jpg,2,1,0,0,1,0,0,1,0,0,1,0,0,1,0,0,1,0,0,1,0,0,1,0,0,1,0,0,1,0,0,1,0,0,1,0,0,0,0,0,0,0,0,0,0,0
1027,data/aihub_traffic/test/images/d_validation_1920_1080_daylight_2/14704141.jpg,2,0,0,0,0,0,0,0,0,0,0,0,0,0,0,0,0,0,0,0,0,0,0,0,0,0,0,0,0,0,0,0,0,0,0,0,0,0,0,0,0,0,0,0,0,0
1028,data/aihub_traffic/test/images/d_validation_1920_1080_daylight_2/14704148.jpg,2,2,2,2,2,2,2,2,2,2,2,2,2,2,2,2,2,2,2,2,2,2,2,2,2,2,2,2,2,2,2,2,2,2,2,2,2,0,0,0,0,0,0,0,0,0
1029,data/aihub_traffic/test/images/d_validation_1920_1080_daylight_2/14704157.jpg,3,0,0,0,0,0,0,0,0,0,0,0,0,0,0,0,0,0,0,0,0,0,0,0,0,0,0,0,0,0,0,0,0,0,0,0,0,0,0,0,0,0,0,0,0,0
1030,data/aihub_traffic/test/images/d_validation_1920_1080_daylight_2/14704163.jpg,2,2,0,0,2,0,0,2,0,0,2,0,0,2,0,0,2,0,0,2,0,0,2,0,0,2,0,0,2,0,0,2,0,0,2,0,0,0,0,0,0,0,0,0,0,0
1031,data/aihub_traffic/test/images/d_validation_1920_1080_daylight_2/14704170.jpg,0,0,0,0,0,0,0,0,0,0,0,0,0,0,0,0,0,0,0,0,0,0,0,0,0,0,0,0,0,0,0,0,0,0,0,0,0,0,0,0,0,0,0,0,0,0
1032,data/aihub_traffic/test/images/d_validation_1920_1080_daylight_2/14704177.jpg,1,0,0,0,0,0,0,0,0,0,0,0,0,0,0,0,0,0,0,0,0,0,0,0,0,0,0,0,0,0,0,0,0,0,0,0,0,0,0,0,0,0,0,0,0,0
1033,data/aihub_traffic/test/images/d_validation_1920_1080_daylight_2/14704183.jpg,1,1,1,1,1,1,1,1,1,1,1,1,1,1,1,1,1,1,1,1,1,1,1,1,1,1,1,1,1,1,1,1,1,1,1,1,1,0,0,0,0,0,0,0,0,0
1034,data/aihub_traffic/test/images/d_validation_1920_1080_daylight_2/14704189.jpg,0,0,0,0,0,0,0,0,0,0,0,0,0,0,0,0,0,0,0,0,0,0,0,0,0,0,0,0,0,0,0,0,0,0,0,0,0,0,0,0,0,0,0,0,0,0
1035,data/aihub_traffic/test/images/d_validation_1920_1080_daylight_2/14708024.jpg,0,0,0,0,0,0,0,0,0,0,0,0,0,0,0,0,0,0,0,0,0,0,0,0,0,0,0,0,0,0,0,0,0,0,0,0,0,0,0,0,0,0,0,0,0,0
1036,data/aihub_traffic/test/images/d_validation_1920_1080_daylight_2/14708030.jpg,0,0,0,0,0,0,0,0,0,0,0,0,0,0,0,0,0,0,0,0,0,0,0,0,0,0,0,0,0,0,0,0,0,0,0,0,0,0,0,0,0,0,0,0,0,0
1037,data/aihub_traffic/test/images/d_validation_1920_1080_daylight_2/14708037.jpg,0,0,0,0,0,0,0,0,0,0,0,0,0,0,0,0,0,0,0,0,0,0,0,0,0,0,0,0,0,0,0,0,0,0,0,0,0,0,0,0,0,0,0,0,0,0
1038,data/aihub_traffic/test/images/d_validation_1920_1080_daylight_2/14708347.jpg,0,0,0,0,0,0,0,0,0,0,0,0,0,0,0,0,0,0,0,0,0,0,0,0,0,0,0,0,0,0,0,0,0,0,0,0,0,0,0,0,0,0,0,0,0,0
1039,data/aihub_traffic/test/images/d_validation_1920_1080_daylight_2/14708356.jpg,2,1,0,0,1,0,0,1,0,0,1,0,0,1,0,0,1,0,0,1,0,0,1,0,0,1,0,0,1,0,0,1,0,0,1,0,0,0,0,0,0,0,0,0,0,0
1040,data/aihub_traffic/test/images/d_validation_1920_1080_daylight_2/14708362.jpg,1,0,0,0,0,0,0,0,0,0,0,0,0,0,0,0,0,0,0,0,0,0,0,0,0,0,0,0,0,0,0,0,0,0,0,0,0,0,0,0,0,0,0,0,0,0
1041,data/aihub_traffic/test/images/d_validation_1920_1080_daylight_2/14708368.jpg,0,0,0,0,0,0,0,0,0,0,0,0,0,0,0,0,0,0,0,0,0,0,0,0,0,0,0,0,0,0,0,0,0,0,0,0,0,0,0,0,0,0,0,0,0,0
1042,data/aihub_traffic/test/images/d_validation_1920_1080_daylight_2/14708488.jpg,2,1,1,1,1,1,1,1,1,1,1,1,1,1,1,1,1,1,1,1,1,1,1,1,1,1,1,1,1,1,1,1,1,1,1,1,1,0,0,0,0,0,0,0,0,0
1043,data/aihub_traffic/test/images/d_validation_1920_1080_daylight_2/14708573.jpg,2,1,1,0,1,1,0,1,1,0,1,1,0,1,1,0,1,1,0,1,1,0,1,1,0,1,1,0,1,1,0,1,1,0,1,1,0,0,0,0,0,0,0,0,0,0
1044,data/aihub_traffic/test/images/d_validation_1920_1080_daylight_2/14708580.jpg,4,2,0,0,2,0,0,2,0,0,2,0,0,2,0,0,2,0,0,2,0,0,2,0,0,2,0,0,2,0,0,2,0,0,2,0,0,0,0,0,0,0,0,0,0,0
1045,data/aihub_traffic/test/images/d_validation_1920_1080_daylight_2/14709203.jpg,0,0,0,0,0,0,0,0,0,0,0,0,0,0,0,0,0,0,0,0,0,0,0,0,0,0,0,0,0,0,0,0,0,0,0,0,0,0,0,0,0,0,0,0,0,0
1046,data/aihub_traffic/test/images/d_validation_1920_1080_daylight_2/14709209.jpg,1,0,0,0,0,0,0,0,0,0,0,0,0,0,0,0,0,0,0,0,0,0,0,0,0,0,0,0,0,0,0,0,0,0,0,0,0,0,0,0,0,0,0,0,0,0
1047,data/aihub_traffic/test/images/d_validation_1920_1080_daylight_2/14709225.jpg,0,0,0,0,0,0,0,0,0,0,0,0,0,0,0,0,0,0,0,0,0,0,0,0,0,0,0,0,0,0,0,0,0,0,0,0,0,0,0,0,0,0,0,0,0,0
1048,data/aihub_traffic/test/images/d_validation_1920_1080_daylight_2/14709245.jpg,1,0,0,0,0,0,0,0,0,0,0,0,0,0,0,0,0,0,0,0,0,0,0,0,0,0,0,0,0,0,0,0,0,0,0,0,0,0,0,0,0,0,0,0,0,0
1049,data/aihub_traffic/test/images/d_validation_1920_1080_daylight_2/14709396.jpg,7,7,6,3,7,6,3,7,6,3,7,6,3,7,6,3,7,6,3,5,5,2,5,5,2,5,5,2,5,5,2,5,5,2,5,5,2,0,0,0,0,0,0,0,0,0
1050,data/aihub_traffic/test/images/d_validation_1920_1080_daylight_2/14709414.jpg,5,4,3,1,4,3,1,4,3,1,4,3,1,4,3,1,4,3,1,3,3,1,3,3,1,3,3,1,3,3,1,3,3,1,3,3,1,0,0,0,0,0,0,0,0,0
1051,data/aihub_traffic/test/images/d_validation_1920_1080_daylight_2/14711339.jpg,6,3,3,3,3,3,3,3,3,3,3,3,3,3,3,3,3,3,3,3,3,3,3,3,3,3,3,3,3,3,3,3,3,3,3,3,3,0,0,0,0,0,0,0,0,0
1052,data/aihub_traffic/test/images/d_validation_1920_1080_daylight_2/14711346.jpg,6,0,0,0,0,0,0,0,0,0,0,0,0,0,0,0,0,0,0,2,2,2,2,2,2,2,2,2,2,2,2,2,2,2,2,2,2,0,0,0,0,0,0,0,0,0
1053,data/aihub_traffic/test/images/d_validation_1920_1080_daylight_2/14711674.jpg,3,1,1,0,1,1,0,1,1,0,1,1,1,1,1,1,1,1,1,1,1,1,1,1,1,1,1,1,1,1,1,1,1,1,1,1,1,0,0,0,0,0,0,0,0,0
1054,data/aihub_traffic/test/images/d_validation_1920_1080_daylight_2/14711680.jpg,2,1,1,1,1,1,1,1,1,1,1,1,1,1,1,1,1,1,1,1,1,1,1,1,1,1,1,1,1,1,1,1,1,1,1,1,1,0,0,0,0,0,0,0,0,0
1055,data/aihub_traffic/test/images/d_validation_1920_1080_daylight_2/14711686.jpg,3,2,2,2,2,2,2,2,2,2,2,2,2,2,2,2,2,2,2,2,2,2,2,2,2,2,2,2,2,2,2,2,2,2,2,2,2,0,0,0,0,0,0,0,0,0
1056,data/aihub_traffic/test/images/d_validation_1920_1080_daylight_2/14711692.jpg,0,0,0,0,0,0,0,0,0,0,0,0,0,0,0,0,0,0,0,0,0,0,0,0,0,0,0,0,0,0,0,0,0,0,0,0,0,0,0,0,0,0,0,0,0,0
1057,data/aihub_traffic/test/images/d_validation_1920_1080_daylight_2/14711699.jpg,6,4,4,3,4,4,3,4,4,3,4,4,3,4,4,3,4,4,3,4,4,3,4,4,3,4,4,3,4,4,3,4,4,3,4,4,3,0,0,0,0,0,0,0,0,0
1058,data/aihub_traffic/test/images/d_validation_1920_1080_daylight_2/14711705.jpg,2,2,1,1,2,1,1,2,1,1,2,1,1,2,1,1,2,1,1,2,1,1,2,1,1,2,1,1,2,1,1,2,1,1,2,1,1,0,0,0,0,0,0,0,0,0
1059,data/aihub_traffic/test/images/d_validation_1920_1080_daylight_2/14711711.jpg,7,3,3,3,3,3,3,3,3,3,3,3,3,3,3,3,3,3,3,3,3,3,3,3,3,3,3,3,3,3,3,3,3,3,3,3,3,0,0,0,0,0,0,0,0,0
1060,data/aihub_traffic/test/images/d_validation_1920_1080_daylight_2/14711718.jpg,1,1,1,1,1,1,1,1,1,1,1,1,1,1,1,1,1,1,1,1,1,1,1,1,1,1,1,1,1,1,1,1,1,1,1,1,1,0,0,0,0,0,0,0,0,0
1061,data/aihub_traffic/test/images/d_validation_1920_1080_daylight_2/14711725.jpg,3,1,1,1,1,1,1,1,1,1,1,1,1,1,1,1,1,1,1,1,1,1,1,1,1,1,1,1,1,1,1,1,1,1,1,1,1,0,0,0,0,0,0,0,0,0
1062,data/aihub_traffic/test/images/d_validation_1920_1080_daylight_2/14712215.jpg,7,6,6,5,6,6,5,6,6,5,6,6,5,6,6,5,6,6,5,6,6,5,6,6,5,6,6,5,6,6,5,6,6,5,6,6,5,0,0,0,0,0,0,0,0,0
1063,data/aihub_traffic/test/images/d_validation_1920_1080_daylight_2/14712221.jpg,7,4,4,3,4,4,3,4,4,3,4,4,3,4,4,3,4,4,3,4,4,3,4,4,3,4,4,3,4,4,3,4,4,3,4,4,3,0,0,0,0,0,0,0,0,0
1064,data/aihub_traffic/test/images/d_validation_1920_1080_daylight_2/14712227.jpg,5,4,3,2,4,3,2,4,3,2,4,3,2,4,3,2,4,3,2,4,3,2,4,3,2,4,3,2,4,3,2,4,3,2,4,3,2,0,0,0,0,0,0,0,0,0
1065,data/aihub_traffic/test/images/d_validation_1920_1080_daylight_2/14712233.jpg,9,7,5,3,7,5,3,7,5,3,7,5,3,7,5,3,7,5,3,6,4,2,6,4,2,6,4,2,6,4,2,6,4,2,6,4,2,0,0,0,0,0,0,0,0,0
1066,data/aihub_traffic/test/images/d_validation_1920_1080_daylight_2/14712239.jpg,7,5,4,3,5,4,3,5,4,3,5,4,3,5,4,3,5,4,3,5,4,3,5,4,3,5,4,3,5,4,3,5,4,3,5,4,3,0,0,0,0,0,0,0,0,0
1067,data/aihub_traffic/test/images/d_validation_1920_1080_daylight_2/14716935.jpg,0,1,0,0,1,0,0,1,0,0,1,0,0,1,0,0,1,0,0,1,0,0,1,0,0,1,0,0,1,0,0,1,0,0,1,0,0,0,0,0,0,0,0,0,0,0
1068,data/aihub_traffic/test/images/d_validation_1920_1080_daylight_2/14717035.jpg,2,2,2,1,2,2,1,2,2,1,2,2,1,2,2,1,2,2,1,2,2,1,2,2,1,2,2,1,2,2,1,2,2,1,2,2,1,0,0,0,0,0,0,0,0,0
1069,data/aihub_traffic/test/images/d_validation_1920_1080_daylight_2/14717050.jpg,3,1,1,1,1,1,1,1,1,1,1,1,1,1,1,1,1,1,1,1,1,1,1,1,1,1,1,1,1,1,1,1,1,1,1,1,1,0,0,0,0,0,0,0,0,0
1070,data/aihub_traffic/test/images/d_validation_1920_1080_daylight_2/14717057.jpg,1,1,1,1,1,1,1,1,1,1,1,1,1,1,1,1,1,1,1,1,1,1,1,1,1,1,1,1,1,1,1,1,1,1,1,1,1,0,0,0,0,0,0,0,0,0
1071,data/aihub_traffic/test/images/d_validation_1920_1080_daylight_2/14717063.jpg,0,0,0,0,0,0,0,0,0,0,0,0,0,0,0,0,0,0,0,0,0,0,0,0,0,0,0,0,0,0,0,0,0,0,0,0,0,0,0,0,0,0,0,0,0,0
1072,data/aihub_traffic/test/images/d_validation_1920_1080_daylight_2/14717070.jpg,0,0,0,0,0,0,0,0,0,0,0,0,0,0,0,0,0,0,0,0,0,0,0,0,0,0,0,0,0,0,0,0,0,0,0,0,0,0,0,0,0,0,0,0,0,0
1073,data/aihub_traffic/test/images/d_validation_1920_1080_daylight_2/14717076.jpg,0,0,0,0,0,0,0,0,0,0,0,0,0,0,0,0,0,0,0,0,0,0,0,0,0,0,0,0,0,0,0,0,0,0,0,0,0,0,0,0,0,0,0,0,0,0
1074,data/aihub_traffic/test/images/d_validation_1920_1080_daylight_2/14717082.jpg,0,0,0,0,0,0,0,0,0,0,0,0,0,0,0,0,0,0,0,0,0,0,0,0,0,0,0,0,0,0,0,0,0,0,0,0,0,0,0,0,0,0,0,0,0,0
1075,data/aihub_traffic/test/images/d_validation_1920_1080_daylight_2/14717089.jpg,2,1,1,1,1,1,1,1,1,1,1,1,1,1,1,1,1,1,1,1,1,1,1,1,1,1,1,1,1,1,1,1,1,1,1,1,1,0,0,0,0,0,0,0,0,0
1076,data/aihub_traffic/test/images/d_validation_1920_1080_daylight_2/14717095.jpg,2,1,1,1,1,1,1,1,1,1,1,1,1,1,1,1,1,1,1,1,1,1,1,1,1,1,1,1,1,1,1,1,1,1,1,1,1,0,0,0,0,0,0,0,0,0
1077,data/aihub_traffic/test/images/d_validation_1920_1080_daylight_2/14717103.jpg,0,0,0,0,0,0,0,0,0,0,0,0,0,0,0,0,0,0,0,0,0,0,0,0,0,0,0,0,0,0,0,0,0,0,0,0,0,0,0,0,0,0,0,0,0,0
1078,data/aihub_traffic/test/images/d_validation_1920_1080_daylight_2/14717109.jpg,4,1,1,1,1,1,1,1,1,1,1,1,1,1,1,1,1,1,1,1,1,1,1,1,1,1,1,1,1,1,1,1,1,1,1,1,1,0,0,0,0,0,0,0,0,0
1079,data/aihub_traffic/test/images/d_validation_1920_1080_daylight_2/14717115.jpg,1,0,0,0,0,0,0,0,0,0,0,0,0,0,0,0,0,0,0,0,0,0,0,0,0,0,0,0,0,0,0,0,0,0,0,0,0,0,0,0,0,0,0,0,0,0
1080,data/aihub_traffic/test/images/d_validation_1920_1080_daylight_2/14717182.jpg,0,0,0,0,0,0,0,0,0,0,0,0,0,0,0,0,0,0,0,0,0,0,0,0,0,0,0,0,0,0,0,0,0,0,0,0,0,0,0,0,0,0,0,0,0,0
1081,data/aihub_traffic/test/images/d_validation_1920_1080_daylight_2/14717190.jpg,1,1,1,1,1,1,1,1,1,1,1,1,1,1,1,1,1,1,1,1,1,1,1,1,1,1,1,1,1,1,1,1,1,1,1,1,1,0,0,0,0,0,0,0,0,0
1082,data/aihub_traffic/test/images/d_validation_1920_1080_daylight_2/14721167.jpg,5,4,2,1,4,2,1,4,2,1,4,2,1,4,2,1,4,2,1,4,2,1,4,2,1,4,2,1,4,2,1,4,2,1,4,2,1,0,0,0,0,0,0,0,0,0
1083,data/aihub_traffic/test/images/d_validation_1920_1080_daylight_2/14721173.jpg,6,4,4,3,4,4,3,4,4,3,4,4,3,4,4,3,4,4,3,4,4,3,4,4,3,4,4,3,4,4,3,4,4,3,4,4,3,0,0,0,0,0,0,0,0,0
1084,data/aihub_traffic/test/images/d_validation_1920_1080_daylight_2/14721179.jpg,6,4,4,3,4,4,3,4,4,3,4,4,3,4,4,3,4,4,3,4,4,2,4,4,2,4,4,2,4,4,2,4,4,2,4,4,2,0,0,0,0,0,0,0,0,0
1085,data/aihub_traffic/test/images/d_validation_1920_1080_daylight_2/14721259.jpg,1,1,1,1,1,1,1,1,1,1,1,1,0,1,1,0,1,1,0,1,1,1,1,1,1,1,1,1,1,1,1,1,1,1,1,1,1,0,0,0,0,0,0,0,0,0
1086,data/aihub_traffic/test/images/d_validation_1920_1080_daylight_2/14721267.jpg,1,3,1,1,3,1,1,3,1,1,3,1,1,3,1,1,3,1,1,2,1,1,2,1,1,2,1,1,2,1,1,2,1,1,2,1,1,0,0,0,0,0,0,0,0,0
1087,data/aihub_traffic/test/images/d_validation_1920_1080_daylight_2/14721273.jpg,4,2,1,1,2,1,1,2,1,1,2,1,1,2,1,1,2,1,1,2,1,1,2,1,1,2,1,1,2,1,1,2,1,1,2,1,1,0,0,0,0,0,0,0,0,0
1088,data/aihub_traffic/test/images/d_validation_1920_1080_daylight_2/14721279.jpg,0,0,0,0,0,0,0,0,0,0,0,0,0,0,0,0,0,0,0,0,0,0,0,0,0,0,0,0,0,0,0,0,0,0,0,0,0,0,0,0,0,0,0,0,0,0
1089,data/aihub_traffic/test/images/d_validation_1920_1080_daylight_2/14721287.jpg,5,2,2,2,2,2,2,2,2,2,2,2,2,2,2,2,2,2,2,2,2,2,2,2,2,2,2,2,2,2,2,2,2,2,2,2,2,0,0,0,0,0,0,0,0,0
1090,data/aihub_traffic/test/images/d_validation_1920_1080_daylight_2/14721293.jpg,2,2,2,2,2,2,2,2,2,2,2,2,2,2,2,2,2,2,2,2,2,1,2,2,1,2,2,1,2,2,1,2,2,1,2,2,1,0,0,0,0,0,0,0,0,0
1091,data/aihub_traffic/test/images/d_validation_1920_1080_daylight_2/14721299.jpg,0,0,0,0,0,0,0,0,0,0,0,0,0,0,0,0,0,0,0,0,0,0,0,0,0,0,0,0,0,0,0,0,0,0,0,0,0,0,0,0,0,0,0,0,0,0
1092,data/aihub_traffic/test/images/d_validation_1920_1080_daylight_2/14721305.jpg,0,0,0,0,0,0,0,0,0,0,0,0,0,0,0,0,0,0,0,0,0,0,0,0,0,0,0,0,0,0,0,0,0,0,0,0,0,0,0,0,0,0,0,0,0,0
1093,data/aihub_traffic/test/images/d_validation_1920_1080_daylight_2/14721311.jpg,0,2,0,0,2,0,0,2,0,0,2,0,0,2,0,0,2,0,0,1,0,0,1,0,0,1,0,0,1,0,0,1,0,0,1,0,0,0,0,0,0,0,0,0,0,0
1094,data/aihub_traffic/test/images/d_validation_1920_1080_daylight_2/14721714.jpg,5,5,4,2,5,4,2,5,4,2,5,4,2,5,4,2,5,4,2,4,3,2,4,3,2,4,3,2,4,3,2,4,3,2,4,3,2,0,0,0,0,0,0,0,0,0
1095,data/aihub_traffic/test/images/d_validation_1920_1080_daylight_2/14721721.jpg,2,0,0,0,0,0,0,0,0,0,0,0,0,0,0,0,0,0,0,0,0,0,0,0,0,0,0,0,0,0,0,0,0,0,0,0,0,0,0,0,0,0,0,0,0,0
1096,data/aihub_traffic/test/images/d_validation_1920_1080_daylight_2/14721727.jpg,1,2,1,1,2,1,1,2,1,1,2,1,1,2,1,1,2,1,1,1,0,0,1,0,0,1,0,0,1,0,0,1,0,0,1,0,0,0,0,0,0,0,0,0,0,0
1097,data/aihub_traffic/test/images/d_validation_1920_1080_daylight_2/14721733.jpg,1,1,1,1,1,1,1,1,1,1,1,1,1,1,1,1,1,1,1,1,1,1,1,1,1,1,1,1,1,1,1,1,1,1,1,1,1,0,0,0,0,0,0,0,0,0
1098,data/aihub_traffic/test/images/d_validation_1920_1080_daylight_2/14735210.jpg,4,0,0,0,0,0,0,0,0,0,0,0,0,0,0,0,0,0,0,0,0,0,0,0,0,0,0,0,0,0,0,0,0,0,0,0,0,0,0,0,0,0,0,0,0,0
1099,data/aihub_traffic/test/images/d_validation_1920_1080_daylight_2/14735399.jpg,10,3,3,3,3,3,3,3,3,3,3,3,3,3,3,3,3,3,3,3,3,3,3,3,3,3,3,3,3,3,3,3,3,3,3,3,3,0,0,0,0,0,0,0,0,0
1100,data/aihub_traffic/test/images/d_validation_1920_1080_daylight_2/14735406.jpg,4,1,1,1,1,1,1,1,1,1,1,1,1,1,1,1,1,1,1,1,1,1,1,1,1,1,1,1,1,1,1,1,1,1,1,1,1,0,0,0,0,0,0,0,0,0
1101,data/aihub_traffic/test/images/d_validation_1920_1080_daylight_2/14735414.jpg,4,2,2,2,2,2,2,2,2,2,2,2,2,2,2,2,2,2,2,2,2,2,2,2,2,2,2,2,2,2,2,2,2,2,2,2,2,0,0,0,0,0,0,0,0,0
1102,data/aihub_traffic/test/images/d_validation_1920_1080_daylight_2/14735923.jpg,8,5,5,5,5,5,5,5,5,5,5,5,5,5,5,5,5,5,5,5,5,5,5,5,5,5,5,5,5,5,5,5,5,5,5,5,5,0,0,0,0,0,0,0,0,0
1103,data/aihub_traffic/test/images/d_validation_1920_1080_daylight_2/14735930.jpg,8,5,5,5,5,5,5,5,5,5,5,5,5,5,5,5,5,5,5,5,5,5,5,5,5,5,5,5,5,5,5,5,5,5,5,5,5,0,0,0,0,0,0,0,0,0
1104,data/aihub_traffic/test/images/d_validation_1920_1080_daylight_2/14735936.jpg,8,5,5,5,5,5,5,5,5,5,5,5,5,5,5,5,5,5,5,5,5,5,5,5,5,5,5,5,5,5,5,5,5,5,5,5,5,0,0,0,0,0,0,0,0,0
1105,data/aihub_traffic/test/images/d_validation_1920_1080_daylight_2/14735944.jpg,6,6,4,4,6,4,4,6,4,4,6,4,4,6,4,4,6,4,4,6,4,4,6,4,4,6,4,4,6,4,4,6,4,4,6,4,4,0,0,0,0,0,0,0,0,0
1106,data/aihub_traffic/test/images/d_validation_1920_1080_daylight_2/14736077.jpg,6,1,0,0,1,0,0,1,0,0,1,0,0,1,0,0,1,0,0,1,0,0,1,0,0,1,0,0,1,0,0,1,0,0,1,0,0,0,0,0,0,0,0,0,0,0
1107,data/aihub_traffic/test/images/d_validation_1920_1080_daylight_2/14736111.jpg,5,4,4,4,4,4,4,4,4,4,4,4,4,4,4,4,4,4,4,4,4,3,4,4,3,4,4,3,4,4,3,4,4,3,4,4,3,0,0,0,0,0,0,0,0,0
1108,data/aihub_traffic/test/images/d_validation_1920_1080_daylight_2/14736128.jpg,2,2,2,2,2,2,2,2,2,2,2,2,2,2,2,2,2,2,2,2,2,2,2,2,2,2,2,2,2,2,2,2,2,2,2,2,2,0,0,0,0,0,0,0,0,0
1109,data/aihub_traffic/test/images/d_validation_1920_1080_daylight_2/14736297.jpg,5,1,1,1,1,1,1,1,1,1,1,1,1,1,1,1,1,1,1,1,1,1,1,1,1,1,1,1,1,1,1,1,1,1,1,1,1,0,0,0,0,0,0,0,0,0
1110,data/aihub_traffic/test/images/d_validation_1920_1080_daylight_2/14736312.jpg,3,3,3,3,3,3,3,3,3,3,3,3,3,3,3,3,3,3,3,3,3,3,3,3,3,3,3,3,3,3,3,3,3,3,3,3,3,0,0,0,0,0,0,0,0,0
1111,data/aihub_traffic/test/images/d_validation_1920_1080_daylight_2/14736326.jpg,3,0,0,0,0,0,0,0,0,0,0,0,0,0,0,0,0,0,0,0,0,0,0,0,0,0,0,0,0,0,0,0,0,0,0,0,0,0,0,0,0,0,0,0,0,0
1112,data/aihub_traffic/test/images/d_validation_1920_1080_daylight_2/14736332.jpg,3,0,0,0,0,0,0,0,0,0,0,0,0,0,0,0,0,0,0,0,0,0,0,0,0,0,0,0,0,0,0,0,0,0,0,0,0,0,0,0,0,0,0,0,0,0
1113,data/aihub_traffic/test/images/d_validation_1920_1080_daylight_2/14736338.jpg,3,0,0,0,0,0,0,0,0,0,0,0,0,0,0,0,0,0,0,0,0,0,0,0,0,0,0,0,0,0,0,0,0,0,0,0,0,0,0,0,0,0,0,0,0,0
1114,data/aihub_traffic/test/images/d_validation_1920_1080_daylight_2/14738978.jpg,4,5,4,3,5,4,3,5,4,3,5,4,3,5,4,3,5,4,3,5,4,3,5,4,3,5,4,3,5,4,3,5,4,3,5,4,3,0,0,0,0,0,0,0,0,0
1115,data/aihub_traffic/test/images/d_validation_1920_1080_daylight_2/14738984.jpg,10,4,3,3,4,3,3,4,3,3,4,3,3,4,3,3,4,3,3,4,3,3,4,3,3,4,3,3,4,3,3,4,3,3,4,3,3,0,0,0,0,0,0,0,0,0
1116,data/aihub_traffic/test/images/d_validation_1920_1080_daylight_2/14738990.jpg,8,6,5,3,6,5,3,6,5,3,6,5,4,6,5,4,6,5,4,6,5,3,6,5,3,6,5,3,6,5,3,6,5,3,6,5,3,0,0,0,0,0,0,0,0,0
1117,data/aihub_traffic/test/images/d_validation_1920_1080_daylight_2/14738996.jpg,13,7,6,6,7,6,6,7,6,6,7,6,6,7,6,6,7,6,6,7,6,6,7,6,6,7,6,6,7,6,6,7,6,6,7,6,6,0,0,0,0,0,0,0,0,0
1118,data/aihub_traffic/test/images/d_validation_1920_1080_daylight_2/14739068.jpg,13,7,6,4,7,6,4,7,6,4,7,6,4,7,6,4,7,6,4,7,6,4,7,6,4,7,6,4,7,6,4,7,6,4,7,6,4,0,0,0,0,0,0,0,0,0
1119,data/aihub_traffic/test/images/d_validation_1920_1080_daylight_2/14739074.jpg,13,7,6,4,7,6,4,7,6,4,7,6,4,7,6,4,7,6,4,7,6,4,7,6,4,7,6,4,7,6,4,7,6,4,7,6,4,0,0,0,0,0,0,0,0,0
1120,data/aihub_traffic/test/images/d_validation_1920_1080_daylight_2/14739081.jpg,7,6,6,4,6,6,4,6,6,4,6,6,4,6,6,4,6,6,4,3,3,3,3,3,3,3,3,3,3,3,3,3,3,3,3,3,3,0,0,0,0,0,0,0,0,0
1121,data/aihub_traffic/test/images/d_validation_1920_1080_daylight_2/14739087.jpg,13,7,6,4,7,6,4,7,6,4,7,6,4,7,6,4,7,6,4,7,6,4,7,6,4,7,6,4,7,6,4,7,6,4,7,6,4,0,0,0,0,0,0,0,0,0
1122,data/aihub_traffic/test/images/d_validation_1920_1080_daylight_2/14739130.jpg,0,0,0,0,0,0,0,0,0,0,0,0,0,0,0,0,0,0,0,0,0,0,0,0,0,0,0,0,0,0,0,0,0,0,0,0,0,0,0,0,0,0,0,0,0,0
1123,data/aihub_traffic/test/images/d_validation_1920_1080_daylight_2/14739447.jpg,1,0,0,0,0,0,0,0,0,0,0,0,0,0,0,0,0,0,0,0,0,0,0,0,0,0,0,0,0,0,0,0,0,0,0,0,0,0,0,0,0,0,0,0,0,0
1124,data/aihub_traffic/test/images/d_validation_1920_1080_daylight_2/14739459.jpg,5,2,2,0,2,2,0,2,2,0,2,2,0,2,2,0,2,2,0,2,2,0,2,2,0,2,2,0,2,2,0,2,2,0,2,2,0,0,0,0,0,0,0,0,0,0
1125,data/aihub_traffic/test/images/d_validation_1920_1080_daylight_2/14739465.jpg,4,3,1,0,3,1,0,3,1,0,3,1,0,3,1,0,3,1,0,3,1,0,3,1,0,3,1,0,3,1,0,3,1,0,3,1,0,0,0,0,0,0,0,0,0,0
1126,data/aihub_traffic/test/images/d_validation_1920_1080_daylight_2/14739471.jpg,4,3,2,0,3,2,0,3,2,0,3,2,0,3,2,0,3,2,0,2,1,0,2,1,0,2,1,0,2,1,0,2,1,0,2,1,0,0,0,0,0,0,0,0,0,0
1127,data/aihub_traffic/test/images/d_validation_1920_1080_daylight_2/14739564.jpg,4,3,3,3,3,3,3,3,3,3,3,3,3,3,3,3,3,3,3,3,3,3,3,3,3,3,3,3,3,3,3,3,3,3,3,3,3,0,0,0,0,0,0,0,0,0
1128,data/aihub_traffic/test/images/d_validation_1920_1080_daylight_2/14740048.jpg,2,0,0,0,0,0,0,0,0,0,0,0,0,0,0,0,0,0,0,0,0,0,0,0,0,0,0,0,0,0,0,0,0,0,0,0,0,0,0,0,0,0,0,0,0,0
1129,data/aihub_traffic/test/images/d_validation_1920_1080_daylight_2/14740131.jpg,3,1,1,1,1,1,1,1,1,1,1,1,1,1,1,1,1,1,1,1,1,1,1,1,1,1,1,1,1,1,1,1,1,1,1,1,1,0,0,0,0,0,0,0,0,0
1130,data/aihub_traffic/test/images/d_validation_1920_1080_daylight_2/14742259.jpg,0,0,0,0,0,0,0,0,0,0,0,0,0,0,0,0,0,0,0,0,0,0,0,0,0,0,0,0,0,0,0,0,0,0,0,0,0,0,0,0,0,0,0,0,0,0
1131,data/aihub_traffic/test/images/d_validation_1920_1080_daylight_2/14742265.jpg,0,0,0,0,0,0,0,0,0,0,0,0,0,0,0,0,0,0,0,0,0,0,0,0,0,0,0,0,0,0,0,0,0,0,0,0,0,0,0,0,0,0,0,0,0,0
1132,data/aihub_traffic/test/images/d_validation_1920_1080_daylight_2/14742420.jpg,0,0,0,0,0,0,0,0,0,0,0,0,0,0,0,0,0,0,0,0,0,0,0,0,0,0,0,0,0,0,0,0,0,0,0,0,0,0,0,0,0,0,0,0,0,0
1133,data/aihub_traffic/test/images/d_validation_1920_1080_daylight_2/14742426.jpg,0,0,0,0,0,0,0,0,0,0,0,0,0,0,0,0,0,0,0,0,0,0,0,0,0,0,0,0,0,0,0,0,0,0,0,0,0,0,0,0,0,0,0,0,0,0
1134,data/aihub_traffic/test/images/d_validation_1920_1080_daylight_2/14742433.jpg,0,0,0,0,0,0,0,0,0,0,0,0,0,0,0,0,0,0,0,0,0,0,0,0,0,0,0,0,0,0,0,0,0,0,0,0,0,0,0,0,0,0,0,0,0,0
1135,data/aihub_traffic/test/images/d_validation_1920_1080_daylight_2/14742439.jpg,0,0,0,0,0,0,0,0,0,0,0,0,0,0,0,0,0,0,0,0,0,0,0,0,0,0,0,0,0,0,0,0,0,0,0,0,0,0,0,0,0,0,0,0,0,0
1136,data/aihub_traffic/test/images/d_validation_1920_1080_daylight_2/14742445.jpg,0,1,0,0,1,0,0,1,0,0,1,0,0,1,0,0,1,0,0,1,0,0,1,0,0,1,0,0,1,0,0,1,0,0,1,0,0,0,0,0,0,0,0,0,0,0
1137,data/aihub_traffic/test/images/d_validation_1920_1080_daylight_2/14742451.jpg,0,1,0,0,1,0,0,1,0,0,1,0,0,1,0,0,1,0,0,0,0,0,0,0,0,0,0,0,0,0,0,0,0,0,0,0,0,0,0,0,0,0,0,0,0,0
1138,data/aihub_traffic/test/images/d_validation_1920_1080_daylight_2/14742520.jpg,0,0,0,0,0,0,0,0,0,0,0,0,0,0,0,0,0,0,0,0,0,0,0,0,0,0,0,0,0,0,0,0,0,0,0,0,0,0,0,0,0,0,0,0,0,0
1139,data/aihub_traffic/test/images/d_validation_1920_1080_daylight_2/14742527.jpg,1,0,0,0,0,0,0,0,0,0,0,0,0,0,0,0,0,0,0,0,0,0,0,0,0,0,0,0,0,0,0,0,0,0,0,0,0,0,0,0,0,0,0,0,0,0
1140,data/aihub_traffic/test/images/d_validation_1920_1080_daylight_2/14742533.jpg,1,0,0,0,0,0,0,0,0,0,0,0,0,0,0,0,0,0,0,0,0,0,0,0,0,0,0,0,0,0,0,0,0,0,0,0,0,0,0,0,0,0,0,0,0,0
1141,data/aihub_traffic/test/images/d_validation_1920_1080_daylight_2/14742539.jpg,1,1,1,1,1,1,1,1,1,1,1,1,1,1,1,1,1,1,1,1,1,1,1,1,1,1,1,1,1,1,1,1,1,1,1,1,1,0,0,0,0,0,0,0,0,0
1142,data/aihub_traffic/test/images/d_validation_1920_1080_daylight_2/14742546.jpg,1,1,1,1,1,1,1,1,1,1,1,1,1,1,1,1,1,1,1,1,1,1,1,1,1,1,1,1,1,1,1,1,1,1,1,1,1,0,0,0,0,0,0,0,0,0
1143,data/aihub_traffic/test/images/d_validation_1920_1080_daylight_2/14743381.jpg,1,1,1,1,1,1,1,1,1,1,1,1,1,1,1,1,1,1,1,1,1,1,1,1,1,1,1,1,1,1,1,1,1,1,1,1,1,0,0,0,0,0,0,0,0,0
1144,data/aihub_traffic/test/images/d_validation_1920_1080_daylight_2/14743387.jpg,0,0,0,0,0,0,0,0,0,0,0,0,0,0,0,0,0,0,0,0,0,0,0,0,0,0,0,0,0,0,0,0,0,0,0,0,0,0,0,0,0,0,0,0,0,0
1145,data/aihub_traffic/test/images/d_validation_1920_1080_daylight_2/14743394.jpg,0,0,0,0,0,0,0,0,0,0,0,0,0,0,0,0,0,0,0,0,0,0,0,0,0,0,0,0,0,0,0,0,0,0,0,0,0,0,0,0,0,0,0,0,0,0
1146,data/aihub_traffic/test/images/d_validation_1920_1080_daylight_2/14743687.jpg,0,0,0,0,0,0,0,0,0,0,0,0,0,0,0,0,0,0,0,0,0,0,0,0,0,0,0,0,0,0,0,0,0,0,0,0,0,0,0,0,0,0,0,0,0,0
1147,data/aihub_traffic/test/images/d_validation_1920_1080_daylight_2/14747927.jpg,1,1,1,1,1,1,1,1,1,1,1,1,1,1,1,1,1,1,1,1,1,1,1,1,1,1,1,1,1,1,1,1,1,1,1,1,1,0,0,0,0,0,0,0,0,0
1148,data/aihub_traffic/test/images/d_validation_1920_1080_daylight_2/14748078.jpg,0,0,0,0,0,0,0,0,0,0,0,0,0,0,0,0,0,0,0,0,0,0,0,0,0,0,0,0,0,0,0,0,0,0,0,0,0,0,0,0,0,0,0,0,0,0
1149,data/aihub_traffic/test/images/d_validation_1920_1080_daylight_2/14748085.jpg,2,0,0,0,0,0,0,0,0,0,0,0,0,0,0,0,0,0,0,1,1,1,1,1,1,1,1,1,1,1,1,1,1,1,1,1,1,0,0,0,0,0,0,0,0,0
1150,data/aihub_traffic/test/images/d_validation_1920_1080_daylight_2/14748092.jpg,2,1,0,0,1,0,0,1,0,0,1,0,0,1,0,0,1,0,0,1,0,0,1,0,0,1,0,0,1,0,0,1,0,0,1,0,0,0,0,0,0,0,0,0,0,0
1151,data/aihub_traffic/test/images/d_validation_1920_1080_daylight_2/14748099.jpg,3,1,1,1,1,1,1,1,1,1,1,1,1,1,1,1,1,1,1,1,1,1,1,1,1,1,1,1,1,1,1,1,1,1,1,1,1,0,0,0,0,0,0,0,0,0
1152,data/aihub_traffic/test/images/d_validation_1920_1080_daylight_2/14748106.jpg,4,2,2,2,2,2,2,2,2,2,2,2,2,2,2,2,2,2,2,2,2,2,2,2,2,2,2,2,2,2,2,2,2,2,2,2,2,0,0,0,0,0,0,0,0,0
1153,data/aihub_traffic/test/images/d_validation_1920_1080_daylight_2/14748113.jpg,1,1,1,0,1,1,0,1,1,0,1,1,0,1,1,0,1,1,0,1,1,1,1,1,1,1,1,0,1,1,1,1,1,1,1,1,0,0,0,0,0,0,0,0,0,0
1154,data/aihub_traffic/test/images/d_validation_1920_1080_daylight_2/14748119.jpg,4,2,2,2,2,2,2,2,2,2,2,2,2,2,2,2,2,2,2,2,2,2,2,2,2,2,2,2,2,2,2,2,2,2,2,2,2,0,0,0,0,0,0,0,0,0
1155,data/aihub_traffic/test/images/d_validation_1920_1080_daylight_2/14748125.jpg,2,1,1,0,1,1,0,1,1,0,1,1,0,1,1,0,1,1,0,1,1,0,1,1,0,1,1,0,1,1,0,1,1,0,1,1,0,0,0,0,0,0,0,0,0,0
1156,data/aihub_traffic/test/images/d_validation_1920_1080_daylight_2/14748131.jpg,1,0,0,0,0,0,0,0,0,0,0,0,0,0,0,0,0,0,0,0,0,0,0,0,0,0,0,0,0,0,0,0,0,0,0,0,0,0,0,0,0,0,0,0,0,0
1157,data/aihub_traffic/test/images/d_validation_1920_1080_daylight_2/14748143.jpg,1,0,0,0,0,0,0,0,0,0,0,0,0,0,0,0,0,0,0,0,0,0,0,0,0,0,0,0,0,0,0,0,0,0,0,0,0,0,0,0,0,0,0,0,0,0
1158,data/aihub_traffic/test/images/d_validation_1920_1080_daylight_2/14748150.jpg,0,0,0,0,0,0,0,0,0,0,0,0,0,0,0,0,0,0,0,0,0,0,0,0,0,0,0,0,0,0,0,0,0,0,0,0,0,0,0,0,0,0,0,0,0,0
1159,data/aihub_traffic/test/images/d_validation_1920_1080_daylight_2/14748161.jpg,0,0,0,0,0,0,0,0,0,0,0,0,0,0,0,0,0,0,0,0,0,0,0,0,0,0,0,0,0,0,0,0,0,0,0,0,0,0,0,0,0,0,0,0,0,0
1160,data/aihub_traffic/test/images/d_validation_1920_1080_daylight_2/14748191.jpg,0,0,0,0,0,0,0,0,0,0,0,0,0,0,0,0,0,0,0,0,0,0,0,0,0,0,0,0,0,0,0,0,0,0,0,0,0,0,0,0,0,0,0,0,0,0
1161,data/aihub_traffic/test/images/d_validation_1920_1080_daylight_2/14748543.jpg,9,2,1,1,2,1,1,2,1,1,2,1,1,2,1,1,2,1,1,1,1,1,1,1,1,1,1,1,1,1,1,1,1,1,1,1,1,0,0,0,0,0,0,0,0,0
1162,data/aihub_traffic/test/images/d_validation_1920_1080_daylight_2/14761731.jpg,0,0,0,0,0,0,0,0,0,0,0,0,0,0,0,0,0,0,0,0,0,0,0,0,0,0,0,0,0,0,0,0,0,0,0,0,0,0,0,0,0,0,0,0,0,0
1163,data/aihub_traffic/test/images/d_validation_1920_1080_daylight_2/14761928.jpg,0,0,0,0,0,0,0,0,0,0,0,0,0,0,0,0,0,0,0,0,0,0,0,0,0,0,0,0,0,0,0,0,0,0,0,0,0,0,0,0,0,0,0,0,0,0
1164,data/aihub_traffic/test/images/d_validation_1920_1080_daylight_2/14761934.jpg,0,0,0,0,0,0,0,0,0,0,0,0,0,0,0,0,0,0,0,0,0,0,0,0,0,0,0,0,0,0,0,0,0,0,0,0,0,0,0,0,0,0,0,0,0,0
1165,data/aihub_traffic/test/images/d_validation_1920_1080_daylight_2/14761940.jpg,0,0,0,0,0,0,0,0,0,0,0,0,0,0,0,0,0,0,0,0,0,0,0,0,0,0,0,0,0,0,0,0,0,0,0,0,0,0,0,0,0,0,0,0,0,0
1166,data/aihub_traffic/test/images/d_validation_1920_1080_daylight_2/14761951.jpg,0,0,0,0,0,0,0,0,0,0,0,0,0,0,0,0,0,0,0,0,0,0,0,0,0,0,0,0,0,0,0,0,0,0,0,0,0,0,0,0,0,0,0,0,0,0
1167,data/aihub_traffic/test/images/d_validation_1920_1080_daylight_2/14761957.jpg,0,1,0,0,1,0,0,1,0,0,1,0,0,1,0,0,1,0,0,1,0,0,1,0,0,1,0,0,1,0,0,1,0,0,1,0,0,0,0,0,0,0,0,0,0,0
1168,data/aihub_traffic/test/images/d_validation_1920_1080_daylight_2/14761964.jpg,0,0,0,0,0,0,0,0,0,0,0,0,0,0,0,0,0,0,0,0,0,0,0,0,0,0,0,0,0,0,0,0,0,0,0,0,0,0,0,0,0,0,0,0,0,0
1169,data/aihub_traffic/test/images/d_validation_1920_1080_daylight_2/14761970.jpg,0,0,0,0,0,0,0,0,0,0,0,0,0,0,0,0,0,0,0,0,0,0,0,0,0,0,0,0,0,0,0,0,0,0,0,0,0,0,0,0,0,0,0,0,0,0
1170,data/aihub_traffic/test/images/d_validation_1920_1080_daylight_2/14761976.jpg,0,0,0,0,0,0,0,0,0,0,0,0,0,0,0,0,0,0,0,0,0,0,0,0,0,0,0,0,0,0,0,0,0,0,0,0,0,0,0,0,0,0,0,0,0,0
1171,data/aihub_traffic/test/images/d_validation_1920_1080_daylight_2/14762145.jpg,1,0,0,0,0,0,0,0,0,0,0,0,0,0,0,0,0,0,0,0,0,0,0,0,0,0,0,0,0,0,0,0,0,0,0,0,0,0,0,0,0,0,0,0,0,0
1172,data/aihub_traffic/test/images/d_validation_1920_1080_daylight_2/14762161.jpg,0,0,0,0,0,0,0,0,0,0,0,0,0,0,0,0,0,0,0,0,0,0,0,0,0,0,0,0,0,0,0,0,0,0,0,0,0,0,0,0,0,0,0,0,0,0
1173,data/aihub_traffic/test/images/d_validation_1920_1080_daylight_2/14762167.jpg,0,0,0,0,0,0,0,0,0,0,0,0,0,0,0,0,0,0,0,0,0,0,0,0,0,0,0,0,0,0,0,0,0,0,0,0,0,0,0,0,0,0,0,0,0,0
1174,data/aihub_traffic/test/images/d_validation_1920_1080_daylight_2/14762173.jpg,0,0,0,0,0,0,0,0,0,0,0,0,0,0,0,0,0,0,0,0,0,0,0,0,0,0,0,0,0,0,0,0,0,0,0,0,0,0,0,0,0,0,0,0,0,0
1175,data/aihub_traffic/test/images/d_validation_1920_1080_daylight_2/14762242.jpg,5,2,2,2,2,2,2,2,2,2,2,2,2,2,2,2,2,2,2,1,1,1,1,1,1,1,1,1,1,1,1,1,1,1,1,1,1,0,0,0,0,0,0,0,0,0
1176,data/aihub_traffic/test/images/d_validation_1920_1080_daylight_2/14762517.jpg,3,2,2,1,2,2,1,2,2,1,2,2,1,2,2,1,2,2,1,2,2,2,2,2,2,2,2,2,2,2,2,2,2,2,2,2,2,0,0,0,0,0,0,0,0,0
1177,data/aihub_traffic/test/images/d_validation_1920_1080_daylight_2/14762531.jpg,0,0,0,0,0,0,0,0,0,0,0,0,0,0,0,0,0,0,0,0,0,0,0,0,0,0,0,0,0,0,0,0,0,0,0,0,0,0,0,0,0,0,0,0,0,0
1178,data/aihub_traffic/test/images/d_validation_1920_1080_daylight_2/14763174.jpg,6,1,1,1,1,1,1,1,1,1,1,1,1,1,1,1,1,1,1,1,1,1,1,1,1,1,1,1,1,1,1,1,1,1,1,1,1,0,0,0,0,0,0,0,0,0
1179,data/aihub_traffic/test/images/d_validation_1920_1080_daylight_2/14793766.jpg,5,3,3,2,3,3,2,3,3,2,3,3,2,3,3,2,3,3,2,4,3,2,4,3,2,4,3,2,4,3,2,4,3,2,4,3,2,0,0,0,0,0,0,0,0,0
1180,data/aihub_traffic/test/images/d_validation_1920_1080_daylight_2/14793772.jpg,1,0,0,0,0,0,0,0,0,0,0,0,0,0,0,0,0,0,0,1,0,0,1,0,0,1,0,0,1,0,0,1,0,0,1,0,0,0,0,0,0,0,0,0,0,0
1181,data/aihub_traffic/test/images/d_validation_1920_1080_daylight_2/14795436.jpg,4,0,0,0,0,0,0,0,0,0,0,0,0,0,0,0,0,0,0,0,0,0,0,0,0,0,0,0,0,0,0,0,0,0,0,0,0,0,0,0,0,0,0,0,0,0
1182,data/aihub_traffic/test/images/d_validation_1920_1080_daylight_2/14795442.jpg,4,0,0,0,0,0,0,0,0,0,0,0,0,0,0,0,0,0,0,0,0,0,0,0,0,0,0,0,0,0,0,0,0,0,0,0,0,0,0,0,0,0,0,0,0,0
1183,data/aihub_traffic/test/images/d_validation_1920_1080_daylight_2/14795448.jpg,5,0,0,0,0,0,0,0,0,0,0,0,0,0,0,0,0,0,0,0,0,0,0,0,0,0,0,0,0,0,0,0,0,0,0,0,0,0,0,0,0,0,0,0,0,0
1184,data/aihub_traffic/test/images/d_validation_1920_1080_daylight_2/14795454.jpg,8,0,0,0,0,0,0,0,0,0,0,0,0,0,0,0,0,0,0,0,0,0,0,0,0,0,0,0,0,0,0,0,0,0,0,0,0,0,0,0,0,0,0,0,0,0
1185,data/aihub_traffic/test/images/d_validation_1920_1080_daylight_2/14795461.jpg,2,0,0,0,0,0,0,0,0,0,0,0,0,0,0,0,0,0,0,0,0,0,0,0,0,0,0,0,0,0,0,0,0,0,0,0,0,0,0,0,0,0,0,0,0,0
1186,data/aihub_traffic/test/images/d_validation_1920_1080_daylight_2/14795467.jpg,3,1,1,1,1,1,1,1,1,1,1,1,1,1,1,1,1,1,1,1,1,1,1,1,1,1,1,1,1,1,1,1,1,1,1,1,1,0,0,0,0,0,0,0,0,0
1187,data/aihub_traffic/test/images/d_validation_1920_1080_daylight_2/14795473.jpg,3,2,2,0,2,2,0,2,2,0,2,2,0,2,2,0,2,2,0,1,1,0,1,1,0,1,1,0,1,1,0,1,1,0,1,1,0,0,0,0,0,0,0,0,0,0
1188,data/aihub_traffic/test/images/d_validation_1920_1080_daylight_2/14796244.jpg,0,0,0,0,0,0,0,0,0,0,0,0,0,0,0,0,0,0,0,0,0,0,0,0,0,0,0,0,0,0,0,0,0,0,0,0,0,0,0,0,0,0,0,0,0,0
1189,data/aihub_traffic/test/images/d_validation_1920_1080_daylight_2/14796250.jpg,0,1,0,0,1,0,0,1,0,0,1,0,0,1,0,0,1,0,0,1,0,0,1,0,0,1,0,0,1,0,0,1,0,0,1,0,0,0,0,0,0,0,0,0,0,0
1190,data/aihub_traffic/test/images/d_validation_1920_1080_daylight_2/14796256.jpg,0,0,0,0,0,0,0,0,0,0,0,0,0,0,0,0,0,0,0,0,0,0,0,0,0,0,0,0,0,0,0,0,0,0,0,0,0,0,0,0,0,0,0,0,0,0
1191,data/aihub_traffic/test/images/d_validation_1920_1080_daylight_2/14796263.jpg,6,0,0,0,0,0,0,0,0,0,0,0,0,0,0,0,0,0,0,0,0,0,0,0,0,0,0,0,0,0,0,0,0,0,0,0,0,0,0,0,0,0,0,0,0,0
1192,data/aihub_traffic/test/images/d_validation_1920_1080_daylight_2/14796475.jpg,4,0,0,0,0,0,0,0,0,0,0,0,0,0,0,0,0,0,0,0,0,0,0,0,0,0,0,0,0,0,0,0,0,0,0,0,0,0,0,0,0,0,0,0,0,0
1193,data/aihub_traffic/test/images/d_validation_1920_1080_daylight_2/14796487.jpg,2,0,0,0,0,0,0,0,0,0,0,0,0,0,0,0,0,0,0,1,0,0,1,0,0,1,0,0,1,0,0,1,0,0,1,0,0,0,0,0,0,0,0,0,0,0
1194,data/aihub_traffic/test/images/d_validation_1920_1080_daylight_2/14796721.jpg,2,0,0,0,0,0,0,0,0,0,0,0,0,0,0,0,0,0,0,0,0,0,0,0,0,0,0,0,0,0,0,0,0,0,0,0,0,0,0,0,0,0,0,0,0,0
1195,data/aihub_traffic/test/images/d_validation_1920_1080_daylight_2/14796728.jpg,2,0,0,0,0,0,0,0,0,0,0,0,0,0,0,0,0,0,0,0,0,0,0,0,0,0,0,0,0,0,0,0,0,0,0,0,0,0,0,0,0,0,0,0,0,0
1196,data/aihub_traffic/test/images/d_validation_1920_1080_daylight_2/14798328.jpg,4,2,1,1,2,1,1,2,1,1,2,1,1,2,1,1,2,1,1,3,2,1,3,2,1,3,2,1,3,2,1,3,2,1,3,2,1,0,0,0,0,0,0,0,0,0
1197,data/aihub_traffic/test/images/d_validation_1920_1080_daylight_2/14798335.jpg,6,2,1,1,2,1,1,2,1,1,2,1,1,2,1,1,2,1,1,3,1,1,3,1,1,3,1,1,3,1,1,3,1,1,3,1,1,0,0,0,0,0,0,0,0,0
1198,data/aihub_traffic/test/images/d_validation_1920_1080_daylight_2/14798346.jpg,6,2,1,1,2,1,1,2,1,1,2,1,1,2,1,1,2,1,1,3,1,1,3,1,1,3,1,1,3,1,1,3,1,1,3,1,1,0,0,0,0,0,0,0,0,0
1199,data/aihub_traffic/test/images/d_validation_1920_1080_daylight_2/14800731.jpg,1,1,1,1,1,1,1,1,1,1,1,1,1,1,1,1,1,1,1,1,1,1,1,1,1,1,1,1,1,1,1,1,1,1,1,1,1,0,0,0,0,0,0,0,0,0
1200,data/aihub_traffic/test/images/d_validation_1920_1080_daylight_2/14801017.jpg,0,0,0,0,0,0,0,0,0,0,0,0,0,0,0,0,0,0,0,0,0,0,0,0,0,0,0,0,0,0,0,0,0,0,0,0,0,0,0,0,0,0,0,0,0,0
1201,data/aihub_traffic/test/images/d_validation_1920_1080_daylight_2/14803035.jpg,9,5,5,5,5,5,5,5,5,5,5,5,5,5,5,5,5,5,5,5,5,5,5,5,5,5,5,5,5,5,5,5,5,5,5,5,5,0,0,0,0,0,0,0,0,0
1202,data/aihub_traffic/test/images/d_validation_1920_1080_daylight_2/14805550.jpg,2,2,2,2,2,2,2,2,2,2,2,2,2,2,2,2,2,2,2,2,2,2,2,2,2,2,2,2,2,2,2,2,2,2,2,2,2,0,0,0,0,0,0,0,0,0
1203,data/aihub_traffic/test/images/d_validation_1920_1080_daylight_2/14805556.jpg,2,2,2,2,2,2,2,2,2,2,2,2,2,2,2,2,2,2,2,2,2,2,2,2,2,2,2,2,2,2,2,2,2,2,2,2,2,0,0,0,0,0,0,0,0,0
1204,data/aihub_traffic/test/images/d_validation_1920_1080_daylight_2/14805563.jpg,2,2,2,2,2,2,2,2,2,2,2,2,2,2,2,2,2,2,2,2,2,2,2,2,2,2,2,2,2,2,2,2,2,2,2,2,2,0,0,0,0,0,0,0,0,0
1205,data/aihub_traffic/test/images/d_validation_1920_1080_daylight_2/14808226.jpg,0,0,0,0,0,0,0,0,0,0,0,0,0,0,0,0,0,0,0,0,0,0,0,0,0,0,0,0,0,0,0,0,0,0,0,0,0,0,0,0,0,0,0,0,0,0
1206,data/aihub_traffic/test/images/d_validation_1920_1080_daylight_2/14809017.jpg,1,0,0,0,0,0,0,0,0,0,0,0,0,0,0,0,0,0,0,0,0,0,0,0,0,0,0,0,0,0,0,0,0,0,0,0,0,0,0,0,0,0,0,0,0,0
1207,data/aihub_traffic/test/images/d_validation_1920_1080_daylight_2/14814009.jpg,0,0,0,0,0,0,0,0,0,0,0,0,0,0,0,0,0,0,0,0,0,0,0,0,0,0,0,0,0,0,0,0,0,0,0,0,0,0,0,0,0,0,0,0,0,0
1208,data/aihub_traffic/test/images/d_validation_1920_1080_daylight_2/14814023.jpg,4,2,1,0,2,1,0,2,1,0,2,1,0,2,1,0,2,1,0,1,0,0,1,0,0,1,0,0,1,0,0,1,0,0,1,0,0,0,0,0,0,0,0,0,0,0
1209,data/aihub_traffic/test/images/d_validation_1920_1080_daylight_2/14816842.jpg,0,0,0,0,0,0,0,0,0,0,0,0,0,0,0,0,0,0,0,0,0,0,0,0,0,0,0,0,0,0,0,0,0,0,0,0,0,0,0,0,0,0,0,0,0,0
1210,data/aihub_traffic/test/images/d_validation_1920_1080_daylight_2/14817438.jpg,1,0,0,0,0,0,0,0,0,0,0,0,0,0,0,0,0,0,0,0,0,0,0,0,0,0,0,0,0,0,0,0,0,0,0,0,0,0,0,0,0,0,0,0,0,0
1211,data/aihub_traffic/test/images/d_validation_1920_1080_daylight_2/14817444.jpg,1,0,0,0,0,0,0,0,0,0,0,0,0,0,0,0,0,0,0,0,0,0,0,0,0,0,0,0,0,0,0,0,0,0,0,0,0,0,0,0,0,0,0,0,0,0
1212,data/aihub_traffic/test/images/d_validation_1920_1080_daylight_2/14817450.jpg,2,0,0,0,0,0,0,0,0,0,0,0,0,0,0,0,0,0,0,0,0,0,0,0,0,0,0,0,0,0,0,0,0,0,0,0,0,0,0,0,0,0,0,0,0,0
1213,data/aihub_traffic/test/images/d_validation_1920_1080_daylight_2/14817456.jpg,5,4,4,4,4,4,4,4,4,4,4,4,4,4,4,4,4,4,4,4,4,4,4,4,4,4,4,4,4,4,4,4,4,4,4,4,4,0,0,0,0,0,0,0,0,0
1214,data/aihub_traffic/test/images/d_validation_1920_1080_daylight_2/14817462.jpg,8,5,5,4,5,5,4,5,5,4,5,5,4,5,5,4,5,5,4,5,5,4,5,5,4,5,5,4,5,5,4,5,5,4,5,5,4,0,0,0,0,0,0,0,0,0
1215,data/aihub_traffic/test/images/d_validation_1920_1080_daylight_2/14817468.jpg,1,1,1,1,1,1,1,1,1,1,1,1,1,1,1,1,1,1,1,1,1,1,1,1,1,1,1,1,1,1,1,1,1,1,1,1,1,0,0,0,0,0,0,0,0,0
1216,data/aihub_traffic/test/images/d_validation_1920_1080_daylight_2/14817474.jpg,1,0,0,0,0,0,0,0,0,0,0,0,0,0,0,0,0,0,0,0,0,0,0,0,0,0,0,0,0,0,0,0,0,0,0,0,0,0,0,0,0,0,0,0,0,0
1217,data/aihub_traffic/test/images/d_validation_1920_1080_daylight_2/14817481.jpg,3,1,1,1,1,1,1,1,1,1,1,1,1,1,1,1,1,1,1,1,1,1,1,1,1,1,1,1,1,1,1,1,1,1,1,1,1,0,0,0,0,0,0,0,0,0
1218,data/aihub_traffic/test/images/d_validation_1920_1080_daylight_2/14817488.jpg,3,0,0,0,0,0,0,0,0,0,0,0,0,0,0,0,0,0,0,0,0,0,0,0,0,0,0,0,0,0,0,0,0,0,0,0,0,0,0,0,0,0,0,0,0,0
1219,data/aihub_traffic/test/images/d_validation_1920_1080_daylight_2/14817494.jpg,10,5,5,4,5,5,4,5,5,4,5,5,4,5,5,4,5,5,4,5,5,3,5,5,3,5,5,4,5,5,3,5,5,3,5,5,4,0,0,0,0,0,0,0,0,0
1220,data/aihub_traffic/test/images/d_validation_1920_1080_daylight_2/14817501.jpg,3,1,1,1,1,1,1,1,1,1,1,1,1,1,1,1,1,1,1,1,1,1,1,1,1,1,1,1,1,1,1,1,1,1,1,1,1,0,0,0,0,0,0,0,0,0
1221,data/aihub_traffic/test/images/d_validation_1920_1080_daylight_2/14817507.jpg,6,2,2,2,2,2,2,2,2,2,2,2,2,2,2,2,2,2,2,2,2,2,2,2,2,2,2,2,2,2,2,2,2,2,2,2,2,0,0,0,0,0,0,0,0,0
1222,data/aihub_traffic/test/images/d_validation_1920_1080_daylight_2/14817514.jpg,6,1,1,1,1,1,1,1,1,1,1,1,1,1,1,1,1,1,1,1,1,1,1,1,1,1,1,1,1,1,1,1,1,1,1,1,1,0,0,0,0,0,0,0,0,0
1223,data/aihub_traffic/test/images/d_validation_1920_1080_daylight_2/14817522.jpg,5,4,3,3,4,3,3,4,3,3,4,3,3,4,3,3,4,3,3,3,2,2,3,2,2,3,2,2,3,2,2,3,2,2,3,2,2,0,0,0,0,0,0,0,0,0
1224,data/aihub_traffic/test/images/d_validation_1920_1080_daylight_2/14817529.jpg,7,6,4,4,6,4,4,6,4,4,6,4,4,6,4,4,6,4,4,6,4,4,6,4,4,6,4,4,6,4,4,6,4,4,6,4,4,0,0,0,0,0,0,0,0,0
1225,data/aihub_traffic/test/images/d_validation_1920_1080_daylight_2/14817535.jpg,3,2,2,2,2,2,2,2,2,2,2,2,2,2,2,2,2,2,2,2,2,2,2,2,2,2,2,2,2,2,2,2,2,2,2,2,2,0,0,0,0,0,0,0,0,0
1226,data/aihub_traffic/test/images/d_validation_1920_1080_daylight_2/14822174.jpg,1,0,0,0,0,0,0,0,0,0,0,0,0,0,0,0,0,0,0,0,0,0,0,0,0,0,0,0,0,0,0,0,0,0,0,0,0,0,0,0,0,0,0,0,0,0
1227,data/aihub_traffic/test/images/d_validation_1920_1080_daylight_2/14822935.jpg,1,0,0,0,0,0,0,0,0,0,0,0,0,0,0,0,0,0,0,0,0,0,0,0,0,0,0,0,0,0,0,0,0,0,0,0,0,0,0,0,0,0,0,0,0,0
1228,data/aihub_traffic/test/images/d_validation_1920_1080_daylight_2/14822943.jpg,1,0,0,0,0,0,0,0,0,0,0,0,0,0,0,0,0,0,0,1,0,0,1,0,0,1,0,0,1,0,0,1,0,0,1,0,0,0,0,0,0,0,0,0,0,0
1229,data/aihub_traffic/test/images/d_validation_1920_1080_daylight_2/14822949.jpg,1,1,0,0,1,0,0,1,0,0,1,0,0,1,0,0,1,0,0,1,0,0,1,0,0,1,0,0,1,0,0,1,0,0,1,0,0,0,0,0,0,0,0,0,0,0
1230,data/aihub_traffic/test/images/d_validation_1920_1080_daylight_2/14822955.jpg,1,1,0,0,1,0,0,1,0,0,1,0,0,1,0,0,1,0,0,1,0,0,1,0,0,1,0,0,1,0,0,1,0,0,1,0,0,0,0,0,0,0,0,0,0,0
1231,data/aihub_traffic/test/images/d_validation_1920_1080_daylight_2/14823732.jpg,2,0,0,0,0,0,0,0,0,0,0,0,0,0,0,0,0,0,0,0,0,0,0,0,0,0,0,0,0,0,0,0,0,0,0,0,0,0,0,0,0,0,0,0,0,0
1232,data/aihub_traffic/test/images/d_validation_1920_1080_daylight_2/14823739.jpg,0,0,0,0,0,0,0,0,0,0,0,0,0,0,0,0,0,0,0,0,0,0,0,0,0,0,0,0,0,0,0,0,0,0,0,0,0,0,0,0,0,0,0,0,0,0
1233,data/aihub_traffic/test/images/d_validation_1920_1080_daylight_2/14823745.jpg,1,0,0,0,0,0,0,0,0,0,0,0,0,0,0,0,0,0,0,0,0,0,0,0,0,0,0,0,0,0,0,0,0,0,0,0,0,0,0,0,0,0,0,0,0,0
1234,data/aihub_traffic/test/images/d_validation_1920_1080_daylight_2/14823752.jpg,1,1,1,1,1,1,1,1,1,1,1,1,1,1,1,1,1,1,1,0,0,0,0,0,0,0,0,0,0,0,0,0,0,0,0,0,0,0,0,0,0,0,0,0,0,0
1235,data/aihub_traffic/test/images/d_validation_1920_1080_daylight_2/14823758.jpg,2,2,2,1,2,2,1,2,2,1,2,2,1,2,2,1,2,2,1,2,2,1,2,2,1,2,2,1,2,2,1,2,2,1,2,2,1,0,0,0,0,0,0,0,0,0
1236,data/aihub_traffic/test/images/d_validation_1920_1080_daylight_2/14824597.jpg,4,5,4,3,5,4,3,5,4,3,5,4,3,5,4,3,5,4,3,5,4,3,5,4,3,5,4,3,5,4,3,5,4,3,5,4,3,0,0,0,0,0,0,0,0,0
1237,data/aihub_traffic/test/images/d_validation_1920_1080_daylight_2/14824603.jpg,7,4,4,3,4,4,3,4,4,3,4,4,3,4,4,3,4,4,3,3,3,2,3,3,2,3,3,2,3,3,2,3,3,2,3,3,2,0,0,0,0,0,0,0,0,0
1238,data/aihub_traffic/test/images/d_validation_1920_1080_daylight_2/14824609.jpg,1,0,0,0,0,0,0,0,0,0,0,0,0,0,0,0,0,0,0,0,0,0,0,0,0,0,0,0,0,0,0,0,0,0,0,0,0,0,0,0,0,0,0,0,0,0
1239,data/aihub_traffic/test/images/d_validation_1920_1080_daylight_2/14824615.jpg,4,3,2,2,3,2,2,3,2,2,3,2,2,3,2,2,3,2,2,3,2,2,3,2,2,3,2,2,3,2,2,3,2,2,3,2,2,0,0,0,0,0,0,0,0,0
1240,data/aihub_traffic/test/images/d_validation_1920_1080_daylight_2/14824621.jpg,0,0,0,0,0,0,0,0,0,0,0,0,0,0,0,0,0,0,0,0,0,0,0,0,0,0,0,0,0,0,0,0,0,0,0,0,0,0,0,0,0,0,0,0,0,0
1241,data/aihub_traffic/test/images/d_validation_1920_1080_daylight_2/14825084.jpg,0,0,0,0,0,0,0,0,0,0,0,0,0,0,0,0,0,0,0,0,0,0,0,0,0,0,0,0,0,0,0,0,0,0,0,0,0,0,0,0,0,0,0,0,0,0
1242,data/aihub_traffic/test/images/d_validation_1920_1080_daylight_2/14830893.jpg,4,4,4,4,4,4,4,4,4,4,4,4,4,4,4,4,4,4,4,4,4,4,4,4,4,4,4,4,4,4,4,4,4,4,4,4,4,0,0,0,0,0,0,0,0,0
1243,data/aihub_traffic/test/images/d_validation_1920_1080_daylight_2/14830899.jpg,4,3,3,3,3,3,3,3,3,3,3,3,3,3,3,3,3,3,3,3,3,3,3,3,3,3,3,3,3,3,3,3,3,3,3,3,3,0,0,0,0,0,0,0,0,0
1244,data/aihub_traffic/test/images/d_validation_1920_1080_daylight_2/14831022.jpg,3,0,0,0,0,0,0,0,0,0,0,0,0,0,0,0,0,0,0,0,0,0,0,0,0,0,0,0,0,0,0,0,0,0,0,0,0,0,0,0,0,0,0,0,0,0
1245,data/aihub_traffic/test/images/d_validation_1920_1080_daylight_2/14831029.jpg,4,2,1,1,2,1,1,2,1,1,2,1,1,2,1,1,2,1,1,1,1,1,1,1,1,1,1,1,1,1,1,1,1,1,1,1,1,0,0,0,0,0,0,0,0,0
1246,data/aihub_traffic/test/images/d_validation_1920_1080_daylight_2/14831035.jpg,4,2,1,0,2,1,0,2,1,0,2,1,0,2,1,0,2,1,0,2,1,0,2,1,0,2,1,0,2,1,0,2,1,0,2,1,0,0,0,0,0,0,0,0,0,0
1247,data/aihub_traffic/test/images/d_validation_1920_1080_daylight_2/14831041.jpg,2,2,1,1,2,1,1,2,1,1,2,1,1,2,1,1,2,1,1,2,1,1,2,1,1,2,1,1,2,1,1,2,1,1,2,1,1,0,0,0,0,0,0,0,0,0
1248,data/aihub_traffic/test/images/d_validation_1920_1080_daylight_2/14831048.jpg,0,1,0,0,1,0,0,1,0,0,1,0,0,1,0,0,1,0,0,1,0,0,1,0,0,1,0,0,1,0,0,1,0,0,1,0,0,0,0,0,0,0,0,0,0,0
1249,data/aihub_traffic/test/images/d_validation_1920_1080_daylight_2/14831055.jpg,4,3,3,2,3,3,2,3,3,2,3,3,2,3,3,2,3,3,2,3,3,2,3,3,2,3,3,2,3,3,2,3,3,2,3,3,2,0,0,0,0,0,0,0,0,0
1250,data/aihub_traffic/test/images/d_validation_1920_1080_daylight_2/14831061.jpg,2,2,2,2,2,2,2,2,2,2,2,2,2,2,2,2,2,2,2,2,2,2,2,2,2,2,2,2,2,2,2,2,2,2,2,2,2,0,0,0,0,0,0,0,0,0
1251,data/aihub_traffic/test/images/d_validation_1920_1080_daylight_2/14831067.jpg,4,5,4,4,5,4,4,5,4,4,5,4,4,5,4,4,5,4,4,5,4,4,5,4,4,5,4,4,5,4,4,5,4,4,5,4,4,0,0,0,0,0,0,0,0,0
1252,data/aihub_traffic/test/images/d_validation_1920_1080_daylight_2/14831073.jpg,0,0,0,0,0,0,0,0,0,0,0,0,0,0,0,0,0,0,0,0,0,0,0,0,0,0,0,0,0,0,0,0,0,0,0,0,0,0,0,0,0,0,0,0,0,0
1253,data/aihub_traffic/test/images/d_validation_1920_1080_daylight_2/14831230.jpg,4,0,0,0,0,0,0,0,0,0,0,0,0,0,0,0,0,0,0,0,0,0,0,0,0,0,0,0,0,0,0,0,0,0,0,0,0,0,0,0,0,0,0,0,0,0
1254,data/aihub_traffic/test/images/d_validation_1920_1080_daylight_2/14831237.jpg,4,5,4,3,5,4,3,5,4,3,5,4,3,5,4,3,5,4,3,5,4,3,5,4,3,5,4,3,5,4,3,5,4,3,5,4,3,0,0,0,0,0,0,0,0,0
1255,data/aihub_traffic/test/images/d_validation_1920_1080_daylight_2/14831244.jpg,6,3,3,3,3,3,3,3,3,3,3,3,3,3,3,3,3,3,3,3,3,3,3,3,3,3,3,3,3,3,3,3,3,3,3,3,3,0,0,0,0,0,0,0,0,0
1256,data/aihub_traffic/test/images/d_validation_1920_1080_daylight_2/14831250.jpg,6,3,3,3,3,3,3,3,3,3,3,3,3,3,3,3,3,3,3,3,3,3,3,3,3,3,3,3,3,3,3,3,3,3,3,3,3,0,0,0,0,0,0,0,0,0
1257,data/aihub_traffic/test/images/d_validation_1920_1080_daylight_2/14834830.jpg,4,2,1,1,2,1,1,2,1,1,2,1,1,2,1,1,2,1,1,1,0,0,1,0,0,1,0,0,1,0,0,1,0,0,1,0,0,0,0,0,0,0,0,0,0,0
1258,data/aihub_traffic/test/images/d_validation_1920_1080_daylight_2/14835563.jpg,4,2,1,1,2,1,1,2,1,1,2,1,1,2,1,1,2,1,1,2,1,1,2,1,1,2,1,1,2,1,1,2,1,1,2,1,1,0,0,0,0,0,0,0,0,0
1259,data/aihub_traffic/test/images/d_validation_1920_1080_daylight_2/14835569.jpg,5,2,2,2,2,2,2,2,2,2,2,2,2,2,2,2,2,2,2,3,2,2,3,2,2,3,2,2,3,2,2,3,2,2,3,2,2,0,0,0,0,0,0,0,0,0
1260,data/aihub_traffic/test/images/d_validation_1920_1080_daylight_2/14835575.jpg,5,2,2,2,2,2,2,2,2,2,2,2,2,2,2,2,2,2,2,3,2,2,3,2,2,3,2,2,3,2,2,3,2,2,3,2,2,0,0,0,0,0,0,0,0,0
1261,data/aihub_traffic/test/images/d_validation_1920_1080_daylight_2/14835581.jpg,5,2,2,2,2,2,2,2,2,2,2,2,2,2,2,2,2,2,2,3,2,2,3,2,2,3,2,2,3,2,2,3,2,2,3,2,2,0,0,0,0,0,0,0,0,0
1262,data/aihub_traffic/test/images/d_validation_1920_1080_daylight_2/14835587.jpg,5,3,2,2,3,2,2,3,2,2,3,2,2,3,2,2,3,2,2,4,2,2,4,2,2,4,2,2,4,2,2,4,2,2,4,2,2,0,0,0,0,0,0,0,0,0
1263,data/aihub_traffic/test/images/d_validation_1920_1080_daylight_2/14835807.jpg,5,3,2,2,3,2,2,3,2,2,3,2,2,3,2,2,3,2,2,4,2,2,4,2,2,4,2,2,4,2,2,4,2,2,4,2,2,0,0,0,0,0,0,0,0,0
1264,data/aihub_traffic/test/images/d_validation_1920_1080_daylight_2/14835813.jpg,4,2,1,1,2,1,1,2,1,1,2,1,1,2,1,1,2,1,1,2,1,1,2,1,1,2,1,1,2,1,1,2,1,1,2,1,1,0,0,0,0,0,0,0,0,0
1265,data/aihub_traffic/test/images/d_validation_1920_1080_daylight_2/14835819.jpg,4,2,1,1,2,1,1,2,1,1,2,1,1,2,1,1,2,1,1,2,1,1,2,1,1,2,1,1,2,1,1,2,1,1,2,1,1,0,0,0,0,0,0,0,0,0
1266,data/aihub_traffic/test/images/d_validation_1920_1080_daylight_2/14835825.jpg,4,1,1,1,1,1,1,1,1,1,1,1,1,1,1,1,1,1,1,1,1,1,1,1,1,1,1,1,1,1,1,1,1,1,1,1,1,0,0,0,0,0,0,0,0,0
1267,data/aihub_traffic/test/images/d_validation_1920_1080_daylight_2/14835831.jpg,5,2,2,2,2,2,2,2,2,2,2,2,2,2,2,2,2,2,2,3,2,2,3,2,2,3,2,2,3,2,2,3,2,2,3,2,2,0,0,0,0,0,0,0,0,0
1268,data/aihub_traffic/test/images/d_validation_1920_1080_daylight_2/14835865.jpg,5,1,1,1,1,1,1,1,1,1,1,1,1,1,1,1,1,1,1,1,1,1,1,1,1,1,1,1,1,1,1,1,1,1,1,1,1,0,0,0,0,0,0,0,0,0
1269,data/aihub_traffic/test/images/d_validation_1920_1080_daylight_2/14835871.jpg,4,1,1,1,1,1,1,1,1,1,1,1,1,1,1,1,1,1,1,1,1,1,1,1,1,1,1,1,1,1,1,1,1,1,1,1,1,0,0,0,0,0,0,0,0,0
1270,data/aihub_traffic/test/images/d_validation_1920_1080_daylight_2/14835877.jpg,5,1,1,1,1,1,1,1,1,1,1,1,1,1,1,1,1,1,1,1,1,1,1,1,1,1,1,1,1,1,1,1,1,1,1,1,1,0,0,0,0,0,0,0,0,0
1271,data/aihub_traffic/test/images/d_validation_1920_1080_daylight_2/14835883.jpg,10,6,6,5,6,6,5,6,6,5,6,6,5,6,6,5,6,6,5,5,5,5,5,5,5,5,5,5,5,5,5,5,5,5,5,5,5,0,0,0,0,0,0,0,0,0
1272,data/aihub_traffic/test/images/d_validation_1920_1080_daylight_2/14835889.jpg,8,6,5,4,6,5,4,6,5,4,6,5,4,6,5,4,6,5,4,6,5,4,6,5,4,6,5,4,6,5,4,6,5,4,6,5,4,0,0,0,0,0,0,0,0,0
1273,data/aihub_traffic/test/images/d_validation_1920_1080_daylight_2/14858820.jpg,3,0,0,0,0,0,0,0,0,0,0,0,0,0,0,0,0,0,0,0,0,0,0,0,0,0,0,0,0,0,0,0,0,0,0,0,0,0,0,0,0,0,0,0,0,0
1274,data/aihub_traffic/test/images/d_validation_1920_1080_daylight_2/14858826.jpg,2,1,0,0,1,0,0,1,0,0,1,0,0,1,0,0,1,0,0,1,0,0,1,0,0,1,0,0,1,0,0,1,0,0,1,0,0,0,0,0,0,0,0,0,0,0
1275,data/aihub_traffic/test/images/d_validation_1920_1080_daylight_2/14858832.jpg,2,0,0,0,0,0,0,0,0,0,0,0,0,0,0,0,0,0,0,0,0,0,0,0,0,0,0,0,0,0,0,0,0,0,0,0,0,0,0,0,0,0,0,0,0,0
1276,data/aihub_traffic/test/images/d_validation_1920_1080_daylight_2/14858878.jpg,5,1,1,0,1,1,0,1,1,0,1,1,0,1,1,0,1,1,0,1,1,0,1,1,0,1,1,0,1,1,0,1,1,0,1,1,0,0,0,0,0,0,0,0,0,0
1277,data/aihub_traffic/test/images/d_validation_1920_1080_daylight_2/14858884.jpg,4,2,2,0,2,2,0,2,2,0,2,2,1,2,2,1,2,2,1,2,2,0,2,2,0,2,2,0,2,2,0,2,2,0,2,2,0,0,0,0,0,0,0,0,0,0
1278,data/aihub_traffic/test/images/d_validation_1920_1080_daylight_2/14858890.jpg,4,2,2,0,2,2,0,2,2,0,2,2,0,2,2,0,2,2,0,2,2,0,2,2,0,2,2,0,2,2,0,2,2,0,2,2,0,0,0,0,0,0,0,0,0,0
1279,data/aihub_traffic/test/images/d_validation_1920_1080_daylight_2/14858898.jpg,5,2,2,1,2,2,1,2,2,1,2,2,1,2,2,1,2,2,1,2,1,0,2,1,0,2,1,0,2,1,0,2,1,0,2,1,0,0,0,0,0,0,0,0,0,0
1280,data/aihub_traffic/test/images/d_validation_1920_1080_daylight_2/14858904.jpg,1,1,0,0,1,0,0,1,0,0,1,0,0,1,0,0,1,0,0,0,0,0,0,0,0,0,0,0,0,0,0,0,0,0,0,0,0,0,0,0,0,0,0,0,0,0
1281,data/aihub_traffic/test/images/d_validation_1920_1080_daylight_2/14858911.jpg,0,0,0,0,0,0,0,0,0,0,0,0,0,0,0,0,0,0,0,0,0,0,0,0,0,0,0,0,0,0,0,0,0,0,0,0,0,0,0,0,0,0,0,0,0,0
1282,data/aihub_traffic/test/images/d_validation_1920_1080_daylight_2/14858917.jpg,0,0,0,0,0,0,0,0,0,0,0,0,0,0,0,0,0,0,0,0,0,0,0,0,0,0,0,0,0,0,0,0,0,0,0,0,0,0,0,0,0,0,0,0,0,0
1283,data/aihub_traffic/test/images/d_validation_1920_1080_daylight_2/14858923.jpg,0,0,0,0,0,0,0,0,0,0,0,0,0,0,0,0,0,0,0,0,0,0,0,0,0,0,0,0,0,0,0,0,0,0,0,0,0,0,0,0,0,0,0,0,0,0
1284,data/aihub_traffic/test/images/d_validation_1920_1080_daylight_2/14858930.jpg,1,0,0,0,0,0,0,0,0,0,0,0,0,0,0,0,0,0,0,0,0,0,0,0,0,0,0,0,0,0,0,0,0,0,0,0,0,0,0,0,0,0,0,0,0,0
1285,data/aihub_traffic/test/images/d_validation_1920_1080_daylight_2/14858977.jpg,1,1,0,0,1,0,0,1,0,0,1,0,0,1,0,0,1,0,0,1,0,0,1,0,0,1,0,0,1,0,0,1,0,0,1,0,0,0,0,0,0,0,0,0,0,0
1286,data/aihub_traffic/test/images/d_validation_1920_1080_daylight_2/14858983.jpg,1,1,0,0,1,0,0,1,0,0,1,0,0,1,0,0,1,0,0,1,0,0,1,0,0,1,0,0,1,0,0,1,0,0,1,0,0,0,0,0,0,0,0,0,0,0
1287,data/aihub_traffic/test/images/d_validation_1920_1080_daylight_2/14858989.jpg,1,1,1,1,1,1,1,1,1,1,1,1,1,1,1,1,1,1,1,1,1,1,1,1,1,1,1,1,1,1,1,1,1,1,1,1,1,0,0,0,0,0,0,0,0,0
1288,data/aihub_traffic/test/images/d_validation_1920_1080_daylight_2/14858997.jpg,1,1,0,0,1,0,0,1,0,0,1,0,0,1,0,0,1,0,0,1,0,0,1,0,0,1,0,0,1,0,0,1,0,0,1,0,0,0,0,0,0,0,0,0,0,0
1289,data/aihub_traffic/test/images/d_validation_1920_1080_daylight_2/14864514.jpg,5,4,2,2,4,2,2,4,2,2,4,2,2,4,2,2,4,2,2,4,2,2,4,2,2,4,2,2,4,2,2,4,2,2,4,2,2,0,0,0,0,0,0,0,0,0
1290,data/aihub_traffic/test/images/d_validation_1920_1080_daylight_2/14864520.jpg,8,4,3,3,4,3,3,4,3,3,4,3,3,4,3,3,4,3,3,4,3,3,4,3,3,4,3,3,4,3,3,4,3,3,4,3,3,0,0,0,0,0,0,0,0,0
1291,data/aihub_traffic/test/images/d_validation_1920_1080_daylight_2/14864526.jpg,10,7,7,6,7,7,6,7,7,6,7,7,6,7,7,6,7,7,6,7,7,6,7,7,6,7,7,6,7,7,6,7,7,6,7,7,6,0,0,0,0,0,0,0,0,0
1292,data/aihub_traffic/test/images/d_validation_1920_1080_daylight_2/14864532.jpg,0,1,0,0,1,0,0,1,0,0,1,0,0,1,0,0,1,0,0,1,0,0,1,0,0,1,0,0,1,0,0,1,0,0,1,0,0,0,0,0,0,0,0,0,0,0
1293,data/aihub_traffic/test/images/d_validation_1920_1080_daylight_2/14864538.jpg,4,3,3,3,3,3,3,3,3,3,3,3,3,3,3,3,3,3,3,3,3,3,3,3,3,3,3,3,3,3,3,3,3,3,3,3,3,0,0,0,0,0,0,0,0,0
1294,data/aihub_traffic/test/images/d_validation_1920_1080_daylight_2/14864544.jpg,6,4,3,3,4,3,3,4,3,3,4,3,3,4,3,3,4,3,3,4,3,3,4,3,3,4,3,3,4,3,3,4,3,3,4,3,3,0,0,0,0,0,0,0,0,0
1295,data/aihub_traffic/test/images/d_validation_1920_1080_daylight_2/14864550.jpg,10,4,4,4,4,4,4,4,4,4,4,4,4,4,4,4,4,4,4,4,4,4,4,4,4,4,4,4,4,4,4,4,4,4,4,4,4,0,0,0,0,0,0,0,0,0
1296,data/aihub_traffic/test/images/d_validation_1920_1080_daylight_2/14864557.jpg,8,6,6,6,6,6,6,6,6,6,6,6,6,6,6,6,6,6,6,6,6,6,6,6,6,6,6,6,6,6,6,6,6,6,6,6,6,0,0,0,0,0,0,0,0,0
1297,data/aihub_traffic/test/images/d_validation_1920_1080_daylight_2/14864563.jpg,10,10,6,6,10,6,6,10,6,6,10,6,6,10,6,6,10,6,6,9,5,5,9,5,5,9,5,5,9,5,5,9,5,5,9,5,5,0,0,0,0,0,0,0,0,0
1298,data/aihub_traffic/test/images/d_validation_1920_1080_daylight_2/14864569.jpg,2,3,2,2,3,2,2,3,2,2,3,2,2,3,2,2,3,2,2,2,2,2,2,2,2,2,2,2,2,2,2,2,2,2,2,2,2,0,0,0,0,0,0,0,0,0
1299,data/aihub_traffic/test/images/d_validation_1920_1080_daylight_2/14864576.jpg,2,2,1,1,2,1,1,2,1,1,2,1,1,2,1,1,2,1,1,2,1,1,2,1,1,2,1,1,2,1,1,2,1,1,2,1,1,0,0,0,0,0,0,0,0,0
1300,data/aihub_traffic/test/images/d_validation_1920_1080_daylight_2/14864582.jpg,2,1,1,1,1,1,1,1,1,1,1,1,1,1,1,1,1,1,1,1,1,1,1,1,1,1,1,1,1,1,1,1,1,1,1,1,1,0,0,0,0,0,0,0,0,0
1301,data/aihub_traffic/test/images/d_validation_1920_1080_daylight_2/14864590.jpg,4,3,3,3,3,3,3,3,3,3,3,3,3,3,3,3,3,3,3,2,2,2,2,2,2,2,2,2,2,2,2,2,2,2,2,2,2,0,0,0,0,0,0,0,0,0
1302,data/aihub_traffic/test/images/d_validation_1920_1080_daylight_2/14864598.jpg,8,5,2,2,5,2,2,5,2,2,5,3,3,5,3,3,5,3,3,4,2,2,4,2,2,4,2,2,4,2,2,4,2,2,4,2,2,0,0,0,0,0,0,0,0,0
1303,data/aihub_traffic/test/images/d_validation_1920_1080_daylight_2/14864604.jpg,6,5,2,2,5,2,2,5,2,2,5,2,2,5,2,2,5,2,2,4,2,2,4,2,2,4,2,2,4,2,2,4,2,2,4,2,2,0,0,0,0,0,0,0,0,0
1304,data/aihub_traffic/test/images/d_validation_1920_1080_daylight_2/14864610.jpg,6,6,6,5,6,6,5,6,6,5,6,6,5,6,6,5,6,6,5,5,5,4,5,5,4,5,5,4,5,5,4,5,5,4,5,5,4,0,0,0,0,0,0,0,0,0
1305,data/aihub_traffic/test/images/d_validation_1920_1080_daylight_2/14878190.jpg,4,4,4,4,4,4,4,4,4,4,4,4,4,4,4,4,4,4,4,4,4,4,4,4,4,4,4,4,4,4,4,4,4,4,4,4,4,0,0,0,0,0,0,0,0,0
1306,data/aihub_traffic/test/images/d_validation_1920_1080_daylight_2/14878196.jpg,6,5,4,4,5,4,4,5,4,4,5,4,4,5,4,4,5,4,4,7,4,4,7,4,4,7,4,4,7,4,4,7,4,4,7,4,4,0,0,0,0,0,0,0,0,0
1307,data/aihub_traffic/test/images/d_validation_1920_1080_daylight_2/14878202.jpg,8,5,5,5,5,5,5,5,5,5,5,5,5,5,5,5,5,5,5,5,5,5,5,5,5,5,5,5,5,5,5,5,5,5,5,5,5,0,0,0,0,0,0,0,0,0
1308,data/aihub_traffic/test/images/d_validation_1920_1080_daylight_2/14878211.jpg,3,3,1,1,3,1,1,3,1,1,3,1,1,3,1,1,3,1,1,2,1,1,2,1,1,2,1,1,2,1,1,2,1,1,2,1,1,0,0,0,0,0,0,0,0,0
1309,data/aihub_traffic/test/images/d_validation_1920_1080_daylight_2/14878345.jpg,4,3,3,3,3,3,3,3,3,3,3,3,3,3,3,3,3,3,3,3,3,3,3,3,3,3,3,3,3,3,3,3,3,3,3,3,3,0,0,0,0,0,0,0,0,0
1310,data/aihub_traffic/test/images/d_validation_1920_1080_daylight_2/14878352.jpg,1,1,1,1,1,1,1,1,1,1,1,1,1,1,1,1,1,1,1,1,1,1,1,1,1,1,1,1,1,1,1,1,1,1,1,1,1,0,0,0,0,0,0,0,0,0
1311,data/aihub_traffic/test/images/d_validation_1920_1080_daylight_2/14878358.jpg,6,0,0,0,0,0,0,0,0,0,0,0,0,0,0,0,0,0,0,0,0,0,0,0,0,0,0,0,0,0,0,0,0,0,0,0,0,0,0,0,0,0,0,0,0,0
1312,data/aihub_traffic/test/images/d_validation_1920_1080_daylight_2/14878365.jpg,7,8,7,6,8,7,6,8,7,6,8,7,6,8,7,6,8,7,6,8,7,7,8,7,7,8,7,7,8,7,7,8,7,7,8,7,7,0,0,0,0,0,0,0,0,0
1313,data/aihub_traffic/test/images/d_validation_1920_1080_daylight_2/14878433.jpg,0,1,0,0,1,0,0,1,0,0,1,0,0,1,0,0,1,0,0,1,0,0,1,0,0,1,0,0,1,0,0,1,0,0,1,0,0,0,0,0,0,0,0,0,0,0
1314,data/aihub_traffic/test/images/d_validation_1920_1080_daylight_2/14878439.jpg,0,0,0,0,0,0,0,0,0,0,0,0,0,0,0,0,0,0,0,0,0,0,0,0,0,0,0,0,0,0,0,0,0,0,0,0,0,0,0,0,0,0,0,0,0,0
1315,data/aihub_traffic/test/images/d_validation_1920_1080_daylight_2/14878445.jpg,9,4,4,3,4,4,3,4,4,3,4,4,3,4,4,3,4,4,3,4,4,2,4,4,2,4,4,2,4,4,2,4,4,2,4,4,2,0,0,0,0,0,0,0,0,0
1316,data/aihub_traffic/test/images/d_validation_1920_1080_daylight_2/14878451.jpg,2,2,2,2,2,2,2,2,2,2,2,2,2,2,2,2,2,2,2,2,2,2,2,2,2,2,2,2,2,2,2,2,2,2,2,2,2,0,0,0,0,0,0,0,0,0
1317,data/aihub_traffic/test/images/d_validation_1920_1080_daylight_2/14878459.jpg,0,0,0,0,0,0,0,0,0,0,0,0,0,0,0,0,0,0,0,0,0,0,0,0,0,0,0,0,0,0,0,0,0,0,0,0,0,0,0,0,0,0,0,0,0,0
1318,data/aihub_traffic/test/images/d_validation_1920_1080_daylight_2/14878525.jpg,2,2,2,2,2,2,2,2,2,2,2,2,2,2,2,2,2,2,2,2,2,2,2,2,2,2,2,2,2,2,2,2,2,2,2,2,2,0,0,0,0,0,0,0,0,0
1319,data/aihub_traffic/test/images/d_validation_1920_1080_daylight_2/14878531.jpg,0,0,0,0,0,0,0,0,0,0,0,0,0,0,0,0,0,0,0,0,0,0,0,0,0,0,0,0,0,0,0,0,0,0,0,0,0,0,0,0,0,0,0,0,0,0
1320,data/aihub_traffic/test/images/d_validation_1920_1080_daylight_2/14878538.jpg,0,0,0,0,0,0,0,0,0,0,0,0,0,0,0,0,0,0,0,0,0,0,0,0,0,0,0,0,0,0,0,0,0,0,0,0,0,0,0,0,0,0,0,0,0,0
1321,data/aihub_traffic/test/images/d_validation_1920_1080_daylight_2/14880798.jpg,1,1,1,1,1,1,1,1,1,1,1,1,1,1,1,1,1,1,1,1,1,1,1,1,1,1,1,1,1,1,1,1,1,1,1,1,1,0,0,0,0,0,0,0,0,0
1322,data/aihub_traffic/test/images/d_validation_1920_1080_daylight_2/14880804.jpg,0,0,0,0,0,0,0,0,0,0,0,0,0,0,0,0,0,0,0,0,0,0,0,0,0,0,0,0,0,0,0,0,0,0,0,0,0,0,0,0,0,0,0,0,0,0
1323,data/aihub_traffic/test/images/d_validation_1920_1080_daylight_2/14880810.jpg,1,1,1,1,1,1,1,1,1,1,1,1,1,1,1,1,1,1,1,1,1,1,1,1,1,1,1,1,1,1,1,1,1,1,1,1,1,0,0,0,0,0,0,0,0,0
1324,data/aihub_traffic/test/images/d_validation_1920_1080_daylight_2/14881179.jpg,0,1,0,0,1,0,0,1,0,0,1,0,0,1,0,0,1,0,0,2,0,0,2,0,0,2,0,0,2,0,0,2,0,0,2,0,0,0,0,0,0,0,0,0,0,0
1325,data/aihub_traffic/test/images/d_validation_1920_1080_daylight_2/14881185.jpg,2,2,2,2,2,2,2,2,2,2,2,2,2,2,2,2,2,2,2,2,2,2,2,2,2,2,2,2,2,2,2,2,2,2,2,2,2,0,0,0,0,0,0,0,0,0
1326,data/aihub_traffic/test/images/d_validation_1920_1080_daylight_2/14881191.jpg,4,5,3,2,5,3,2,5,3,2,5,3,2,5,3,2,5,3,2,5,3,2,5,3,2,5,3,2,5,3,2,5,3,2,5,3,2,0,0,0,0,0,0,0,0,0
1327,data/aihub_traffic/test/images/d_validation_1920_1080_daylight_2/14881197.jpg,5,4,4,4,4,4,4,4,4,4,4,4,4,4,4,4,4,4,4,4,4,4,4,4,4,4,4,4,4,4,4,4,4,4,4,4,4,0,0,0,0,0,0,0,0,0
1328,data/aihub_traffic/test/images/d_validation_1920_1080_daylight_2/14881203.jpg,0,0,0,0,0,0,0,0,0,0,0,0,0,0,0,0,0,0,0,1,0,0,1,0,0,1,0,0,1,0,0,1,0,0,1,0,0,0,0,0,0,0,0,0,0,0
1329,data/aihub_traffic/test/images/d_validation_1920_1080_daylight_2/14881209.jpg,3,3,3,3,3,3,3,3,3,3,3,3,3,3,3,3,3,3,3,3,3,3,3,3,3,3,3,3,3,3,3,3,3,3,3,3,3,0,0,0,0,0,0,0,0,0
1330,data/aihub_traffic/test/images/d_validation_1920_1080_daylight_2/14881215.jpg,0,0,0,0,0,0,0,0,0,0,0,0,0,0,0,0,0,0,0,0,0,0,0,0,0,0,0,0,0,0,0,0,0,0,0,0,0,0,0,0,0,0,0,0,0,0
1331,data/aihub_traffic/test/images/d_validation_1920_1080_daylight_2/14881221.jpg,2,3,1,1,3,1,1,3,1,1,3,1,1,3,1,1,3,1,1,3,1,1,3,1,1,3,1,1,3,1,1,3,1,1,3,1,1,0,0,0,0,0,0,0,0,0
1332,data/aihub_traffic/test/images/d_validation_1920_1080_daylight_2/14881228.jpg,4,3,3,3,3,3,3,3,3,3,3,3,3,3,3,3,3,3,3,3,3,3,3,3,3,3,3,3,3,3,3,3,3,3,3,3,3,0,0,0,0,0,0,0,0,0
1333,data/aihub_traffic/test/images/d_validation_1920_1080_daylight_2/14881234.jpg,0,0,0,0,0,0,0,0,0,0,0,0,0,0,0,0,0,0,0,1,0,0,1,0,0,1,0,0,1,0,0,1,0,0,1,0,0,0,0,0,0,0,0,0,0,0
1334,data/aihub_traffic/test/images/d_validation_1920_1080_daylight_2/14881243.jpg,0,1,0,0,1,0,0,1,0,0,1,0,0,1,0,0,1,0,0,1,0,0,1,0,0,1,0,0,1,0,0,1,0,0,1,0,0,0,0,0,0,0,0,0,0,0
1335,data/aihub_traffic/test/images/d_validation_1920_1080_daylight_2/14881249.jpg,5,0,0,0,0,0,0,0,0,0,0,0,0,0,0,0,0,0,0,0,0,0,0,0,0,0,0,0,0,0,0,0,0,0,0,0,0,0,0,0,0,0,0,0,0,0
1336,data/aihub_traffic/test/images/d_validation_1920_1080_daylight_2/14881256.jpg,7,8,6,5,8,6,5,8,6,5,8,6,5,8,6,5,8,6,5,8,6,5,8,6,5,8,6,5,8,6,5,8,6,5,8,6,5,0,0,0,0,0,0,0,0,0
1337,data/aihub_traffic/test/images/d_validation_1920_1080_daylight_2/14931709.jpg,6,5,5,5,5,5,5,5,5,5,5,4,4,5,4,4,5,4,4,5,4,4,5,4,4,5,4,4,5,4,4,5,4,4,5,4,4,0,0,0,0,0,0,0,0,0
1338,data/aihub_traffic/test/images/d_validation_1920_1080_daylight_2/14931717.jpg,5,4,4,4,4,4,4,4,4,4,4,4,4,4,4,4,4,4,4,4,4,4,4,4,4,4,4,4,4,4,4,4,4,4,4,4,4,0,0,0,0,0,0,0,0,0
1339,data/aihub_traffic/test/images/d_validation_1920_1080_daylight_2/14931723.jpg,5,4,4,4,4,4,4,4,4,4,4,4,4,4,4,4,4,4,4,4,4,4,4,4,4,4,4,4,4,4,4,4,4,4,4,4,4,0,0,0,0,0,0,0,0,0
1340,data/aihub_traffic/test/images/d_validation_1920_1080_daylight_2/14931731.jpg,4,4,3,3,4,3,3,4,3,3,4,3,3,4,3,3,4,3,3,4,3,3,4,3,3,4,3,3,4,3,3,4,3,3,4,3,3,0,0,0,0,0,0,0,0,0
1341,data/aihub_traffic/test/images/d_validation_1920_1080_daylight_2/14931990.jpg,4,4,3,1,4,3,1,4,3,1,4,3,1,4,3,1,4,3,1,4,3,1,4,3,1,4,3,1,4,3,1,4,3,1,4,3,1,0,0,0,0,0,0,0,0,0
1342,data/aihub_traffic/test/images/d_validation_1920_1080_daylight_2/14931997.jpg,1,1,1,1,1,1,1,1,1,1,1,1,1,1,1,1,1,1,1,0,0,0,0,0,0,0,0,0,0,0,0,0,0,0,0,0,0,0,0,0,0,0,0,0,0,0
1343,data/aihub_traffic/test/images/d_validation_1920_1080_daylight_2/14932003.jpg,2,2,2,0,2,2,0,2,2,0,2,2,0,2,2,0,2,2,0,2,2,0,2,2,0,2,2,0,2,2,0,2,2,0,2,2,0,0,0,0,0,0,0,0,0,0
1344,data/aihub_traffic/test/images/d_validation_1920_1080_daylight_2/14932009.jpg,2,2,2,1,2,2,1,2,2,1,2,2,1,2,2,1,2,2,1,2,2,0,2,2,0,2,2,1,2,2,0,2,2,0,2,2,1,0,0,0,0,0,0,0,0,0
1345,data/aihub_traffic/test/images/d_validation_1920_1080_daylight_2/14932015.jpg,4,3,3,3,3,3,3,3,3,3,3,3,3,3,3,3,3,3,3,3,3,2,3,3,2,3,3,2,3,3,2,3,3,2,3,3,2,0,0,0,0,0,0,0,0,0
1346,data/aihub_traffic/test/images/d_validation_1920_1080_daylight_2/14932211.jpg,6,5,4,3,5,4,3,5,4,3,5,4,3,5,4,3,5,4,3,6,4,3,6,4,3,6,4,3,6,4,3,6,4,3,6,4,3,0,0,0,0,0,0,0,0,0
1347,data/aihub_traffic/test/images/d_validation_1920_1080_daylight_2/14932227.jpg,7,5,4,3,5,4,3,5,4,3,5,4,3,5,4,3,5,4,3,5,4,3,5,4,3,5,4,3,5,4,3,5,4,3,5,4,3,0,0,0,0,0,0,0,0,0
1348,data/aihub_traffic/test/images/d_validation_1920_1080_daylight_2/14932233.jpg,3,2,2,2,2,2,2,2,2,2,2,2,2,2,2,2,2,2,2,2,2,2,2,2,2,2,2,2,2,2,2,2,2,2,2,2,2,0,0,0,0,0,0,0,0,0
1349,data/aihub_traffic/test/images/d_validation_1920_1080_daylight_2/14932906.jpg,10,6,6,6,6,6,6,6,6,6,6,6,6,6,6,6,6,6,6,6,6,6,6,6,6,6,6,6,6,6,6,6,6,6,6,6,6,0,0,0,0,0,0,0,0,0
1350,data/aihub_traffic/test/images/d_validation_1920_1080_daylight_2/14932913.jpg,9,1,1,1,1,1,1,1,1,1,1,1,1,1,1,1,1,1,1,1,1,1,1,1,1,1,1,1,1,1,1,1,1,1,1,1,1,0,0,0,0,0,0,0,0,0
1351,data/aihub_traffic/test/images/d_validation_1920_1080_daylight_2/14932919.jpg,2,2,2,1,2,2,1,2,2,1,2,2,1,2,2,1,2,2,1,2,2,1,2,2,1,2,2,1,2,2,1,2,2,1,2,2,1,0,0,0,0,0,0,0,0,0
1352,data/aihub_traffic/test/images/d_validation_1920_1080_daylight_2/14940430.jpg,7,4,3,3,4,3,3,4,3,3,4,3,3,4,3,3,4,3,3,6,5,4,6,5,4,6,5,4,6,5,4,6,5,4,6,5,4,0,0,0,0,0,0,0,0,0
1353,data/aihub_traffic/test/images/d_validation_1920_1080_daylight_2/14940612.jpg,5,6,4,3,6,4,3,6,4,3,6,4,3,6,4,3,6,4,3,6,4,3,6,4,3,6,4,3,6,4,3,6,4,3,6,4,3,0,0,0,0,0,0,0,0,0
1354,data/aihub_traffic/test/images/d_validation_1920_1080_daylight_2/14940618.jpg,6,5,4,4,5,4,4,5,4,4,5,4,4,5,4,4,5,4,4,5,4,4,5,4,4,5,4,4,5,4,4,5,4,4,5,4,4,0,0,0,0,0,0,0,0,0
1355,data/aihub_traffic/test/images/d_validation_1920_1080_daylight_2/14940624.jpg,2,2,2,2,2,2,2,2,2,2,2,2,2,2,2,2,2,2,2,2,2,2,2,2,2,2,2,2,2,2,2,2,2,2,2,2,2,0,0,0,0,0,0,0,0,0
1356,data/aihub_traffic/test/images/d_validation_1920_1080_daylight_2/14940631.jpg,0,0,0,0,0,0,0,0,0,0,0,0,0,0,0,0,0,0,0,0,0,0,0,0,0,0,0,0,0,0,0,0,0,0,0,0,0,0,0,0,0,0,0,0,0,0
1357,data/aihub_traffic/test/images/d_validation_1920_1080_daylight_2/14940637.jpg,5,4,4,4,4,4,4,4,4,4,4,4,4,4,4,4,4,4,4,4,4,4,4,4,4,4,4,4,4,4,4,4,4,4,4,4,4,0,0,0,0,0,0,0,0,0
1358,data/aihub_traffic/test/images/d_validation_1920_1080_daylight_2/14940654.jpg,1,1,1,1,1,1,1,1,1,1,1,1,1,1,1,1,1,1,1,1,1,1,1,1,1,1,1,1,1,1,1,1,1,1,1,1,1,0,0,0,0,0,0,0,0,0
1359,data/aihub_traffic/test/images/d_validation_1920_1080_daylight_2/14940661.jpg,4,3,3,3,3,3,3,3,3,3,3,3,3,3,3,3,3,3,3,3,3,3,3,3,3,3,3,3,3,3,3,3,3,3,3,3,3,0,0,0,0,0,0,0,0,0
1360,data/aihub_traffic/test/images/d_validation_1920_1080_daylight_2/14941037.jpg,3,1,1,1,1,1,1,1,1,1,1,1,1,1,1,1,1,1,1,2,1,1,2,1,1,2,1,1,2,1,1,2,1,1,2,1,1,0,0,0,0,0,0,0,0,0
1361,data/aihub_traffic/test/images/d_validation_1920_1080_daylight_2/14941043.jpg,3,1,0,0,1,0,0,1,0,0,1,0,0,1,0,0,1,0,0,1,0,0,1,0,0,1,0,0,1,0,0,1,0,0,1,0,0,0,0,0,0,0,0,0,0,0
1362,data/aihub_traffic/test/images/d_validation_1920_1080_daylight_2/14941049.jpg,3,3,3,3,3,3,3,3,3,3,3,3,3,3,3,3,3,3,3,3,3,3,3,3,3,3,3,3,3,3,3,3,3,3,3,3,3,0,0,0,0,0,0,0,0,0
1363,data/aihub_traffic/test/images/d_validation_1920_1080_daylight_2/14941056.jpg,4,6,3,3,6,3,3,6,3,3,6,3,3,6,3,3,6,3,3,6,3,3,6,3,3,6,3,3,6,3,3,6,3,3,6,3,3,0,0,0,0,0,0,0,0,0
1364,data/aihub_traffic/test/images/d_validation_1920_1080_daylight_2/14941062.jpg,4,6,4,4,6,4,4,6,4,4,6,4,4,6,4,4,6,4,4,7,4,4,7,4,4,7,4,4,7,4,4,7,4,4,7,4,4,0,0,0,0,0,0,0,0,0
1365,data/aihub_traffic/test/images/d_validation_1920_1080_daylight_2/14941687.jpg,6,7,5,3,7,5,3,7,5,3,7,5,3,7,5,3,7,5,3,8,5,4,8,5,4,8,5,3,8,5,4,8,5,4,8,5,3,0,0,0,0,0,0,0,0,0
1366,data/aihub_traffic/test/images/d_validation_1920_1080_daylight_2/14941693.jpg,6,7,5,4,7,5,4,7,5,4,7,5,4,7,5,4,7,5,4,8,5,5,8,5,5,8,5,5,8,5,5,8,5,5,8,5,5,0,0,0,0,0,0,0,0,0
1367,data/aihub_traffic/test/images/d_validation_1920_1080_daylight_2/14941700.jpg,5,4,3,1,4,3,1,4,3,1,4,3,1,4,3,1,4,3,1,5,4,1,5,4,1,5,4,1,5,4,1,5,4,1,5,4,1,0,0,0,0,0,0,0,0,0
1368,data/aihub_traffic/test/images/d_validation_1920_1080_daylight_2/14949842.jpg,4,5,3,3,5,3,3,5,3,3,5,3,3,5,3,3,5,3,3,6,3,3,6,3,3,6,3,3,6,3,3,6,3,3,6,3,3,0,0,0,0,0,0,0,0,0
1369,data/aihub_traffic/test/images/d_validation_1920_1080_daylight_2/14949849.jpg,3,4,3,3,4,3,3,4,3,3,4,3,3,4,3,3,4,3,3,6,3,3,6,3,3,6,3,3,6,3,3,6,3,3,6,3,3,0,0,0,0,0,0,0,0,0
1370,data/aihub_traffic/test/images/d_validation_1920_1080_daylight_2/14949856.jpg,4,3,2,2,3,2,2,3,2,2,3,2,2,3,2,2,3,2,2,3,2,2,3,2,2,3,2,2,3,2,2,3,2,2,3,2,2,0,0,0,0,0,0,0,0,0
1371,data/aihub_traffic/test/images/d_validation_1920_1080_daylight_2/14950132.jpg,6,2,2,2,2,2,2,2,2,2,2,2,2,2,2,2,2,2,2,2,2,2,2,2,2,2,2,2,2,2,2,2,2,2,2,2,2,0,0,0,0,0,0,0,0,0
1372,data/aihub_traffic/test/images/d_validation_1920_1080_daylight_2/14950138.jpg,5,1,1,1,1,1,1,1,1,1,1,1,1,1,1,1,1,1,1,1,1,1,1,1,1,1,1,1,1,1,1,1,1,1,1,1,1,0,0,0,0,0,0,0,0,0
1373,data/aihub_traffic/test/images/d_validation_1920_1080_daylight_2/14950144.jpg,6,2,1,1,2,1,1,2,1,1,2,1,1,2,1,1,2,1,1,2,1,1,2,1,1,2,1,1,2,1,1,2,1,1,2,1,1,0,0,0,0,0,0,0,0,0
1374,data/aihub_traffic/test/images/d_validation_1920_1080_daylight_2/14950150.jpg,8,5,5,3,5,5,3,5,5,3,5,5,3,5,5,3,5,5,3,5,5,3,5,5,3,5,5,3,5,5,3,5,5,3,5,5,3,0,0,0,0,0,0,0,0,0
1375,data/aihub_traffic/test/images/d_validation_1920_1080_daylight_2/14950156.jpg,7,1,0,0,1,0,0,1,0,0,1,0,0,1,0,0,1,0,0,1,0,0,1,0,0,1,0,0,1,0,0,1,0,0,1,0,0,0,0,0,0,0,0,0,0,0
1376,data/aihub_traffic/test/images/d_validation_1920_1080_daylight_2/14950165.jpg,3,2,1,1,2,1,1,2,1,1,2,1,1,2,1,1,2,1,1,2,1,1,2,1,1,2,1,1,2,1,1,2,1,1,2,1,1,0,0,0,0,0,0,0,0,0
1377,data/aihub_traffic/test/images/d_validation_1920_1080_daylight_2/14950171.jpg,1,4,1,1,4,1,1,4,1,1,4,1,1,4,1,1,4,1,1,4,1,1,4,1,1,4,1,1,4,1,1,4,1,1,4,1,1,0,0,0,0,0,0,0,0,0
1378,data/aihub_traffic/test/images/d_validation_1920_1080_daylight_2/14950178.jpg,4,2,1,1,2,1,1,2,1,1,2,1,1,2,1,1,2,1,1,2,1,1,2,1,1,2,1,1,2,1,1,2,1,1,2,1,1,0,0,0,0,0,0,0,0,0
1379,data/aihub_traffic/test/images/d_validation_1920_1080_daylight_2/14950184.jpg,4,5,2,2,5,2,2,5,2,2,5,2,2,5,2,2,5,2,2,5,2,2,5,2,2,5,2,2,5,2,2,5,2,2,5,2,2,0,0,0,0,0,0,0,0,0
1380,data/aihub_traffic/test/images/d_validation_1920_1080_daylight_2/14950190.jpg,4,3,3,2,3,3,2,3,3,2,3,3,2,3,3,2,3,3,2,3,3,1,3,3,1,3,3,1,3,3,1,3,3,1,3,3,1,0,0,0,0,0,0,0,0,0
1381,data/aihub_traffic/test/images/d_validation_1920_1080_daylight_2/14950196.jpg,4,4,4,4,4,4,4,4,4,4,4,4,4,4,4,4,4,4,4,4,4,4,4,4,4,4,4,4,4,4,4,4,4,4,4,4,4,0,0,0,0,0,0,0,0,0
1382,data/aihub_traffic/test/images/d_validation_1920_1080_daylight_2/14950202.jpg,7,7,5,5,7,5,5,7,5,5,7,5,5,7,5,5,7,5,5,7,5,4,7,5,4,7,5,4,7,5,5,7,5,5,7,5,5,0,0,0,0,0,0,0,0,0
1383,data/aihub_traffic/test/images/d_validation_1920_1080_daylight_2/14950208.jpg,1,3,1,1,3,1,1,3,1,1,3,1,1,3,1,1,3,1,1,3,1,1,3,1,1,3,1,1,3,1,1,3,1,1,3,1,1,0,0,0,0,0,0,0,0,0
1384,data/aihub_traffic/test/images/d_validation_1920_1080_daylight_2/14962894.jpg,5,3,3,3,3,3,3,3,3,3,3,3,3,3,3,3,3,3,3,3,3,3,3,3,3,3,3,3,3,3,3,3,3,3,3,3,3,0,0,0,0,0,0,0,0,0
1385,data/aihub_traffic/test/images/d_validation_1920_1080_daylight_2/14962901.jpg,3,2,2,2,2,2,2,2,2,2,2,2,2,2,2,2,2,2,2,3,2,2,3,2,2,3,2,2,3,2,2,3,2,2,3,2,2,0,0,0,0,0,0,0,0,0
1386,data/aihub_traffic/test/images/d_validation_1920_1080_daylight_2/14963030.jpg,3,0,0,0,0,0,0,0,0,0,0,0,0,0,0,0,0,0,0,0,0,0,0,0,0,0,0,0,0,0,0,0,0,0,0,0,0,0,0,0,0,0,0,0,0,0
1387,data/aihub_traffic/test/images/d_validation_1920_1080_daylight_2/14963959.jpg,4,2,2,2,2,2,2,2,2,2,2,2,2,2,2,2,2,2,2,2,2,2,2,2,2,2,2,2,2,2,2,2,2,2,2,2,2,0,0,0,0,0,0,0,0,0
1388,data/aihub_traffic/test/images/d_validation_1920_1080_daylight_2/14963965.jpg,2,0,0,0,0,0,0,0,0,0,0,0,0,0,0,0,0,0,0,0,0,0,0,0,0,0,0,0,0,0,0,0,0,0,0,0,0,0,0,0,0,0,0,0,0,0
1389,data/aihub_traffic/test/images/d_validation_1920_1080_daylight_2/14963971.jpg,3,1,1,1,1,1,1,1,1,1,1,1,1,1,1,1,1,1,1,1,1,1,1,1,1,1,1,1,1,1,1,1,1,1,1,1,1,0,0,0,0,0,0,0,0,0
1390,data/aihub_traffic/test/images/d_validation_1920_1080_daylight_2/14964066.jpg,6,2,2,2,2,2,2,2,2,2,2,2,2,2,2,2,2,2,2,2,2,2,2,2,2,2,2,2,2,2,2,2,2,2,2,2,2,0,0,0,0,0,0,0,0,0
1391,data/aihub_traffic/test/images/d_validation_1920_1080_daylight_2/14964123.jpg,0,1,0,0,1,0,0,1,0,0,1,0,0,1,0,0,1,0,0,0,0,0,0,0,0,0,0,0,0,0,0,0,0,0,0,0,0,0,0,0,0,0,0,0,0,0
1392,data/aihub_traffic/test/images/d_validation_1920_1080_daylight_2/14965762.jpg,7,5,5,5,5,5,5,5,5,5,5,5,5,5,5,5,5,5,5,5,5,5,5,5,5,5,5,5,5,5,5,5,5,5,5,5,5,0,0,0,0,0,0,0,0,0
1393,data/aihub_traffic/test/images/d_validation_1920_1080_daylight_2/14965768.jpg,2,2,1,1,2,1,1,2,1,1,2,1,1,2,1,1,2,1,1,2,1,1,2,1,1,2,1,1,2,1,1,2,1,1,2,1,1,0,0,0,0,0,0,0,0,0
1394,data/aihub_traffic/test/images/d_validation_1920_1080_daylight_2/14965774.jpg,2,2,1,1,2,1,1,2,1,1,2,1,1,2,1,1,2,1,1,1,1,1,1,1,1,1,1,1,1,1,1,1,1,1,1,1,1,0,0,0,0,0,0,0,0,0
1395,data/aihub_traffic/test/images/d_validation_1920_1080_daylight_2/14965780.jpg,1,1,1,1,1,1,1,1,1,1,1,1,1,1,1,1,1,1,1,1,1,1,1,1,1,1,1,1,1,1,1,1,1,1,1,1,1,0,0,0,0,0,0,0,0,0
1396,data/aihub_traffic/test/images/d_validation_1920_1080_daylight_2/14966992.jpg,0,0,0,0,0,0,0,0,0,0,0,0,0,0,0,0,0,0,0,0,0,0,0,0,0,0,0,0,0,0,0,0,0,0,0,0,0,0,0,0,0,0,0,0,0,0
1397,data/aihub_traffic/test/images/d_validation_1920_1080_daylight_2/14967372.jpg,2,2,2,2,2,2,2,2,2,2,2,2,2,2,2,2,2,2,2,2,2,2,2,2,2,2,2,2,2,2,2,2,2,2,2,2,2,0,0,0,0,0,0,0,0,0
1398,data/aihub_traffic/test/images/d_validation_1920_1080_daylight_2/14968289.jpg,1,1,1,1,1,1,1,1,1,1,1,1,1,1,1,1,1,1,1,1,1,1,1,1,1,1,1,1,1,1,1,1,1,1,1,1,1,0,0,0,0,0,0,0,0,0
1399,data/aihub_traffic/test/images/d_validation_1920_1080_daylight_2/14968295.jpg,1,1,1,1,1,1,1,1,1,1,1,1,1,1,1,1,1,1,1,1,1,1,1,1,1,1,1,1,1,1,1,1,1,1,1,1,1,0,0,0,0,0,0,0,0,0
1400,data/aihub_traffic/test/images/d_validation_1920_1080_daylight_2/14969672.jpg,9,6,4,4,6,4,4,6,4,4,6,4,4,6,4,4,6,4,4,7,5,4,7,5,4,7,5,4,7,5,4,7,5,4,7,5,4,0,0,0,0,0,0,0,0,0
1401,data/aihub_traffic/test/images/d_validation_1920_1080_daylight_2/14969678.jpg,9,7,5,5,7,5,5,7,5,5,7,5,5,7,5,5,7,5,5,7,5,5,7,5,5,7,5,5,7,5,5,7,5,5,7,5,5,0,0,0,0,0,0,0,0,0
1402,data/aihub_traffic/test/images/d_validation_1920_1080_daylight_2/14969684.jpg,5,7,2,2,7,2,2,7,2,2,7,2,2,7,2,2,7,2,2,7,3,3,7,3,3,7,3,3,7,3,3,7,3,3,7,3,3,0,0,0,0,0,0,0,0,0
1403,data/aihub_traffic/test/images/d_validation_1920_1080_daylight_2/14969690.jpg,5,9,3,2,9,3,2,9,3,2,9,3,2,9,3,2,9,3,2,9,4,3,9,4,3,9,4,3,9,4,3,9,4,3,9,4,3,0,0,0,0,0,0,0,0,0
1404,data/aihub_traffic/test/images/d_validation_1920_1080_daylight_2/14970231.jpg,5,9,4,2,9,4,2,9,4,2,9,4,2,9,4,2,9,4,2,9,4,2,9,4,2,9,4,2,9,4,2,9,4,2,9,4,2,0,0,0,0,0,0,0,0,0
1405,data/aihub_traffic/test/images/d_validation_1920_1080_daylight_2/14970322.jpg,5,9,3,3,9,3,3,9,3,3,9,3,3,9,3,3,9,3,3,9,3,2,9,3,2,9,3,2,9,3,2,9,3,2,9,3,2,0,0,0,0,0,0,0,0,0
1406,data/aihub_traffic/test/images/d_validation_1920_1080_daylight_2/14970328.jpg,6,8,4,3,8,4,3,8,4,3,8,4,3,8,4,3,8,4,3,8,4,3,8,4,3,8,4,3,8,4,3,8,4,3,8,4,3,0,0,0,0,0,0,0,0,0
1407,data/aihub_traffic/test/images/d_validation_1920_1080_daylight_2/14970334.jpg,6,6,5,5,6,5,5,6,5,5,6,5,5,6,5,5,6,5,5,6,5,4,6,5,4,6,5,4,6,5,4,6,5,4,6,5,4,0,0,0,0,0,0,0,0,0
1408,data/aihub_traffic/test/images/d_validation_1920_1080_daylight_2/14970340.jpg,6,7,6,6,7,6,6,7,6,6,7,6,6,7,6,6,7,6,6,6,5,4,6,5,4,6,5,4,6,5,4,6,5,4,6,5,4,0,0,0,0,0,0,0,0,0
1409,data/aihub_traffic/test/images/d_validation_1920_1080_daylight_2/14970346.jpg,6,7,6,5,7,6,5,7,6,5,7,6,5,7,6,5,7,6,5,6,5,4,6,5,4,6,5,4,6,5,4,6,5,4,6,5,4,0,0,0,0,0,0,0,0,0
1410,data/aihub_traffic/test/images/d_validation_1920_1080_daylight_2/14970524.jpg,5,6,3,3,6,3,3,6,3,3,6,3,3,6,3,3,6,3,3,7,3,3,7,3,3,7,3,3,7,3,3,7,3,3,7,3,3,0,0,0,0,0,0,0,0,0
1411,data/aihub_traffic/test/images/d_validation_1920_1080_daylight_2/14970530.jpg,7,5,4,3,5,4,3,5,4,4,5,4,3,5,4,3,5,4,3,4,3,3,4,3,3,4,3,3,4,3,3,4,3,3,4,3,3,0,0,0,0,0,0,0,0,0
1412,data/aihub_traffic/test/images/d_validation_1920_1080_daylight_2/14970536.jpg,5,6,4,4,6,4,4,6,4,4,6,4,4,6,4,4,6,4,4,6,4,4,6,4,4,6,4,4,6,4,4,6,4,4,6,4,4,0,0,0,0,0,0,0,0,0
1413,data/aihub_traffic/test/images/d_validation_1920_1080_daylight_2/14970543.jpg,2,1,1,1,1,1,1,1,1,1,1,1,1,1,1,1,1,1,1,1,1,1,1,1,1,1,1,1,1,1,1,1,1,1,1,1,1,0,0,0,0,0,0,0,0,0
1414,data/aihub_traffic/test/images/d_validation_1920_1080_daylight_2/14970549.jpg,7,6,6,6,6,6,6,6,6,6,6,6,6,6,6,6,6,6,6,5,5,5,5,5,5,5,5,5,5,5,5,5,5,5,5,5,5,0,0,0,0,0,0,0,0,0
1415,data/aihub_traffic/test/images/d_validation_1920_1080_daylight_2/14970838.jpg,6,4,3,1,4,3,1,4,3,1,4,3,2,4,3,2,4,3,2,4,2,2,4,2,2,4,2,2,4,2,2,4,2,2,4,2,2,0,0,0,0,0,0,0,0,0
1416,data/aihub_traffic/test/images/d_validation_1920_1080_daylight_2/14970844.jpg,6,5,4,4,5,4,4,5,4,4,5,4,4,5,4,4,5,4,4,5,4,4,5,4,4,5,4,4,5,4,4,5,4,4,5,4,4,0,0,0,0,0,0,0,0,0
1417,data/aihub_traffic/test/images/d_validation_1920_1080_daylight_2/14979707.jpg,4,2,2,2,2,2,2,2,2,2,2,2,2,2,2,2,2,2,2,2,2,2,2,2,2,2,2,2,2,2,2,2,2,2,2,2,2,0,0,0,0,0,0,0,0,0
1418,data/aihub_traffic/test/images/d_validation_1920_1080_daylight_2/14979713.jpg,4,2,2,2,2,2,2,2,2,2,2,2,2,2,2,2,2,2,2,2,2,2,2,2,2,2,2,2,2,2,2,2,2,2,2,2,2,0,0,0,0,0,0,0,0,0
1419,data/aihub_traffic/test/images/d_validation_1920_1080_daylight_2/14979932.jpg,3,4,1,1,4,1,1,4,1,1,4,1,1,4,1,1,4,1,1,4,2,2,4,2,2,4,2,2,4,2,2,4,2,2,4,2,2,0,0,0,0,0,0,0,0,0
1420,data/aihub_traffic/test/images/d_validation_1920_1080_daylight_2/14979938.jpg,3,3,2,2,3,2,2,3,2,2,3,2,2,3,2,2,3,2,2,3,2,2,3,2,2,3,2,2,3,2,2,3,2,2,3,2,2,0,0,0,0,0,0,0,0,0
1421,data/aihub_traffic/test/images/d_validation_1920_1080_daylight_2/14979944.jpg,3,6,2,2,6,2,2,6,2,2,6,2,2,6,2,2,6,2,2,5,1,1,5,1,1,5,1,1,5,1,1,5,1,1,5,1,1,0,0,0,0,0,0,0,0,0
1422,data/aihub_traffic/test/images/d_validation_1920_1080_daylight_2/14979951.jpg,3,2,1,1,2,1,1,2,1,1,2,1,1,2,1,1,2,1,1,2,1,1,2,1,1,2,1,1,2,1,1,2,1,1,2,1,1,0,0,0,0,0,0,0,0,0
1423,data/aihub_traffic/test/images/d_validation_1920_1080_daylight_2/14979960.jpg,4,6,4,4,6,4,4,6,4,4,6,4,4,6,4,4,6,4,4,6,4,4,6,4,4,6,4,4,6,4,4,6,4,4,6,4,4,0,0,0,0,0,0,0,0,0
1424,data/aihub_traffic/test/images/d_validation_1920_1080_daylight_2/14979968.jpg,7,6,6,6,6,6,6,6,6,6,6,6,6,6,6,6,6,6,6,7,6,6,7,6,6,7,6,6,7,6,6,7,6,6,7,6,6,0,0,0,0,0,0,0,0,0
1425,data/aihub_traffic/test/images/d_validation_1920_1080_daylight_2/14979974.jpg,7,5,5,5,5,5,5,5,5,5,5,5,5,5,5,5,5,5,5,5,5,5,5,5,5,5,5,5,5,5,5,5,5,5,5,5,5,0,0,0,0,0,0,0,0,0
1426,data/aihub_traffic/test/images/d_validation_1920_1080_daylight_2/14979981.jpg,4,3,2,1,3,2,1,3,2,1,3,2,1,3,2,1,3,2,1,3,2,1,3,2,1,3,2,1,3,2,1,3,2,1,3,2,1,0,0,0,0,0,0,0,0,0
1427,data/aihub_traffic/test/images/d_validation_1920_1080_daylight_2/14979987.jpg,4,1,0,0,1,0,0,1,0,0,1,0,0,1,0,0,1,0,0,2,1,1,2,1,1,2,1,1,2,1,1,2,1,1,2,1,1,0,0,0,0,0,0,0,0,0
1428,data/aihub_traffic/test/images/d_validation_1920_1080_daylight_2/14980188.jpg,7,2,2,1,2,2,1,2,2,1,2,2,1,2,2,1,2,2,1,3,3,1,3,3,1,3,3,1,3,3,1,3,3,1,3,3,1,0,0,0,0,0,0,0,0,0
1429,data/aihub_traffic/test/images/d_validation_1920_1080_daylight_2/14980194.jpg,6,7,5,4,7,5,4,7,5,4,7,5,4,7,5,4,7,5,4,9,6,4,9,6,4,9,6,4,9,6,4,9,6,4,9,6,4,0,0,0,0,0,0,0,0,0
1430,data/aihub_traffic/test/images/d_validation_1920_1080_daylight_2/14981160.jpg,3,2,2,2,2,2,2,2,2,2,2,2,2,2,2,2,2,2,2,2,2,2,2,2,2,2,2,2,2,2,2,2,2,2,2,2,2,0,0,0,0,0,0,0,0,0
1431,data/aihub_traffic/test/images/d_validation_1920_1080_daylight_2/14981166.jpg,3,1,1,1,1,1,1,1,1,1,1,1,1,1,1,1,1,1,1,1,1,1,1,1,1,1,1,1,1,1,1,1,1,1,1,1,1,0,0,0,0,0,0,0,0,0
1432,data/aihub_traffic/test/images/d_validation_1920_1080_daylight_2/14981172.jpg,4,2,1,1,2,1,1,2,1,1,2,1,1,2,1,1,2,1,1,3,1,1,3,1,1,3,1,1,3,1,1,3,1,1,3,1,1,0,0,0,0,0,0,0,0,0
1433,data/aihub_traffic/test/images/d_validation_1920_1080_daylight_2/15009761.jpg,1,1,1,1,1,1,1,1,1,1,1,1,1,1,1,1,1,1,1,1,1,1,1,1,1,1,1,1,1,1,1,1,1,1,1,1,1,0,0,0,0,0,0,0,0,0
1434,data/aihub_traffic/test/images/d_validation_1920_1080_daylight_2/15009767.jpg,5,1,1,1,1,1,1,1,1,1,1,1,1,1,1,1,1,1,1,1,1,1,1,1,1,1,1,1,1,1,1,1,1,1,1,1,1,0,0,0,0,0,0,0,0,0
1435,data/aihub_traffic/test/images/d_validation_1920_1080_daylight_2/15009773.jpg,2,2,0,0,2,0,0,2,0,0,2,0,0,2,0,0,2,0,0,3,0,0,3,0,0,3,0,0,3,0,0,3,0,0,3,0,0,0,0,0,0,0,0,0,0,0
1436,data/aihub_traffic/test/images/d_validation_1920_1080_daylight_2/15009787.jpg,0,1,0,0,1,0,0,1,0,0,1,0,0,1,0,0,1,0,0,1,0,0,1,0,0,1,0,0,1,0,0,1,0,0,1,0,0,0,0,0,0,0,0,0,0,0
1437,data/aihub_traffic/test/images/d_validation_1920_1080_daylight_2/15009794.jpg,0,0,0,0,0,0,0,0,0,0,0,0,0,0,0,0,0,0,0,0,0,0,0,0,0,0,0,0,0,0,0,0,0,0,0,0,0,0,0,0,0,0,0,0,0,0
1438,data/aihub_traffic/test/images/d_validation_1920_1080_daylight_2/15009800.jpg,2,4,2,2,4,2,2,4,2,2,4,2,2,4,2,2,4,2,2,5,2,2,5,2,2,5,2,2,5,2,2,5,2,2,5,2,2,0,0,0,0,0,0,0,0,0
1439,data/aihub_traffic/test/images/d_validation_1920_1080_daylight_2/15009806.jpg,2,2,1,1,2,1,1,2,1,1,2,1,1,2,1,1,2,1,1,2,2,1,2,2,1,2,2,1,2,2,1,2,2,1,2,2,1,0,0,0,0,0,0,0,0,0
1440,data/aihub_traffic/test/images/d_validation_1920_1080_daylight_2/15009813.jpg,2,2,2,2,2,2,2,2,2,2,2,1,1,2,1,1,2,1,1,2,1,1,2,1,1,2,1,1,2,1,1,2,1,1,2,1,1,0,0,0,0,0,0,0,0,0
1441,data/aihub_traffic/test/images/d_validation_1920_1080_daylight_2/15009856.jpg,4,2,2,2,2,2,2,2,2,2,2,2,2,2,2,2,2,2,2,2,2,2,2,2,2,2,2,2,2,2,2,2,2,2,2,2,2,0,0,0,0,0,0,0,0,0
1442,data/aihub_traffic/test/images/d_validation_1920_1080_daylight_2/15009867.jpg,1,1,0,0,1,0,0,1,0,0,1,0,0,1,0,0,1,0,0,1,0,0,1,0,0,1,0,0,1,0,0,1,0,0,1,0,0,0,0,0,0,0,0,0,0,0
1443,data/aihub_traffic/test/images/d_validation_1920_1080_daylight_2/15009873.jpg,6,2,1,1,2,1,1,2,1,1,3,2,2,3,2,2,3,2,2,3,2,2,3,2,2,3,2,2,3,2,2,3,2,2,3,2,2,0,0,0,0,0,0,0,0,0
1444,data/aihub_traffic/test/images/d_validation_1920_1080_daylight_2/15009883.jpg,5,5,4,4,5,4,4,5,4,3,5,4,3,5,4,3,5,4,3,5,4,4,5,4,4,5,4,4,5,4,4,5,4,4,5,4,4,0,0,0,0,0,0,0,0,0
1445,data/aihub_traffic/test/images/d_validation_1920_1080_daylight_2/15009890.jpg,3,2,2,2,2,2,2,2,2,2,2,2,2,2,2,2,2,2,2,2,2,2,2,2,2,2,2,2,2,2,2,2,2,2,2,2,2,0,0,0,0,0,0,0,0,0
1446,data/aihub_traffic/test/images/d_validation_1920_1080_daylight_2/15009897.jpg,0,1,0,0,1,0,0,1,0,0,1,0,0,1,0,0,1,0,0,1,0,0,1,0,0,1,0,0,1,0,0,1,0,0,1,0,0,0,0,0,0,0,0,0,0,0
1447,data/aihub_traffic/test/images/d_validation_1920_1080_daylight_2/15009903.jpg,8,6,5,2,6,5,2,6,5,2,6,5,3,6,5,3,6,5,3,6,5,2,6,5,2,6,5,2,6,5,2,6,5,2,6,5,2,0,0,0,0,0,0,0,0,0
1448,data/aihub_traffic/test/images/d_validation_1920_1080_daylight_2/15009909.jpg,3,2,2,2,2,2,2,2,2,2,2,2,2,2,2,2,2,2,2,2,2,2,2,2,2,2,2,2,2,2,2,2,2,2,2,2,2,0,0,0,0,0,0,0,0,0
1449,data/aihub_traffic/test/images/d_validation_1920_1080_daylight_2/15014443.jpg,1,0,0,0,0,0,0,0,0,0,0,0,0,0,0,0,0,0,0,0,0,0,0,0,0,0,0,0,0,0,0,0,0,0,0,0,0,0,0,0,0,0,0,0,0,0
1450,data/aihub_traffic/test/images/d_validation_1920_1080_daylight_2/15014449.jpg,1,1,0,0,1,0,0,1,0,0,1,0,0,1,0,0,1,0,0,1,0,0,1,0,0,1,0,0,1,0,0,1,0,0,1,0,0,0,0,0,0,0,0,0,0,0
1451,data/aihub_traffic/test/images/d_validation_1920_1080_daylight_2/15014456.jpg,2,2,2,1,2,2,1,2,2,1,2,2,1,2,2,1,2,2,1,2,2,1,2,2,1,2,2,1,2,2,1,2,2,1,2,2,1,0,0,0,0,0,0,0,0,0
1452,data/aihub_traffic/test/images/d_validation_1920_1080_daylight_2/15014463.jpg,1,3,1,1,3,1,1,3,1,1,3,1,1,3,1,1,3,1,1,2,1,1,2,1,1,2,1,1,2,1,1,2,1,1,2,1,1,0,0,0,0,0,0,0,0,0
1453,data/aihub_traffic/test/images/d_validation_1920_1080_daylight_2/15014469.jpg,4,2,1,1,2,1,1,2,1,1,2,1,1,2,1,1,2,1,1,2,1,1,2,1,1,2,1,1,2,1,1,2,1,1,2,1,1,0,0,0,0,0,0,0,0,0
1454,data/aihub_traffic/test/images/d_validation_1920_1080_daylight_2/15014475.jpg,4,4,4,4,4,4,4,4,4,4,4,4,4,4,4,4,4,4,4,4,4,4,4,4,4,4,4,4,4,4,4,4,4,4,4,4,4,0,0,0,0,0,0,0,0,0
1455,data/aihub_traffic/test/images/d_validation_1920_1080_daylight_2/15014482.jpg,1,0,0,0,0,0,0,0,0,0,0,0,0,0,0,0,0,0,0,0,0,0,0,0,0,0,0,0,0,0,0,0,0,0,0,0,0,0,0,0,0,0,0,0,0,0
1456,data/aihub_traffic/test/images/d_validation_1920_1080_daylight_2/15014489.jpg,1,2,1,1,2,1,1,2,1,1,2,1,1,2,1,1,2,1,1,2,1,1,2,1,1,2,1,1,2,1,1,2,1,1,2,1,1,0,0,0,0,0,0,0,0,0
1457,data/aihub_traffic/test/images/d_validation_1920_1080_daylight_2/15014495.jpg,5,1,1,1,1,1,1,1,1,1,1,1,1,1,1,1,1,1,1,1,1,1,1,1,1,1,1,1,1,1,1,1,1,1,1,1,1,0,0,0,0,0,0,0,0,0
1458,data/aihub_traffic/test/images/d_validation_1920_1080_daylight_2/15014501.jpg,6,5,4,4,5,4,4,5,4,4,5,4,4,5,4,4,5,4,4,5,4,4,5,4,4,5,4,4,5,4,4,5,4,4,5,4,4,0,0,0,0,0,0,0,0,0
1459,data/aihub_traffic/test/images/d_validation_1920_1080_daylight_2/15014514.jpg,0,1,0,0,1,0,0,1,0,0,1,0,0,1,0,0,1,0,0,0,0,0,0,0,0,0,0,0,0,0,0,0,0,0,0,0,0,0,0,0,0,0,0,0,0,0
1460,data/aihub_traffic/test/images/d_validation_1920_1080_daylight_2/15014520.jpg,4,0,0,0,0,0,0,0,0,0,0,0,0,0,0,0,0,0,0,1,1,1,1,1,1,1,1,1,1,1,1,1,1,1,1,1,1,0,0,0,0,0,0,0,0,0
1461,data/aihub_traffic/test/images/d_validation_1920_1080_daylight_2/15014528.jpg,10,9,8,6,9,8,6,9,8,6,9,8,6,9,8,6,9,8,6,9,8,6,9,8,6,9,8,6,9,8,6,9,8,6,9,8,6,0,0,0,0,0,0,0,0,0
1462,data/aihub_traffic/test/images/d_validation_1920_1080_daylight_2/15014534.jpg,1,1,1,1,1,1,1,1,1,1,1,1,1,1,1,1,1,1,1,1,1,1,1,1,1,1,1,1,1,1,1,1,1,1,1,1,1,0,0,0,0,0,0,0,0,0
1463,data/aihub_traffic/test/images/d_validation_1920_1080_daylight_2/15014541.jpg,3,5,3,3,5,3,3,5,3,3,5,3,3,5,3,3,5,3,3,4,3,3,4,3,3,4,3,3,4,3,3,4,3,3,4,3,3,0,0,0,0,0,0,0,0,0
1464,data/aihub_traffic/test/images/d_validation_1920_1080_daylight_2/15042345.jpg,2,2,1,1,2,1,1,2,1,1,2,1,1,2,1,1,2,1,1,1,1,1,1,1,1,1,1,1,1,1,1,1,1,1,1,1,1,0,0,0,0,0,0,0,0,0
1465,data/aihub_traffic/test/images/d_validation_1920_1080_daylight_2/15042351.jpg,2,2,2,2,2,2,2,2,2,2,2,2,2,2,2,2,2,2,2,2,2,2,2,2,2,2,2,2,2,2,2,2,2,2,2,2,2,0,0,0,0,0,0,0,0,0
1466,data/aihub_traffic/test/images/d_validation_1920_1080_daylight_2/15042418.jpg,1,1,1,1,1,1,1,1,1,1,1,1,1,1,1,1,1,1,1,1,1,1,1,1,1,1,1,1,1,1,1,1,1,1,1,1,1,0,0,0,0,0,0,0,0,0
1467,data/aihub_traffic/test/images/d_validation_1920_1080_daylight_2/15042425.jpg,4,4,3,3,4,3,3,4,3,3,4,4,4,4,4,4,4,4,4,4,4,4,4,4,4,4,4,4,4,4,4,4,4,4,4,4,4,0,0,0,0,0,0,0,0,0
1468,data/aihub_traffic/test/images/d_validation_1920_1080_daylight_2/15042431.jpg,6,6,6,4,6,6,4,6,6,4,6,6,4,6,6,4,6,6,4,6,6,4,6,6,4,6,6,4,6,6,4,6,6,4,6,6,4,0,0,0,0,0,0,0,0,0
1469,data/aihub_traffic/test/images/d_validation_1920_1080_daylight_2/15042437.jpg,2,1,1,0,1,1,0,1,1,0,1,1,0,1,1,0,1,1,0,1,1,0,1,1,0,1,1,0,1,1,0,1,1,0,1,1,0,0,0,0,0,0,0,0,0,0
1470,data/aihub_traffic/test/images/d_validation_1920_1080_daylight_2/15042445.jpg,1,1,1,1,1,1,1,1,1,1,1,1,1,1,1,1,1,1,1,1,1,1,1,1,1,1,1,1,1,1,1,1,1,1,1,1,1,0,0,0,0,0,0,0,0,0
1471,data/aihub_traffic/test/images/d_validation_1920_1080_daylight_2/15042451.jpg,3,3,2,2,3,2,2,3,2,2,3,2,2,3,2,2,3,2,2,3,2,2,3,2,2,3,2,2,3,2,2,3,2,2,3,2,2,0,0,0,0,0,0,0,0,0
1472,data/aihub_traffic/test/images/d_validation_1920_1080_daylight_2/15042457.jpg,1,0,0,0,0,0,0,0,0,0,0,0,0,0,0,0,0,0,0,0,0,0,0,0,0,0,0,0,0,0,0,0,0,0,0,0,0,0,0,0,0,0,0,0,0,0
1473,data/aihub_traffic/test/images/d_validation_1920_1080_daylight_2/15042463.jpg,4,0,0,0,0,0,0,0,0,0,0,0,0,0,0,0,0,0,0,0,0,0,0,0,0,0,0,0,0,0,0,0,0,0,0,0,0,0,0,0,0,0,0,0,0,0
1474,data/aihub_traffic/test/images/d_validation_1920_1080_daylight_2/15042469.jpg,2,1,1,1,1,1,1,1,1,1,1,1,1,1,1,1,1,1,1,1,1,1,1,1,1,1,1,1,1,1,1,1,1,1,1,1,1,0,0,0,0,0,0,0,0,0
1475,data/aihub_traffic/test/images/d_validation_1920_1080_daylight_2/15042499.jpg,3,2,2,2,2,2,2,2,2,2,2,2,2,2,2,2,2,2,2,1,1,1,1,1,1,1,1,1,1,1,1,1,1,1,1,1,1,0,0,0,0,0,0,0,0,0
1476,data/aihub_traffic/test/images/d_validation_1920_1080_daylight_2/15042505.jpg,2,2,2,2,2,2,2,2,2,2,2,2,2,2,2,2,2,2,2,2,2,2,2,2,2,2,2,2,2,2,2,2,2,2,2,2,2,0,0,0,0,0,0,0,0,0
1477,data/aihub_traffic/test/images/d_validation_1920_1080_daylight_2/15042511.jpg,0,0,0,0,0,0,0,0,0,0,0,0,0,0,0,0,0,0,0,0,0,0,0,0,0,0,0,0,0,0,0,0,0,0,0,0,0,0,0,0,0,0,0,0,0,0
1478,data/aihub_traffic/test/images/d_validation_1920_1080_daylight_2/15042517.jpg,2,1,0,0,1,0,0,1,0,0,1,0,0,1,0,0,1,0,0,2,0,0,2,0,0,2,0,0,2,0,0,2,0,0,2,0,0,0,0,0,0,0,0,0,0,0
1479,data/aihub_traffic/test/images/d_validation_1920_1080_daylight_2/15042523.jpg,4,4,3,3,4,3,3,4,3,3,4,3,3,4,3,3,4,3,3,4,3,3,4,3,3,4,3,3,4,3,3,4,3,3,4,3,3,0,0,0,0,0,0,0,0,0
1480,data/aihub_traffic/test/images/d_validation_1920_1080_daylight_2/15052569.jpg,2,2,2,2,2,2,2,2,2,2,2,2,2,2,2,2,2,2,2,3,2,2,3,2,2,3,2,2,3,2,2,3,2,2,3,2,2,0,0,0,0,0,0,0,0,0
1481,data/aihub_traffic/test/images/d_validation_1920_1080_daylight_2/15052576.jpg,4,2,2,0,2,2,0,2,2,0,2,2,0,2,2,0,2,2,0,1,1,0,1,1,0,1,1,0,1,1,0,1,1,0,1,1,0,0,0,0,0,0,0,0,0,0
1482,data/aihub_traffic/test/images/d_validation_1920_1080_daylight_2/15052583.jpg,9,7,7,6,7,7,6,7,7,6,7,7,6,7,7,6,7,7,6,7,7,6,7,7,6,7,7,6,7,7,6,7,7,6,7,7,6,0,0,0,0,0,0,0,0,0
1483,data/aihub_traffic/test/images/d_validation_1920_1080_daylight_2/15052589.jpg,4,4,4,3,4,4,3,4,4,3,4,4,3,4,4,3,4,4,3,4,4,3,4,4,3,4,4,3,4,4,3,4,4,3,4,4,3,0,0,0,0,0,0,0,0,0
1484,data/aihub_traffic/test/images/d_validation_1920_1080_daylight_2/15052596.jpg,3,1,1,1,1,1,1,1,1,1,1,1,1,1,1,1,1,1,1,1,1,1,1,1,1,1,1,1,1,1,1,1,1,1,1,1,1,0,0,0,0,0,0,0,0,0
1485,data/aihub_traffic/test/images/d_validation_1920_1080_daylight_2/15052602.jpg,2,2,2,1,2,2,1,2,2,1,2,2,1,2,2,1,2,2,1,2,2,1,2,2,1,2,2,1,2,2,1,2,2,1,2,2,1,0,0,0,0,0,0,0,0,0
1486,data/aihub_traffic/test/images/d_validation_1920_1080_daylight_2/15052608.jpg,1,1,1,1,1,1,1,1,1,1,1,1,1,1,1,1,1,1,1,0,0,0,0,0,0,0,0,0,0,0,0,0,0,0,0,0,0,0,0,0,0,0,0,0,0,0
1487,data/aihub_traffic/test/images/d_validation_1920_1080_daylight_2/15052614.jpg,2,2,2,2,2,2,2,2,2,2,2,2,2,2,2,2,2,2,2,2,2,2,2,2,2,2,2,2,2,2,2,2,2,2,2,2,2,0,0,0,0,0,0,0,0,0
1488,data/aihub_traffic/test/images/d_validation_1920_1080_daylight_2/15052624.jpg,0,0,0,0,0,0,0,0,0,0,0,0,0,0,0,0,0,0,0,0,0,0,0,0,0,0,0,0,0,0,0,0,0,0,0,0,0,0,0,0,0,0,0,0,0,0
1489,data/aihub_traffic/test/images/d_validation_1920_1080_daylight_2/15052630.jpg,1,0,0,0,0,0,0,0,0,0,0,0,0,0,0,0,0,0,0,0,0,0,0,0,0,0,0,0,0,0,0,0,0,0,0,0,0,0,0,0,0,0,0,0,0,0
1490,data/aihub_traffic/test/images/d_validation_1920_1080_daylight_2/15052636.jpg,1,0,0,0,0,0,0,0,0,0,0,0,0,0,0,0,0,0,0,0,0,0,0,0,0,0,0,0,0,0,0,0,0,0,0,0,0,0,0,0,0,0,0,0,0,0
1491,data/aihub_traffic/test/images/d_validation_1920_1080_daylight_2/15052643.jpg,1,0,0,0,0,0,0,0,0,0,0,0,0,0,0,0,0,0,0,0,0,0,0,0,0,0,0,0,0,0,0,0,0,0,0,0,0,0,0,0,0,0,0,0,0,0
1492,data/aihub_traffic/test/images/d_validation_1920_1080_daylight_2/15052968.jpg,2,0,0,0,0,0,0,0,0,0,0,0,0,0,0,0,0,0,0,0,0,0,0,0,0,0,0,0,0,0,0,0,0,0,0,0,0,0,0,0,0,0,0,0,0,0
1493,data/aihub_traffic/test/images/d_validation_1920_1080_daylight_2/15052974.jpg,2,2,2,2,2,2,2,2,2,2,2,2,2,2,2,2,2,2,2,1,1,1,1,1,1,1,1,1,1,1,1,1,1,1,1,1,1,0,0,0,0,0,0,0,0,0
1494,data/aihub_traffic/test/images/d_validation_1920_1080_daylight_2/15052980.jpg,0,0,0,0,0,0,0,0,0,0,0,0,0,0,0,0,0,0,0,0,0,0,0,0,0,0,0,0,0,0,0,0,0,0,0,0,0,0,0,0,0,0,0,0,0,0
1495,data/aihub_traffic/test/images/d_validation_1920_1080_daylight_2/15052986.jpg,4,2,2,2,2,2,2,2,2,2,2,2,2,2,2,2,2,2,2,2,2,2,2,2,2,2,2,2,2,2,2,2,2,2,2,2,2,0,0,0,0,0,0,0,0,0
1496,data/aihub_traffic/test/images/d_validation_1920_1080_daylight_2/15058559.jpg,0,0,0,0,0,0,0,0,0,0,0,0,0,0,0,0,0,0,0,0,0,0,0,0,0,0,0,0,0,0,0,0,0,0,0,0,0,0,0,0,0,0,0,0,0,0
1497,data/aihub_traffic/test/images/d_validation_1920_1080_daylight_2/15058565.jpg,0,0,0,0,0,0,0,0,0,0,0,0,0,0,0,0,0,0,0,0,0,0,0,0,0,0,0,0,0,0,0,0,0,0,0,0,0,0,0,0,0,0,0,0,0,0
1498,data/aihub_traffic/test/images/d_validation_1920_1080_daylight_2/15058962.jpg,0,0,0,0,0,0,0,0,0,0,0,0,0,0,0,0,0,0,0,0,0,0,0,0,0,0,0,0,0,0,0,0,0,0,0,0,0,0,0,0,0,0,0,0,0,0
1499,data/aihub_traffic/test/images/d_validation_1920_1080_daylight_2/15058973.jpg,1,2,1,1,2,1,1,2,1,1,2,1,1,2,1,1,2,1,1,1,1,1,1,1,1,1,1,1,1,1,1,1,1,1,1,1,1,0,0,0,0,0,0,0,0,0
1500,data/aihub_traffic/test/images/d_validation_1920_1080_daylight_2/15058988.jpg,1,0,0,0,0,0,0,0,0,0,0,0,0,0,0,0,0,0,0,0,0,0,0,0,0,0,0,0,0,0,0,0,0,0,0,0,0,0,0,0,0,0,0,0,0,0
1501,data/aihub_traffic/test/images/d_validation_1920_1080_daylight_2/15059098.jpg,2,2,2,2,2,2,2,2,2,2,2,2,2,2,2,2,2,2,2,1,1,1,1,1,1,1,1,1,1,1,1,1,1,1,1,1,1,0,0,0,0,0,0,0,0,0
1502,data/aihub_traffic/test/images/d_validation_1920_1080_daylight_2/15059104.jpg,0,0,0,0,0,0,0,0,0,0,0,0,0,0,0,0,0,0,0,0,0,0,0,0,0,0,0,0,0,0,0,0,0,0,0,0,0,0,0,0,0,0,0,0,0,0
1503,data/aihub_traffic/test/images/d_validation_1920_1080_daylight_2/15059110.jpg,0,0,0,0,0,0,0,0,0,0,0,0,0,0,0,0,0,0,0,0,0,0,0,0,0,0,0,0,0,0,0,0,0,0,0,0,0,0,0,0,0,0,0,0,0,0
1504,data/aihub_traffic/test/images/d_validation_1920_1080_daylight_2/15059116.jpg,3,3,0,0,3,0,0,3,0,0,3,0,0,3,0,0,3,0,0,3,0,0,3,0,0,3,0,0,3,0,0,3,0,0,3,0,0,0,0,0,0,0,0,0,0,0
1505,data/aihub_traffic/test/images/d_validation_1920_1080_daylight_2/15059264.jpg,1,2,1,1,2,1,1,2,1,1,2,1,1,2,1,1,2,1,1,2,1,1,2,1,1,2,1,1,2,1,1,2,1,1,2,1,1,0,0,0,0,0,0,0,0,0
1506,data/aihub_traffic/test/images/d_validation_1920_1080_daylight_2/15059270.jpg,1,1,1,1,1,1,1,1,1,1,1,1,1,1,1,1,1,1,1,1,1,1,1,1,1,1,1,1,1,1,1,1,1,1,1,1,1,0,0,0,0,0,0,0,0,0
1507,data/aihub_traffic/test/images/d_validation_1920_1080_daylight_2/15059276.jpg,2,2,2,2,2,2,2,2,2,2,2,2,2,2,2,2,2,2,2,1,1,1,1,1,1,1,1,1,1,1,1,1,1,1,1,1,1,0,0,0,0,0,0,0,0,0
1508,data/aihub_traffic/test/images/d_validation_1920_1080_daylight_2/15059282.jpg,3,1,0,0,1,0,0,1,0,0,1,0,0,1,0,0,1,0,0,1,0,0,1,0,0,1,0,0,1,0,0,1,0,0,1,0,0,0,0,0,0,0,0,0,0,0
1509,data/aihub_traffic/test/images/d_validation_1920_1080_daylight_2/15059288.jpg,5,5,5,5,5,5,5,5,5,4,5,5,4,5,5,4,5,5,5,6,5,5,6,5,5,6,5,4,6,5,5,6,5,5,6,5,4,0,0,0,0,0,0,0,0,0
1510,data/aihub_traffic/test/images/d_validation_1920_1080_daylight_2/15059589.jpg,1,1,0,0,1,0,0,1,0,0,1,0,0,1,0,0,1,0,0,1,0,0,1,0,0,1,0,0,1,0,0,1,0,0,1,0,0,0,0,0,0,0,0,0,0,0
1511,data/aihub_traffic/test/images/d_validation_1920_1080_daylight_2/15059596.jpg,1,2,1,1,2,1,1,2,1,1,2,1,1,2,1,1,2,1,1,2,1,1,2,1,1,2,1,1,2,1,1,2,1,1,2,1,1,0,0,0,0,0,0,0,0,0
1512,data/aihub_traffic/test/images/d_validation_1920_1080_daylight_2/15065819.jpg,8,6,5,4,6,5,4,6,5,4,6,5,4,6,5,4,6,5,4,6,5,4,6,5,4,6,5,4,6,5,4,6,5,4,6,5,4,0,0,0,0,0,0,0,0,0
1513,data/aihub_traffic/test/images/d_validation_1920_1080_daylight_2/15065825.jpg,5,1,1,1,1,1,1,1,1,1,1,1,1,1,1,1,1,1,1,1,1,1,1,1,1,1,1,1,1,1,1,1,1,1,1,1,1,0,0,0,0,0,0,0,0,0
1514,data/aihub_traffic/test/images/d_validation_1920_1080_daylight_2/15065832.jpg,1,1,1,1,1,1,1,1,1,1,1,1,1,1,1,1,1,1,1,1,1,1,1,1,1,1,1,1,1,1,1,1,1,1,1,1,1,0,0,0,0,0,0,0,0,0
1515,data/aihub_traffic/test/images/d_validation_1920_1080_daylight_2/15065839.jpg,2,0,0,0,0,0,0,0,0,0,0,0,0,0,0,0,0,0,0,0,0,0,0,0,0,0,0,0,0,0,0,0,0,0,0,0,0,0,0,0,0,0,0,0,0,0
1516,data/aihub_traffic/test/images/d_validation_1920_1080_daylight_2/15066309.jpg,2,2,2,2,2,2,2,2,2,2,2,2,2,2,2,2,2,2,2,2,2,2,2,2,2,2,2,2,2,2,2,2,2,2,2,2,2,0,0,0,0,0,0,0,0,0
1517,data/aihub_traffic/test/images/d_validation_1920_1080_daylight_2/15066315.jpg,3,3,2,2,3,2,2,3,2,1,3,2,2,3,2,2,3,2,1,3,2,2,3,2,2,3,2,1,3,2,2,3,2,2,3,2,1,0,0,0,0,0,0,0,0,0
1518,data/aihub_traffic/test/images/d_validation_1920_1080_daylight_2/15066321.jpg,2,3,2,2,3,2,2,3,2,2,3,2,2,3,2,2,3,2,2,3,2,2,3,2,2,3,2,2,3,2,2,3,2,2,3,2,2,0,0,0,0,0,0,0,0,0
1519,data/aihub_traffic/test/images/d_validation_1920_1080_daylight_2/15066328.jpg,0,0,0,0,0,0,0,0,0,0,0,0,0,0,0,0,0,0,0,0,0,0,0,0,0,0,0,0,0,0,0,0,0,0,0,0,0,0,0,0,0,0,0,0,0,0
1520,data/aihub_traffic/test/images/d_validation_1920_1080_daylight_2/15066334.jpg,0,0,0,0,0,0,0,0,0,0,0,0,0,0,0,0,0,0,0,1,0,0,1,0,0,1,0,0,1,0,0,1,0,0,1,0,0,0,0,0,0,0,0,0,0,0
1521,data/aihub_traffic/test/images/d_validation_1920_1080_daylight_2/15066361.jpg,2,1,1,1,1,1,1,1,1,1,1,1,1,1,1,1,1,1,1,1,1,1,1,1,1,1,1,1,1,1,1,1,1,1,1,1,1,0,0,0,0,0,0,0,0,0
1522,data/aihub_traffic/test/images/d_validation_1920_1080_daylight_2/15066368.jpg,3,3,3,2,3,3,2,3,3,2,3,3,2,3,3,2,3,3,2,3,3,2,3,3,2,3,3,2,3,3,2,3,3,2,3,3,2,0,0,0,0,0,0,0,0,0
1523,data/aihub_traffic/test/images/d_validation_1920_1080_daylight_2/15066374.jpg,0,0,0,0,0,0,0,0,0,0,0,0,0,0,0,0,0,0,0,0,0,0,0,0,0,0,0,0,0,0,0,0,0,0,0,0,0,0,0,0,0,0,0,0,0,0
1524,data/aihub_traffic/test/images/d_validation_1920_1080_daylight_2/15066381.jpg,0,0,0,0,0,0,0,0,0,0,0,0,0,0,0,0,0,0,0,0,0,0,0,0,0,0,0,0,0,0,0,0,0,0,0,0,0,0,0,0,0,0,0,0,0,0
1525,data/aihub_traffic/test/images/d_validation_1920_1080_daylight_2/15067774.jpg,1,1,1,1,1,1,1,1,1,1,1,1,1,1,1,1,1,1,1,1,1,1,1,1,1,1,1,1,1,1,1,1,1,1,1,1,1,0,0,0,0,0,0,0,0,0
1526,data/aihub_traffic/test/images/d_validation_1920_1080_daylight_2/15067780.jpg,2,2,2,1,2,2,1,2,2,1,2,2,1,2,2,1,2,2,1,2,2,1,2,2,1,2,2,1,2,2,1,2,2,1,2,2,1,0,0,0,0,0,0,0,0,0
1527,data/aihub_traffic/test/images/d_validation_1920_1080_daylight_2/15067786.jpg,2,2,2,2,2,2,2,2,2,2,2,2,2,2,2,2,2,2,2,2,2,2,2,2,2,2,2,2,2,2,2,2,2,2,2,2,2,0,0,0,0,0,0,0,0,0
1528,data/aihub_traffic/test/images/d_validation_1920_1080_daylight_2/15070973.jpg,2,2,2,2,2,2,2,2,2,2,2,2,2,2,2,2,2,2,2,2,2,2,2,2,2,2,2,2,2,2,2,2,2,2,2,2,2,0,0,0,0,0,0,0,0,0
1529,data/aihub_traffic/test/images/d_validation_1920_1080_daylight_2/15070979.jpg,0,0,0,0,0,0,0,0,0,0,0,0,0,0,0,0,0,0,0,0,0,0,0,0,0,0,0,0,0,0,0,0,0,0,0,0,0,0,0,0,0,0,0,0,0,0
1530,data/aihub_traffic/test/images/d_validation_1920_1080_daylight_2/15070985.jpg,1,1,1,1,1,1,1,1,1,1,1,1,1,1,1,1,1,1,1,1,1,1,1,1,1,1,1,1,1,1,1,1,1,1,1,1,1,0,0,0,0,0,0,0,0,0
1531,data/aihub_traffic/test/images/d_validation_1920_1080_daylight_2/15070992.jpg,0,0,0,0,0,0,0,0,0,0,0,0,0,0,0,0,0,0,0,0,0,0,0,0,0,0,0,0,0,0,0,0,0,0,0,0,0,0,0,0,0,0,0,0,0,0
1532,data/aihub_traffic/test/images/d_validation_1920_1080_daylight_2/15070999.jpg,0,0,0,0,0,0,0,0,0,0,0,0,0,0,0,0,0,0,0,0,0,0,0,0,0,0,0,0,0,0,0,0,0,0,0,0,0,0,0,0,0,0,0,0,0,0
1533,data/aihub_traffic/test/images/d_validation_1920_1080_daylight_2/15071005.jpg,0,0,0,0,0,0,0,0,0,0,0,0,0,0,0,0,0,0,0,0,0,0,0,0,0,0,0,0,0,0,0,0,0,0,0,0,0,0,0,0,0,0,0,0,0,0
1534,data/aihub_traffic/test/images/d_validation_1920_1080_daylight_2/15071012.jpg,0,0,0,0,0,0,0,0,0,0,0,0,0,0,0,0,0,0,0,0,0,0,0,0,0,0,0,0,0,0,0,0,0,0,0,0,0,0,0,0,0,0,0,0,0,0
1535,data/aihub_traffic/test/images/d_validation_1920_1080_daylight_2/15071045.jpg,0,0,0,0,0,0,0,0,0,0,0,0,0,0,0,0,0,0,0,0,0,0,0,0,0,0,0,0,0,0,0,0,0,0,0,0,0,0,0,0,0,0,0,0,0,0
1536,data/aihub_traffic/test/images/d_validation_1920_1080_daylight_2/15071051.jpg,0,0,0,0,0,0,0,0,0,0,0,0,0,0,0,0,0,0,0,0,0,0,0,0,0,0,0,0,0,0,0,0,0,0,0,0,0,0,0,0,0,0,0,0,0,0
1537,data/aihub_traffic/test/images/d_validation_1920_1080_daylight_2/15071058.jpg,0,0,0,0,0,0,0,0,0,0,0,0,0,0,0,0,0,0,0,0,0,0,0,0,0,0,0,0,0,0,0,0,0,0,0,0,0,0,0,0,0,0,0,0,0,0
1538,data/aihub_traffic/test/images/d_validation_1920_1080_daylight_2/15071066.jpg,0,0,0,0,0,0,0,0,0,0,0,0,0,0,0,0,0,0,0,0,0,0,0,0,0,0,0,0,0,0,0,0,0,0,0,0,0,0,0,0,0,0,0,0,0,0
1539,data/aihub_traffic/test/images/d_validation_1920_1080_daylight_2/15071072.jpg,0,0,0,0,0,0,0,0,0,0,0,0,0,0,0,0,0,0,0,0,0,0,0,0,0,0,0,0,0,0,0,0,0,0,0,0,0,0,0,0,0,0,0,0,0,0
1540,data/aihub_traffic/test/images/d_validation_1920_1080_daylight_2/15071078.jpg,0,0,0,0,0,0,0,0,0,0,0,0,0,0,0,0,0,0,0,0,0,0,0,0,0,0,0,0,0,0,0,0,0,0,0,0,0,0,0,0,0,0,0,0,0,0
1541,data/aihub_traffic/test/images/d_validation_1920_1080_daylight_2/15071085.jpg,0,0,0,0,0,0,0,0,0,0,0,0,0,0,0,0,0,0,0,0,0,0,0,0,0,0,0,0,0,0,0,0,0,0,0,0,0,0,0,0,0,0,0,0,0,0
1542,data/aihub_traffic/test/images/d_validation_1920_1080_daylight_2/15071091.jpg,0,1,0,0,1,0,0,1,0,0,1,0,0,1,0,0,1,0,0,1,0,0,1,0,0,1,0,0,1,0,0,1,0,0,1,0,0,0,0,0,0,0,0,0,0,0
1543,data/aihub_traffic/test/images/d_validation_1920_1080_daylight_2/15071097.jpg,0,0,0,0,0,0,0,0,0,0,0,0,0,0,0,0,0,0,0,0,0,0,0,0,0,0,0,0,0,0,0,0,0,0,0,0,0,0,0,0,0,0,0,0,0,0
1544,data/aihub_traffic/test/images/d_validation_1920_1080_daylight_2/15096712.jpg,6,6,6,6,6,6,6,6,6,6,6,6,6,6,6,6,6,6,6,6,6,6,6,6,6,6,6,6,6,6,6,6,6,6,6,6,6,0,0,0,0,0,0,0,0,0
1545,data/aihub_traffic/test/images/d_validation_1920_1080_daylight_2/15096719.jpg,4,0,0,0,0,0,0,0,0,0,0,0,0,0,0,0,0,0,0,0,0,0,0,0,0,0,0,0,0,0,0,0,0,0,0,0,0,0,0,0,0,0,0,0,0,0
1546,data/aihub_traffic/test/images/d_validation_1920_1080_daylight_2/15096725.jpg,2,0,0,0,0,0,0,0,0,0,0,0,0,0,0,0,0,0,0,0,0,0,0,0,0,0,0,0,0,0,0,0,0,0,0,0,0,0,0,0,0,0,0,0,0,0
1547,data/aihub_traffic/test/images/d_validation_1920_1080_daylight_2/15096825.jpg,1,1,1,1,1,1,1,1,1,1,1,1,1,1,1,1,1,1,1,1,1,1,1,1,1,1,1,1,1,1,1,1,1,1,1,1,1,0,0,0,0,0,0,0,0,0
1548,data/aihub_traffic/test/images/d_validation_1920_1080_daylight_2/15096831.jpg,0,0,0,0,0,0,0,0,0,0,0,0,0,0,0,0,0,0,0,0,0,0,0,0,0,0,0,0,0,0,0,0,0,0,0,0,0,0,0,0,0,0,0,0,0,0
1549,data/aihub_traffic/test/images/d_validation_1920_1080_daylight_2/15096837.jpg,2,0,0,0,0,0,0,0,0,0,0,0,0,0,0,0,0,0,0,0,0,0,0,0,0,0,0,0,0,0,0,0,0,0,0,0,0,0,0,0,0,0,0,0,0,0
1550,data/aihub_traffic/test/images/d_validation_1920_1080_daylight_2/15096843.jpg,2,2,2,0,2,2,0,2,2,0,2,2,0,2,2,0,2,2,0,2,2,1,2,2,1,2,2,1,2,2,1,2,2,1,2,2,1,0,0,0,0,0,0,0,0,0
1551,data/aihub_traffic/test/images/d_validation_1920_1080_daylight_2/15096849.jpg,0,0,0,0,0,0,0,0,0,0,0,0,0,0,0,0,0,0,0,0,0,0,0,0,0,0,0,0,0,0,0,0,0,0,0,0,0,0,0,0,0,0,0,0,0,0
1552,data/aihub_traffic/test/images/d_validation_1920_1080_daylight_2/15097104.jpg,1,0,0,0,0,0,0,0,0,0,0,0,0,0,0,0,0,0,0,0,0,0,0,0,0,0,0,0,0,0,0,0,0,0,0,0,0,0,0,0,0,0,0,0,0,0
1553,data/aihub_traffic/test/images/d_validation_1920_1080_daylight_2/15097110.jpg,1,1,1,1,1,1,1,1,1,1,1,1,1,1,1,1,1,1,1,1,1,1,1,1,1,1,1,1,1,1,1,1,1,1,1,1,1,0,0,0,0,0,0,0,0,0
1554,data/aihub_traffic/test/images/d_validation_1920_1080_daylight_2/15097116.jpg,1,1,1,1,1,1,1,1,1,1,1,1,1,1,1,1,1,1,1,1,1,1,1,1,1,1,1,1,1,1,1,1,1,1,1,1,1,0,0,0,0,0,0,0,0,0
1555,data/aihub_traffic/test/images/d_validation_1920_1080_daylight_2/15097122.jpg,0,0,0,0,0,0,0,0,0,0,0,0,0,0,0,0,0,0,0,0,0,0,0,0,0,0,0,0,0,0,0,0,0,0,0,0,0,0,0,0,0,0,0,0,0,0
1556,data/aihub_traffic/test/images/d_validation_1920_1080_daylight_2/15097128.jpg,3,2,2,1,2,2,1,2,2,1,2,2,1,2,2,1,2,2,1,1,1,1,1,1,1,1,1,1,1,1,1,1,1,1,1,1,1,0,0,0,0,0,0,0,0,0
1557,data/aihub_traffic/test/images/d_validation_1920_1080_daylight_2/15097915.jpg,3,3,3,3,3,3,3,3,3,3,3,3,3,3,3,3,3,3,3,3,3,3,3,3,3,3,3,3,3,3,3,3,3,3,3,3,3,0,0,0,0,0,0,0,0,0
1558,data/aihub_traffic/test/images/d_validation_1920_1080_daylight_2/15097922.jpg,0,0,0,0,0,0,0,0,0,0,0,0,0,0,0,0,0,0,0,0,0,0,0,0,0,0,0,0,0,0,0,0,0,0,0,0,0,0,0,0,0,0,0,0,0,0
1559,data/aihub_traffic/test/images/d_validation_1920_1080_daylight_2/15097928.jpg,3,1,1,1,1,1,1,1,1,1,1,1,1,1,1,1,1,1,1,1,1,1,1,1,1,1,1,1,1,1,1,1,1,1,1,1,1,0,0,0,0,0,0,0,0,0
1560,data/aihub_traffic/test/images/d_validation_1920_1080_daylight_2/15103406.jpg,0,0,0,0,0,0,0,0,0,0,0,0,0,0,0,0,0,0,0,0,0,0,0,0,0,0,0,0,0,0,0,0,0,0,0,0,0,0,0,0,0,0,0,0,0,0
1561,data/aihub_traffic/test/images/d_validation_1920_1080_daylight_2/15104943.jpg,0,0,0,0,0,0,0,0,0,0,0,0,0,0,0,0,0,0,0,0,0,0,0,0,0,0,0,0,0,0,0,0,0,0,0,0,0,0,0,0,0,0,0,0,0,0
1562,data/aihub_traffic/test/images/d_validation_1920_1080_daylight_2/15113665.jpg,2,1,1,1,1,1,1,1,1,1,1,1,1,1,1,1,1,1,1,0,0,0,0,0,0,0,0,0,0,0,0,0,0,0,0,0,0,0,0,0,0,0,0,0,0,0
1563,data/aihub_traffic/test/images/d_validation_1920_1080_daylight_2/15113672.jpg,2,2,1,1,2,1,1,2,1,1,2,1,1,2,1,1,2,1,1,2,1,1,2,1,1,2,1,1,2,1,1,2,1,1,2,1,1,0,0,0,0,0,0,0,0,0
1564,data/aihub_traffic/test/images/d_validation_1920_1080_daylight_2/15113680.jpg,5,2,2,2,2,2,2,2,2,2,2,2,2,2,2,2,2,2,2,2,2,2,2,2,2,2,2,2,2,2,2,2,2,2,2,2,2,0,0,0,0,0,0,0,0,0
1565,data/aihub_traffic/test/images/d_validation_1920_1080_daylight_2/15113686.jpg,2,1,1,1,1,1,1,1,1,1,1,1,1,1,1,1,1,1,1,1,1,1,1,1,1,1,1,1,1,1,1,1,1,1,1,1,1,0,0,0,0,0,0,0,0,0
1566,data/aihub_traffic/test/images/d_validation_1920_1080_daylight_2/15113771.jpg,0,0,0,0,0,0,0,0,0,0,0,0,0,0,0,0,0,0,0,0,0,0,0,0,0,0,0,0,0,0,0,0,0,0,0,0,0,0,0,0,0,0,0,0,0,0
1567,data/aihub_traffic/test/images/d_validation_1920_1080_daylight_2/15113779.jpg,6,6,5,4,6,5,4,6,5,4,6,5,4,6,5,4,6,5,4,6,5,4,6,5,4,6,5,4,6,5,4,6,5,4,6,5,4,0,0,0,0,0,0,0,0,0
1568,data/aihub_traffic/test/images/d_validation_1920_1080_daylight_2/15113785.jpg,4,4,2,0,4,2,0,4,2,0,4,2,0,4,2,0,4,2,0,6,2,0,6,2,0,6,2,0,6,2,0,6,2,0,6,2,0,0,0,0,0,0,0,0,0,0
1569,data/aihub_traffic/test/images/d_validation_1920_1080_daylight_2/15113791.jpg,4,4,3,2,4,3,2,4,3,2,4,3,2,4,3,2,4,3,2,4,3,2,4,3,2,4,3,2,4,3,2,4,3,2,4,3,2,0,0,0,0,0,0,0,0,0
1570,data/aihub_traffic/test/images/d_validation_1920_1080_daylight_2/15113798.jpg,4,4,3,1,4,3,1,4,3,1,4,3,1,4,3,1,4,3,1,4,3,1,4,3,1,4,3,1,4,3,1,4,3,1,4,3,1,0,0,0,0,0,0,0,0,0
1571,data/aihub_traffic/test/images/d_validation_1920_1080_daylight_2/15113867.jpg,4,6,3,3,6,3,3,6,3,3,6,3,3,6,3,3,6,3,3,6,3,3,6,3,3,6,3,3,6,3,3,6,3,3,6,3,3,0,0,0,0,0,0,0,0,0
1572,data/aihub_traffic/test/images/d_validation_1920_1080_daylight_2/15113873.jpg,3,4,3,3,4,3,3,4,3,3,4,3,3,4,3,3,4,3,3,2,2,1,2,2,1,2,2,1,2,2,1,2,2,1,2,2,1,0,0,0,0,0,0,0,0,0
1573,data/aihub_traffic/test/images/d_validation_1920_1080_daylight_2/15113879.jpg,6,4,4,4,4,4,4,4,4,4,4,4,4,4,4,4,4,4,4,4,4,4,4,4,4,4,4,4,4,4,4,4,4,4,4,4,4,0,0,0,0,0,0,0,0,0
1574,data/aihub_traffic/test/images/d_validation_1920_1080_daylight_2/15113886.jpg,5,2,2,2,2,2,2,2,2,2,2,2,2,2,2,2,2,2,2,2,2,2,2,2,2,2,2,2,2,2,2,2,2,2,2,2,2,0,0,0,0,0,0,0,0,0
1575,data/aihub_traffic/test/images/d_validation_1920_1080_daylight_2/15114794.jpg,2,2,2,2,2,2,2,2,2,2,2,2,2,2,2,2,2,2,2,2,2,2,2,2,2,2,2,2,2,2,2,2,2,2,2,2,2,0,0,0,0,0,0,0,0,0
1576,data/aihub_traffic/test/images/d_validation_1920_1080_daylight_2/15114801.jpg,3,3,2,1,3,2,1,3,2,1,3,2,1,3,2,1,3,2,1,2,2,1,2,2,1,2,2,1,2,2,1,2,2,1,2,2,1,0,0,0,0,0,0,0,0,0
1577,data/aihub_traffic/test/images/d_validation_1920_1080_daylight_2/15124094.jpg,4,4,3,3,4,3,3,4,3,3,4,3,3,4,3,3,4,3,3,4,3,3,4,3,3,4,3,3,4,3,3,4,3,3,4,3,3,0,0,0,0,0,0,0,0,0
1578,data/aihub_traffic/test/images/d_validation_1920_1080_daylight_2/15124102.jpg,2,3,2,2,3,2,2,3,2,2,3,2,2,3,2,2,3,2,2,2,2,2,2,2,2,2,2,2,2,2,2,2,2,2,2,2,2,0,0,0,0,0,0,0,0,0
1579,data/aihub_traffic/test/images/d_validation_1920_1080_daylight_2/15124109.jpg,1,0,0,0,0,0,0,0,0,0,0,0,0,0,0,0,0,0,0,0,0,0,0,0,0,0,0,0,0,0,0,0,0,0,0,0,0,0,0,0,0,0,0,0,0,0
1580,data/aihub_traffic/test/images/d_validation_1920_1080_daylight_2/15124115.jpg,1,1,1,1,1,1,1,1,1,0,1,1,1,1,1,1,1,1,0,1,1,1,1,1,1,1,1,1,1,1,1,1,1,1,1,1,1,0,0,0,0,0,0,0,0,0
1581,data/aihub_traffic/test/images/d_validation_1920_1080_daylight_2/15124121.jpg,3,2,2,2,2,2,2,2,2,2,2,2,2,2,2,2,2,2,2,1,1,1,1,1,1,1,1,1,1,1,1,1,1,1,1,1,1,0,0,0,0,0,0,0,0,0
1582,data/aihub_traffic/test/images/d_validation_1920_1080_daylight_2/15124128.jpg,2,3,2,1,3,2,1,3,2,1,3,2,1,3,2,1,3,2,1,4,2,1,4,2,1,4,2,1,4,2,1,4,2,1,4,2,1,0,0,0,0,0,0,0,0,0
1583,data/aihub_traffic/test/images/d_validation_1920_1080_daylight_2/15124134.jpg,5,3,3,2,3,3,2,3,3,2,3,3,2,3,3,2,3,3,2,3,3,1,3,3,1,3,3,1,3,3,1,3,3,1,3,3,1,0,0,0,0,0,0,0,0,0
1584,data/aihub_traffic/test/images/d_validation_1920_1080_daylight_2/15124140.jpg,1,2,1,0,2,1,0,2,1,0,2,1,0,2,1,0,2,1,0,2,1,0,2,1,0,2,1,0,2,1,0,2,1,0,2,1,0,0,0,0,0,0,0,0,0,0
1585,data/aihub_traffic/test/images/d_validation_1920_1080_daylight_2/15124147.jpg,4,4,1,1,4,1,1,4,1,1,4,1,1,4,1,1,4,1,1,4,1,1,4,1,1,4,1,1,4,1,1,4,1,1,4,1,1,0,0,0,0,0,0,0,0,0
1586,data/aihub_traffic/test/images/d_validation_1920_1080_daylight_2/15125485.jpg,4,5,1,1,5,1,1,5,1,1,5,1,1,5,1,1,5,1,1,4,1,1,4,1,1,4,1,1,4,1,1,4,1,1,4,1,1,0,0,0,0,0,0,0,0,0
1587,data/aihub_traffic/test/images/d_validation_1920_1080_daylight_2/15125492.jpg,4,4,2,1,4,2,1,4,2,1,4,2,1,4,2,1,4,2,1,3,1,1,3,1,1,3,1,1,3,1,1,3,1,1,3,1,1,0,0,0,0,0,0,0,0,0
1588,data/aihub_traffic/test/images/d_validation_1920_1080_daylight_2/15125499.jpg,3,5,3,3,5,3,3,5,3,3,5,3,3,5,3,3,5,3,3,4,3,3,4,3,3,4,3,3,4,3,3,4,3,3,4,3,3,0,0,0,0,0,0,0,0,0
1589,data/aihub_traffic/test/images/d_validation_1920_1080_daylight_2/15125505.jpg,6,4,3,3,4,3,3,4,3,3,4,3,3,4,3,3,4,3,3,4,3,3,4,3,3,4,3,3,4,3,3,4,3,3,4,3,3,0,0,0,0,0,0,0,0,0
1590,data/aihub_traffic/test/images/d_validation_1920_1080_daylight_2/15125511.jpg,2,4,1,1,4,1,1,4,1,1,4,1,1,4,1,1,4,1,1,3,1,1,3,1,1,3,1,1,3,1,1,3,1,1,3,1,1,0,0,0,0,0,0,0,0,0
1591,data/aihub_traffic/test/images/d_validation_1920_1080_daylight_2/15125694.jpg,5,5,4,4,5,4,4,5,4,4,5,4,4,5,4,4,5,4,4,6,4,4,6,4,4,6,4,4,6,4,4,6,4,4,6,4,4,0,0,0,0,0,0,0,0,0
1592,data/aihub_traffic/test/images/d_validation_1920_1080_daylight_2/15125700.jpg,3,4,3,3,4,3,3,4,3,3,4,3,3,4,3,3,4,3,3,4,3,3,4,3,3,4,3,3,4,3,3,4,3,3,4,3,3,0,0,0,0,0,0,0,0,0
1593,data/aihub_traffic/test/images/d_validation_1920_1080_daylight_2/15134992.jpg,2,1,1,1,1,1,1,1,1,1,1,1,1,1,1,1,1,1,1,1,1,1,1,1,1,1,1,1,1,1,1,1,1,1,1,1,1,0,0,0,0,0,0,0,0,0
1594,data/aihub_traffic/test/images/d_validation_1920_1080_daylight_2/15135086.jpg,1,0,0,0,0,0,0,0,0,0,0,0,0,0,0,0,0,0,0,0,0,0,0,0,0,0,0,0,0,0,0,0,0,0,0,0,0,0,0,0,0,0,0,0,0,0
1595,data/aihub_traffic/test/images/d_validation_1920_1080_daylight_2/15135093.jpg,6,6,6,3,6,6,3,6,6,3,6,6,3,6,6,3,6,6,3,6,6,4,6,6,4,6,6,4,6,6,4,6,6,4,6,6,4,0,0,0,0,0,0,0,0,0
1596,data/aihub_traffic/test/images/d_validation_1920_1080_daylight_2/15135099.jpg,5,0,0,0,0,0,0,0,0,0,0,0,0,0,0,0,0,0,0,0,0,0,0,0,0,0,0,0,0,0,0,0,0,0,0,0,0,0,0,0,0,0,0,0,0,0
1597,data/aihub_traffic/test/images/d_validation_1920_1080_daylight_2/15135105.jpg,7,7,7,6,7,7,6,7,7,6,7,7,6,7,7,6,7,7,6,5,5,5,5,5,5,5,5,5,5,5,5,5,5,5,5,5,5,0,0,0,0,0,0,0,0,0
1598,data/aihub_traffic/test/images/d_validation_1920_1080_daylight_2/15135112.jpg,5,6,4,4,6,4,4,6,4,4,6,4,4,6,4,4,6,4,4,5,3,3,5,3,3,5,3,3,5,3,3,5,3,3,5,3,3,0,0,0,0,0,0,0,0,0
1599,data/aihub_traffic/test/images/d_validation_1920_1080_daylight_2/15135292.jpg,2,3,1,1,3,1,1,3,1,1,3,1,1,3,1,1,3,1,1,1,1,1,1,1,1,1,1,1,1,1,1,1,1,1,1,1,1,0,0,0,0,0,0,0,0,0
1600,data/aihub_traffic/test/images/d_validation_1920_1080_daylight_2/15135298.jpg,6,1,0,0,1,0,0,1,0,0,1,0,0,1,0,0,1,0,0,0,0,0,0,0,0,0,0,0,0,0,0,0,0,0,0,0,0,0,0,0,0,0,0,0,0,0
1601,data/aihub_traffic/test/images/d_validation_1920_1080_daylight_2/15135305.jpg,5,4,4,4,4,4,4,4,4,4,4,4,4,4,4,4,4,4,4,4,4,4,4,4,4,4,4,4,4,4,4,4,4,4,4,4,4,0,0,0,0,0,0,0,0,0
1602,data/aihub_traffic/test/images/d_validation_1920_1080_daylight_2/15135311.jpg,4,4,2,1,4,2,1,4,2,1,4,2,1,4,2,1,4,2,1,4,2,1,4,2,1,4,2,1,4,2,1,4,2,1,4,2,1,0,0,0,0,0,0,0,0,0
1603,data/aihub_traffic/test/images/d_validation_1920_1080_daylight_2/15135318.jpg,8,7,7,4,7,7,4,7,7,4,7,7,4,7,7,4,7,7,4,7,6,4,7,6,4,7,6,4,7,6,4,7,6,4,7,6,4,0,0,0,0,0,0,0,0,0
1604,data/aihub_traffic/test/images/d_validation_1920_1080_daylight_2/15136001.jpg,6,5,5,3,5,5,3,5,5,3,5,5,3,5,5,3,5,5,3,5,5,3,5,5,3,5,5,3,5,5,3,5,5,3,5,5,3,0,0,0,0,0,0,0,0,0
1605,data/aihub_traffic/test/images/d_validation_1920_1080_daylight_2/15136007.jpg,5,2,1,1,2,1,1,2,1,1,2,1,1,2,1,1,2,1,1,2,1,1,2,1,1,2,1,1,2,1,1,2,1,1,2,1,1,0,0,0,0,0,0,0,0,0
1606,data/aihub_traffic/test/images/d_validation_1920_1080_daylight_2/15136140.jpg,6,2,2,1,2,2,1,2,2,1,2,2,1,2,2,1,2,2,1,2,2,1,2,2,1,2,2,1,2,2,1,2,2,1,2,2,1,0,0,0,0,0,0,0,0,0
1607,data/aihub_traffic/test/images/d_validation_1920_1080_daylight_2/15136146.jpg,2,2,2,2,2,2,2,2,2,2,2,2,2,2,2,2,2,2,2,1,1,1,1,1,1,1,1,1,1,1,1,1,1,1,1,1,1,0,0,0,0,0,0,0,0,0
1608,data/aihub_traffic/test/images/d_validation_1920_1080_daylight_2/15136152.jpg,2,1,1,1,1,1,1,1,1,1,1,1,1,1,1,1,1,1,1,1,1,1,1,1,1,1,1,1,1,1,1,1,1,1,1,1,1,0,0,0,0,0,0,0,0,0
1609,data/aihub_traffic/test/images/d_validation_1920_1080_daylight_2/15149352.jpg,1,1,1,1,1,1,1,1,1,1,1,1,1,1,1,1,1,1,1,1,1,1,1,1,1,1,1,1,1,1,1,1,1,1,1,1,1,0,0,0,0,0,0,0,0,0
1610,data/aihub_traffic/test/images/d_validation_1920_1080_daylight_2/15149358.jpg,1,2,1,1,2,1,1,2,1,1,2,1,1,2,1,1,2,1,1,2,1,1,2,1,1,2,1,1,2,1,1,2,1,1,2,1,1,0,0,0,0,0,0,0,0,0
1611,data/aihub_traffic/test/images/d_validation_1920_1080_daylight_2/15149364.jpg,2,2,2,2,2,2,2,2,2,2,2,2,2,2,2,2,2,2,2,3,2,2,3,2,2,3,2,2,3,2,2,3,2,2,3,2,2,0,0,0,0,0,0,0,0,0
1612,data/aihub_traffic/test/images/d_validation_1920_1080_daylight_2/15149370.jpg,10,3,3,3,3,3,3,3,3,3,3,3,3,3,3,3,3,3,3,3,3,3,3,3,3,3,3,3,3,3,3,3,3,3,3,3,3,0,0,0,0,0,0,0,0,0
1613,data/aihub_traffic/test/images/d_validation_1920_1080_daylight_2/15149376.jpg,9,4,3,3,4,3,3,4,3,3,5,3,3,5,3,3,5,3,3,4,3,2,4,3,3,4,3,2,4,3,2,4,3,3,4,3,2,0,0,0,0,0,0,0,0,0
1614,data/aihub_traffic/test/images/d_validation_1920_1080_daylight_2/15149554.jpg,9,4,3,3,4,3,3,4,3,3,4,3,3,4,3,3,4,3,3,4,3,3,4,3,3,4,3,3,4,3,3,4,3,3,4,3,3,0,0,0,0,0,0,0,0,0
1615,data/aihub_traffic/test/images/d_validation_1920_1080_daylight_2/15149560.jpg,8,4,4,3,4,4,3,4,4,3,4,4,3,4,4,3,4,4,3,4,4,3,4,4,3,4,4,3,4,4,3,4,4,3,4,4,3,0,0,0,0,0,0,0,0,0
1616,data/aihub_traffic/test/images/d_validation_1920_1080_daylight_2/15149566.jpg,3,3,1,1,3,1,1,3,1,1,3,1,1,3,1,1,3,1,1,3,1,1,3,1,1,3,1,1,3,1,1,3,1,1,3,1,1,0,0,0,0,0,0,0,0,0
1617,data/aihub_traffic/test/images/d_validation_1920_1080_daylight_2/15149573.jpg,0,0,0,0,0,0,0,0,0,0,0,0,0,0,0,0,0,0,0,0,0,0,0,0,0,0,0,0,0,0,0,0,0,0,0,0,0,0,0,0,0,0,0,0,0,0
1618,data/aihub_traffic/test/images/d_validation_1920_1080_daylight_2/15149836.jpg,4,4,4,4,4,4,4,4,4,3,4,4,4,4,4,4,4,4,3,4,4,3,4,4,3,4,4,3,4,4,3,4,4,3,4,4,3,0,0,0,0,0,0,0,0,0
1619,data/aihub_traffic/test/images/d_validation_1920_1080_daylight_2/15149843.jpg,4,3,3,2,3,3,2,3,3,2,3,3,2,3,3,2,3,3,2,3,3,2,3,3,2,3,3,2,3,3,2,3,3,2,3,3,2,0,0,0,0,0,0,0,0,0
1620,data/aihub_traffic/test/images/d_validation_1920_1080_daylight_2/15149850.jpg,0,0,0,0,0,0,0,0,0,0,0,0,0,0,0,0,0,0,0,0,0,0,0,0,0,0,0,0,0,0,0,0,0,0,0,0,0,0,0,0,0,0,0,0,0,0
1621,data/aihub_traffic/test/images/d_validation_1920_1080_daylight_2/15149856.jpg,1,0,0,0,0,0,0,0,0,0,0,0,0,0,0,0,0,0,0,0,0,0,0,0,0,0,0,0,0,0,0,0,0,0,0,0,0,0,0,0,0,0,0,0,0,0
1622,data/aihub_traffic/test/images/d_validation_1920_1080_daylight_2/15149862.jpg,0,2,0,0,2,0,0,2,0,0,2,0,0,2,0,0,2,0,0,3,0,0,3,0,0,3,0,0,3,0,0,3,0,0,3,0,0,0,0,0,0,0,0,0,0,0
1623,data/aihub_traffic/test/images/d_validation_1920_1080_daylight_2/15149910.jpg,4,6,4,3,6,4,3,6,4,3,6,4,3,6,4,3,6,4,3,7,4,3,7,4,3,7,4,3,7,4,3,7,4,3,7,4,3,0,0,0,0,0,0,0,0,0
1624,data/aihub_traffic/test/images/d_validation_1920_1080_daylight_2/15149918.jpg,0,0,0,0,0,0,0,0,0,0,0,0,0,0,0,0,0,0,0,0,0,0,0,0,0,0,0,0,0,0,0,0,0,0,0,0,0,0,0,0,0,0,0,0,0,0
1625,data/aihub_traffic/test/images/d_validation_1920_1080_daylight_2/15164665.jpg,0,0,0,0,0,0,0,0,0,0,0,0,0,0,0,0,0,0,0,0,0,0,0,0,0,0,0,0,0,0,0,0,0,0,0,0,0,0,0,0,0,0,0,0,0,0
1626,data/aihub_traffic/test/images/d_validation_1920_1080_daylight_2/15173677.jpg,0,0,0,0,0,0,0,0,0,0,0,0,0,0,0,0,0,0,0,0,0,0,0,0,0,0,0,0,0,0,0,0,0,0,0,0,0,0,0,0,0,0,0,0,0,0
1627,data/aihub_traffic/test/images/d_validation_1920_1080_daylight_2/15173683.jpg,1,1,1,1,1,1,1,1,1,1,1,1,1,1,1,1,1,1,1,1,1,1,1,1,1,1,1,1,1,1,1,1,1,1,1,1,1,0,0,0,0,0,0,0,0,0
1628,data/aihub_traffic/test/images/d_validation_1920_1080_daylight_2/15174226.jpg,1,1,1,1,1,1,1,1,1,1,1,1,1,1,1,1,1,1,1,2,1,1,2,1,1,2,1,1,2,1,1,2,1,1,2,1,1,0,0,0,0,0,0,0,0,0
1629,data/aihub_traffic/test/images/d_validation_1920_1080_daylight_2/15174233.jpg,1,1,1,1,1,1,1,1,1,1,1,1,1,1,1,1,1,1,1,1,0,0,1,0,0,1,0,0,1,0,0,1,0,0,1,0,0,0,0,0,0,0,0,0,0,0
1630,data/aihub_traffic/test/images/d_validation_1920_1080_daylight_2/15174239.jpg,0,0,0,0,0,0,0,0,0,0,0,0,0,0,0,0,0,0,0,0,0,0,0,0,0,0,0,0,0,0,0,0,0,0,0,0,0,0,0,0,0,0,0,0,0,0
1631,data/aihub_traffic/test/images/d_validation_1920_1080_daylight_2/15174245.jpg,0,0,0,0,0,0,0,0,0,0,0,0,0,0,0,0,0,0,0,0,0,0,0,0,0,0,0,0,0,0,0,0,0,0,0,0,0,0,0,0,0,0,0,0,0,0
1632,data/aihub_traffic/test/images/d_validation_1920_1080_daylight_2/15174341.jpg,0,0,0,0,0,0,0,0,0,0,0,0,0,0,0,0,0,0,0,0,0,0,0,0,0,0,0,0,0,0,0,0,0,0,0,0,0,0,0,0,0,0,0,0,0,0
1633,data/aihub_traffic/test/images/d_validation_1920_1080_daylight_2/15174347.jpg,0,0,0,0,0,0,0,0,0,0,0,0,0,0,0,0,0,0,0,0,0,0,0,0,0,0,0,0,0,0,0,0,0,0,0,0,0,0,0,0,0,0,0,0,0,0
1634,data/aihub_traffic/test/images/d_validation_1920_1080_daylight_2/15174354.jpg,0,1,0,0,1,0,0,1,0,0,1,0,0,1,0,0,1,0,0,1,0,0,1,0,0,1,0,0,1,0,0,1,0,0,1,0,0,0,0,0,0,0,0,0,0,0
1635,data/aihub_traffic/test/images/d_validation_1920_1080_daylight_2/15174360.jpg,3,1,1,1,1,1,1,1,1,1,1,1,1,1,1,1,1,1,1,1,1,1,1,1,1,1,1,1,1,1,1,1,1,1,1,1,1,0,0,0,0,0,0,0,0,0
1636,data/aihub_traffic/test/images/d_validation_1920_1080_daylight_2/15174366.jpg,4,4,2,2,4,2,2,4,2,2,4,2,2,4,2,2,4,2,2,5,2,2,5,2,2,5,2,2,5,2,2,5,2,2,5,2,2,0,0,0,0,0,0,0,0,0
1637,data/aihub_traffic/test/images/d_validation_1920_1080_daylight_2/15174542.jpg,2,2,2,2,2,2,2,2,2,2,2,2,2,2,2,2,2,2,2,2,2,2,2,2,2,2,2,2,2,2,2,2,2,2,2,2,2,0,0,0,0,0,0,0,0,0
1638,data/aihub_traffic/test/images/d_validation_1920_1080_daylight_2/15174548.jpg,0,0,0,0,0,0,0,0,0,0,0,0,0,0,0,0,0,0,0,0,0,0,0,0,0,0,0,0,0,0,0,0,0,0,0,0,0,0,0,0,0,0,0,0,0,0
1639,data/aihub_traffic/test/images/d_validation_1920_1080_daylight_2/15174554.jpg,1,1,1,1,1,1,1,1,1,1,1,1,1,1,1,1,1,1,1,1,1,1,1,1,1,1,1,1,1,1,1,1,1,1,1,1,1,0,0,0,0,0,0,0,0,0
1640,data/aihub_traffic/test/images/d_validation_1920_1080_daylight_2/15174561.jpg,0,0,0,0,0,0,0,0,0,0,0,0,0,0,0,0,0,0,0,0,0,0,0,0,0,0,0,0,0,0,0,0,0,0,0,0,0,0,0,0,0,0,0,0,0,0
1641,data/aihub_traffic/test/images/d_validation_1920_1080_daylight_2/15178997.jpg,0,0,0,0,0,0,0,0,0,0,0,0,0,0,0,0,0,0,0,0,0,0,0,0,0,0,0,0,0,0,0,0,0,0,0,0,0,0,0,0,0,0,0,0,0,0
1642,data/aihub_traffic/test/images/d_validation_1920_1080_daylight_2/15179003.jpg,0,0,0,0,0,0,0,0,0,0,0,0,0,0,0,0,0,0,0,0,0,0,0,0,0,0,0,0,0,0,0,0,0,0,0,0,0,0,0,0,0,0,0,0,0,0
1643,data/aihub_traffic/test/images/d_validation_1920_1080_daylight_2/15179009.jpg,0,0,0,0,0,0,0,0,0,0,0,0,0,0,0,0,0,0,0,0,0,0,0,0,0,0,0,0,0,0,0,0,0,0,0,0,0,0,0,0,0,0,0,0,0,0
1644,data/aihub_traffic/test/images/d_validation_1920_1080_daylight_2/15179015.jpg,0,0,0,0,0,0,0,0,0,0,0,0,0,0,0,0,0,0,0,0,0,0,0,0,0,0,0,0,0,0,0,0,0,0,0,0,0,0,0,0,0,0,0,0,0,0
1645,data/aihub_traffic/test/images/d_validation_1920_1080_daylight_2/15179317.jpg,0,0,0,0,0,0,0,0,0,0,0,0,0,0,0,0,0,0,0,0,0,0,0,0,0,0,0,0,0,0,0,0,0,0,0,0,0,0,0,0,0,0,0,0,0,0
1646,data/aihub_traffic/test/images/d_validation_1920_1080_daylight_2/15179323.jpg,0,0,0,0,0,0,0,0,0,0,0,0,0,0,0,0,0,0,0,0,0,0,0,0,0,0,0,0,0,0,0,0,0,0,0,0,0,0,0,0,0,0,0,0,0,0
1647,data/aihub_traffic/test/images/d_validation_1920_1080_daylight_2/15179331.jpg,0,0,0,0,0,0,0,0,0,0,0,0,0,0,0,0,0,0,0,0,0,0,0,0,0,0,0,0,0,0,0,0,0,0,0,0,0,0,0,0,0,0,0,0,0,0
1648,data/aihub_traffic/test/images/d_validation_1920_1080_daylight_2/15179339.jpg,0,0,0,0,0,0,0,0,0,0,0,0,0,0,0,0,0,0,0,0,0,0,0,0,0,0,0,0,0,0,0,0,0,0,0,0,0,0,0,0,0,0,0,0,0,0
1649,data/aihub_traffic/test/images/d_validation_1920_1080_daylight_2/15179345.jpg,0,0,0,0,0,0,0,0,0,0,0,0,0,0,0,0,0,0,0,0,0,0,0,0,0,0,0,0,0,0,0,0,0,0,0,0,0,0,0,0,0,0,0,0,0,0
1650,data/aihub_traffic/test/images/d_validation_1920_1080_daylight_2/15179415.jpg,0,0,0,0,0,0,0,0,0,0,0,0,0,0,0,0,0,0,0,0,0,0,0,0,0,0,0,0,0,0,0,0,0,0,0,0,0,0,0,0,0,0,0,0,0,0
1651,data/aihub_traffic/test/images/d_validation_1920_1080_daylight_2/15179422.jpg,1,4,1,0,4,1,0,4,1,1,4,1,0,4,1,0,4,1,1,3,1,1,3,1,1,3,1,1,3,1,1,3,1,1,3,1,1,0,0,0,0,0,0,0,0,0
1652,data/aihub_traffic/test/images/d_validation_1920_1080_daylight_2/15179428.jpg,1,1,1,1,1,1,1,1,1,1,1,1,1,1,1,1,1,1,1,1,1,1,1,1,1,1,1,1,1,1,1,1,1,1,1,1,1,0,0,0,0,0,0,0,0,0
1653,data/aihub_traffic/test/images/d_validation_1920_1080_daylight_2/15179434.jpg,0,0,0,0,0,0,0,0,0,0,0,0,0,0,0,0,0,0,0,0,0,0,0,0,0,0,0,0,0,0,0,0,0,0,0,0,0,0,0,0,0,0,0,0,0,0
1654,data/aihub_traffic/test/images/d_validation_1920_1080_daylight_2/15179724.jpg,1,1,1,1,1,1,1,1,1,1,1,1,1,1,1,1,1,1,1,1,1,1,1,1,1,1,1,1,1,1,1,1,1,1,1,1,1,0,0,0,0,0,0,0,0,0
1655,data/aihub_traffic/test/images/d_validation_1920_1080_daylight_2/15179731.jpg,1,1,1,1,1,1,1,1,1,1,1,1,1,1,1,1,1,1,1,1,1,1,1,1,1,1,1,1,1,1,1,1,1,1,1,1,1,0,0,0,0,0,0,0,0,0
1656,data/aihub_traffic/test/images/d_validation_1920_1080_daylight_2/15179737.jpg,1,1,1,1,1,1,1,1,1,1,1,1,1,1,1,1,1,1,1,1,1,1,1,1,1,1,1,1,1,1,1,1,1,1,1,1,1,0,0,0,0,0,0,0,0,0
1657,data/aihub_traffic/test/images/d_validation_1920_1080_daylight_2/15182461.jpg,2,2,2,1,2,2,1,2,2,1,2,2,1,2,2,1,2,2,1,3,2,1,3,2,1,3,2,1,2,2,1,2,2,1,2,2,1,0,0,0,0,0,0,0,0,0
1658,data/aihub_traffic/test/images/d_validation_1920_1080_daylight_2/15182468.jpg,8,10,6,6,10,6,6,10,6,5,10,6,6,10,6,6,10,6,6,9,6,5,9,6,5,9,6,5,9,6,5,9,6,5,9,6,5,0,0,0,0,0,0,0,0,0
1659,data/aihub_traffic/test/images/d_validation_1920_1080_daylight_2/15182594.jpg,1,0,0,0,0,0,0,0,0,0,0,0,0,0,0,0,0,0,0,0,0,0,0,0,0,0,0,0,0,0,0,0,0,0,0,0,0,0,0,0,0,0,0,0,0,0
1660,data/aihub_traffic/test/images/d_validation_1920_1080_daylight_2/15182600.jpg,3,3,3,3,3,3,3,3,3,3,3,3,3,3,3,3,3,3,3,3,3,3,3,3,3,3,3,3,3,3,3,3,3,3,3,3,3,0,0,0,0,0,0,0,0,0
1661,data/aihub_traffic/test/images/d_validation_1920_1080_daylight_2/15182680.jpg,2,1,1,0,1,1,0,1,1,0,1,1,0,1,1,0,1,1,0,2,2,2,2,2,2,2,2,2,2,2,2,2,2,2,2,2,2,0,0,0,0,0,0,0,0,0
1662,data/aihub_traffic/test/images/d_validation_1920_1080_daylight_2/15182686.jpg,4,4,3,0,4,3,0,4,3,0,4,3,0,4,3,0,4,3,0,4,3,0,4,3,0,4,3,0,4,3,0,4,3,0,4,3,0,0,0,0,0,0,0,0,0,0
1663,data/aihub_traffic/test/images/d_validation_1920_1080_daylight_2/15182693.jpg,4,4,3,2,4,3,2,4,3,2,4,3,2,4,3,2,4,3,2,4,3,2,4,3,2,4,3,2,4,3,2,4,3,2,4,3,2,0,0,0,0,0,0,0,0,0
1664,data/aihub_traffic/test/images/d_validation_1920_1080_daylight_2/15182699.jpg,1,0,0,0,0,0,0,0,0,0,0,0,0,0,0,0,0,0,0,0,0,0,0,0,0,0,0,0,0,0,0,0,0,0,0,0,0,0,0,0,0,0,0,0,0,0
1665,data/aihub_traffic/test/images/d_validation_1920_1080_daylight_2/15182705.jpg,1,1,1,1,1,1,1,1,1,1,1,1,1,1,1,1,1,1,1,1,1,1,1,1,1,1,1,1,1,1,1,1,1,1,1,1,1,0,0,0,0,0,0,0,0,0
1666,data/aihub_traffic/test/images/d_validation_1920_1080_daylight_2/15182711.jpg,2,1,1,0,1,1,0,1,1,0,1,1,0,1,1,0,1,1,0,1,1,0,1,1,0,1,1,0,1,1,0,1,1,0,1,1,0,0,0,0,0,0,0,0,0,0
1667,data/aihub_traffic/test/images/d_validation_1920_1080_daylight_2/15182717.jpg,0,0,0,0,0,0,0,0,0,0,0,0,0,0,0,0,0,0,0,0,0,0,0,0,0,0,0,0,0,0,0,0,0,0,0,0,0,0,0,0,0,0,0,0,0,0
1668,data/aihub_traffic/test/images/d_validation_1920_1080_daylight_2/15182723.jpg,3,2,2,2,2,2,2,2,2,2,2,2,2,2,2,2,2,2,2,2,2,2,2,2,2,2,2,2,2,2,2,2,2,2,2,2,2,0,0,0,0,0,0,0,0,0
1669,data/aihub_traffic/test/images/d_validation_1920_1080_daylight_2/15182729.jpg,1,1,1,0,1,1,0,1,1,0,1,1,0,1,1,0,1,1,0,1,1,0,1,1,0,1,1,0,1,1,0,1,1,0,1,1,0,0,0,0,0,0,0,0,0,0
1670,data/aihub_traffic/test/images/d_validation_1920_1080_daylight_2/15182735.jpg,1,2,1,1,2,1,1,2,1,1,2,1,1,2,1,1,2,1,1,2,1,1,2,1,1,2,1,1,2,1,1,2,1,1,2,1,1,0,0,0,0,0,0,0,0,0
1671,data/aihub_traffic/test/images/d_validation_1920_1080_daylight_2/15182743.jpg,3,2,1,1,2,1,1,2,1,1,2,1,1,2,1,1,2,1,1,2,1,1,2,1,1,2,1,1,2,1,1,2,1,1,2,1,1,0,0,0,0,0,0,0,0,0
1672,data/aihub_traffic/test/images/d_validation_1920_1080_daylight_2/15182749.jpg,4,1,1,1,1,1,1,1,1,1,1,1,1,1,1,1,1,1,1,0,0,0,0,0,0,0,0,0,0,0,0,0,0,0,0,0,0,0,0,0,0,0,0,0,0,0
1673,data/aihub_traffic/test/images/d_validation_1920_1080_daylight_2/15195539.jpg,3,2,2,2,2,2,2,2,2,2,2,2,2,2,2,2,2,2,2,2,2,2,2,2,2,2,2,2,2,2,2,2,2,2,2,2,2,0,0,0,0,0,0,0,0,0
1674,data/aihub_traffic/test/images/d_validation_1920_1080_daylight_2/15195545.jpg,0,0,0,0,0,0,0,0,0,0,0,0,0,0,0,0,0,0,0,0,0,0,0,0,0,0,0,0,0,0,0,0,0,0,0,0,0,0,0,0,0,0,0,0,0,0
1675,data/aihub_traffic/test/images/d_validation_1920_1080_daylight_2/15195551.jpg,2,0,0,0,0,0,0,0,0,0,0,0,0,0,0,0,0,0,0,1,1,1,1,1,1,1,1,1,1,1,1,1,1,1,1,1,1,0,0,0,0,0,0,0,0,0
1676,data/aihub_traffic/test/images/d_validation_1920_1080_daylight_2/15195557.jpg,0,0,0,0,0,0,0,0,0,0,0,0,0,0,0,0,0,0,0,0,0,0,0,0,0,0,0,0,0,0,0,0,0,0,0,0,0,0,0,0,0,0,0,0,0,0
1677,data/aihub_traffic/test/images/d_validation_1920_1080_daylight_2/15196518.jpg,2,2,2,2,2,2,2,2,2,2,2,2,2,2,2,2,2,2,2,2,2,2,2,2,2,2,2,2,2,2,2,2,2,2,2,2,2,0,0,0,0,0,0,0,0,0
1678,data/aihub_traffic/test/images/d_validation_1920_1080_daylight_2/15196524.jpg,1,3,0,0,3,0,0,3,0,0,3,0,0,3,0,0,3,0,0,3,0,0,3,0,0,3,0,0,3,0,0,3,0,0,3,0,0,0,0,0,0,0,0,0,0,0
1679,data/aihub_traffic/test/images/d_validation_1920_1080_daylight_2/15196530.jpg,3,3,3,3,3,3,3,3,3,3,3,3,3,3,3,3,3,3,3,3,3,3,3,3,3,3,3,3,3,3,3,3,3,3,3,3,3,0,0,0,0,0,0,0,0,0
1680,data/aihub_traffic/test/images/d_validation_1920_1080_daylight_2/15196536.jpg,0,0,0,0,0,0,0,0,0,0,0,0,0,0,0,0,0,0,0,0,0,0,0,0,0,0,0,0,0,0,0,0,0,0,0,0,0,0,0,0,0,0,0,0,0,0
1681,data/aihub_traffic/test/images/d_validation_1920_1080_daylight_2/15196542.jpg,0,0,0,0,0,0,0,0,0,0,0,0,0,0,0,0,0,0,0,0,0,0,0,0,0,0,0,0,0,0,0,0,0,0,0,0,0,0,0,0,0,0,0,0,0,0
1682,data/aihub_traffic/test/images/d_validation_1920_1080_daylight_2/15196548.jpg,1,1,1,0,1,1,0,1,1,0,1,1,1,1,1,1,1,1,1,1,1,0,1,1,0,1,1,0,1,1,0,1,1,0,1,1,0,0,0,0,0,0,0,0,0,0
1683,data/aihub_traffic/test/images/d_validation_1920_1080_daylight_2/15196554.jpg,0,1,0,0,1,0,0,1,0,0,1,0,0,1,0,0,1,0,0,1,0,0,1,0,0,1,0,0,1,0,0,1,0,0,1,0,0,0,0,0,0,0,0,0,0,0
1684,data/aihub_traffic/test/images/d_validation_1920_1080_daylight_2/15196561.jpg,1,0,0,0,0,0,0,0,0,0,0,0,0,0,0,0,0,0,0,0,0,0,0,0,0,0,0,0,0,0,0,0,0,0,0,0,0,0,0,0,0,0,0,0,0,0
1685,data/aihub_traffic/test/images/d_validation_1920_1080_daylight_2/15196568.jpg,0,0,0,0,0,0,0,0,0,0,0,0,0,0,0,0,0,0,0,0,0,0,0,0,0,0,0,0,0,0,0,0,0,0,0,0,0,0,0,0,0,0,0,0,0,0
1686,data/aihub_traffic/test/images/d_validation_1920_1080_daylight_2/15196750.jpg,0,0,0,0,0,0,0,0,0,0,0,0,0,0,0,0,0,0,0,0,0,0,0,0,0,0,0,0,0,0,0,0,0,0,0,0,0,0,0,0,0,0,0,0,0,0
1687,data/aihub_traffic/test/images/d_validation_1920_1080_daylight_2/15196758.jpg,0,1,0,0,1,0,0,1,0,0,1,0,0,1,0,0,1,0,0,2,0,0,2,0,0,2,0,0,2,0,0,2,0,0,2,0,0,0,0,0,0,0,0,0,0,0
1688,data/aihub_traffic/test/images/d_validation_1920_1080_daylight_2/15196766.jpg,0,0,0,0,0,0,0,0,0,0,0,0,0,0,0,0,0,0,0,0,0,0,0,0,0,0,0,0,0,0,0,0,0,0,0,0,0,0,0,0,0,0,0,0,0,0
1689,data/aihub_traffic/test/images/d_validation_1920_1080_daylight_2/15201440.jpg,0,0,0,0,0,0,0,0,0,0,0,0,0,0,0,0,0,0,0,0,0,0,0,0,0,0,0,0,0,0,0,0,0,0,0,0,0,0,0,0,0,0,0,0,0,0
1690,data/aihub_traffic/test/images/d_validation_1920_1080_daylight_2/15201446.jpg,0,0,0,0,0,0,0,0,0,0,0,0,0,0,0,0,0,0,0,0,0,0,0,0,0,0,0,0,0,0,0,0,0,0,0,0,0,0,0,0,0,0,0,0,0,0
1691,data/aihub_traffic/test/images/d_validation_1920_1080_daylight_2/15201452.jpg,2,0,0,0,0,0,0,0,0,0,0,0,0,0,0,0,0,0,0,0,0,0,0,0,0,0,0,0,0,0,0,0,0,0,0,0,0,0,0,0,0,0,0,0,0,0
1692,data/aihub_traffic/test/images/d_validation_1920_1080_daylight_2/15201593.jpg,1,0,0,0,0,0,0,0,0,0,0,0,0,0,0,0,0,0,0,0,0,0,0,0,0,0,0,0,0,0,0,0,0,0,0,0,0,0,0,0,0,0,0,0,0,0
1693,data/aihub_traffic/test/images/d_validation_1920_1080_daylight_2/15201599.jpg,0,0,0,0,0,0,0,0,0,0,0,0,0,0,0,0,0,0,0,0,0,0,0,0,0,0,0,0,0,0,0,0,0,0,0,0,0,0,0,0,0,0,0,0,0,0
1694,data/aihub_traffic/test/images/d_validation_1920_1080_daylight_2/15201605.jpg,3,3,2,2,3,2,2,3,2,2,3,2,2,3,2,2,3,2,2,3,2,2,3,2,2,3,2,2,3,2,2,3,2,2,3,2,2,0,0,0,0,0,0,0,0,0
1695,data/aihub_traffic/test/images/d_validation_1920_1080_daylight_2/15201612.jpg,1,1,1,1,1,1,1,1,1,1,1,1,1,1,1,1,1,1,1,1,1,1,1,1,1,1,1,1,1,1,1,1,1,1,1,1,1,0,0,0,0,0,0,0,0,0
1696,data/aihub_traffic/test/images/d_validation_1920_1080_daylight_2/15201618.jpg,0,0,0,0,0,0,0,0,0,0,0,0,0,0,0,0,0,0,0,0,0,0,0,0,0,0,0,0,0,0,0,0,0,0,0,0,0,0,0,0,0,0,0,0,0,0
1697,data/aihub_traffic/test/images/d_validation_1920_1080_daylight_2/15202055.jpg,1,0,0,0,0,0,0,0,0,0,0,0,0,0,0,0,0,0,0,0,0,0,0,0,0,0,0,0,0,0,0,0,0,0,0,0,0,0,0,0,0,0,0,0,0,0
1698,data/aihub_traffic/test/images/d_validation_1920_1080_daylight_2/15202083.jpg,0,0,0,0,0,0,0,0,0,0,0,0,0,0,0,0,0,0,0,0,0,0,0,0,0,0,0,0,0,0,0,0,0,0,0,0,0,0,0,0,0,0,0,0,0,0
1699,data/aihub_traffic/test/images/d_validation_1920_1080_daylight_2/15202089.jpg,1,0,0,0,0,0,0,0,0,0,0,0,0,0,0,0,0,0,0,0,0,0,0,0,0,0,0,0,0,0,0,0,0,0,0,0,0,0,0,0,0,0,0,0,0,0
1700,data/aihub_traffic/test/images/d_validation_1920_1080_daylight_2/15202096.jpg,2,2,2,1,2,2,1,2,2,1,2,2,1,2,2,1,2,2,1,2,2,1,2,2,1,2,2,1,2,2,1,2,2,1,2,2,1,0,0,0,0,0,0,0,0,0
1701,data/aihub_traffic/test/images/d_validation_1920_1080_daylight_2/15202102.jpg,0,2,0,0,2,0,0,2,0,0,2,0,0,2,0,0,2,0,0,3,0,0,3,0,0,3,0,0,3,0,0,3,0,0,3,0,0,0,0,0,0,0,0,0,0,0
1702,data/aihub_traffic/test/images/d_validation_1920_1080_daylight_2/15202109.jpg,2,3,2,2,3,2,2,3,2,2,3,2,2,3,2,2,3,2,2,3,2,2,3,2,2,3,2,2,3,2,2,3,2,2,3,2,2,0,0,0,0,0,0,0,0,0
1703,data/aihub_traffic/test/images/d_validation_1920_1080_daylight_2/15202199.jpg,5,5,5,4,5,5,4,5,5,4,5,5,4,5,5,4,5,5,4,5,5,4,5,5,4,5,5,4,5,5,4,5,5,4,5,5,4,0,0,0,0,0,0,0,0,0
1704,data/aihub_traffic/test/images/d_validation_1920_1080_daylight_2/15202205.jpg,0,0,0,0,0,0,0,0,0,0,0,0,0,0,0,0,0,0,0,0,0,0,0,0,0,0,0,0,0,0,0,0,0,0,0,0,0,0,0,0,0,0,0,0,0,0
1705,data/aihub_traffic/test/images/d_validation_1920_1080_daylight_2/15209501.jpg,0,0,0,0,0,0,0,0,0,0,0,0,0,0,0,0,0,0,0,0,0,0,0,0,0,0,0,0,0,0,0,0,0,0,0,0,0,0,0,0,0,0,0,0,0,0
1706,data/aihub_traffic/test/images/d_validation_1920_1080_daylight_2/15209507.jpg,1,1,1,1,1,1,1,1,1,1,1,1,1,1,1,1,1,1,1,1,1,1,1,1,1,1,1,1,1,1,1,1,1,1,1,1,1,0,0,0,0,0,0,0,0,0
1707,data/aihub_traffic/test/images/d_validation_1920_1080_daylight_2/15209513.jpg,0,0,0,0,0,0,0,0,0,0,0,0,0,0,0,0,0,0,0,0,0,0,0,0,0,0,0,0,0,0,0,0,0,0,0,0,0,0,0,0,0,0,0,0,0,0
1708,data/aihub_traffic/test/images/d_validation_1920_1080_daylight_2/15209520.jpg,0,1,0,0,1,0,0,1,0,0,1,0,0,1,0,0,1,0,0,1,0,0,1,0,0,1,0,0,1,0,0,1,0,0,1,0,0,0,0,0,0,0,0,0,0,0
1709,data/aihub_traffic/test/images/d_validation_1920_1080_daylight_2/15209527.jpg,2,0,0,0,0,0,0,0,0,0,0,0,0,0,0,0,0,0,0,0,0,0,0,0,0,0,0,0,0,0,0,0,0,0,0,0,0,0,0,0,0,0,0,0,0,0
1710,data/aihub_traffic/test/images/d_validation_1920_1080_daylight_2/15209533.jpg,2,1,1,1,1,1,1,1,1,1,1,1,1,1,1,1,1,1,1,3,1,1,3,1,1,3,1,1,3,1,1,3,1,1,3,1,1,0,0,0,0,0,0,0,0,0
1711,data/aihub_traffic/test/images/d_validation_1920_1080_daylight_2/15209539.jpg,0,0,0,0,0,0,0,0,0,0,0,0,0,0,0,0,0,0,0,0,0,0,0,0,0,0,0,0,0,0,0,0,0,0,0,0,0,0,0,0,0,0,0,0,0,0
1712,data/aihub_traffic/test/images/d_validation_1920_1080_daylight_2/15210015.jpg,0,0,0,0,0,0,0,0,0,0,0,0,0,0,0,0,0,0,0,0,0,0,0,0,0,0,0,0,0,0,0,0,0,0,0,0,0,0,0,0,0,0,0,0,0,0
1713,data/aihub_traffic/test/images/d_validation_1920_1080_daylight_2/15210024.jpg,0,0,0,0,0,0,0,0,0,0,0,0,0,0,0,0,0,0,0,0,0,0,0,0,0,0,0,0,0,0,0,0,0,0,0,0,0,0,0,0,0,0,0,0,0,0
1714,data/aihub_traffic/test/images/d_validation_1920_1080_daylight_2/15210030.jpg,0,0,0,0,0,0,0,0,0,0,0,0,0,0,0,0,0,0,0,0,0,0,0,0,0,0,0,0,0,0,0,0,0,0,0,0,0,0,0,0,0,0,0,0,0,0
1715,data/aihub_traffic/test/images/d_validation_1920_1080_daylight_2/15210037.jpg,1,1,1,1,1,1,1,1,1,1,1,1,1,1,1,1,1,1,1,1,1,1,1,1,1,1,1,1,1,1,1,1,1,1,1,1,1,0,0,0,0,0,0,0,0,0
1716,data/aihub_traffic/test/images/d_validation_1920_1080_daylight_2/15210043.jpg,0,0,0,0,0,0,0,0,0,0,0,0,0,0,0,0,0,0,0,0,0,0,0,0,0,0,0,0,0,0,0,0,0,0,0,0,0,0,0,0,0,0,0,0,0,0
1717,data/aihub_traffic/test/images/d_validation_1920_1080_daylight_2/15210049.jpg,0,1,0,0,1,0,0,1,0,0,1,0,0,1,0,0,1,0,0,0,0,0,0,0,0,0,0,0,0,0,0,0,0,0,0,0,0,0,0,0,0,0,0,0,0,0
1718,data/aihub_traffic/test/images/d_validation_1920_1080_daylight_2/15210055.jpg,0,0,0,0,0,0,0,0,0,0,0,0,0,0,0,0,0,0,0,0,0,0,0,0,0,0,0,0,0,0,0,0,0,0,0,0,0,0,0,0,0,0,0,0,0,0
1719,data/aihub_traffic/test/images/d_validation_1920_1080_daylight_2/15210061.jpg,0,0,0,0,0,0,0,0,0,0,0,0,0,0,0,0,0,0,0,0,0,0,0,0,0,0,0,0,0,0,0,0,0,0,0,0,0,0,0,0,0,0,0,0,0,0
1720,data/aihub_traffic/test/images/d_validation_1920_1080_daylight_2/15210067.jpg,0,0,0,0,0,0,0,0,0,0,0,0,0,0,0,0,0,0,0,0,0,0,0,0,0,0,0,0,0,0,0,0,0,0,0,0,0,0,0,0,0,0,0,0,0,0
1721,data/aihub_traffic/test/images/d_validation_1920_1080_daylight_2/15214888.jpg,0,0,0,0,0,0,0,0,0,0,0,0,0,0,0,0,0,0,0,0,0,0,0,0,0,0,0,0,0,0,0,0,0,0,0,0,0,0,0,0,0,0,0,0,0,0
1722,data/aihub_traffic/test/images/d_validation_1920_1080_daylight_2/15215990.jpg,0,0,0,0,0,0,0,0,0,0,0,0,0,0,0,0,0,0,0,0,0,0,0,0,0,0,0,0,0,0,0,0,0,0,0,0,0,0,0,0,0,0,0,0,0,0
1723,data/aihub_traffic/test/images/d_validation_1920_1080_daylight_2/15217045.jpg,0,0,0,0,0,0,0,0,0,0,0,0,0,0,0,0,0,0,0,0,0,0,0,0,0,0,0,0,0,0,0,0,0,0,0,0,0,0,0,0,0,0,0,0,0,0
1724,data/aihub_traffic/test/images/d_validation_1920_1080_daylight_2/15217099.jpg,0,0,0,0,0,0,0,0,0,0,0,0,0,0,0,0,0,0,0,0,0,0,0,0,0,0,0,0,0,0,0,0,0,0,0,0,0,0,0,0,0,0,0,0,0,0
1725,data/aihub_traffic/test/images/d_validation_1920_1080_daylight_2/15217161.jpg,0,0,0,0,0,0,0,0,0,0,0,0,0,0,0,0,0,0,0,0,0,0,0,0,0,0,0,0,0,0,0,0,0,0,0,0,0,0,0,0,0,0,0,0,0,0
1726,data/aihub_traffic/test/images/d_validation_1920_1080_daylight_2/15217167.jpg,0,0,0,0,0,0,0,0,0,0,0,0,0,0,0,0,0,0,0,0,0,0,0,0,0,0,0,0,0,0,0,0,0,0,0,0,0,0,0,0,0,0,0,0,0,0
1727,data/aihub_traffic/test/images/d_validation_1920_1080_daylight_2/15218677.jpg,0,0,0,0,0,0,0,0,0,0,0,0,0,0,0,0,0,0,0,0,0,0,0,0,0,0,0,0,0,0,0,0,0,0,0,0,0,0,0,0,0,0,0,0,0,0
1728,data/aihub_traffic/test/images/d_validation_1920_1080_daylight_2/15218913.jpg,0,0,0,0,0,0,0,0,0,0,0,0,0,0,0,0,0,0,0,0,0,0,0,0,0,0,0,0,0,0,0,0,0,0,0,0,0,0,0,0,0,0,0,0,0,0
1729,data/aihub_traffic/test/images/d_validation_1920_1080_daylight_2/15219087.jpg,0,0,0,0,0,0,0,0,0,0,0,0,0,0,0,0,0,0,0,0,0,0,0,0,0,0,0,0,0,0,0,0,0,0,0,0,0,0,0,0,0,0,0,0,0,0
1730,data/aihub_traffic/test/images/d_validation_1920_1080_daylight_2/15219373.jpg,0,0,0,0,0,0,0,0,0,0,0,0,0,0,0,0,0,0,0,0,0,0,0,0,0,0,0,0,0,0,0,0,0,0,0,0,0,0,0,0,0,0,0,0,0,0
1731,data/aihub_traffic/test/images/d_validation_1920_1080_daylight_2/15221872.jpg,3,2,1,1,2,1,1,2,1,1,2,1,1,2,1,1,2,1,1,4,3,3,4,3,3,4,3,3,4,3,3,4,3,3,4,3,3,0,0,0,0,0,0,0,0,0
1732,data/aihub_traffic/test/images/d_validation_1920_1080_daylight_2/15221878.jpg,1,1,1,1,1,1,1,1,1,1,1,1,1,1,1,1,1,1,1,1,1,1,1,1,1,1,1,1,1,1,1,1,1,1,1,1,1,0,0,0,0,0,0,0,0,0
1733,data/aihub_traffic/test/images/d_validation_1920_1080_daylight_2/15221884.jpg,3,2,1,1,2,1,1,2,1,1,2,1,1,2,1,1,2,1,1,2,1,1,2,1,1,2,1,1,2,1,1,2,1,1,2,1,1,0,0,0,0,0,0,0,0,0
1734,data/aihub_traffic/test/images/d_validation_1920_1080_daylight_2/15221891.jpg,6,6,5,5,6,5,5,6,5,5,6,5,5,6,5,5,6,5,5,5,5,5,5,5,5,5,5,5,5,5,5,5,5,5,5,5,5,0,0,0,0,0,0,0,0,0
1735,data/aihub_traffic/test/images/d_validation_1920_1080_daylight_2/15221897.jpg,2,3,2,2,3,2,2,3,2,2,3,2,2,3,2,2,3,2,2,3,2,2,3,2,2,3,2,2,3,2,2,3,2,2,3,2,2,0,0,0,0,0,0,0,0,0
1736,data/aihub_traffic/test/images/d_validation_1920_1080_daylight_2/15221903.jpg,2,2,2,2,2,2,2,2,2,2,2,2,2,2,2,2,2,2,2,2,2,2,2,2,2,2,2,2,2,2,2,2,2,2,2,2,2,0,0,0,0,0,0,0,0,0
1737,data/aihub_traffic/test/images/d_validation_1920_1080_daylight_2/15222105.jpg,1,1,1,1,1,1,1,1,1,1,1,1,1,1,1,1,1,1,1,1,1,1,1,1,1,1,1,1,1,1,1,1,1,1,1,1,1,0,0,0,0,0,0,0,0,0
1738,data/aihub_traffic/test/images/d_validation_1920_1080_daylight_2/15222111.jpg,0,0,0,0,0,0,0,0,0,0,0,0,0,0,0,0,0,0,0,0,0,0,0,0,0,0,0,0,0,0,0,0,0,0,0,0,0,0,0,0,0,0,0,0,0,0
1739,data/aihub_traffic/test/images/d_validation_1920_1080_daylight_2/15222117.jpg,0,1,0,0,1,0,0,1,0,0,1,0,0,1,0,0,1,0,0,1,0,0,1,0,0,1,0,0,1,0,0,1,0,0,1,0,0,0,0,0,0,0,0,0,0,0
1740,data/aihub_traffic/test/images/d_validation_1920_1080_daylight_2/15222123.jpg,0,0,0,0,0,0,0,0,0,0,0,0,0,0,0,0,0,0,0,0,0,0,0,0,0,0,0,0,0,0,0,0,0,0,0,0,0,0,0,0,0,0,0,0,0,0
1741,data/aihub_traffic/test/images/d_validation_1920_1080_daylight_2/15222129.jpg,0,0,0,0,0,0,0,0,0,0,0,0,0,0,0,0,0,0,0,0,0,0,0,0,0,0,0,0,0,0,0,0,0,0,0,0,0,0,0,0,0,0,0,0,0,0
1742,data/aihub_traffic/test/images/d_validation_1920_1080_daylight_2/15222136.jpg,2,2,1,1,2,1,1,2,1,1,2,1,1,2,1,1,2,1,1,2,1,1,2,1,1,2,1,1,2,1,1,2,1,1,2,1,1,0,0,0,0,0,0,0,0,0
1743,data/aihub_traffic/test/images/d_validation_1920_1080_daylight_2/15222142.jpg,4,3,3,3,3,3,3,3,3,3,3,3,3,3,3,3,3,3,3,3,3,3,3,3,3,3,3,3,3,3,3,3,3,3,3,3,3,0,0,0,0,0,0,0,0,0
1744,data/aihub_traffic/test/images/d_validation_1920_1080_daylight_2/15222148.jpg,3,3,2,2,3,2,2,3,2,2,3,2,2,3,2,2,3,2,2,3,2,2,3,2,2,3,2,2,3,2,2,3,2,2,3,2,2,0,0,0,0,0,0,0,0,0
1745,data/aihub_traffic/test/images/d_validation_1920_1080_daylight_2/15222154.jpg,1,2,1,1,2,1,1,2,1,1,2,1,1,2,1,1,2,1,1,2,1,1,2,1,1,2,1,1,2,1,1,2,1,1,2,1,1,0,0,0,0,0,0,0,0,0
1746,data/aihub_traffic/test/images/d_validation_1920_1080_daylight_2/15222161.jpg,0,0,0,0,0,0,0,0,0,0,0,0,0,0,0,0,0,0,0,0,0,0,0,0,0,0,0,0,0,0,0,0,0,0,0,0,0,0,0,0,0,0,0,0,0,0
1747,data/aihub_traffic/test/images/d_validation_1920_1080_daylight_2/15229564.jpg,0,0,0,0,0,0,0,0,0,0,0,0,0,0,0,0,0,0,0,0,0,0,0,0,0,0,0,0,0,0,0,0,0,0,0,0,0,0,0,0,0,0,0,0,0,0
1748,data/aihub_traffic/test/images/d_validation_1920_1080_daylight_2/15229571.jpg,0,0,0,0,0,0,0,0,0,0,0,0,0,0,0,0,0,0,0,0,0,0,0,0,0,0,0,0,0,0,0,0,0,0,0,0,0,0,0,0,0,0,0,0,0,0
1749,data/aihub_traffic/test/images/d_validation_1920_1080_daylight_2/15229581.jpg,0,0,0,0,0,0,0,0,0,0,0,0,0,0,0,0,0,0,0,0,0,0,0,0,0,0,0,0,0,0,0,0,0,0,0,0,0,0,0,0,0,0,0,0,0,0
1750,data/aihub_traffic/test/images/d_validation_1920_1080_daylight_2/15229770.jpg,1,1,1,1,1,1,1,1,1,1,1,1,0,1,1,0,1,1,0,1,1,1,1,1,1,1,1,1,1,1,1,1,1,1,1,1,1,0,0,0,0,0,0,0,0,0
1751,data/aihub_traffic/test/images/d_validation_1920_1080_daylight_2/15229976.jpg,0,0,0,0,0,0,0,0,0,0,0,0,0,0,0,0,0,0,0,1,0,0,1,0,0,1,0,0,1,0,0,1,0,0,1,0,0,0,0,0,0,0,0,0,0,0
1752,data/aihub_traffic/test/images/d_validation_1920_1080_daylight_2/15230093.jpg,0,0,0,0,0,0,0,0,0,0,0,0,0,0,0,0,0,0,0,1,0,0,1,0,0,1,0,0,1,0,0,1,0,0,1,0,0,0,0,0,0,0,0,0,0,0
1753,data/aihub_traffic/test/images/d_validation_1920_1080_daylight_2/15230323.jpg,1,1,0,0,1,0,0,1,0,0,1,0,0,1,0,0,1,0,0,0,0,0,0,0,0,0,0,0,0,0,0,0,0,0,0,0,0,0,0,0,0,0,0,0,0,0
1754,data/aihub_traffic/test/images/d_validation_1920_1080_daylight_2/15230486.jpg,0,0,0,0,0,0,0,0,0,0,0,0,0,0,0,0,0,0,0,0,0,0,0,0,0,0,0,0,0,0,0,0,0,0,0,0,0,0,0,0,0,0,0,0,0,0
1755,data/aihub_traffic/test/images/d_validation_1920_1080_daylight_2/15230558.jpg,1,1,1,1,1,1,1,1,1,1,1,1,1,1,1,1,1,1,1,1,1,1,1,1,1,1,1,1,1,1,1,1,1,1,1,1,1,0,0,0,0,0,0,0,0,0
1756,data/aihub_traffic/test/images/d_validation_1920_1080_daylight_2/15230588.jpg,4,3,3,3,3,3,3,3,3,3,3,3,3,3,3,3,3,3,3,4,3,2,4,3,2,4,3,2,4,3,2,4,3,2,4,3,2,0,0,0,0,0,0,0,0,0
1757,data/aihub_traffic/test/images/d_validation_1920_1080_daylight_2/15230680.jpg,7,4,4,2,4,4,2,4,4,2,4,4,2,4,4,2,4,4,2,4,4,2,4,4,2,4,4,2,4,4,2,4,4,2,4,4,2,0,0,0,0,0,0,0,0,0
1758,data/aihub_traffic/test/images/d_validation_1920_1080_daylight_2/15230950.jpg,2,1,0,0,1,0,0,1,0,0,1,0,0,1,0,0,1,0,0,1,0,0,1,0,0,1,0,0,1,0,0,1,0,0,1,0,0,0,0,0,0,0,0,0,0,0
1759,data/aihub_traffic/test/images/d_validation_1920_1080_daylight_2/15230956.jpg,2,1,0,0,1,0,0,1,0,0,1,0,0,1,0,0,1,0,0,1,0,0,1,0,0,1,0,0,1,0,0,1,0,0,1,0,0,0,0,0,0,0,0,0,0,0
1760,data/aihub_traffic/test/images/d_validation_1920_1080_daylight_2/15230962.jpg,2,1,0,0,1,0,0,1,0,0,1,0,0,1,0,0,1,0,0,1,0,0,1,0,0,1,0,0,1,0,0,1,0,0,1,0,0,0,0,0,0,0,0,0,0,0
1761,data/aihub_traffic/test/images/d_validation_1920_1080_daylight_2/15230969.jpg,2,1,0,0,1,0,0,1,0,0,1,0,0,1,0,0,1,0,0,0,0,0,0,0,0,0,0,0,0,0,0,0,0,0,0,0,0,0,0,0,0,0,0,0,0,0
1762,data/aihub_traffic/test/images/d_validation_1920_1080_daylight_2/15230976.jpg,2,0,0,0,0,0,0,0,0,0,0,0,0,0,0,0,0,0,0,0,0,0,0,0,0,0,0,0,0,0,0,0,0,0,0,0,0,0,0,0,0,0,0,0,0,0
1763,data/aihub_traffic/test/images/d_validation_1920_1080_daylight_2/15230983.jpg,4,1,1,1,1,1,1,1,1,1,1,1,1,1,1,1,1,1,1,1,0,0,1,0,0,1,0,0,1,0,0,1,0,0,1,0,0,0,0,0,0,0,0,0,0,0
1764,data/aihub_traffic/test/images/d_validation_1920_1080_daylight_2/15230990.jpg,5,1,1,1,1,1,1,1,1,1,1,1,1,1,1,1,1,1,1,1,1,1,1,1,1,1,1,1,1,1,1,1,1,1,1,1,1,0,0,0,0,0,0,0,0,0
1765,data/aihub_traffic/test/images/d_validation_1920_1080_daylight_2/15230996.jpg,5,3,3,2,3,3,2,3,3,2,3,3,2,3,3,2,3,3,2,3,3,2,3,3,2,3,3,2,3,3,2,3,3,2,3,3,2,0,0,0,0,0,0,0,0,0
1766,data/aihub_traffic/test/images/d_validation_1920_1080_daylight_2/15231089.jpg,12,4,4,4,4,4,4,4,4,4,4,4,4,4,4,4,4,4,4,4,4,4,4,4,4,4,4,4,4,4,4,4,4,4,4,4,4,0,0,0,0,0,0,0,0,0
1767,data/aihub_traffic/test/images/d_validation_1920_1080_daylight_2/15231095.jpg,12,4,4,4,4,4,4,4,4,4,4,4,4,4,4,4,4,4,4,4,4,4,4,4,4,4,4,4,4,4,4,4,4,4,4,4,4,0,0,0,0,0,0,0,0,0
1768,data/aihub_traffic/test/images/d_validation_1920_1080_daylight_2/15231102.jpg,12,4,4,4,4,4,4,4,4,4,4,4,4,4,4,4,4,4,4,4,4,4,4,4,4,4,4,4,4,4,4,4,4,4,4,4,4,0,0,0,0,0,0,0,0,0
1769,data/aihub_traffic/test/images/d_validation_1920_1080_daylight_2/15231580.jpg,2,2,1,1,2,1,1,2,1,1,2,1,1,2,1,1,2,1,1,1,1,1,1,1,1,1,1,1,1,1,1,1,1,1,1,1,1,0,0,0,0,0,0,0,0,0
1770,data/aihub_traffic/test/images/d_validation_1920_1080_daylight_2/15231715.jpg,2,0,0,0,0,0,0,0,0,0,0,0,0,0,0,0,0,0,0,0,0,0,0,0,0,0,0,0,0,0,0,0,0,0,0,0,0,0,0,0,0,0,0,0,0,0
1771,data/aihub_traffic/test/images/d_validation_1920_1080_daylight_2/15231723.jpg,0,0,0,0,0,0,0,0,0,0,0,0,0,0,0,0,0,0,0,0,0,0,0,0,0,0,0,0,0,0,0,0,0,0,0,0,0,0,0,0,0,0,0,0,0,0
1772,data/aihub_traffic/test/images/d_validation_1920_1080_daylight_2/15231730.jpg,0,0,0,0,0,0,0,0,0,0,0,0,0,0,0,0,0,0,0,0,0,0,0,0,0,0,0,0,0,0,0,0,0,0,0,0,0,0,0,0,0,0,0,0,0,0
1773,data/aihub_traffic/test/images/d_validation_1920_1080_daylight_2/15231737.jpg,0,0,0,0,0,0,0,0,0,0,0,0,0,0,0,0,0,0,0,0,0,0,0,0,0,0,0,0,0,0,0,0,0,0,0,0,0,0,0,0,0,0,0,0,0,0
1774,data/aihub_traffic/test/images/d_validation_1920_1080_daylight_2/15231909.jpg,0,0,0,0,0,0,0,0,0,0,0,0,0,0,0,0,0,0,0,0,0,0,0,0,0,0,0,0,0,0,0,0,0,0,0,0,0,0,0,0,0,0,0,0,0,0
1775,data/aihub_traffic/test/images/d_validation_1920_1080_daylight_2/15231916.jpg,1,0,0,0,0,0,0,0,0,0,0,0,0,0,0,0,0,0,0,0,0,0,0,0,0,0,0,0,0,0,0,0,0,0,0,0,0,0,0,0,0,0,0,0,0,0
1776,data/aihub_traffic/test/images/d_validation_1920_1080_daylight_2/15231923.jpg,0,0,0,0,0,0,0,0,0,0,0,0,0,0,0,0,0,0,0,0,0,0,0,0,0,0,0,0,0,0,0,0,0,0,0,0,0,0,0,0,0,0,0,0,0,0
1777,data/aihub_traffic/test/images/d_validation_1920_1080_daylight_2/15231988.jpg,0,0,0,0,0,0,0,0,0,0,0,0,0,0,0,0,0,0,0,0,0,0,0,0,0,0,0,0,0,0,0,0,0,0,0,0,0,0,0,0,0,0,0,0,0,0
1778,data/aihub_traffic/test/images/d_validation_1920_1080_daylight_2/15232200.jpg,0,0,0,0,0,0,0,0,0,0,0,0,0,0,0,0,0,0,0,0,0,0,0,0,0,0,0,0,0,0,0,0,0,0,0,0,0,0,0,0,0,0,0,0,0,0
1779,data/aihub_traffic/test/images/d_validation_1920_1080_daylight_2/15242400.jpg,4,4,4,3,4,4,3,4,4,3,4,4,3,4,4,3,4,4,3,4,4,4,4,4,4,4,4,4,4,4,4,4,4,4,4,4,4,0,0,0,0,0,0,0,0,0
1780,data/aihub_traffic/test/images/d_validation_1920_1080_daylight_2/15242406.jpg,4,3,3,3,3,3,3,3,3,3,3,3,3,3,3,3,3,3,3,2,2,2,2,2,2,2,2,2,2,2,2,2,2,2,2,2,2,0,0,0,0,0,0,0,0,0
1781,data/aihub_traffic/test/images/d_validation_1920_1080_daylight_2/15242515.jpg,2,2,2,1,2,2,1,2,2,1,2,2,1,2,2,1,2,2,1,1,1,1,1,1,1,1,1,1,1,1,1,1,1,1,1,1,1,0,0,0,0,0,0,0,0,0
1782,data/aihub_traffic/test/images/d_validation_1920_1080_daylight_2/15242521.jpg,0,0,0,0,0,0,0,0,0,0,0,0,0,0,0,0,0,0,0,0,0,0,0,0,0,0,0,0,0,0,0,0,0,0,0,0,0,0,0,0,0,0,0,0,0,0
1783,data/aihub_traffic/test/images/d_validation_1920_1080_daylight_2/15242673.jpg,0,0,0,0,0,0,0,0,0,0,0,0,0,0,0,0,0,0,0,0,0,0,0,0,0,0,0,0,0,0,0,0,0,0,0,0,0,0,0,0,0,0,0,0,0,0
1784,data/aihub_traffic/test/images/d_validation_1920_1080_daylight_2/15242679.jpg,1,0,0,0,0,0,0,0,0,0,0,0,0,0,0,0,0,0,0,0,0,0,0,0,0,0,0,0,0,0,0,0,0,0,0,0,0,0,0,0,0,0,0,0,0,0
1785,data/aihub_traffic/test/images/d_validation_1920_1080_daylight_2/15242947.jpg,1,1,1,1,1,1,1,1,1,1,1,1,1,1,1,1,1,1,1,1,1,1,1,1,1,1,1,1,1,1,1,1,1,1,1,1,1,0,0,0,0,0,0,0,0,0
1786,data/aihub_traffic/test/images/d_validation_1920_1080_daylight_2/15242953.jpg,3,1,1,1,1,1,1,1,1,1,1,1,1,1,1,1,1,1,1,1,1,1,1,1,1,1,1,1,1,1,1,1,1,1,1,1,1,0,0,0,0,0,0,0,0,0
1787,data/aihub_traffic/test/images/d_validation_1920_1080_daylight_2/15243349.jpg,6,3,3,3,3,3,3,3,3,3,3,3,3,3,3,3,3,3,3,3,3,3,3,3,3,3,3,3,3,3,3,3,3,3,3,3,3,0,0,0,0,0,0,0,0,0
1788,data/aihub_traffic/test/images/d_validation_1920_1080_daylight_2/15243362.jpg,1,1,1,1,1,1,1,1,1,1,1,1,1,1,1,1,1,1,1,2,1,1,2,1,1,2,1,1,2,1,1,2,1,1,2,1,1,0,0,0,0,0,0,0,0,0
1789,data/aihub_traffic/test/images/d_validation_1920_1080_daylight_2/15243736.jpg,1,1,1,1,1,1,1,1,1,1,1,1,1,1,1,1,1,1,1,1,1,1,1,1,1,1,1,1,1,1,1,1,1,1,1,1,1,0,0,0,0,0,0,0,0,0
1790,data/aihub_traffic/test/images/d_validation_1920_1080_daylight_2/15243856.jpg,0,0,0,0,0,0,0,0,0,0,0,0,0,0,0,0,0,0,0,0,0,0,0,0,0,0,0,0,0,0,0,0,0,0,0,0,0,0,0,0,0,0,0,0,0,0
1791,data/aihub_traffic/test/images/d_validation_1920_1080_daylight_2/15244153.jpg,4,1,1,1,1,1,1,1,1,1,1,1,1,1,1,1,1,1,1,1,1,1,1,1,1,1,1,1,1,1,1,1,1,1,1,1,1,0,0,0,0,0,0,0,0,0
1792,data/aihub_traffic/test/images/d_validation_1920_1080_daylight_2/15244161.jpg,0,0,0,0,0,0,0,0,0,0,0,0,0,0,0,0,0,0,0,0,0,0,0,0,0,0,0,0,0,0,0,0,0,0,0,0,0,0,0,0,0,0,0,0,0,0
1793,data/aihub_traffic/test/images/d_validation_1920_1080_daylight_2/15244714.jpg,0,1,0,0,1,0,0,1,0,0,1,0,0,1,0,0,1,0,0,1,0,0,1,0,0,1,0,0,1,0,0,1,0,0,1,0,0,0,0,0,0,0,0,0,0,0
1794,data/aihub_traffic/test/images/d_validation_1920_1080_daylight_2/15245007.jpg,0,0,0,0,0,0,0,0,0,0,0,0,0,0,0,0,0,0,0,0,0,0,0,0,0,0,0,0,0,0,0,0,0,0,0,0,0,0,0,0,0,0,0,0,0,0
1795,data/aihub_traffic/test/images/d_validation_1920_1080_daylight_2/15252535.jpg,0,0,0,0,0,0,0,0,0,0,0,0,0,0,0,0,0,0,0,0,0,0,0,0,0,0,0,0,0,0,0,0,0,0,0,0,0,0,0,0,0,0,0,0,0,0
1796,data/aihub_traffic/test/images/d_validation_1920_1080_daylight_2/15252541.jpg,1,0,0,0,0,0,0,0,0,0,0,0,0,0,0,0,0,0,0,0,0,0,0,0,0,0,0,0,0,0,0,0,0,0,0,0,0,0,0,0,0,0,0,0,0,0
1797,data/aihub_traffic/test/images/d_validation_1920_1080_daylight_2/15252547.jpg,1,1,1,1,1,1,1,1,1,1,1,1,1,1,1,1,1,1,1,1,1,1,1,1,1,1,1,1,1,1,1,1,1,1,1,1,1,0,0,0,0,0,0,0,0,0
1798,data/aihub_traffic/test/images/d_validation_1920_1080_daylight_2/15252553.jpg,1,0,0,0,0,0,0,0,0,0,0,0,0,0,0,0,0,0,0,0,0,0,0,0,0,0,0,0,0,0,0,0,0,0,0,0,0,0,0,0,0,0,0,0,0,0
1799,data/aihub_traffic/test/images/d_validation_1920_1080_daylight_2/15252559.jpg,2,1,1,1,1,1,1,1,1,1,1,1,1,1,1,1,1,1,1,1,1,1,1,1,1,1,1,1,1,1,1,1,1,1,1,1,1,0,0,0,0,0,0,0,0,0
1800,data/aihub_traffic/test/images/d_validation_1920_1080_daylight_2/15252642.jpg,0,0,0,0,0,0,0,0,0,0,0,0,0,0,0,0,0,0,0,0,0,0,0,0,0,0,0,0,0,0,0,0,0,0,0,0,0,0,0,0,0,0,0,0,0,0
1801,data/aihub_traffic/test/images/d_validation_1920_1080_daylight_2/15252650.jpg,0,1,0,0,1,0,0,1,0,0,1,0,0,1,0,0,1,0,0,1,0,0,1,0,0,1,0,0,1,0,0,1,0,0,1,0,0,0,0,0,0,0,0,0,0,0
1802,data/aihub_traffic/test/images/d_validation_1920_1080_daylight_2/15252691.jpg,0,0,0,0,0,0,0,0,0,0,0,0,0,0,0,0,0,0,0,0,0,0,0,0,0,0,0,0,0,0,0,0,0,0,0,0,0,0,0,0,0,0,0,0,0,0
1803,data/aihub_traffic/test/images/d_validation_1920_1080_daylight_2/15252758.jpg,0,1,0,0,1,0,0,1,0,0,1,0,0,1,0,0,1,0,0,1,0,0,1,0,0,1,0,0,1,0,0,1,0,0,1,0,0,0,0,0,0,0,0,0,0,0
1804,data/aihub_traffic/test/images/d_validation_1920_1080_daylight_2/15253009.jpg,0,0,0,0,0,0,0,0,0,0,0,0,0,0,0,0,0,0,0,0,0,0,0,0,0,0,0,0,0,0,0,0,0,0,0,0,0,0,0,0,0,0,0,0,0,0
1805,data/aihub_traffic/test/images/d_validation_1920_1080_daylight_2/15253015.jpg,0,0,0,0,0,0,0,0,0,0,0,0,0,0,0,0,0,0,0,0,0,0,0,0,0,0,0,0,0,0,0,0,0,0,0,0,0,0,0,0,0,0,0,0,0,0
1806,data/aihub_traffic/test/images/d_validation_1920_1080_daylight_2/15253021.jpg,0,0,0,0,0,0,0,0,0,0,0,0,0,0,0,0,0,0,0,0,0,0,0,0,0,0,0,0,0,0,0,0,0,0,0,0,0,0,0,0,0,0,0,0,0,0
1807,data/aihub_traffic/test/images/d_validation_1920_1080_daylight_2/15253027.jpg,0,0,0,0,0,0,0,0,0,0,0,0,0,0,0,0,0,0,0,1,0,0,1,0,0,1,0,0,1,0,0,1,0,0,1,0,0,0,0,0,0,0,0,0,0,0
1808,data/aihub_traffic/test/images/d_validation_1920_1080_daylight_2/15253033.jpg,0,0,0,0,0,0,0,0,0,0,0,0,0,0,0,0,0,0,0,0,0,0,0,0,0,0,0,0,0,0,0,0,0,0,0,0,0,0,0,0,0,0,0,0,0,0
1809,data/aihub_traffic/test/images/d_validation_1920_1080_daylight_2/15253039.jpg,0,0,0,0,0,0,0,0,0,0,0,0,0,0,0,0,0,0,0,0,0,0,0,0,0,0,0,0,0,0,0,0,0,0,0,0,0,0,0,0,0,0,0,0,0,0
1810,data/aihub_traffic/test/images/d_validation_1920_1080_daylight_2/15253046.jpg,3,0,0,0,0,0,0,0,0,0,0,0,0,0,0,0,0,0,0,0,0,0,0,0,0,0,0,0,0,0,0,0,0,0,0,0,0,0,0,0,0,0,0,0,0,0
1811,data/aihub_traffic/test/images/d_validation_1920_1080_daylight_2/15263340.jpg,0,0,0,0,0,0,0,0,0,0,0,0,0,0,0,0,0,0,0,0,0,0,0,0,0,0,0,0,0,0,0,0,0,0,0,0,0,0,0,0,0,0,0,0,0,0
1812,data/aihub_traffic/test/images/d_validation_1920_1080_daylight_2/15263348.jpg,0,0,0,0,0,0,0,0,0,0,0,0,0,0,0,0,0,0,0,0,0,0,0,0,0,0,0,0,0,0,0,0,0,0,0,0,0,0,0,0,0,0,0,0,0,0
1813,data/aihub_traffic/test/images/d_validation_1920_1080_daylight_2/15263355.jpg,0,0,0,0,0,0,0,0,0,0,0,0,0,0,0,0,0,0,0,0,0,0,0,0,0,0,0,0,0,0,0,0,0,0,0,0,0,0,0,0,0,0,0,0,0,0
1814,data/aihub_traffic/test/images/d_validation_1920_1080_daylight_2/15263361.jpg,0,0,0,0,0,0,0,0,0,0,0,0,0,0,0,0,0,0,0,0,0,0,0,0,0,0,0,0,0,0,0,0,0,0,0,0,0,0,0,0,0,0,0,0,0,0
1815,data/aihub_traffic/test/images/d_validation_1920_1080_daylight_2/15263367.jpg,0,0,0,0,0,0,0,0,0,0,0,0,0,0,0,0,0,0,0,0,0,0,0,0,0,0,0,0,0,0,0,0,0,0,0,0,0,0,0,0,0,0,0,0,0,0
1816,data/aihub_traffic/test/images/d_validation_1920_1080_daylight_2/15263376.jpg,1,1,1,1,1,1,1,1,1,1,1,1,1,1,1,1,1,1,1,1,1,1,1,1,1,1,1,1,1,1,1,1,1,1,1,1,1,0,0,0,0,0,0,0,0,0
1817,data/aihub_traffic/test/images/d_validation_1920_1080_daylight_2/15263409.jpg,1,1,1,1,1,1,1,1,1,1,1,1,1,1,1,1,1,1,1,1,1,1,1,1,1,1,1,1,1,1,1,1,1,1,1,1,1,0,0,0,0,0,0,0,0,0
1818,data/aihub_traffic/test/images/d_validation_1920_1080_daylight_2/15263488.jpg,0,0,0,0,0,0,0,0,0,0,0,0,0,0,0,0,0,0,0,0,0,0,0,0,0,0,0,0,0,0,0,0,0,0,0,0,0,0,0,0,0,0,0,0,0,0
1819,data/aihub_traffic/test/images/d_validation_1920_1080_daylight_2/15263496.jpg,2,1,1,1,1,1,1,1,1,1,1,1,1,1,1,1,1,1,1,1,1,1,1,1,1,1,1,1,1,1,1,1,1,1,1,1,1,0,0,0,0,0,0,0,0,0
1820,data/aihub_traffic/test/images/d_validation_1920_1080_daylight_2/15263504.jpg,0,0,0,0,0,0,0,0,0,0,0,0,0,0,0,0,0,0,0,0,0,0,0,0,0,0,0,0,0,0,0,0,0,0,0,0,0,0,0,0,0,0,0,0,0,0
1821,data/aihub_traffic/test/images/d_validation_1920_1080_daylight_2/15263511.jpg,0,1,0,0,1,0,0,1,0,0,1,0,0,1,0,0,1,0,0,1,0,0,1,0,0,1,0,0,1,0,0,1,0,0,1,0,0,0,0,0,0,0,0,0,0,0
1822,data/aihub_traffic/test/images/d_validation_1920_1080_daylight_2/15263522.jpg,1,1,1,1,1,1,1,1,1,1,1,1,1,1,1,1,1,1,1,1,1,1,1,1,1,1,1,1,1,1,1,1,1,1,1,1,1,0,0,0,0,0,0,0,0,0
1823,data/aihub_traffic/test/images/d_validation_1920_1080_daylight_2/15263530.jpg,0,0,0,0,0,0,0,0,0,0,0,0,0,0,0,0,0,0,0,0,0,0,0,0,0,0,0,0,0,0,0,0,0,0,0,0,0,0,0,0,0,0,0,0,0,0
1824,data/aihub_traffic/test/images/d_validation_1920_1080_daylight_2/15263536.jpg,0,0,0,0,0,0,0,0,0,0,0,0,0,0,0,0,0,0,0,0,0,0,0,0,0,0,0,0,0,0,0,0,0,0,0,0,0,0,0,0,0,0,0,0,0,0
1825,data/aihub_traffic/test/images/d_validation_1920_1080_daylight_2/15263542.jpg,0,0,0,0,0,0,0,0,0,0,0,0,0,0,0,0,0,0,0,0,0,0,0,0,0,0,0,0,0,0,0,0,0,0,0,0,0,0,0,0,0,0,0,0,0,0
1826,data/aihub_traffic/test/images/d_validation_1920_1080_daylight_2/15263548.jpg,0,0,0,0,0,0,0,0,0,0,0,0,0,0,0,0,0,0,0,0,0,0,0,0,0,0,0,0,0,0,0,0,0,0,0,0,0,0,0,0,0,0,0,0,0,0
1827,data/aihub_traffic/test/images/d_validation_1920_1080_daylight_2/15268319.jpg,0,0,0,0,0,0,0,0,0,0,0,0,0,0,0,0,0,0,0,0,0,0,0,0,0,0,0,0,0,0,0,0,0,0,0,0,0,0,0,0,0,0,0,0,0,0
1828,data/aihub_traffic/test/images/d_validation_1920_1080_daylight_2/15268325.jpg,0,0,0,0,0,0,0,0,0,0,0,0,0,0,0,0,0,0,0,0,0,0,0,0,0,0,0,0,0,0,0,0,0,0,0,0,0,0,0,0,0,0,0,0,0,0
1829,data/aihub_traffic/test/images/d_validation_1920_1080_daylight_2/15268331.jpg,3,0,0,0,0,0,0,0,0,0,0,0,0,0,0,0,0,0,0,0,0,0,0,0,0,0,0,0,0,0,0,0,0,0,0,0,0,0,0,0,0,0,0,0,0,0
1830,data/aihub_traffic/test/images/d_validation_1920_1080_daylight_2/15268337.jpg,1,0,0,0,0,0,0,0,0,0,0,0,0,0,0,0,0,0,0,0,0,0,0,0,0,0,0,0,0,0,0,0,0,0,0,0,0,0,0,0,0,0,0,0,0,0
1831,data/aihub_traffic/test/images/d_validation_1920_1080_daylight_2/15268348.jpg,0,0,0,0,0,0,0,0,0,0,0,0,0,0,0,0,0,0,0,0,0,0,0,0,0,0,0,0,0,0,0,0,0,0,0,0,0,0,0,0,0,0,0,0,0,0
1832,data/aihub_traffic/test/images/d_validation_1920_1080_daylight_2/15268355.jpg,0,0,0,0,0,0,0,0,0,0,0,0,0,0,0,0,0,0,0,0,0,0,0,0,0,0,0,0,0,0,0,0,0,0,0,0,0,0,0,0,0,0,0,0,0,0
1833,data/aihub_traffic/test/images/d_validation_1920_1080_daylight_2/15268361.jpg,0,0,0,0,0,0,0,0,0,0,0,0,0,0,0,0,0,0,0,0,0,0,0,0,0,0,0,0,0,0,0,0,0,0,0,0,0,0,0,0,0,0,0,0,0,0
1834,data/aihub_traffic/test/images/d_validation_1920_1080_daylight_2/15268367.jpg,0,0,0,0,0,0,0,0,0,0,0,0,0,0,0,0,0,0,0,0,0,0,0,0,0,0,0,0,0,0,0,0,0,0,0,0,0,0,0,0,0,0,0,0,0,0
1835,data/aihub_traffic/test/images/d_validation_1920_1080_daylight_2/15268373.jpg,0,0,0,0,0,0,0,0,0,0,0,0,0,0,0,0,0,0,0,0,0,0,0,0,0,0,0,0,0,0,0,0,0,0,0,0,0,0,0,0,0,0,0,0,0,0
1836,data/aihub_traffic/test/images/d_validation_1920_1080_daylight_2/15268379.jpg,0,0,0,0,0,0,0,0,0,0,0,0,0,0,0,0,0,0,0,0,0,0,0,0,0,0,0,0,0,0,0,0,0,0,0,0,0,0,0,0,0,0,0,0,0,0
1837,data/aihub_traffic/test/images/d_validation_1920_1080_daylight_2/15268388.jpg,0,0,0,0,0,0,0,0,0,0,0,0,0,0,0,0,0,0,0,0,0,0,0,0,0,0,0,0,0,0,0,0,0,0,0,0,0,0,0,0,0,0,0,0,0,0
1838,data/aihub_traffic/test/images/d_validation_1920_1080_daylight_2/15268395.jpg,0,0,0,0,0,0,0,0,0,0,0,0,0,0,0,0,0,0,0,0,0,0,0,0,0,0,0,0,0,0,0,0,0,0,0,0,0,0,0,0,0,0,0,0,0,0
1839,data/aihub_traffic/test/images/d_validation_1920_1080_daylight_2/15268401.jpg,0,0,0,0,0,0,0,0,0,0,0,0,0,0,0,0,0,0,0,0,0,0,0,0,0,0,0,0,0,0,0,0,0,0,0,0,0,0,0,0,0,0,0,0,0,0
1840,data/aihub_traffic/test/images/d_validation_1920_1080_daylight_2/15268407.jpg,0,0,0,0,0,0,0,0,0,0,0,0,0,0,0,0,0,0,0,0,0,0,0,0,0,0,0,0,0,0,0,0,0,0,0,0,0,0,0,0,0,0,0,0,0,0
1841,data/aihub_traffic/test/images/d_validation_1920_1080_daylight_2/15268413.jpg,0,0,0,0,0,0,0,0,0,0,0,0,0,0,0,0,0,0,0,0,0,0,0,0,0,0,0,0,0,0,0,0,0,0,0,0,0,0,0,0,0,0,0,0,0,0
1842,data/aihub_traffic/test/images/d_validation_1920_1080_daylight_2/15268422.jpg,0,0,0,0,0,0,0,0,0,0,0,0,0,0,0,0,0,0,0,0,0,0,0,0,0,0,0,0,0,0,0,0,0,0,0,0,0,0,0,0,0,0,0,0,0,0
1843,data/aihub_traffic/test/images/d_validation_1920_1080_daylight_2/15274598.jpg,1,1,1,1,1,1,1,1,1,1,1,1,1,1,1,1,1,1,1,1,1,1,1,1,1,1,1,1,1,1,1,1,1,1,1,1,1,0,0,0,0,0,0,0,0,0
1844,data/aihub_traffic/test/images/d_validation_1920_1080_daylight_2/15274604.jpg,1,1,1,1,1,1,1,1,1,1,1,1,1,1,1,1,1,1,1,1,1,1,1,1,1,1,1,1,1,1,1,1,1,1,1,1,1,0,0,0,0,0,0,0,0,0
1845,data/aihub_traffic/test/images/d_validation_1920_1080_daylight_2/15274672.jpg,0,0,0,0,0,0,0,0,0,0,0,0,0,0,0,0,0,0,0,0,0,0,0,0,0,0,0,0,0,0,0,0,0,0,0,0,0,0,0,0,0,0,0,0,0,0
1846,data/aihub_traffic/test/images/d_validation_1920_1080_daylight_2/15274679.jpg,2,3,2,1,3,2,1,3,2,1,3,2,1,3,2,1,3,2,1,3,2,2,3,2,2,3,2,2,3,2,2,3,2,2,3,2,2,0,0,0,0,0,0,0,0,0
1847,data/aihub_traffic/test/images/d_validation_1920_1080_daylight_2/15274685.jpg,0,0,0,0,0,0,0,0,0,0,0,0,0,0,0,0,0,0,0,0,0,0,0,0,0,0,0,0,0,0,0,0,0,0,0,0,0,0,0,0,0,0,0,0,0,0
1848,data/aihub_traffic/test/images/d_validation_1920_1080_daylight_2/15274691.jpg,2,0,0,0,0,0,0,0,0,0,0,0,0,0,0,0,0,0,0,0,0,0,0,0,0,0,0,0,0,0,0,0,0,0,0,0,0,0,0,0,0,0,0,0,0,0
1849,data/aihub_traffic/test/images/d_validation_1920_1080_daylight_2/15274698.jpg,2,1,1,1,1,1,1,1,1,1,1,1,1,1,1,1,1,1,1,1,1,1,1,1,1,1,1,1,1,1,1,1,1,1,1,1,1,0,0,0,0,0,0,0,0,0
1850,data/aihub_traffic/test/images/d_validation_1920_1080_daylight_2/15274708.jpg,0,0,0,0,0,0,0,0,0,0,0,0,0,0,0,0,0,0,0,0,0,0,0,0,0,0,0,0,0,0,0,0,0,0,0,0,0,0,0,0,0,0,0,0,0,0
1851,data/aihub_traffic/test/images/d_validation_1920_1080_daylight_2/15274714.jpg,0,0,0,0,0,0,0,0,0,0,0,0,0,0,0,0,0,0,0,0,0,0,0,0,0,0,0,0,0,0,0,0,0,0,0,0,0,0,0,0,0,0,0,0,0,0
1852,data/aihub_traffic/test/images/d_validation_1920_1080_daylight_2/15274724.jpg,0,0,0,0,0,0,0,0,0,0,0,0,0,0,0,0,0,0,0,0,0,0,0,0,0,0,0,0,0,0,0,0,0,0,0,0,0,0,0,0,0,0,0,0,0,0
1853,data/aihub_traffic/test/images/d_validation_1920_1080_daylight_2/15274730.jpg,0,0,0,0,0,0,0,0,0,0,0,0,0,0,0,0,0,0,0,0,0,0,0,0,0,0,0,0,0,0,0,0,0,0,0,0,0,0,0,0,0,0,0,0,0,0
1854,data/aihub_traffic/test/images/d_validation_1920_1080_daylight_2/15274745.jpg,1,1,1,1,1,1,1,1,1,1,1,1,1,1,1,1,1,1,1,1,1,1,1,1,1,1,1,1,1,1,1,1,1,1,1,1,1,0,0,0,0,0,0,0,0,0
1855,data/aihub_traffic/test/images/d_validation_1920_1080_daylight_2/15274751.jpg,0,1,0,0,1,0,0,1,0,0,1,0,0,1,0,0,1,0,0,1,0,0,1,0,0,1,0,0,1,0,0,1,0,0,1,0,0,0,0,0,0,0,0,0,0,0
1856,data/aihub_traffic/test/images/d_validation_1920_1080_daylight_2/15274757.jpg,0,1,0,0,1,0,0,1,0,0,1,0,0,1,0,0,1,0,0,0,0,0,0,0,0,0,0,0,0,0,0,0,0,0,0,0,0,0,0,0,0,0,0,0,0,0
1857,data/aihub_traffic/test/images/d_validation_1920_1080_daylight_2/15274763.jpg,1,1,1,1,1,1,1,1,1,1,1,1,1,1,1,1,1,1,1,1,1,1,1,1,1,1,1,1,1,1,1,1,1,1,1,1,1,0,0,0,0,0,0,0,0,0
1858,data/aihub_traffic/test/images/d_validation_1920_1080_daylight_2/15274769.jpg,0,0,0,0,0,0,0,0,0,0,0,0,0,0,0,0,0,0,0,0,0,0,0,0,0,0,0,0,0,0,0,0,0,0,0,0,0,0,0,0,0,0,0,0,0,0
1859,data/aihub_traffic/test/images/d_validation_1920_1080_daylight_2/15321034.jpg,5,0,0,0,0,0,0,0,0,0,0,0,0,0,0,0,0,0,0,1,0,0,1,0,0,1,0,0,1,0,0,1,0,0,1,0,0,0,0,0,0,0,0,0,0,0
1860,data/aihub_traffic/test/images/d_validation_1920_1080_daylight_2/15321041.jpg,11,5,5,4,5,5,4,5,5,4,5,5,4,5,5,4,5,5,4,5,5,4,5,5,4,5,5,4,5,5,4,5,5,4,5,5,4,0,0,0,0,0,0,0,0,0
1861,data/aihub_traffic/test/images/d_validation_1920_1080_daylight_2/15321047.jpg,7,5,5,3,5,5,3,5,5,3,5,5,3,5,5,3,5,5,3,5,5,3,5,5,3,5,5,3,5,5,3,5,5,3,5,5,3,0,0,0,0,0,0,0,0,0
1862,data/aihub_traffic/test/images/d_validation_1920_1080_daylight_2/15321054.jpg,9,7,6,3,7,6,3,7,6,3,7,6,3,7,6,3,7,6,3,6,5,3,6,5,3,6,5,3,6,5,3,6,5,3,6,5,3,0,0,0,0,0,0,0,0,0
1863,data/aihub_traffic/test/images/d_validation_1920_1080_daylight_2/15321063.jpg,10,9,7,4,9,7,4,9,7,4,9,7,5,9,7,5,9,7,5,10,8,4,10,8,4,10,8,4,10,8,4,10,8,4,10,8,4,0,0,0,0,0,0,0,0,0
1864,data/aihub_traffic/test/images/d_validation_1920_1080_daylight_2/15321070.jpg,4,6,2,1,6,2,1,6,2,1,6,2,1,6,2,1,6,2,1,6,3,1,6,3,1,6,3,1,6,3,1,6,3,1,6,3,1,0,0,0,0,0,0,0,0,0
1865,data/aihub_traffic/test/images/d_validation_1920_1080_daylight_2/15321306.jpg,4,2,2,2,2,2,2,2,2,2,2,2,2,2,2,2,2,2,2,2,2,2,2,2,2,2,2,2,2,2,2,2,2,2,2,2,2,0,0,0,0,0,0,0,0,0
1866,data/aihub_traffic/test/images/d_validation_1920_1080_daylight_2/15321312.jpg,4,3,2,2,3,2,2,3,2,2,3,2,2,3,2,2,3,2,2,3,2,2,3,2,2,3,2,2,3,2,2,3,2,2,3,2,2,0,0,0,0,0,0,0,0,0
1867,data/aihub_traffic/test/images/d_validation_1920_1080_daylight_2/15321319.jpg,6,5,2,2,5,2,2,5,2,2,5,2,2,5,2,2,5,2,2,5,3,3,5,3,3,5,3,3,5,3,3,5,3,3,5,3,3,0,0,0,0,0,0,0,0,0
1868,data/aihub_traffic/test/images/d_validation_1920_1080_daylight_2/15321325.jpg,6,3,3,3,3,3,3,3,3,3,3,3,3,3,3,3,3,3,3,3,3,3,3,3,3,3,3,3,3,3,3,3,3,3,3,3,3,0,0,0,0,0,0,0,0,0
1869,data/aihub_traffic/test/images/d_validation_1920_1080_daylight_2/15321664.jpg,5,2,2,2,2,2,2,2,2,2,2,2,2,2,2,2,2,2,2,2,2,2,2,2,2,2,2,2,2,2,2,2,2,2,2,2,2,0,0,0,0,0,0,0,0,0
1870,data/aihub_traffic/test/images/d_validation_1920_1080_daylight_2/15321671.jpg,3,4,3,3,4,3,3,4,3,3,4,3,3,4,3,3,4,3,3,4,3,3,4,3,3,4,3,3,4,3,3,4,3,3,4,3,3,0,0,0,0,0,0,0,0,0
1871,data/aihub_traffic/test/images/d_validation_1920_1080_daylight_2/15321678.jpg,7,6,5,3,6,5,3,6,5,3,6,5,3,6,5,3,6,5,3,5,5,3,5,5,3,5,5,3,5,5,3,5,5,3,5,5,3,0,0,0,0,0,0,0,0,0
1872,data/aihub_traffic/test/images/d_validation_1920_1080_daylight_2/15321684.jpg,2,2,2,2,2,2,2,2,2,2,2,2,2,2,2,2,2,2,2,2,2,2,2,2,2,2,2,2,2,2,2,2,2,2,2,2,2,0,0,0,0,0,0,0,0,0
1873,data/aihub_traffic/test/images/d_validation_1920_1080_daylight_2/15334516.jpg,7,9,5,5,9,5,5,9,5,5,9,5,5,9,5,5,9,5,5,8,5,5,8,5,5,8,5,5,8,5,5,8,5,5,8,5,5,0,0,0,0,0,0,0,0,0
1874,data/aihub_traffic/test/images/d_validation_1920_1080_daylight_2/15334530.jpg,9,7,7,6,7,7,6,7,7,6,7,7,6,7,7,6,7,7,6,7,7,7,7,7,7,7,7,7,7,7,7,7,7,7,7,7,7,0,0,0,0,0,0,0,0,0
1875,data/aihub_traffic/test/images/d_validation_1920_1080_daylight_2/15334536.jpg,3,3,3,3,3,3,3,3,3,3,3,3,3,3,3,3,3,3,3,3,3,3,3,3,3,3,3,3,3,3,3,3,3,3,3,3,3,0,0,0,0,0,0,0,0,0
1876,data/aihub_traffic/test/images/d_validation_1920_1080_daylight_2/15334544.jpg,9,7,7,6,7,7,6,7,7,6,7,7,6,7,7,6,7,7,6,7,7,6,7,7,6,7,7,6,7,7,6,7,7,6,7,7,6,0,0,0,0,0,0,0,0,0
1877,data/aihub_traffic/test/images/d_validation_1920_1080_daylight_2/15334790.jpg,3,3,3,3,3,3,3,3,3,3,3,3,3,3,3,3,3,3,3,3,3,3,3,3,3,3,3,3,3,3,3,3,3,3,3,3,3,0,0,0,0,0,0,0,0,0
1878,data/aihub_traffic/test/images/d_validation_1920_1080_daylight_2/15334796.jpg,0,0,0,0,0,0,0,0,0,0,0,0,0,0,0,0,0,0,0,0,0,0,0,0,0,0,0,0,0,0,0,0,0,0,0,0,0,0,0,0,0,0,0,0,0,0
1879,data/aihub_traffic/test/images/d_validation_1920_1080_daylight_2/15334804.jpg,0,0,0,0,0,0,0,0,0,0,0,0,0,0,0,0,0,0,0,0,0,0,0,0,0,0,0,0,0,0,0,0,0,0,0,0,0,0,0,0,0,0,0,0,0,0
1880,data/aihub_traffic/test/images/d_validation_1920_1080_daylight_2/15334810.jpg,3,2,2,2,2,2,2,2,2,2,2,2,2,2,2,2,2,2,2,2,2,2,2,2,2,2,2,2,2,2,2,2,2,2,2,2,2,0,0,0,0,0,0,0,0,0
1881,data/aihub_traffic/test/images/d_validation_1920_1080_daylight_2/15335023.jpg,1,0,0,0,0,0,0,0,0,0,0,0,0,0,0,0,0,0,0,0,0,0,0,0,0,0,0,0,0,0,0,0,0,0,0,0,0,0,0,0,0,0,0,0,0,0
1882,data/aihub_traffic/test/images/d_validation_1920_1080_daylight_2/15335029.jpg,1,1,1,1,1,1,1,1,1,1,1,1,1,1,1,1,1,1,1,0,0,0,0,0,0,0,0,0,0,0,0,0,0,0,0,0,0,0,0,0,0,0,0,0,0,0
1883,data/aihub_traffic/test/images/d_validation_1920_1080_daylight_2/15335035.jpg,2,1,1,1,1,1,1,1,1,1,1,1,1,1,1,1,1,1,1,2,1,1,2,1,1,2,1,1,2,1,1,2,1,1,2,1,1,0,0,0,0,0,0,0,0,0
1884,data/aihub_traffic/test/images/d_validation_1920_1080_daylight_2/15335041.jpg,3,3,3,3,3,3,3,3,3,3,3,3,3,3,3,3,3,3,3,3,3,3,3,3,3,3,3,3,3,3,3,3,3,3,3,3,3,0,0,0,0,0,0,0,0,0
1885,data/aihub_traffic/test/images/d_validation_1920_1080_daylight_2/15335048.jpg,2,1,1,1,1,1,1,1,1,1,1,1,1,1,1,1,1,1,1,1,1,1,1,1,1,1,1,1,1,1,1,1,1,1,1,1,1,0,0,0,0,0,0,0,0,0
1886,data/aihub_traffic/test/images/d_validation_1920_1080_daylight_2/15335117.jpg,1,2,1,1,2,1,1,2,1,1,2,1,1,2,1,1,2,1,1,1,1,1,1,1,1,1,1,1,1,1,1,1,1,1,1,1,1,0,0,0,0,0,0,0,0,0
1887,data/aihub_traffic/test/images/d_validation_1920_1080_daylight_2/15335124.jpg,1,0,0,0,0,0,0,0,0,0,0,0,0,0,0,0,0,0,0,0,0,0,0,0,0,0,0,0,0,0,0,0,0,0,0,0,0,0,0,0,0,0,0,0,0,0
1888,data/aihub_traffic/test/images/d_validation_1920_1080_daylight_2/15340589.jpg,1,1,1,0,1,1,0,1,1,0,1,1,0,1,1,0,1,1,0,2,1,0,2,1,0,2,1,0,2,1,0,2,1,0,2,1,0,0,0,0,0,0,0,0,0,0
1889,data/aihub_traffic/test/images/d_validation_1920_1080_daylight_2/15340595.jpg,2,1,1,1,1,1,1,1,1,1,1,1,1,1,1,1,1,1,1,1,1,1,1,1,1,1,1,1,1,1,1,1,1,1,1,1,1,0,0,0,0,0,0,0,0,0
1890,data/aihub_traffic/test/images/d_validation_1920_1080_daylight_2/15340602.jpg,0,0,0,0,0,0,0,0,0,0,0,0,0,0,0,0,0,0,0,0,0,0,0,0,0,0,0,0,0,0,0,0,0,0,0,0,0,0,0,0,0,0,0,0,0,0
1891,data/aihub_traffic/test/images/d_validation_1920_1080_daylight_2/15340611.jpg,0,0,0,0,0,0,0,0,0,0,0,0,0,0,0,0,0,0,0,0,0,0,0,0,0,0,0,0,0,0,0,0,0,0,0,0,0,0,0,0,0,0,0,0,0,0
1892,data/aihub_traffic/test/images/d_validation_1920_1080_daylight_2/15340617.jpg,4,1,1,0,1,1,0,1,1,0,1,1,0,1,1,0,1,1,0,1,1,0,1,1,0,1,1,0,1,1,0,1,1,0,1,1,0,0,0,0,0,0,0,0,0,0
1893,data/aihub_traffic/test/images/d_validation_1920_1080_daylight_2/15340624.jpg,2,1,1,0,1,1,0,1,1,0,1,1,0,1,1,0,1,1,0,1,1,0,1,1,0,1,1,0,1,1,0,1,1,0,1,1,0,0,0,0,0,0,0,0,0,0
1894,data/aihub_traffic/test/images/d_validation_1920_1080_daylight_2/15340631.jpg,0,0,0,0,0,0,0,0,0,0,0,0,0,0,0,0,0,0,0,0,0,0,0,0,0,0,0,0,0,0,0,0,0,0,0,0,0,0,0,0,0,0,0,0,0,0
1895,data/aihub_traffic/test/images/d_validation_1920_1080_daylight_2/15340996.jpg,0,0,0,0,0,0,0,0,0,0,0,0,0,0,0,0,0,0,0,0,0,0,0,0,0,0,0,0,0,0,0,0,0,0,0,0,0,0,0,0,0,0,0,0,0,0
1896,data/aihub_traffic/test/images/d_validation_1920_1080_daylight_2/15341002.jpg,4,3,3,3,3,3,3,3,3,3,3,3,3,3,3,3,3,3,3,3,3,3,3,3,3,3,3,3,3,3,3,3,3,3,3,3,3,0,0,0,0,0,0,0,0,0
1897,data/aihub_traffic/test/images/d_validation_1920_1080_daylight_2/15341008.jpg,1,1,1,1,1,1,1,1,1,1,1,1,1,1,1,1,1,1,1,1,1,1,1,1,1,1,1,1,1,1,1,1,1,1,1,1,1,0,0,0,0,0,0,0,0,0
1898,data/aihub_traffic/test/images/d_validation_1920_1080_daylight_2/15341014.jpg,1,1,1,1,1,1,1,1,1,1,1,1,1,1,1,1,1,1,1,1,1,1,1,1,1,1,1,1,1,1,1,1,1,1,1,1,1,0,0,0,0,0,0,0,0,0
1899,data/aihub_traffic/test/images/d_validation_1920_1080_daylight_2/15341020.jpg,0,0,0,0,0,0,0,0,0,0,0,0,0,0,0,0,0,0,0,0,0,0,0,0,0,0,0,0,0,0,0,0,0,0,0,0,0,0,0,0,0,0,0,0,0,0
1900,data/aihub_traffic/test/images/d_validation_1920_1080_daylight_2/15341029.jpg,0,0,0,0,0,0,0,0,0,0,0,0,0,0,0,0,0,0,0,0,0,0,0,0,0,0,0,0,0,0,0,0,0,0,0,0,0,0,0,0,0,0,0,0,0,0
1901,data/aihub_traffic/test/images/d_validation_1920_1080_daylight_2/15341035.jpg,0,0,0,0,0,0,0,0,0,0,0,0,0,0,0,0,0,0,0,0,0,0,0,0,0,0,0,0,0,0,0,0,0,0,0,0,0,0,0,0,0,0,0,0,0,0
1902,data/aihub_traffic/test/images/d_validation_1920_1080_daylight_2/15341041.jpg,0,1,0,0,1,0,0,1,0,0,1,0,0,1,0,0,1,0,0,1,0,0,1,0,0,1,0,0,1,0,0,1,0,0,1,0,0,0,0,0,0,0,0,0,0,0
1903,data/aihub_traffic/test/images/d_validation_1920_1080_daylight_2/15341047.jpg,0,0,0,0,0,0,0,0,0,0,0,0,0,0,0,0,0,0,0,0,0,0,0,0,0,0,0,0,0,0,0,0,0,0,0,0,0,0,0,0,0,0,0,0,0,0
1904,data/aihub_traffic/test/images/d_validation_1920_1080_daylight_2/15346497.jpg,0,0,0,0,0,0,0,0,0,0,0,0,0,0,0,0,0,0,0,0,0,0,0,0,0,0,0,0,0,0,0,0,0,0,0,0,0,0,0,0,0,0,0,0,0,0
1905,data/aihub_traffic/test/images/d_validation_1920_1080_daylight_2/15346503.jpg,0,1,0,0,1,0,0,1,0,0,1,0,0,1,0,0,1,0,0,0,0,0,0,0,0,0,0,0,0,0,0,0,0,0,0,0,0,0,0,0,0,0,0,0,0,0
1906,data/aihub_traffic/test/images/d_validation_1920_1080_daylight_2/15346743.jpg,2,3,1,0,3,1,0,3,1,0,3,1,0,3,1,0,3,1,0,3,1,0,3,1,0,3,1,0,3,1,0,3,1,0,3,1,0,0,0,0,0,0,0,0,0,0
1907,data/aihub_traffic/test/images/d_validation_1920_1080_daylight_2/15346749.jpg,0,0,0,0,0,0,0,0,0,0,0,0,0,0,0,0,0,0,0,0,0,0,0,0,0,0,0,0,0,0,0,0,0,0,0,0,0,0,0,0,0,0,0,0,0,0
1908,data/aihub_traffic/test/images/d_validation_1920_1080_daylight_2/15346755.jpg,2,2,2,2,2,2,2,2,2,2,2,2,2,2,2,2,2,2,2,2,2,2,2,2,2,2,2,2,2,2,2,2,2,2,2,2,2,0,0,0,0,0,0,0,0,0
1909,data/aihub_traffic/test/images/d_validation_1920_1080_daylight_2/15346761.jpg,0,1,0,0,1,0,0,1,0,0,1,0,0,1,0,0,1,0,0,1,0,0,1,0,0,1,0,0,1,0,0,1,0,0,1,0,0,0,0,0,0,0,0,0,0,0
1910,data/aihub_traffic/test/images/d_validation_1920_1080_daylight_2/15346767.jpg,0,0,0,0,0,0,0,0,0,0,0,0,0,0,0,0,0,0,0,0,0,0,0,0,0,0,0,0,0,0,0,0,0,0,0,0,0,0,0,0,0,0,0,0,0,0
1911,data/aihub_traffic/test/images/d_validation_1920_1080_daylight_2/15346774.jpg,0,0,0,0,0,0,0,0,0,0,0,0,0,0,0,0,0,0,0,0,0,0,0,0,0,0,0,0,0,0,0,0,0,0,0,0,0,0,0,0,0,0,0,0,0,0
1912,data/aihub_traffic/test/images/d_validation_1920_1080_daylight_2/15346780.jpg,0,1,0,0,1,0,0,1,0,0,1,0,0,1,0,0,1,0,0,1,0,0,1,0,0,1,0,0,1,0,0,1,0,0,1,0,0,0,0,0,0,0,0,0,0,0
1913,data/aihub_traffic/test/images/d_validation_1920_1080_daylight_2/15346786.jpg,0,0,0,0,0,0,0,0,0,0,0,0,0,0,0,0,0,0,0,0,0,0,0,0,0,0,0,0,0,0,0,0,0,0,0,0,0,0,0,0,0,0,0,0,0,0
1914,data/aihub_traffic/test/images/d_validation_1920_1080_daylight_2/15346792.jpg,1,0,0,0,0,0,0,0,0,0,0,0,0,0,0,0,0,0,0,0,0,0,0,0,0,0,0,0,0,0,0,0,0,0,0,0,0,0,0,0,0,0,0,0,0,0
1915,data/aihub_traffic/test/images/d_validation_1920_1080_daylight_2/15346799.jpg,0,0,0,0,0,0,0,0,0,0,0,0,0,0,0,0,0,0,0,0,0,0,0,0,0,0,0,0,0,0,0,0,0,0,0,0,0,0,0,0,0,0,0,0,0,0
1916,data/aihub_traffic/test/images/d_validation_1920_1080_daylight_2/15346805.jpg,0,0,0,0,0,0,0,0,0,0,0,0,0,0,0,0,0,0,0,0,0,0,0,0,0,0,0,0,0,0,0,0,0,0,0,0,0,0,0,0,0,0,0,0,0,0
1917,data/aihub_traffic/test/images/d_validation_1920_1080_daylight_2/15346811.jpg,0,0,0,0,0,0,0,0,0,0,0,0,0,0,0,0,0,0,0,0,0,0,0,0,0,0,0,0,0,0,0,0,0,0,0,0,0,0,0,0,0,0,0,0,0,0
1918,data/aihub_traffic/test/images/d_validation_1920_1080_daylight_2/15346818.jpg,1,1,1,1,1,1,1,1,1,1,1,1,1,1,1,1,1,1,1,1,1,1,1,1,1,1,1,1,1,1,1,1,1,1,1,1,1,0,0,0,0,0,0,0,0,0
1919,data/aihub_traffic/test/images/d_validation_1920_1080_daylight_2/15346824.jpg,0,0,0,0,0,0,0,0,0,0,0,0,0,0,0,0,0,0,0,0,0,0,0,0,0,0,0,0,0,0,0,0,0,0,0,0,0,0,0,0,0,0,0,0,0,0
1920,data/aihub_traffic/test/images/d_validation_1920_1080_daylight_2/15346830.jpg,2,2,2,2,2,2,2,2,2,1,2,2,1,2,2,1,2,2,1,2,2,1,2,2,1,2,2,1,2,2,1,2,2,1,2,2,1,0,0,0,0,0,0,0,0,0
1921,data/aihub_traffic/test/images/d_validation_1920_1080_daylight_2/15381594.jpg,0,0,0,0,0,0,0,0,0,0,0,0,0,0,0,0,0,0,0,0,0,0,0,0,0,0,0,0,0,0,0,0,0,0,0,0,0,0,0,0,0,0,0,0,0,0
1922,data/aihub_traffic/test/images/d_validation_1920_1080_daylight_2/15381600.jpg,2,2,2,2,2,2,2,2,2,2,2,2,2,2,2,2,2,2,2,2,2,2,2,2,2,2,2,2,2,2,2,2,2,2,2,2,2,0,0,0,0,0,0,0,0,0
1923,data/aihub_traffic/test/images/d_validation_1920_1080_daylight_2/15381606.jpg,1,1,1,0,1,1,0,1,1,0,1,1,0,1,1,0,1,1,0,1,1,0,1,1,0,1,1,0,1,1,0,1,1,0,1,1,0,0,0,0,0,0,0,0,0,0
1924,data/aihub_traffic/test/images/d_validation_1920_1080_daylight_2/15381612.jpg,0,0,0,0,0,0,0,0,0,0,0,0,0,0,0,0,0,0,0,0,0,0,0,0,0,0,0,0,0,0,0,0,0,0,0,0,0,0,0,0,0,0,0,0,0,0
1925,data/aihub_traffic/test/images/d_validation_1920_1080_daylight_2/15381618.jpg,0,0,0,0,0,0,0,0,0,0,0,0,0,0,0,0,0,0,0,0,0,0,0,0,0,0,0,0,0,0,0,0,0,0,0,0,0,0,0,0,0,0,0,0,0,0
1926,data/aihub_traffic/test/images/d_validation_1920_1080_daylight_2/15381659.jpg,0,1,0,0,1,0,0,1,0,0,1,0,0,1,0,0,1,0,0,1,0,0,1,0,0,1,0,0,1,0,0,1,0,0,1,0,0,0,0,0,0,0,0,0,0,0
1927,data/aihub_traffic/test/images/d_validation_1920_1080_daylight_2/15381668.jpg,0,0,0,0,0,0,0,0,0,0,0,0,0,0,0,0,0,0,0,0,0,0,0,0,0,0,0,0,0,0,0,0,0,0,0,0,0,0,0,0,0,0,0,0,0,0
1928,data/aihub_traffic/test/images/d_validation_1920_1080_daylight_2/15381674.jpg,0,0,0,0,0,0,0,0,0,0,0,0,0,0,0,0,0,0,0,0,0,0,0,0,0,0,0,0,0,0,0,0,0,0,0,0,0,0,0,0,0,0,0,0,0,0
1929,data/aihub_traffic/test/images/d_validation_1920_1080_daylight_2/15381681.jpg,2,2,2,1,2,2,1,2,2,1,2,2,1,2,2,1,2,2,1,1,1,0,1,1,0,1,1,0,1,1,0,1,1,0,1,1,0,0,0,0,0,0,0,0,0,0
1930,data/aihub_traffic/test/images/d_validation_1920_1080_daylight_2/15381688.jpg,2,1,1,1,1,1,1,1,1,1,1,1,1,1,1,1,1,1,1,1,1,1,1,1,1,1,1,1,1,1,1,1,1,1,1,1,1,0,0,0,0,0,0,0,0,0
1931,data/aihub_traffic/test/images/d_validation_1920_1080_daylight_2/15381694.jpg,0,0,0,0,0,0,0,0,0,0,0,0,0,0,0,0,0,0,0,0,0,0,0,0,0,0,0,0,0,0,0,0,0,0,0,0,0,0,0,0,0,0,0,0,0,0
1932,data/aihub_traffic/test/images/d_validation_1920_1080_daylight_2/15381701.jpg,0,0,0,0,0,0,0,0,0,0,0,0,0,0,0,0,0,0,0,0,0,0,0,0,0,0,0,0,0,0,0,0,0,0,0,0,0,0,0,0,0,0,0,0,0,0
1933,data/aihub_traffic/test/images/d_validation_1920_1080_daylight_2/15381707.jpg,4,2,2,1,2,2,1,2,2,1,2,2,1,2,2,1,2,2,1,2,2,1,2,2,1,2,2,1,2,2,1,2,2,1,2,2,1,0,0,0,0,0,0,0,0,0
1934,data/aihub_traffic/test/images/d_validation_1920_1080_daylight_2/15381713.jpg,1,2,1,1,2,1,1,2,1,1,2,1,1,2,1,1,2,1,1,3,1,1,3,1,1,3,1,1,3,1,1,3,1,1,3,1,1,0,0,0,0,0,0,0,0,0
1935,data/aihub_traffic/test/images/d_validation_1920_1080_daylight_2/15382140.jpg,1,1,1,1,1,1,1,1,1,1,1,1,1,1,1,1,1,1,1,1,1,1,1,1,1,1,1,1,1,1,1,1,1,1,1,1,1,0,0,0,0,0,0,0,0,0
1936,data/aihub_traffic/test/images/d_validation_1920_1080_daylight_2/15382146.jpg,0,0,0,0,0,0,0,0,0,0,0,0,0,0,0,0,0,0,0,0,0,0,0,0,0,0,0,0,0,0,0,0,0,0,0,0,0,0,0,0,0,0,0,0,0,0
1937,data/aihub_traffic/test/images/d_validation_1920_1080_daylight_2/15405764.jpg,7,3,2,2,3,2,2,3,2,2,3,2,2,3,2,2,3,2,2,1,1,1,1,1,1,1,1,1,1,1,1,1,1,1,1,1,1,0,0,0,0,0,0,0,0,0
1938,data/aihub_traffic/test/images/d_validation_1920_1080_daylight_2/15405771.jpg,3,4,2,2,4,2,2,4,2,2,4,2,2,4,2,2,4,2,2,4,2,2,4,2,2,4,2,2,4,2,2,4,2,2,4,2,2,0,0,0,0,0,0,0,0,0
1939,data/aihub_traffic/test/images/d_validation_1920_1080_daylight_2/15405777.jpg,7,3,3,2,3,3,2,3,3,2,3,3,2,3,3,2,3,3,2,3,3,2,3,3,2,3,3,2,3,3,2,3,3,2,3,3,2,0,0,0,0,0,0,0,0,0
1940,data/aihub_traffic/test/images/d_validation_1920_1080_daylight_2/15405783.jpg,7,3,3,3,3,3,3,3,3,3,3,3,3,3,3,3,3,3,3,3,3,3,3,3,3,3,3,3,3,3,3,3,3,3,3,3,3,0,0,0,0,0,0,0,0,0
1941,data/aihub_traffic/test/images/d_validation_1920_1080_daylight_2/15405890.jpg,9,11,9,8,11,9,8,11,9,8,11,9,8,11,9,8,11,9,8,11,9,8,11,9,8,11,9,8,11,9,8,11,9,8,11,9,8,0,0,0,0,0,0,0,0,0
1942,data/aihub_traffic/test/images/d_validation_1920_1080_daylight_2/15405897.jpg,7,7,7,7,7,7,7,7,7,7,7,7,7,7,7,7,7,7,7,8,7,7,8,7,7,8,7,7,8,7,7,8,7,7,8,7,6,0,0,0,0,0,0,0,0,0
1943,data/aihub_traffic/test/images/d_validation_1920_1080_daylight_2/15405903.jpg,0,0,0,0,0,0,0,0,0,0,0,0,0,0,0,0,0,0,0,0,0,0,0,0,0,0,0,0,0,0,0,0,0,0,0,0,0,0,0,0,0,0,0,0,0,0
1944,data/aihub_traffic/test/images/d_validation_1920_1080_daylight_2/15405909.jpg,0,1,0,0,1,0,0,1,0,0,1,0,0,1,0,0,1,0,0,1,0,0,1,0,0,1,0,0,1,0,0,1,0,0,1,0,0,0,0,0,0,0,0,0,0,0
1945,data/aihub_traffic/test/images/d_validation_1920_1080_daylight_2/15405916.jpg,0,0,0,0,0,0,0,0,0,0,0,0,0,0,0,0,0,0,0,0,0,0,0,0,0,0,0,0,0,0,0,0,0,0,0,0,0,0,0,0,0,0,0,0,0,0
1946,data/aihub_traffic/test/images/d_validation_1920_1080_daylight_2/15406256.jpg,2,5,2,2,5,2,2,5,2,2,5,2,2,5,2,2,5,2,2,4,2,2,4,2,2,4,2,2,4,2,2,4,2,2,4,2,2,0,0,0,0,0,0,0,0,0
1947,data/aihub_traffic/test/images/d_validation_1920_1080_daylight_2/15406262.jpg,1,1,1,1,1,1,1,1,1,1,1,1,1,1,1,1,1,1,1,1,1,1,1,1,1,1,1,1,1,1,1,1,1,1,1,1,1,0,0,0,0,0,0,0,0,0
1948,data/aihub_traffic/test/images/d_validation_1920_1080_daylight_2/15406270.jpg,1,0,0,0,0,0,0,0,0,0,0,0,0,0,0,0,0,0,0,0,0,0,0,0,0,0,0,0,0,0,0,0,0,0,0,0,0,0,0,0,0,0,0,0,0,0
1949,data/aihub_traffic/test/images/d_validation_1920_1080_daylight_2/15406276.jpg,3,4,3,2,4,3,2,4,3,2,4,3,3,4,3,3,4,3,3,4,3,3,4,3,3,4,3,3,4,3,3,4,3,3,4,3,3,0,0,0,0,0,0,0,0,0
1950,data/aihub_traffic/test/images/d_validation_1920_1080_daylight_2/15406282.jpg,6,6,5,4,6,5,4,6,5,4,6,5,4,6,5,4,6,5,4,6,5,4,6,5,4,6,5,4,6,5,4,6,5,4,6,5,4,0,0,0,0,0,0,0,0,0
1951,data/aihub_traffic/test/images/d_validation_1920_1080_daylight_2/15406290.jpg,11,9,8,8,9,8,8,9,8,8,9,8,8,9,8,8,9,8,8,9,8,8,9,8,8,9,8,8,9,8,8,9,8,8,9,8,8,0,0,0,0,0,0,0,0,0
1952,data/aihub_traffic/test/images/d_validation_1920_1080_daylight_2/15406297.jpg,11,10,9,9,10,9,9,10,9,9,10,9,9,10,9,9,10,9,9,10,9,9,10,9,9,10,9,9,10,9,9,10,9,9,10,9,9,0,0,0,0,0,0,0,0,0
1953,data/aihub_traffic/test/images/d_validation_1920_1080_daylight_2/15419297.jpg,1,1,1,1,1,1,1,1,1,1,1,1,1,1,1,1,1,1,1,1,1,1,1,1,1,1,1,1,1,1,1,1,1,1,1,1,1,0,0,0,0,0,0,0,0,0
1954,data/aihub_traffic/test/images/d_validation_1920_1080_daylight_2/15421228.jpg,0,0,0,0,0,0,0,0,0,0,0,0,0,0,0,0,0,0,0,0,0,0,0,0,0,0,0,0,0,0,0,0,0,0,0,0,0,0,0,0,0,0,0,0,0,0
1955,data/aihub_traffic/test/images/d_validation_1920_1080_daylight_2/15423805.jpg,1,1,1,1,1,1,1,1,1,1,1,1,1,1,1,1,1,1,1,1,1,1,1,1,1,1,1,1,1,1,1,1,1,1,1,1,1,0,0,0,0,0,0,0,0,0
1956,data/aihub_traffic/test/images/d_validation_1920_1080_daylight_2/15423812.jpg,1,1,0,0,1,0,0,1,0,0,1,0,0,1,0,0,1,0,0,1,0,0,1,0,0,1,0,0,1,0,0,1,0,0,1,0,0,0,0,0,0,0,0,0,0,0
1957,data/aihub_traffic/test/images/d_validation_1920_1080_daylight_2/15424241.jpg,5,4,3,3,4,3,3,4,3,3,4,3,3,4,3,3,4,3,3,3,3,3,3,3,3,3,3,3,3,3,3,3,3,3,3,3,3,0,0,0,0,0,0,0,0,0
1958,data/aihub_traffic/test/images/d_validation_1920_1080_daylight_2/15424247.jpg,9,7,7,6,7,7,6,7,7,6,7,7,6,7,7,6,7,7,6,7,7,6,7,7,6,7,7,6,7,7,6,7,7,6,7,7,6,0,0,0,0,0,0,0,0,0
1959,data/aihub_traffic/test/images/d_validation_1920_1080_daylight_2/15424253.jpg,7,7,7,6,7,7,6,7,7,5,7,7,6,7,7,6,7,7,5,7,7,6,7,7,6,7,7,6,7,7,6,7,7,6,7,7,6,0,0,0,0,0,0,0,0,0
1960,data/aihub_traffic/test/images/d_validation_1920_1080_daylight_2/15424259.jpg,7,7,5,4,7,5,4,7,5,4,7,5,4,7,5,4,7,5,4,7,5,4,7,5,4,7,5,4,7,5,4,7,5,4,7,5,4,0,0,0,0,0,0,0,0,0
1961,data/aihub_traffic/test/images/d_validation_1920_1080_daylight_2/15424265.jpg,7,7,5,4,7,5,4,7,5,4,7,5,4,7,5,4,7,5,4,7,6,5,7,6,5,7,6,5,7,6,5,7,6,5,7,6,5,0,0,0,0,0,0,0,0,0
1962,data/aihub_traffic/test/images/d_validation_1920_1080_daylight_2/15424562.jpg,9,7,6,5,7,6,5,7,6,5,7,6,5,7,6,5,7,6,5,7,6,5,7,6,5,7,6,5,7,6,5,7,6,5,7,6,5,0,0,0,0,0,0,0,0,0
1963,data/aihub_traffic/test/images/d_validation_1920_1080_daylight_2/15424570.jpg,7,7,5,4,7,5,4,7,5,4,7,5,4,7,5,4,7,5,4,7,5,4,7,5,4,7,5,4,7,5,3,7,5,3,7,5,3,0,0,0,0,0,0,0,0,0
1964,data/aihub_traffic/test/images/d_validation_1920_1080_daylight_2/15424576.jpg,9,7,7,6,7,7,6,7,7,5,7,7,6,7,7,6,7,7,5,7,7,6,7,7,6,7,7,6,7,7,6,7,7,6,7,7,6,0,0,0,0,0,0,0,0,0
1965,data/aihub_traffic/test/images/d_validation_1920_1080_daylight_2/15424582.jpg,9,7,7,5,7,7,5,7,7,5,7,7,5,7,7,5,7,7,5,7,7,6,7,7,6,7,7,6,7,7,6,7,7,6,7,7,6,0,0,0,0,0,0,0,0,0
1966,data/aihub_traffic/test/images/d_validation_1920_1080_daylight_2/15424588.jpg,7,7,7,6,7,7,6,7,7,6,7,7,6,7,7,6,7,7,6,7,7,6,7,7,6,7,7,6,7,7,6,7,7,6,7,7,6,0,0,0,0,0,0,0,0,0
1967,data/aihub_traffic/test/images/d_validation_1920_1080_daylight_2/15424951.jpg,9,8,5,5,8,5,5,8,5,5,8,5,5,8,5,5,8,5,5,8,5,5,8,5,5,8,5,5,8,5,5,8,5,5,8,5,5,0,0,0,0,0,0,0,0,0
1968,data/aihub_traffic/test/images/d_validation_1920_1080_daylight_2/15424957.jpg,2,3,2,2,3,2,2,3,2,2,3,2,2,3,2,2,3,2,2,3,2,2,3,2,2,3,2,2,3,2,2,3,2,2,3,2,2,0,0,0,0,0,0,0,0,0
1969,data/aihub_traffic/test/images/d_validation_1920_1080_daylight_2/15424963.jpg,2,2,2,2,2,2,2,2,2,2,2,2,2,2,2,2,2,2,2,2,2,2,2,2,2,2,2,2,2,2,2,2,2,2,2,2,2,0,0,0,0,0,0,0,0,0
1970,data/aihub_traffic/test/images/d_validation_1920_1080_daylight_2/15436083.jpg,5,6,4,3,6,4,3,6,4,3,6,4,3,6,4,3,6,4,3,5,4,3,5,4,3,5,4,3,5,4,3,5,4,3,5,4,3,0,0,0,0,0,0,0,0,0
1971,data/aihub_traffic/test/images/d_validation_1920_1080_daylight_2/15437811.jpg,1,0,0,0,0,0,0,0,0,0,0,0,0,0,0,0,0,0,0,0,0,0,0,0,0,0,0,0,0,0,0,0,0,0,0,0,0,0,0,0,0,0,0,0,0,0
1972,data/aihub_traffic/test/images/d_validation_1920_1080_daylight_2/15439723.jpg,5,1,1,1,1,1,1,1,1,1,1,1,1,1,1,1,1,1,1,1,1,1,1,1,1,1,1,1,1,1,1,1,1,1,1,1,1,0,0,0,0,0,0,0,0,0
1973,data/aihub_traffic/test/images/d_validation_1920_1080_daylight_2/15439744.jpg,1,1,1,1,1,1,1,1,1,1,1,1,1,1,1,1,1,1,1,1,1,1,1,1,1,1,1,1,1,1,1,1,1,1,1,1,1,0,0,0,0,0,0,0,0,0
1974,data/aihub_traffic/test/images/d_validation_1920_1080_daylight_2/15439750.jpg,1,1,1,1,1,1,1,1,1,1,1,1,1,1,1,1,1,1,1,1,1,1,1,1,1,1,1,1,1,1,1,1,1,1,1,1,1,0,0,0,0,0,0,0,0,0
1975,data/aihub_traffic/test/images/d_validation_1920_1080_daylight_2/15443582.jpg,0,0,0,0,0,0,0,0,0,0,0,0,0,0,0,0,0,0,0,1,0,0,1,0,0,1,0,0,1,0,0,1,0,0,1,0,0,0,0,0,0,0,0,0,0,0
1976,data/aihub_traffic/test/images/d_validation_1920_1080_daylight_2/15443588.jpg,0,0,0,0,0,0,0,0,0,0,0,0,0,0,0,0,0,0,0,0,0,0,0,0,0,0,0,0,0,0,0,0,0,0,0,0,0,0,0,0,0,0,0,0,0,0
1977,data/aihub_traffic/test/images/d_validation_1920_1080_daylight_2/15443594.jpg,0,0,0,0,0,0,0,0,0,0,0,0,0,0,0,0,0,0,0,0,0,0,0,0,0,0,0,0,0,0,0,0,0,0,0,0,0,0,0,0,0,0,0,0,0,0
1978,data/aihub_traffic/test/images/d_validation_1920_1080_daylight_2/15443600.jpg,0,0,0,0,0,0,0,0,0,0,0,0,0,0,0,0,0,0,0,0,0,0,0,0,0,0,0,0,0,0,0,0,0,0,0,0,0,0,0,0,0,0,0,0,0,0
1979,data/aihub_traffic/test/images/d_validation_1920_1080_daylight_2/15443607.jpg,0,0,0,0,0,0,0,0,0,0,0,0,0,0,0,0,0,0,0,1,0,0,1,0,0,1,0,0,1,0,0,1,0,0,1,0,0,0,0,0,0,0,0,0,0,0
1980,data/aihub_traffic/test/images/d_validation_1920_1080_daylight_2/15443613.jpg,1,0,0,0,0,0,0,0,0,0,0,0,0,0,0,0,0,0,0,0,0,0,0,0,0,0,0,0,0,0,0,0,0,0,0,0,0,0,0,0,0,0,0,0,0,0
1981,data/aihub_traffic/test/images/d_validation_1920_1080_daylight_2/15443619.jpg,0,0,0,0,0,0,0,0,0,0,0,0,0,0,0,0,0,0,0,0,0,0,0,0,0,0,0,0,0,0,0,0,0,0,0,0,0,0,0,0,0,0,0,0,0,0
1982,data/aihub_traffic/test/images/d_validation_1920_1080_daylight_2/15443625.jpg,0,1,0,0,1,0,0,1,0,0,1,0,0,1,0,0,1,0,0,2,0,0,2,0,0,2,0,0,2,0,0,2,0,0,2,0,0,0,0,0,0,0,0,0,0,0
1983,data/aihub_traffic/test/images/d_validation_1920_1080_daylight_2/15443631.jpg,1,0,0,0,0,0,0,0,0,0,0,0,0,0,0,0,0,0,0,0,0,0,0,0,0,0,0,0,0,0,0,0,0,0,0,0,0,0,0,0,0,0,0,0,0,0
1984,data/aihub_traffic/test/images/d_validation_1920_1080_daylight_2/15443637.jpg,0,0,0,0,0,0,0,0,0,0,0,0,0,0,0,0,0,0,0,0,0,0,0,0,0,0,0,0,0,0,0,0,0,0,0,0,0,0,0,0,0,0,0,0,0,0
1985,data/aihub_traffic/test/images/d_validation_1920_1080_daylight_2/15444043.jpg,0,0,0,0,0,0,0,0,0,0,0,0,0,0,0,0,0,0,0,0,0,0,0,0,0,0,0,0,0,0,0,0,0,0,0,0,0,0,0,0,0,0,0,0,0,0
1986,data/aihub_traffic/test/images/d_validation_1920_1080_daylight_2/15444049.jpg,0,0,0,0,0,0,0,0,0,0,0,0,0,0,0,0,0,0,0,0,0,0,0,0,0,0,0,0,0,0,0,0,0,0,0,0,0,0,0,0,0,0,0,0,0,0
1987,data/aihub_traffic/test/images/d_validation_1920_1080_daylight_2/15444055.jpg,0,0,0,0,0,0,0,0,0,0,0,0,0,0,0,0,0,0,0,0,0,0,0,0,0,0,0,0,0,0,0,0,0,0,0,0,0,0,0,0,0,0,0,0,0,0
1988,data/aihub_traffic/test/images/d_validation_1920_1080_daylight_2/15444061.jpg,0,0,0,0,0,0,0,0,0,0,0,0,0,0,0,0,0,0,0,0,0,0,0,0,0,0,0,0,0,0,0,0,0,0,0,0,0,0,0,0,0,0,0,0,0,0
1989,data/aihub_traffic/test/images/d_validation_1920_1080_daylight_2/15444123.jpg,0,0,0,0,0,0,0,0,0,0,0,0,0,0,0,0,0,0,0,0,0,0,0,0,0,0,0,0,0,0,0,0,0,0,0,0,0,0,0,0,0,0,0,0,0,0
1990,data/aihub_traffic/test/images/d_validation_1920_1080_daylight_2/15444134.jpg,2,2,1,1,2,1,1,2,1,1,2,1,1,2,1,1,2,1,1,2,1,1,2,1,1,2,1,1,2,1,1,2,1,1,2,1,1,0,0,0,0,0,0,0,0,0
1991,data/aihub_traffic/test/images/d_validation_1920_1080_daylight_2/15444622.jpg,0,0,0,0,0,0,0,0,0,0,0,0,0,0,0,0,0,0,0,0,0,0,0,0,0,0,0,0,0,0,0,0,0,0,0,0,0,0,0,0,0,0,0,0,0,0
1992,data/aihub_traffic/test/images/d_validation_1920_1080_daylight_2/15451466.jpg,13,8,8,6,8,8,6,8,8,6,8,8,6,8,8,6,8,8,6,10,10,8,10,10,8,10,10,7,10,10,8,10,10,8,10,10,7,0,0,0,0,0,0,0,0,0
1993,data/aihub_traffic/test/images/d_validation_1920_1080_daylight_2/15451472.jpg,11,8,7,6,8,7,6,8,7,6,8,7,6,8,7,6,8,7,6,9,8,6,9,8,6,9,8,6,9,8,6,9,8,6,9,8,6,0,0,0,0,0,0,0,0,0
1994,data/aihub_traffic/test/images/d_validation_1920_1080_daylight_2/15451478.jpg,7,7,6,6,7,6,6,7,6,6,7,6,6,7,6,6,7,6,6,8,6,6,8,6,6,8,6,6,8,6,6,8,6,6,8,6,6,0,0,0,0,0,0,0,0,0
1995,data/aihub_traffic/test/images/d_validation_1920_1080_daylight_2/15451485.jpg,7,7,6,5,7,6,5,7,6,5,7,6,5,7,6,5,7,6,5,7,6,5,7,6,5,7,6,5,7,6,5,7,6,5,7,6,5,0,0,0,0,0,0,0,0,0
1996,data/aihub_traffic/test/images/d_validation_1920_1080_daylight_2/15451492.jpg,9,6,5,4,6,5,4,6,5,4,6,5,4,6,5,4,6,5,4,6,5,4,6,5,4,6,5,4,6,5,4,6,5,4,6,5,4,0,0,0,0,0,0,0,0,0
1997,data/aihub_traffic/test/images/d_validation_1920_1080_daylight_2/15451498.jpg,7,3,3,3,3,3,3,3,3,3,3,3,3,3,3,3,3,3,3,4,3,3,4,3,3,4,3,3,4,3,3,4,3,3,4,3,3,0,0,0,0,0,0,0,0,0
1998,data/aihub_traffic/test/images/d_validation_1920_1080_daylight_2/15451506.jpg,8,6,5,5,6,5,5,6,5,5,6,5,4,6,5,4,6,5,4,5,5,5,5,5,5,5,5,5,5,5,5,5,5,5,5,5,5,0,0,0,0,0,0,0,0,0
1999,data/aihub_traffic/test/images/d_validation_1920_1080_daylight_2/15451512.jpg,4,4,3,2,4,3,2,4,3,2,4,3,2,4,3,2,4,3,2,4,3,1,4,3,1,4,3,1,4,3,1,4,3,1,4,3,1,0,0,0,0,0,0,0,0,0
2000,data/aihub_traffic/test/images/d_validation_1920_1080_daylight_2/15451521.jpg,4,3,1,1,3,1,1,3,1,1,3,1,1,3,1,1,3,1,1,3,1,1,3,1,1,3,1,1,3,1,1,3,1,1,3,1,1,0,0,0,0,0,0,0,0,0
2001,data/aihub_traffic/test/images/d_validation_1920_1080_daylight_2/15451527.jpg,3,3,3,3,3,3,3,3,3,3,3,2,2,3,2,2,3,2,2,4,3,3,4,3,3,4,3,3,4,3,3,4,3,3,4,3,3,0,0,0,0,0,0,0,0,0
2002,data/aihub_traffic/test/images/d_validation_1920_1080_daylight_2/15451533.jpg,3,3,0,0,3,0,0,3,0,0,3,0,0,3,0,0,3,0,0,2,1,1,2,1,1,2,1,1,2,1,1,2,1,1,2,1,1,0,0,0,0,0,0,0,0,0
2003,data/aihub_traffic/test/images/d_validation_1920_1080_daylight_2/15451539.jpg,2,1,1,1,1,1,1,1,1,1,1,1,1,1,1,1,1,1,1,1,1,1,1,1,1,1,1,1,1,1,1,1,1,1,1,1,1,0,0,0,0,0,0,0,0,0
2004,data/aihub_traffic/test/images/d_validation_1920_1080_daylight_2/15451545.jpg,2,2,1,1,2,1,1,2,1,1,2,1,1,2,1,1,2,1,1,2,1,1,2,1,1,2,1,1,2,1,1,2,1,1,2,1,1,0,0,0,0,0,0,0,0,0
2005,data/aihub_traffic/test/images/d_validation_1920_1080_daylight_2/15451551.jpg,7,5,4,2,5,4,2,5,4,2,5,4,2,5,4,2,5,4,2,5,4,2,5,4,2,5,4,2,5,4,2,5,4,2,5,4,2,0,0,0,0,0,0,0,0,0
2006,data/aihub_traffic/test/images/d_validation_1920_1080_daylight_2/15451557.jpg,1,1,1,1,1,1,1,1,1,1,1,1,1,1,1,1,1,1,1,1,1,1,1,1,1,1,1,1,1,1,1,1,1,1,1,1,1,0,0,0,0,0,0,0,0,0
2007,data/aihub_traffic/test/images/d_validation_1920_1080_daylight_2/15453598.jpg,2,2,1,1,2,1,1,2,1,1,2,1,1,2,1,1,2,1,1,2,1,1,2,1,1,2,1,1,2,1,1,2,1,1,2,1,1,0,0,0,0,0,0,0,0,0
2008,data/aihub_traffic/test/images/d_validation_1920_1080_daylight_2/15453605.jpg,3,3,1,1,3,1,1,3,1,1,3,1,1,3,1,1,3,1,1,3,1,1,3,1,1,3,1,1,3,1,1,3,1,1,3,1,1,0,0,0,0,0,0,0,0,0
2009,data/aihub_traffic/test/images/d_validation_1920_1080_daylight_2/15453611.jpg,4,4,4,4,4,4,4,4,4,4,4,4,4,4,4,4,4,4,4,3,3,3,3,3,3,3,3,3,3,3,3,3,3,3,3,3,3,0,0,0,0,0,0,0,0,0
2010,data/aihub_traffic/test/images/d_validation_1920_1080_daylight_2/15453618.jpg,2,1,1,1,1,1,1,1,1,1,1,1,1,1,1,1,1,1,1,1,1,1,1,1,1,1,1,1,1,1,1,1,1,1,1,1,1,0,0,0,0,0,0,0,0,0
2011,data/aihub_traffic/test/images/d_validation_1920_1080_daylight_2/15453624.jpg,3,1,1,1,1,1,1,1,1,1,1,1,1,1,1,1,1,1,1,0,0,0,0,0,0,0,0,0,0,0,0,0,0,0,0,0,0,0,0,0,0,0,0,0,0,0
2012,data/aihub_traffic/test/images/d_validation_1920_1080_daylight_2/15453630.jpg,6,5,4,3,5,4,3,5,4,3,5,4,3,5,4,3,5,4,3,6,4,3,6,4,3,6,4,3,6,4,3,6,4,3,6,4,3,0,0,0,0,0,0,0,0,0
2013,data/aihub_traffic/test/images/d_validation_1920_1080_daylight_2/15453636.jpg,3,2,2,2,2,2,2,2,2,2,2,2,2,2,2,2,2,2,2,2,2,2,2,2,2,2,2,2,2,2,2,2,2,2,2,2,2,0,0,0,0,0,0,0,0,0
2014,data/aihub_traffic/test/images/d_validation_1920_1080_daylight_2/15453642.jpg,0,0,0,0,0,0,0,0,0,0,0,0,0,0,0,0,0,0,0,0,0,0,0,0,0,0,0,0,0,0,0,0,0,0,0,0,0,0,0,0,0,0,0,0,0,0
2015,data/aihub_traffic/test/images/d_validation_1920_1080_daylight_2/15454148.jpg,2,2,1,1,2,1,1,2,1,1,2,1,1,2,1,1,2,1,1,2,1,1,2,1,1,2,1,1,2,1,1,2,1,1,2,1,1,0,0,0,0,0,0,0,0,0
2016,data/aihub_traffic/test/images/d_validation_1920_1080_daylight_2/15454154.jpg,15,8,8,6,8,8,6,8,8,6,8,8,7,8,8,7,8,8,7,9,8,7,9,8,7,9,8,7,8,7,6,8,7,6,8,7,6,0,0,0,0,0,0,0,0,0
2017,data/aihub_traffic/test/images/d_validation_1920_1080_daylight_2/15454162.jpg,11,7,5,3,7,5,3,7,5,3,7,4,3,7,4,3,7,4,3,4,4,4,4,4,4,4,4,4,4,4,4,4,4,4,4,4,4,0,0,0,0,0,0,0,0,0
2018,data/aihub_traffic/test/images/d_validation_1920_1080_daylight_2/15454171.jpg,10,9,8,7,9,8,7,9,8,7,9,8,7,9,8,7,9,8,7,10,9,8,10,9,8,10,9,8,10,9,8,10,9,8,10,9,8,0,0,0,0,0,0,0,0,0
2019,data/aihub_traffic/test/images/d_validation_1920_1080_daylight_2/15454178.jpg,6,7,4,4,7,4,4,7,4,4,7,4,4,7,4,4,7,4,4,7,4,4,7,4,4,7,4,4,7,4,4,7,4,4,7,4,4,0,0,0,0,0,0,0,0,0
2020,data/aihub_traffic/test/images/d_validation_1920_1080_daylight_2/15454184.jpg,10,8,6,6,8,6,6,8,6,6,8,6,6,8,6,6,8,6,6,9,6,4,9,6,4,9,6,4,9,6,4,9,6,4,9,6,4,0,0,0,0,0,0,0,0,0
2021,data/aihub_traffic/test/images/d_validation_1920_1080_daylight_2/15454191.jpg,8,8,7,6,8,7,6,8,7,7,8,7,6,8,7,6,8,7,7,7,6,5,7,6,5,7,6,6,7,6,5,7,6,5,7,6,6,0,0,0,0,0,0,0,0,0
2022,data/aihub_traffic/test/images/d_validation_1920_1080_daylight_2/15454198.jpg,4,4,4,4,4,4,4,4,4,4,4,4,4,4,4,4,4,4,4,4,4,4,4,4,4,4,4,4,4,4,4,4,4,4,4,4,4,0,0,0,0,0,0,0,0,0
2023,data/aihub_traffic/test/images/d_validation_1920_1080_daylight_2/15454955.jpg,1,1,1,1,1,1,1,1,1,1,1,1,1,1,1,1,1,1,1,1,1,1,1,1,1,1,1,1,1,1,1,1,1,1,1,1,1,0,0,0,0,0,0,0,0,0
2024,data/aihub_traffic/test/images/d_validation_1920_1080_daylight_2/15460715.jpg,3,3,3,1,3,3,1,3,3,1,3,3,1,3,3,1,3,3,1,3,3,1,3,3,1,3,3,1,3,3,1,3,3,1,3,3,1,0,0,0,0,0,0,0,0,0
2025,data/aihub_traffic/test/images/d_validation_1920_1080_daylight_2/15461066.jpg,5,3,3,3,3,3,3,3,3,3,3,3,3,3,3,3,3,3,3,3,3,3,3,3,3,3,3,3,3,3,3,3,3,3,3,3,3,0,0,0,0,0,0,0,0,0
2026,data/aihub_traffic/test/images/d_validation_1920_1080_daylight_2/15461073.jpg,5,4,0,0,4,0,0,4,0,0,4,0,0,4,0,0,4,0,0,3,0,0,3,0,0,3,0,0,3,0,0,3,0,0,3,0,0,0,0,0,0,0,0,0,0,0
2027,data/aihub_traffic/test/images/d_validation_1920_1080_daylight_2/15461079.jpg,3,2,2,2,2,2,2,2,2,2,2,2,2,2,2,2,2,2,2,2,2,2,2,2,2,2,2,2,2,2,2,2,2,2,2,2,2,0,0,0,0,0,0,0,0,0
2028,data/aihub_traffic/test/images/d_validation_1920_1080_daylight_2/15461086.jpg,6,5,5,5,5,5,5,5,5,5,5,5,5,5,5,5,5,5,5,5,5,5,5,5,5,5,5,5,5,5,5,5,5,5,5,5,5,0,0,0,0,0,0,0,0,0
2029,data/aihub_traffic/test/images/d_validation_1920_1080_daylight_2/15461092.jpg,6,5,5,4,5,5,4,5,5,4,5,5,4,5,5,4,5,5,4,5,5,4,5,5,4,5,5,4,5,5,4,5,5,4,5,5,4,0,0,0,0,0,0,0,0,0
2030,data/aihub_traffic/test/images/d_validation_1920_1080_daylight_2/15461098.jpg,6,5,5,4,5,5,4,5,5,4,5,5,3,5,5,3,5,5,3,5,5,4,5,5,4,5,5,4,5,5,4,5,5,4,5,5,4,0,0,0,0,0,0,0,0,0
2031,data/aihub_traffic/test/images/d_validation_1920_1080_daylight_2/15461105.jpg,6,5,5,5,5,5,5,5,5,5,5,5,4,5,5,4,5,5,4,5,5,5,5,5,5,5,5,5,5,5,5,5,5,5,5,5,5,0,0,0,0,0,0,0,0,0
2032,data/aihub_traffic/test/images/d_validation_1920_1080_daylight_2/15461111.jpg,6,5,5,4,5,5,4,5,5,5,5,5,3,5,5,3,5,5,4,6,5,3,6,5,3,6,5,3,6,5,3,6,5,3,6,5,3,0,0,0,0,0,0,0,0,0
2033,data/aihub_traffic/test/images/d_validation_1920_1080_daylight_2/15461118.jpg,6,5,5,4,5,5,4,5,5,4,5,5,4,5,5,4,5,5,4,7,5,4,7,5,4,7,5,4,7,5,4,7,5,4,7,5,4,0,0,0,0,0,0,0,0,0
2034,data/aihub_traffic/test/images/d_validation_1920_1080_daylight_2/15461124.jpg,6,5,5,5,5,5,5,5,5,5,5,5,4,5,5,4,5,5,4,5,5,5,5,5,5,5,5,5,5,5,5,5,5,5,5,5,5,0,0,0,0,0,0,0,0,0
2035,data/aihub_traffic/test/images/d_validation_1920_1080_daylight_2/15461131.jpg,1,1,1,1,1,1,1,1,1,1,1,1,1,1,1,1,1,1,1,1,1,1,1,1,1,1,1,1,1,1,1,1,1,1,1,1,1,0,0,0,0,0,0,0,0,0
2036,data/aihub_traffic/test/images/d_validation_1920_1080_daylight_2/15461137.jpg,1,0,0,0,0,0,0,0,0,0,0,0,0,0,0,0,0,0,0,0,0,0,0,0,0,0,0,0,0,0,0,0,0,0,0,0,0,0,0,0,0,0,0,0,0,0
2037,data/aihub_traffic/test/images/d_validation_1920_1080_daylight_2/15461143.jpg,3,0,0,0,0,0,0,0,0,0,0,0,0,0,0,0,0,0,0,0,0,0,0,0,0,0,0,0,0,0,0,0,0,0,0,0,0,0,0,0,0,0,0,0,0,0
2038,data/aihub_traffic/test/images/d_validation_1920_1080_daylight_2/15461149.jpg,7,3,3,3,3,3,3,3,3,3,3,3,3,3,3,3,3,3,3,5,3,3,5,3,3,5,3,3,5,3,3,5,3,3,5,3,3,0,0,0,0,0,0,0,0,0
2039,data/aihub_traffic/test/images/d_validation_1920_1080_daylight_2/15461333.jpg,4,4,2,2,4,2,2,4,2,2,4,2,2,4,2,2,4,2,2,5,3,2,5,3,2,5,3,2,5,3,2,5,3,2,5,3,2,0,0,0,0,0,0,0,0,0
2040,data/aihub_traffic/test/images/d_validation_1920_1080_daylight_2/15464905.jpg,0,0,0,0,0,0,0,0,0,0,0,0,0,0,0,0,0,0,0,0,0,0,0,0,0,0,0,0,0,0,0,0,0,0,0,0,0,0,0,0,0,0,0,0,0,0
2041,data/aihub_traffic/test/images/d_validation_1920_1080_daylight_2/15465132.jpg,0,0,0,0,0,0,0,0,0,0,0,0,0,0,0,0,0,0,0,0,0,0,0,0,0,0,0,0,0,0,0,0,0,0,0,0,0,0,0,0,0,0,0,0,0,0
2042,data/aihub_traffic/test/images/d_validation_1920_1080_daylight_2/15465138.jpg,0,0,0,0,0,0,0,0,0,0,0,0,0,0,0,0,0,0,0,0,0,0,0,0,0,0,0,0,0,0,0,0,0,0,0,0,0,0,0,0,0,0,0,0,0,0
2043,data/aihub_traffic/test/images/d_validation_1920_1080_daylight_2/15465209.jpg,0,0,0,0,0,0,0,0,0,0,0,0,0,0,0,0,0,0,0,0,0,0,0,0,0,0,0,0,0,0,0,0,0,0,0,0,0,0,0,0,0,0,0,0,0,0
2044,data/aihub_traffic/test/images/d_validation_1920_1080_daylight_2/15466248.jpg,0,0,0,0,0,0,0,0,0,0,0,0,0,0,0,0,0,0,0,0,0,0,0,0,0,0,0,0,0,0,0,0,0,0,0,0,0,0,0,0,0,0,0,0,0,0
2045,data/aihub_traffic/test/images/d_validation_1920_1080_daylight_2/15466257.jpg,3,3,3,1,3,3,1,3,3,1,3,3,1,3,3,1,3,3,1,3,3,1,3,3,1,3,3,1,3,3,1,3,3,1,3,3,1,0,0,0,0,0,0,0,0,0
2046,data/aihub_traffic/test/images/d_validation_1920_1080_daylight_2/15466263.jpg,4,4,4,2,4,4,2,4,4,3,4,4,2,4,4,2,4,4,2,3,3,2,3,3,2,3,3,2,3,3,2,3,3,2,3,3,2,0,0,0,0,0,0,0,0,0
2047,data/aihub_traffic/test/images/d_validation_1920_1080_daylight_2/15466269.jpg,3,1,0,0,1,0,0,1,0,0,1,0,0,1,0,0,1,0,0,1,0,0,1,0,0,1,0,0,1,0,0,1,0,0,1,0,0,0,0,0,0,0,0,0,0,0
2048,data/aihub_traffic/test/images/d_validation_1920_1080_daylight_2/15466784.jpg,13,5,5,5,5,5,5,5,5,5,5,5,5,5,5,5,5,5,5,5,5,5,5,5,5,5,5,5,5,5,5,5,5,5,5,5,5,0,0,0,0,0,0,0,0,0
2049,data/aihub_traffic/test/images/d_validation_1920_1080_daylight_2/15467223.jpg,8,6,5,5,6,5,5,6,5,5,6,5,5,6,5,5,6,5,5,5,5,5,5,5,5,5,5,5,5,5,5,5,5,5,5,5,5,0,0,0,0,0,0,0,0,0
2050,data/aihub_traffic/test/images/d_validation_1920_1080_daylight_2/15467230.jpg,9,7,6,6,7,6,6,7,6,6,7,5,5,7,5,5,7,5,5,7,6,6,7,6,6,7,6,6,7,6,6,7,6,6,7,6,6,0,0,0,0,0,0,0,0,0
2051,data/aihub_traffic/test/images/d_validation_1920_1080_daylight_2/15469719.jpg,0,0,0,0,0,0,0,0,0,0,0,0,0,0,0,0,0,0,0,0,0,0,0,0,0,0,0,0,0,0,0,0,0,0,0,0,0,0,0,0,0,0,0,0,0,0
2052,data/aihub_traffic/test/images/d_validation_1920_1080_daylight_2/15469725.jpg,0,1,0,0,1,0,0,1,0,0,1,0,0,1,0,0,1,0,0,1,0,0,1,0,0,1,0,0,1,0,0,1,0,0,1,0,0,0,0,0,0,0,0,0,0,0
2053,data/aihub_traffic/test/images/d_validation_1920_1080_daylight_2/15469733.jpg,0,0,0,0,0,0,0,0,0,0,0,0,0,0,0,0,0,0,0,0,0,0,0,0,0,0,0,0,0,0,0,0,0,0,0,0,0,0,0,0,0,0,0,0,0,0
2054,data/aihub_traffic/test/images/d_validation_1920_1080_daylight_2/15469739.jpg,0,0,0,0,0,0,0,0,0,0,0,0,0,0,0,0,0,0,0,0,0,0,0,0,0,0,0,0,0,0,0,0,0,0,0,0,0,0,0,0,0,0,0,0,0,0
2055,data/aihub_traffic/test/images/d_validation_1920_1080_daylight_2/15469745.jpg,2,3,1,1,3,1,1,3,1,1,3,1,1,3,1,1,3,1,1,1,1,1,1,1,1,1,1,1,1,1,1,1,1,1,1,1,1,0,0,0,0,0,0,0,0,0
2056,data/aihub_traffic/test/images/d_validation_1920_1080_daylight_2/15472280.jpg,4,2,2,2,2,2,2,2,2,2,2,2,2,2,2,2,2,2,2,2,2,2,2,2,2,2,2,2,2,2,2,2,2,2,2,2,2,0,0,0,0,0,0,0,0,0
2057,data/aihub_traffic/test/images/d_validation_1920_1080_daylight_2/15472768.jpg,12,3,3,2,3,3,2,3,3,2,3,3,2,3,3,2,3,3,2,3,3,2,3,3,2,3,3,2,3,3,2,3,3,2,3,3,2,0,0,0,0,0,0,0,0,0
2058,data/aihub_traffic/test/images/d_validation_1920_1080_daylight_2/15474499.jpg,0,0,0,0,0,0,0,0,0,0,0,0,0,0,0,0,0,0,0,0,0,0,0,0,0,0,0,0,0,0,0,0,0,0,0,0,0,0,0,0,0,0,0,0,0,0
2059,data/aihub_traffic/test/images/d_validation_1920_1080_daylight_2/15474509.jpg,0,0,0,0,0,0,0,0,0,0,0,0,0,0,0,0,0,0,0,0,0,0,0,0,0,0,0,0,0,0,0,0,0,0,0,0,0,0,0,0,0,0,0,0,0,0
2060,data/aihub_traffic/test/images/d_validation_1920_1080_daylight_2/15474742.jpg,0,0,0,0,0,0,0,0,0,0,0,0,0,0,0,0,0,0,0,0,0,0,0,0,0,0,0,0,0,0,0,0,0,0,0,0,0,0,0,0,0,0,0,0,0,0
2061,data/aihub_traffic/test/images/d_validation_1920_1080_daylight_2/15474748.jpg,0,0,0,0,0,0,0,0,0,0,0,0,0,0,0,0,0,0,0,0,0,0,0,0,0,0,0,0,0,0,0,0,0,0,0,0,0,0,0,0,0,0,0,0,0,0
2062,data/aihub_traffic/test/images/d_validation_1920_1080_daylight_2/15476798.jpg,5,2,2,1,2,2,1,2,2,2,2,2,2,2,2,2,2,2,2,2,2,2,2,2,2,2,2,2,2,2,2,2,2,2,2,2,2,0,0,0,0,0,0,0,0,0
2063,data/aihub_traffic/test/images/d_validation_1920_1080_daylight_2/15481077.jpg,8,4,4,3,4,4,3,4,4,3,4,4,3,4,4,3,4,4,3,3,3,3,3,3,3,3,3,3,3,3,3,3,3,3,3,3,3,0,0,0,0,0,0,0,0,0
2064,data/aihub_traffic/test/images/d_validation_1920_1080_daylight_2/15482000.jpg,0,0,0,0,0,0,0,0,0,0,0,0,0,0,0,0,0,0,0,0,0,0,0,0,0,0,0,0,0,0,0,0,0,0,0,0,0,0,0,0,0,0,0,0,0,0
2065,data/aihub_traffic/test/images/d_validation_1920_1080_daylight_2/15482011.jpg,4,1,1,1,1,1,1,1,1,1,1,1,1,1,1,1,1,1,1,1,1,1,1,1,1,1,1,1,1,1,1,1,1,1,1,1,1,0,0,0,0,0,0,0,0,0
2066,data/aihub_traffic/test/images/d_validation_1920_1080_daylight_2/15482538.jpg,5,2,1,1,2,1,1,2,1,1,2,1,1,2,1,1,2,1,1,2,1,1,2,1,1,2,1,1,2,1,1,2,1,1,2,1,1,0,0,0,0,0,0,0,0,0
2067,data/aihub_traffic/test/images/d_validation_1920_1080_daylight_2/15482960.jpg,0,0,0,0,0,0,0,0,0,0,0,0,0,0,0,0,0,0,0,0,0,0,0,0,0,0,0,0,0,0,0,0,0,0,0,0,0,0,0,0,0,0,0,0,0,0
2068,data/aihub_traffic/test/images/d_validation_1920_1080_daylight_2/15485659.jpg,0,0,0,0,0,0,0,0,0,0,0,0,0,0,0,0,0,0,0,0,0,0,0,0,0,0,0,0,0,0,0,0,0,0,0,0,0,0,0,0,0,0,0,0,0,0
2069,data/aihub_traffic/test/images/d_validation_1920_1080_daylight_2/15485669.jpg,0,0,0,0,0,0,0,0,0,0,0,0,0,0,0,0,0,0,0,0,0,0,0,0,0,0,0,0,0,0,0,0,0,0,0,0,0,0,0,0,0,0,0,0,0,0
2070,data/aihub_traffic/test/images/d_validation_1920_1080_daylight_2/15485675.jpg,0,0,0,0,0,0,0,0,0,0,0,0,0,0,0,0,0,0,0,0,0,0,0,0,0,0,0,0,0,0,0,0,0,0,0,0,0,0,0,0,0,0,0,0,0,0
2071,data/aihub_traffic/test/images/d_validation_1920_1080_daylight_2/15485681.jpg,0,0,0,0,0,0,0,0,0,0,0,0,0,0,0,0,0,0,0,0,0,0,0,0,0,0,0,0,0,0,0,0,0,0,0,0,0,0,0,0,0,0,0,0,0,0
2072,data/aihub_traffic/test/images/d_validation_1920_1080_daylight_2/15485856.jpg,0,0,0,0,0,0,0,0,0,0,0,0,0,0,0,0,0,0,0,0,0,0,0,0,0,0,0,0,0,0,0,0,0,0,0,0,0,0,0,0,0,0,0,0,0,0
2073,data/aihub_traffic/test/images/d_validation_1920_1080_daylight_2/15485862.jpg,2,0,0,0,0,0,0,0,0,0,0,0,0,0,0,0,0,0,0,0,0,0,0,0,0,0,0,0,0,0,0,0,0,0,0,0,0,0,0,0,0,0,0,0,0,0
2074,data/aihub_traffic/test/images/d_validation_1920_1080_daylight_2/15485869.jpg,3,3,3,3,3,3,3,3,3,3,3,3,3,3,3,3,3,3,3,3,3,3,3,3,3,3,3,3,3,3,3,3,3,3,3,3,3,0,0,0,0,0,0,0,0,0
2075,data/aihub_traffic/test/images/d_validation_1920_1080_daylight_2/15485875.jpg,4,3,2,2,3,2,2,3,2,2,3,2,2,3,2,2,3,2,2,3,2,2,3,2,2,3,2,2,3,2,2,3,2,2,3,2,2,0,0,0,0,0,0,0,0,0
2076,data/aihub_traffic/test/images/d_validation_1920_1080_daylight_2/15486095.jpg,2,2,2,1,2,2,1,2,2,1,2,2,1,2,2,1,2,2,1,2,2,1,2,2,1,2,2,1,2,2,1,2,2,1,2,2,1,0,0,0,0,0,0,0,0,0
2077,data/aihub_traffic/test/images/d_validation_1920_1080_daylight_2/15486102.jpg,0,1,0,0,1,0,0,1,0,0,1,0,0,1,0,0,1,0,0,1,0,0,1,0,0,1,0,0,1,0,0,1,0,0,1,0,0,0,0,0,0,0,0,0,0,0
2078,data/aihub_traffic/test/images/d_validation_1920_1080_daylight_2/15486108.jpg,7,6,4,4,6,4,4,6,4,4,6,4,4,6,4,4,6,4,4,5,3,3,5,3,3,5,3,3,5,3,3,5,3,3,5,3,3,0,0,0,0,0,0,0,0,0
2079,data/aihub_traffic/test/images/d_validation_1920_1080_daylight_2/15500455.jpg,2,2,2,2,2,2,2,2,2,2,2,2,2,2,2,2,2,2,2,2,2,2,2,2,2,2,2,2,2,2,2,2,2,2,2,2,2,0,0,0,0,0,0,0,0,0
2080,data/aihub_traffic/test/images/d_validation_1920_1080_daylight_2/15500461.jpg,1,0,0,0,0,0,0,0,0,0,0,0,0,0,0,0,0,0,0,0,0,0,0,0,0,0,0,0,0,0,0,0,0,0,0,0,0,0,0,0,0,0,0,0,0,0
2081,data/aihub_traffic/test/images/d_validation_1920_1080_daylight_2/15500883.jpg,0,1,0,0,1,0,0,1,0,0,1,0,0,1,0,0,1,0,0,1,0,0,1,0,0,1,0,0,1,0,0,1,0,0,1,0,0,0,0,0,0,0,0,0,0,0
2082,data/aihub_traffic/test/images/d_validation_1920_1080_daylight_2/15500890.jpg,2,1,1,1,1,1,1,1,1,1,1,1,1,1,1,1,1,1,1,1,1,1,1,1,1,1,1,1,1,1,1,1,1,1,1,1,1,0,0,0,0,0,0,0,0,0
2083,data/aihub_traffic/test/images/d_validation_1920_1080_daylight_2/15500897.jpg,2,1,1,1,1,1,1,1,1,1,1,1,1,1,1,1,1,1,1,0,0,0,0,0,0,0,0,0,0,0,0,0,0,0,0,0,0,0,0,0,0,0,0,0,0,0
2084,data/aihub_traffic/test/images/d_validation_1920_1080_daylight_2/15500903.jpg,1,1,1,1,1,1,1,1,1,1,1,1,1,1,1,1,1,1,1,1,1,1,1,1,1,1,1,1,1,1,1,1,1,1,1,1,1,0,0,0,0,0,0,0,0,0
2085,data/aihub_traffic/test/images/d_validation_1920_1080_daylight_2/15500969.jpg,1,1,1,1,1,1,1,1,1,1,1,1,1,1,1,1,1,1,1,1,1,1,1,1,1,1,1,1,1,1,1,1,1,1,1,1,1,0,0,0,0,0,0,0,0,0
2086,data/aihub_traffic/test/images/d_validation_1920_1080_daylight_2/15500975.jpg,1,1,1,1,1,1,1,1,1,1,1,1,1,1,1,1,1,1,1,1,1,1,1,1,1,1,1,1,1,1,1,1,1,1,1,1,1,0,0,0,0,0,0,0,0,0
2087,data/aihub_traffic/test/images/d_validation_1920_1080_daylight_2/15500981.jpg,2,1,1,1,1,1,1,1,1,1,1,1,1,1,1,1,1,1,1,1,1,1,1,1,1,1,1,1,1,1,1,1,1,1,1,1,1,0,0,0,0,0,0,0,0,0
2088,data/aihub_traffic/test/images/d_validation_1920_1080_daylight_2/15500988.jpg,2,1,1,1,1,1,1,1,1,1,1,1,1,1,1,1,1,1,1,1,1,1,1,1,1,1,1,1,1,1,1,1,1,1,1,1,1,0,0,0,0,0,0,0,0,0
2089,data/aihub_traffic/test/images/d_validation_1920_1080_daylight_2/15500994.jpg,1,1,1,1,1,1,1,1,1,1,1,1,1,1,1,1,1,1,1,1,1,1,1,1,1,1,1,1,1,1,1,1,1,1,1,1,1,0,0,0,0,0,0,0,0,0
2090,data/aihub_traffic/test/images/d_validation_1920_1080_daylight_2/15501000.jpg,1,1,1,1,1,1,1,1,1,1,1,1,1,1,1,1,1,1,1,1,1,1,1,1,1,1,1,1,1,1,1,1,1,1,1,1,1,0,0,0,0,0,0,0,0,0
2091,data/aihub_traffic/test/images/d_validation_1920_1080_daylight_2/15501006.jpg,1,1,1,1,1,1,1,1,1,1,1,1,1,1,1,1,1,1,1,1,1,1,1,1,1,1,1,1,1,1,1,1,1,1,1,1,1,0,0,0,0,0,0,0,0,0
2092,data/aihub_traffic/test/images/d_validation_1920_1080_daylight_2/15501018.jpg,0,0,0,0,0,0,0,0,0,0,0,0,0,0,0,0,0,0,0,0,0,0,0,0,0,0,0,0,0,0,0,0,0,0,0,0,0,0,0,0,0,0,0,0,0,0
2093,data/aihub_traffic/test/images/d_validation_1920_1080_daylight_2/15501024.jpg,0,0,0,0,0,0,0,0,0,0,0,0,0,0,0,0,0,0,0,0,0,0,0,0,0,0,0,0,0,0,0,0,0,0,0,0,0,0,0,0,0,0,0,0,0,0
2094,data/aihub_traffic/test/images/d_validation_1920_1080_daylight_2/15501061.jpg,0,0,0,0,0,0,0,0,0,0,0,0,0,0,0,0,0,0,0,0,0,0,0,0,0,0,0,0,0,0,0,0,0,0,0,0,0,0,0,0,0,0,0,0,0,0
2095,data/aihub_traffic/test/images/d_validation_1920_1080_daylight_2/15649631.jpg,1,5,1,0,5,1,0,5,1,0,5,1,0,5,1,0,5,1,0,5,1,0,5,1,0,5,1,0,5,1,0,5,1,0,5,1,0,0,0,0,0,0,0,0,0,0
2096,data/aihub_traffic/test/images/d_validation_1920_1080_daylight_2/15650275.jpg,6,7,5,5,7,5,5,7,5,5,7,5,5,7,5,5,7,5,5,7,6,6,7,6,6,7,6,6,7,6,6,7,6,6,7,6,6,0,0,0,0,0,0,0,0,0
2097,data/aihub_traffic/test/images/d_validation_1920_1080_daylight_2/15650281.jpg,0,0,0,0,0,0,0,0,0,0,0,0,0,0,0,0,0,0,0,0,0,0,0,0,0,0,0,0,0,0,0,0,0,0,0,0,0,0,0,0,0,0,0,0,0,0
2098,data/aihub_traffic/test/images/d_validation_1920_1080_daylight_2/15650287.jpg,0,0,0,0,0,0,0,0,0,0,0,0,0,0,0,0,0,0,0,0,0,0,0,0,0,0,0,0,0,0,0,0,0,0,0,0,0,0,0,0,0,0,0,0,0,0
2099,data/aihub_traffic/test/images/d_validation_1920_1080_daylight_2/15650293.jpg,2,2,2,2,2,2,2,2,2,2,2,2,2,2,2,2,2,2,2,2,2,2,2,2,2,2,2,2,2,2,2,2,2,2,2,2,2,0,0,0,0,0,0,0,0,0
2100,data/aihub_traffic/test/images/d_validation_1920_1080_daylight_2/15650364.jpg,0,0,0,0,0,0,0,0,0,0,0,0,0,0,0,0,0,0,0,0,0,0,0,0,0,0,0,0,0,0,0,0,0,0,0,0,0,0,0,0,0,0,0,0,0,0
2101,data/aihub_traffic/test/images/d_validation_1920_1080_daylight_2/15650371.jpg,2,0,0,0,0,0,0,0,0,0,0,0,0,0,0,0,0,0,0,0,0,0,0,0,0,0,0,0,0,0,0,0,0,0,0,0,0,0,0,0,0,0,0,0,0,0
2102,data/aihub_traffic/test/images/d_validation_1920_1080_daylight_2/15650377.jpg,3,0,0,0,0,0,0,0,0,0,0,0,0,0,0,0,0,0,0,0,0,0,0,0,0,0,0,0,0,0,0,0,0,0,0,0,0,0,0,0,0,0,0,0,0,0
2103,data/aihub_traffic/test/images/d_validation_1920_1080_daylight_2/15650383.jpg,8,4,2,2,4,2,2,4,2,2,4,2,2,4,2,2,4,2,2,3,2,1,3,2,1,3,2,1,3,2,1,3,2,1,3,2,1,0,0,0,0,0,0,0,0,0
2104,data/aihub_traffic/test/images/d_validation_1920_1080_daylight_2/15650389.jpg,8,3,2,2,3,2,2,3,2,2,3,2,2,3,2,2,3,2,2,2,2,2,2,2,2,2,2,2,2,2,2,2,2,2,2,2,2,0,0,0,0,0,0,0,0,0
2105,data/aihub_traffic/test/images/d_validation_1920_1080_daylight_2/15651000.jpg,11,11,10,8,11,10,8,11,10,8,11,10,8,11,10,8,11,10,8,10,10,8,10,10,8,10,10,8,10,10,8,10,10,8,10,10,8,0,0,0,0,0,0,0,0,0
2106,data/aihub_traffic/test/images/d_validation_1920_1080_daylight_2/15651006.jpg,10,11,9,7,11,9,7,11,9,7,11,9,7,11,9,7,11,9,7,10,9,7,10,9,7,10,9,7,10,9,7,10,9,7,10,9,7,0,0,0,0,0,0,0,0,0
2107,data/aihub_traffic/test/images/d_validation_1920_1080_daylight_2/15651372.jpg,8,8,7,5,8,7,5,8,7,5,8,7,5,8,7,5,8,7,5,8,7,5,8,7,5,8,7,5,8,7,5,8,7,5,8,7,5,0,0,0,0,0,0,0,0,0
2108,data/aihub_traffic/test/images/d_validation_1920_1080_daylight_2/15651393.jpg,3,3,2,2,3,2,2,3,2,2,3,2,2,3,2,2,3,2,2,3,2,2,3,2,2,3,2,2,3,2,2,3,2,2,3,2,2,0,0,0,0,0,0,0,0,0
2109,data/aihub_traffic/test/images/d_validation_1920_1080_daylight_2/15651400.jpg,5,4,4,4,4,4,4,4,4,4,4,4,4,4,4,4,4,4,4,4,4,4,4,4,4,4,4,4,4,4,4,4,4,4,4,4,4,0,0,0,0,0,0,0,0,0
2110,data/aihub_traffic/test/images/d_validation_1920_1080_daylight_2/15651406.jpg,3,2,1,1,2,1,1,2,1,1,2,1,1,2,1,1,2,1,1,2,2,2,2,2,2,2,2,2,2,2,2,2,2,2,2,2,2,0,0,0,0,0,0,0,0,0
2111,data/aihub_traffic/test/images/d_validation_1920_1080_daylight_2/15651412.jpg,5,2,1,1,2,1,1,2,1,1,2,1,1,2,1,1,2,1,1,2,1,1,2,1,1,2,1,1,3,1,1,3,1,1,3,1,1,0,0,0,0,0,0,0,0,0
2112,data/aihub_traffic/test/images/d_validation_1920_1080_daylight_2/15667851.jpg,1,0,0,0,0,0,0,0,0,0,0,0,0,0,0,0,0,0,0,0,0,0,0,0,0,0,0,0,0,0,0,0,0,0,0,0,0,0,0,0,0,0,0,0,0,0
2113,data/aihub_traffic/test/images/d_validation_1920_1080_daylight_2/15667857.jpg,0,0,0,0,0,0,0,0,0,0,0,0,0,0,0,0,0,0,0,0,0,0,0,0,0,0,0,0,0,0,0,0,0,0,0,0,0,0,0,0,0,0,0,0,0,0
2114,data/aihub_traffic/test/images/d_validation_1920_1080_daylight_2/15667863.jpg,3,0,0,0,0,0,0,0,0,0,0,0,0,0,0,0,0,0,0,0,0,0,0,0,0,0,0,0,0,0,0,0,0,0,0,0,0,0,0,0,0,0,0,0,0,0
2115,data/aihub_traffic/test/images/d_validation_1920_1080_daylight_2/15667869.jpg,3,0,0,0,0,0,0,0,0,0,0,0,0,0,0,0,0,0,0,0,0,0,0,0,0,0,0,0,0,0,0,0,0,0,0,0,0,0,0,0,0,0,0,0,0,0
2116,data/aihub_traffic/test/images/d_validation_1920_1080_daylight_2/15667876.jpg,3,0,0,0,0,0,0,0,0,0,0,0,0,0,0,0,0,0,0,0,0,0,0,0,0,0,0,0,0,0,0,0,0,0,0,0,0,0,0,0,0,0,0,0,0,0
2117,data/aihub_traffic/test/images/d_validation_1920_1080_daylight_2/15668222.jpg,2,2,1,0,2,1,0,2,1,0,2,1,0,2,1,0,2,1,0,1,1,0,1,1,0,1,1,0,1,1,0,1,1,0,1,1,0,0,0,0,0,0,0,0,0,0
2118,data/aihub_traffic/test/images/d_validation_1920_1080_daylight_2/15668477.jpg,1,2,1,1,2,1,1,2,1,1,2,1,1,2,1,1,2,1,1,2,1,1,2,1,1,2,1,1,2,1,1,2,1,1,2,1,1,0,0,0,0,0,0,0,0,0
2119,data/aihub_traffic/test/images/d_validation_1920_1080_daylight_2/15668486.jpg,0,0,0,0,0,0,0,0,0,0,0,0,0,0,0,0,0,0,0,0,0,0,0,0,0,0,0,0,0,0,0,0,0,0,0,0,0,0,0,0,0,0,0,0,0,0
2120,data/aihub_traffic/test/images/d_validation_1920_1080_daylight_2/15668492.jpg,1,0,0,0,0,0,0,0,0,0,0,0,0,0,0,0,0,0,0,0,0,0,0,0,0,0,0,0,0,0,0,0,0,0,0,0,0,0,0,0,0,0,0,0,0,0
2121,data/aihub_traffic/test/images/d_validation_1920_1080_daylight_2/15668498.jpg,2,2,2,1,2,2,1,2,2,1,2,2,1,2,2,1,2,2,1,2,2,1,2,2,1,2,2,1,2,2,1,2,2,1,2,2,1,0,0,0,0,0,0,0,0,0
2122,data/aihub_traffic/test/images/d_validation_1920_1080_daylight_2/15668526.jpg,5,4,4,3,4,4,3,4,4,3,4,4,2,4,4,2,4,4,2,4,4,3,4,4,3,4,4,3,4,4,3,4,4,3,4,4,3,0,0,0,0,0,0,0,0,0
2123,data/aihub_traffic/test/images/d_validation_1920_1080_daylight_2/15670161.jpg,0,0,0,0,0,0,0,0,0,0,0,0,0,0,0,0,0,0,0,0,0,0,0,0,0,0,0,0,0,0,0,0,0,0,0,0,0,0,0,0,0,0,0,0,0,0
2124,data/aihub_traffic/test/images/d_validation_1920_1080_daylight_2/15670167.jpg,0,0,0,0,0,0,0,0,0,0,0,0,0,0,0,0,0,0,0,1,0,0,1,0,0,1,0,0,1,0,0,1,0,0,1,0,0,0,0,0,0,0,0,0,0,0
2125,data/aihub_traffic/test/images/d_validation_1920_1080_daylight_2/15670173.jpg,0,0,0,0,0,0,0,0,0,0,0,0,0,0,0,0,0,0,0,0,0,0,0,0,0,0,0,0,0,0,0,0,0,0,0,0,0,0,0,0,0,0,0,0,0,0
2126,data/aihub_traffic/test/images/d_validation_1920_1080_daylight_2/15670181.jpg,0,0,0,0,0,0,0,0,0,0,0,0,0,0,0,0,0,0,0,0,0,0,0,0,0,0,0,0,0,0,0,0,0,0,0,0,0,0,0,0,0,0,0,0,0,0
2127,data/aihub_traffic/test/images/d_validation_1920_1080_daylight_2/15675357.jpg,1,1,0,0,1,0,0,1,0,0,1,0,0,1,0,0,1,0,0,1,0,0,1,0,0,1,0,0,1,0,0,1,0,0,1,0,0,0,0,0,0,0,0,0,0,0
2128,data/aihub_traffic/test/images/d_validation_1920_1080_daylight_2/15681047.jpg,0,0,0,0,0,0,0,0,0,0,0,0,0,0,0,0,0,0,0,0,0,0,0,0,0,0,0,0,0,0,0,0,0,0,0,0,0,0,0,0,0,0,0,0,0,0
2129,data/aihub_traffic/test/images/d_validation_1920_1080_daylight_2/15681054.jpg,3,3,3,3,3,3,3,3,3,3,3,3,3,3,3,3,3,3,3,3,3,3,3,3,3,3,3,3,3,3,3,3,3,3,3,3,3,0,0,0,0,0,0,0,0,0
2130,data/aihub_traffic/test/images/d_validation_1920_1080_daylight_2/15681060.jpg,4,1,1,1,1,1,1,1,1,1,1,1,1,1,1,1,1,1,1,1,1,1,1,1,1,1,1,1,1,1,1,1,1,1,1,1,1,0,0,0,0,0,0,0,0,0
2131,data/aihub_traffic/test/images/d_validation_1920_1080_daylight_2/15681068.jpg,5,4,4,4,4,4,4,4,4,4,4,4,4,4,4,4,4,4,4,4,4,4,4,4,4,4,4,4,4,4,4,4,4,4,4,4,4,0,0,0,0,0,0,0,0,0
2132,data/aihub_traffic/test/images/d_validation_1920_1080_daylight_2/15681576.jpg,1,1,0,0,1,0,0,1,0,0,1,0,0,1,0,0,1,0,0,1,0,0,1,0,0,1,0,0,1,0,0,1,0,0,1,0,0,0,0,0,0,0,0,0,0,0
2133,data/aihub_traffic/test/images/d_validation_1920_1080_daylight_2/15681582.jpg,2,2,2,2,2,2,2,2,2,2,2,2,2,2,2,2,2,2,2,2,2,2,2,2,2,2,2,2,2,2,2,2,2,2,2,2,2,0,0,0,0,0,0,0,0,0
2134,data/aihub_traffic/test/images/d_validation_1920_1080_daylight_2/15682722.jpg,4,4,3,3,4,3,3,4,3,3,4,3,3,4,3,3,4,3,3,5,4,3,5,4,3,5,4,3,5,4,3,5,4,3,5,4,3,0,0,0,0,0,0,0,0,0
2135,data/aihub_traffic/test/images/d_validation_1920_1080_daylight_2/15682728.jpg,4,4,3,3,4,3,3,4,3,3,4,3,3,4,3,3,4,3,3,5,4,3,5,4,3,5,4,3,5,4,3,5,4,3,5,4,3,0,0,0,0,0,0,0,0,0
2136,data/aihub_traffic/test/images/d_validation_1920_1080_daylight_2/15682777.jpg,0,0,0,0,0,0,0,0,0,0,0,0,0,0,0,0,0,0,0,0,0,0,0,0,0,0,0,0,0,0,0,0,0,0,0,0,0,0,0,0,0,0,0,0,0,0
2137,data/aihub_traffic/test/images/d_validation_1920_1080_daylight_2/15682783.jpg,0,0,0,0,0,0,0,0,0,0,0,0,0,0,0,0,0,0,0,0,0,0,0,0,0,0,0,0,0,0,0,0,0,0,0,0,0,0,0,0,0,0,0,0,0,0
2138,data/aihub_traffic/test/images/d_validation_1920_1080_daylight_2/15682789.jpg,0,0,0,0,0,0,0,0,0,0,0,0,0,0,0,0,0,0,0,0,0,0,0,0,0,0,0,0,0,0,0,0,0,0,0,0,0,0,0,0,0,0,0,0,0,0
2139,data/aihub_traffic/test/images/d_validation_1920_1080_daylight_2/15682795.jpg,0,0,0,0,0,0,0,0,0,0,0,0,0,0,0,0,0,0,0,0,0,0,0,0,0,0,0,0,0,0,0,0,0,0,0,0,0,0,0,0,0,0,0,0,0,0
2140,data/aihub_traffic/test/images/d_validation_1920_1080_daylight_2/15682801.jpg,1,0,0,0,0,0,0,0,0,0,0,0,0,0,0,0,0,0,0,0,0,0,0,0,0,0,0,0,0,0,0,0,0,0,0,0,0,0,0,0,0,0,0,0,0,0
2141,data/aihub_traffic/test/images/d_validation_1920_1080_daylight_2/15682834.jpg,6,6,3,2,6,3,2,6,3,2,6,3,3,6,3,3,6,3,3,6,3,2,6,3,2,6,3,2,6,3,2,6,3,2,6,3,2,0,0,0,0,0,0,0,0,0
2142,data/aihub_traffic/test/images/d_validation_1920_1080_daylight_2/15682840.jpg,6,6,4,2,6,4,2,6,4,2,6,4,3,6,4,3,6,4,3,6,4,2,6,4,2,6,4,2,6,4,2,6,4,2,6,4,2,0,0,0,0,0,0,0,0,0
2143,data/aihub_traffic/test/images/d_validation_1920_1080_daylight_2/15682950.jpg,0,0,0,0,0,0,0,0,0,0,0,0,0,0,0,0,0,0,0,0,0,0,0,0,0,0,0,0,0,0,0,0,0,0,0,0,0,0,0,0,0,0,0,0,0,0
2144,data/aihub_traffic/test/images/d_validation_1920_1080_daylight_2/15696132.jpg,0,0,0,0,0,0,0,0,0,0,0,0,0,0,0,0,0,0,0,0,0,0,0,0,0,0,0,0,0,0,0,0,0,0,0,0,0,0,0,0,0,0,0,0,0,0
2145,data/aihub_traffic/test/images/d_validation_1920_1080_daylight_2/15696641.jpg,10,10,8,6,10,8,6,10,8,6,10,8,6,10,8,6,10,8,6,9,8,6,9,8,6,9,8,6,9,8,6,9,8,6,9,8,6,0,0,0,0,0,0,0,0,0
2146,data/aihub_traffic/test/images/d_validation_1920_1080_daylight_2/15696649.jpg,0,0,0,0,0,0,0,0,0,0,0,0,0,0,0,0,0,0,0,0,0,0,0,0,0,0,0,0,0,0,0,0,0,0,0,0,0,0,0,0,0,0,0,0,0,0
2147,data/aihub_traffic/test/images/d_validation_1920_1080_daylight_2/15697620.jpg,1,0,0,0,0,0,0,0,0,0,0,0,0,0,0,0,0,0,0,0,0,0,0,0,0,0,0,0,0,0,0,0,0,0,0,0,0,0,0,0,0,0,0,0,0,0
2148,data/aihub_traffic/test/images/d_validation_1920_1080_daylight_2/15697626.jpg,1,0,0,0,0,0,0,0,0,0,0,0,0,0,0,0,0,0,0,0,0,0,0,0,0,0,0,0,0,0,0,0,0,0,0,0,0,0,0,0,0,0,0,0,0,0
2149,data/aihub_traffic/test/images/d_validation_1920_1080_daylight_2/15697633.jpg,0,0,0,0,0,0,0,0,0,0,0,0,0,0,0,0,0,0,0,0,0,0,0,0,0,0,0,0,0,0,0,0,0,0,0,0,0,0,0,0,0,0,0,0,0,0
2150,data/aihub_traffic/test/images/d_validation_1920_1080_daylight_2/15697642.jpg,3,1,1,1,1,1,1,1,1,1,1,1,1,1,1,1,1,1,1,1,1,1,1,1,1,1,1,1,1,1,1,1,1,1,1,1,1,0,0,0,0,0,0,0,0,0
2151,data/aihub_traffic/test/images/d_validation_1920_1080_daylight_2/15697648.jpg,2,1,1,1,1,1,1,1,1,1,1,1,1,1,1,1,1,1,1,1,1,1,1,1,1,1,1,1,1,1,1,1,1,1,1,1,1,0,0,0,0,0,0,0,0,0
2152,data/aihub_traffic/test/images/d_validation_1920_1080_daylight_2/15697930.jpg,2,1,0,0,1,0,0,1,0,0,1,0,0,1,0,0,1,0,0,1,0,0,1,0,0,1,0,0,1,0,0,1,0,0,1,0,0,0,0,0,0,0,0,0,0,0
2153,data/aihub_traffic/test/images/d_validation_1920_1080_daylight_2/15697937.jpg,0,0,0,0,0,0,0,0,0,0,0,0,0,0,0,0,0,0,0,0,0,0,0,0,0,0,0,0,0,0,0,0,0,0,0,0,0,0,0,0,0,0,0,0,0,0
2154,data/aihub_traffic/test/images/d_validation_1920_1080_daylight_2/15697943.jpg,3,3,3,2,3,3,2,3,3,2,3,3,2,3,3,2,3,3,2,3,3,2,3,3,2,3,3,2,3,3,2,3,3,2,3,3,2,0,0,0,0,0,0,0,0,0
2155,data/aihub_traffic/test/images/d_validation_1920_1080_daylight_2/15698010.jpg,3,4,3,2,4,3,2,4,3,2,4,3,2,4,3,2,4,3,2,4,3,2,4,3,2,4,3,2,4,3,2,4,3,2,4,3,2,0,0,0,0,0,0,0,0,0
2156,data/aihub_traffic/test/images/d_validation_1920_1080_daylight_2/15698371.jpg,2,1,1,1,1,1,1,1,1,1,1,1,1,1,1,1,1,1,1,1,1,1,1,1,1,1,1,1,1,1,1,1,1,1,1,1,1,0,0,0,0,0,0,0,0,0
2157,data/aihub_traffic/test/images/d_validation_1920_1080_daylight_2/15698377.jpg,2,1,1,1,1,1,1,1,1,1,1,1,1,1,1,1,1,1,1,0,0,0,0,0,0,0,0,0,0,0,0,0,0,0,0,0,0,0,0,0,0,0,0,0,0,0
2158,data/aihub_traffic/test/images/d_validation_1920_1080_daylight_2/15698650.jpg,2,3,2,2,3,2,2,3,2,2,3,2,2,3,2,2,3,2,2,3,2,2,3,2,2,3,2,2,3,2,2,3,2,2,3,2,2,0,0,0,0,0,0,0,0,0
2159,data/aihub_traffic/test/images/d_validation_1920_1080_daylight_2/15698716.jpg,4,0,0,0,0,0,0,0,0,0,0,0,0,0,0,0,0,0,0,0,0,0,0,0,0,0,0,0,0,0,0,0,0,0,0,0,0,0,0,0,0,0,0,0,0,0
2160,data/aihub_traffic/test/images/d_validation_1920_1080_daylight_2/15712194.jpg,0,1,0,0,1,0,0,1,0,0,1,0,0,1,0,0,1,0,0,1,0,0,1,0,0,1,0,0,1,0,0,1,0,0,1,0,0,0,0,0,0,0,0,0,0,0
2161,data/aihub_traffic/test/images/d_validation_1920_1080_daylight_2/15712200.jpg,5,4,3,3,4,3,3,4,3,3,4,3,3,4,3,3,4,3,3,4,3,3,4,3,3,4,3,3,4,3,3,4,3,3,4,3,3,0,0,0,0,0,0,0,0,0
2162,data/aihub_traffic/test/images/d_validation_1920_1080_daylight_2/15712206.jpg,9,8,7,6,8,7,6,8,7,6,8,7,6,8,7,6,8,7,6,8,7,6,8,7,6,8,7,6,8,7,6,8,7,6,8,7,6,0,0,0,0,0,0,0,0,0
2163,data/aihub_traffic/test/images/d_validation_1920_1080_daylight_2/15712213.jpg,5,5,4,4,5,4,4,5,4,4,5,4,4,5,4,4,5,4,4,5,4,4,5,4,4,5,4,4,5,4,4,5,4,4,5,4,4,0,0,0,0,0,0,0,0,0
2164,data/aihub_traffic/test/images/d_validation_1920_1080_daylight_2/15712283.jpg,6,3,2,2,3,2,2,3,2,2,3,2,2,3,2,2,3,2,2,3,2,2,3,2,2,3,2,2,3,2,2,3,2,2,3,2,2,0,0,0,0,0,0,0,0,0
2165,data/aihub_traffic/test/images/d_validation_1920_1080_daylight_2/15712289.jpg,1,0,0,0,0,0,0,0,0,0,0,0,0,0,0,0,0,0,0,0,0,0,0,0,0,0,0,0,0,0,0,0,0,0,0,0,0,0,0,0,0,0,0,0,0,0
2166,data/aihub_traffic/test/images/d_validation_1920_1080_daylight_2/15712295.jpg,4,3,2,1,3,2,1,3,2,1,3,2,1,3,2,1,3,2,1,3,2,2,3,2,2,3,2,2,3,2,2,3,2,2,3,2,2,0,0,0,0,0,0,0,0,0
2167,data/aihub_traffic/test/images/d_validation_1920_1080_daylight_2/15712301.jpg,5,5,4,4,5,4,4,5,4,4,5,4,4,5,4,4,5,4,4,5,4,4,5,4,4,5,4,4,5,4,4,5,4,4,5,4,4,0,0,0,0,0,0,0,0,0
2168,data/aihub_traffic/test/images/d_validation_1920_1080_daylight_2/15712307.jpg,1,2,1,1,2,1,1,2,1,1,2,1,1,2,1,1,2,1,1,2,1,1,2,1,1,2,1,1,2,1,1,2,1,1,2,1,1,0,0,0,0,0,0,0,0,0
2169,data/aihub_traffic/test/images/d_validation_1920_1080_daylight_2/15712445.jpg,3,3,0,0,3,0,0,3,0,0,3,0,0,3,0,0,3,0,0,3,0,0,3,0,0,3,0,0,3,0,0,3,0,0,3,0,0,0,0,0,0,0,0,0,0,0
2170,data/aihub_traffic/test/images/d_validation_1920_1080_daylight_2/15712451.jpg,0,0,0,0,0,0,0,0,0,0,0,0,0,0,0,0,0,0,0,0,0,0,0,0,0,0,0,0,0,0,0,0,0,0,0,0,0,0,0,0,0,0,0,0,0,0
2171,data/aihub_traffic/test/images/d_validation_1920_1080_daylight_2/15712457.jpg,0,0,0,0,0,0,0,0,0,0,0,0,0,0,0,0,0,0,0,0,0,0,0,0,0,0,0,0,0,0,0,0,0,0,0,0,0,0,0,0,0,0,0,0,0,0
2172,data/aihub_traffic/test/images/d_validation_1920_1080_daylight_2/15712463.jpg,0,0,0,0,0,0,0,0,0,0,0,0,0,0,0,0,0,0,0,0,0,0,0,0,0,0,0,0,0,0,0,0,0,0,0,0,0,0,0,0,0,0,0,0,0,0
2173,data/aihub_traffic/test/images/d_validation_1920_1080_daylight_2/15712469.jpg,0,0,0,0,0,0,0,0,0,0,0,0,0,0,0,0,0,0,0,0,0,0,0,0,0,0,0,0,0,0,0,0,0,0,0,0,0,0,0,0,0,0,0,0,0,0
2174,data/aihub_traffic/test/images/d_validation_1920_1080_daylight_2/15712541.jpg,0,2,0,0,2,0,0,2,0,0,2,0,0,2,0,0,2,0,0,2,0,0,2,0,0,2,0,0,2,0,0,2,0,0,2,0,0,0,0,0,0,0,0,0,0,0
2175,data/aihub_traffic/test/images/d_validation_1920_1080_daylight_2/15712547.jpg,1,1,1,1,1,1,1,1,1,1,1,1,1,1,1,1,1,1,1,1,1,1,1,1,1,1,1,1,1,1,1,1,1,1,1,1,1,0,0,0,0,0,0,0,0,0
2176,data/aihub_traffic/test/images/d_validation_1920_1080_daylight_2/15725359.jpg,5,5,4,4,5,4,4,5,4,4,5,4,4,5,4,4,5,4,4,5,4,4,5,4,4,5,4,4,5,4,4,5,4,4,5,4,4,0,0,0,0,0,0,0,0,0
2177,data/aihub_traffic/test/images/d_validation_1920_1080_daylight_2/15725365.jpg,7,6,3,2,6,3,2,6,3,2,6,3,2,6,3,2,6,3,2,6,3,3,6,3,3,6,3,3,6,3,3,6,3,3,6,3,3,0,0,0,0,0,0,0,0,0
2178,data/aihub_traffic/test/images/d_validation_1920_1080_daylight_2/15725372.jpg,5,6,4,4,6,4,4,6,4,4,6,4,4,6,4,4,6,4,4,7,4,4,7,4,4,7,4,4,7,4,4,7,4,4,7,4,4,0,0,0,0,0,0,0,0,0
2179,data/aihub_traffic/test/images/d_validation_1920_1080_daylight_2/15725378.jpg,9,6,5,5,6,5,5,6,5,5,6,5,5,6,5,5,6,5,5,6,4,4,6,4,4,6,4,4,6,4,4,6,4,4,6,4,4,0,0,0,0,0,0,0,0,0
2180,data/aihub_traffic/test/images/d_validation_1920_1080_daylight_2/15725384.jpg,8,6,4,4,6,4,4,6,4,4,6,4,4,6,4,4,6,4,4,6,4,4,6,4,4,6,4,4,6,4,4,6,4,4,6,4,4,0,0,0,0,0,0,0,0,0
2181,data/aihub_traffic/test/images/d_validation_1920_1080_daylight_2/15725390.jpg,9,4,3,3,4,3,3,4,3,3,4,3,3,4,3,3,4,3,3,4,3,3,4,3,3,4,3,3,4,3,3,4,3,3,4,3,3,0,0,0,0,0,0,0,0,0
2182,data/aihub_traffic/test/images/d_validation_1920_1080_daylight_2/15725397.jpg,8,8,8,8,8,8,8,8,8,8,8,8,8,8,8,8,8,8,8,8,8,8,8,8,8,8,8,8,8,8,8,8,8,8,8,8,8,0,0,0,0,0,0,0,0,0
2183,data/aihub_traffic/test/images/d_validation_1920_1080_daylight_2/15725403.jpg,8,8,6,5,8,6,5,8,6,5,8,6,5,8,6,5,8,6,5,9,6,5,9,6,5,9,6,5,9,6,5,9,6,5,9,6,5,0,0,0,0,0,0,0,0,0
2184,data/aihub_traffic/test/images/d_validation_1920_1080_daylight_2/15725410.jpg,1,0,0,0,0,0,0,0,0,0,0,0,0,0,0,0,0,0,0,0,0,0,0,0,0,0,0,0,0,0,0,0,0,0,0,0,0,0,0,0,0,0,0,0,0,0
2185,data/aihub_traffic/test/images/d_validation_1920_1080_daylight_2/15725416.jpg,5,5,5,4,5,5,4,5,5,4,5,5,3,5,5,3,5,5,4,5,5,4,5,5,4,5,5,4,5,5,4,5,5,4,5,5,4,0,0,0,0,0,0,0,0,0
2186,data/aihub_traffic/test/images/d_validation_1920_1080_daylight_2/15725422.jpg,12,6,5,4,6,5,4,6,5,4,6,6,5,6,6,5,6,6,5,6,6,5,6,6,5,6,6,5,6,6,5,6,6,5,6,6,5,0,0,0,0,0,0,0,0,0
2187,data/aihub_traffic/test/images/d_validation_1920_1080_daylight_2/15725428.jpg,6,6,6,6,6,6,6,6,6,6,6,6,6,6,6,6,6,6,6,8,6,6,8,6,6,8,6,6,8,6,6,8,6,6,8,6,6,0,0,0,0,0,0,0,0,0
2188,data/aihub_traffic/test/images/d_validation_1920_1080_daylight_2/15725697.jpg,8,7,7,7,7,7,7,7,7,7,7,7,6,7,7,6,7,7,6,6,6,6,6,6,6,6,6,6,6,6,6,6,6,6,6,6,6,0,0,0,0,0,0,0,0,0
2189,data/aihub_traffic/test/images/d_validation_1920_1080_daylight_2/15725703.jpg,4,4,3,3,4,3,3,4,3,3,4,3,3,4,3,3,4,3,3,4,3,3,4,3,3,4,3,3,4,3,3,4,3,3,4,3,3,0,0,0,0,0,0,0,0,0
2190,data/aihub_traffic/test/images/d_validation_1920_1080_daylight_2/15725711.jpg,5,1,1,1,1,1,1,1,1,1,1,1,1,1,1,1,1,1,1,0,0,0,0,0,0,0,0,0,0,0,0,0,0,0,0,0,0,0,0,0,0,0,0,0,0,0
2191,data/aihub_traffic/test/images/d_validation_1920_1080_daylight_2/15725717.jpg,7,5,5,5,5,5,5,5,5,5,5,5,5,5,5,5,5,5,5,5,5,5,5,5,5,5,5,5,5,5,5,5,5,5,5,5,5,0,0,0,0,0,0,0,0,0
2192,data/aihub_traffic/test/images/d_validation_1920_1080_daylight_2/15737408.jpg,13,5,5,5,5,5,5,5,5,5,5,5,5,5,5,5,5,5,5,5,5,5,5,5,5,5,5,5,5,5,5,5,5,5,5,5,5,0,0,0,0,0,0,0,0,0
2193,data/aihub_traffic/test/images/d_validation_1920_1080_daylight_2/15737414.jpg,9,6,5,5,6,5,5,6,5,5,6,5,5,6,5,5,6,5,5,6,5,5,6,5,5,6,5,5,6,5,5,6,5,5,6,5,5,0,0,0,0,0,0,0,0,0
2194,data/aihub_traffic/test/images/d_validation_1920_1080_daylight_2/15737731.jpg,11,5,4,3,5,4,3,5,4,3,5,4,3,5,4,3,5,4,3,4,4,4,4,4,4,4,4,4,4,4,4,4,4,4,4,4,4,0,0,0,0,0,0,0,0,0
2195,data/aihub_traffic/test/images/d_validation_1920_1080_daylight_2/15737737.jpg,10,9,6,5,9,6,5,9,6,5,9,6,5,9,6,5,9,6,5,9,6,5,9,6,5,9,6,5,9,6,5,9,6,5,9,6,5,0,0,0,0,0,0,0,0,0
2196,data/aihub_traffic/test/images/d_validation_1920_1080_daylight_2/15737743.jpg,13,11,10,9,11,10,9,11,10,9,11,10,9,11,10,9,11,10,9,11,9,8,11,9,8,11,9,8,11,9,8,11,9,8,11,9,8,0,0,0,0,0,0,0,0,0
2197,data/aihub_traffic/test/images/d_validation_1920_1080_daylight_2/15737749.jpg,14,10,10,7,10,10,7,10,10,7,10,10,7,10,10,7,10,10,7,10,10,7,10,10,7,10,10,7,10,10,7,10,10,7,10,10,7,0,0,0,0,0,0,0,0,0
2198,data/aihub_traffic/test/images/d_validation_1920_1080_daylight_2/15737755.jpg,14,9,9,9,9,9,9,9,9,9,9,9,8,9,9,8,9,9,8,9,9,9,9,9,9,9,9,9,9,9,9,9,9,9,9,9,9,0,0,0,0,0,0,0,0,0
2199,data/aihub_traffic/test/images/d_validation_1920_1080_daylight_2/15737764.jpg,8,6,6,6,6,6,6,6,6,6,6,6,6,6,6,6,6,6,6,6,6,6,6,6,6,6,6,6,6,6,6,6,6,6,6,6,6,0,0,0,0,0,0,0,0,0
2200,data/aihub_traffic/test/images/d_validation_1920_1080_daylight_2/15737770.jpg,5,3,3,3,3,3,3,3,3,3,3,3,3,3,3,3,3,3,3,3,3,3,3,3,3,3,3,3,3,3,3,3,3,3,3,3,3,0,0,0,0,0,0,0,0,0
2201,data/aihub_traffic/test/images/d_validation_1920_1080_daylight_2/15737776.jpg,9,6,4,2,6,4,2,6,4,2,5,4,2,5,4,2,5,4,2,5,4,2,5,4,2,5,4,2,5,4,2,5,4,2,5,4,2,0,0,0,0,0,0,0,0,0
2202,data/aihub_traffic/test/images/d_validation_1920_1080_daylight_2/15737782.jpg,9,7,6,5,7,6,5,7,6,5,7,6,6,7,6,6,7,6,6,7,6,5,7,6,5,7,6,5,7,6,5,7,6,5,7,6,5,0,0,0,0,0,0,0,0,0
2203,data/aihub_traffic/test/images/d_validation_1920_1080_daylight_2/15737788.jpg,7,7,6,6,7,6,6,7,6,6,7,6,6,7,6,6,7,6,6,7,6,6,7,6,6,7,6,6,7,6,6,7,6,6,7,6,6,0,0,0,0,0,0,0,0,0
2204,data/aihub_traffic/test/images/d_validation_1920_1080_daylight_2/15737795.jpg,5,1,1,1,1,1,1,1,1,1,1,1,1,1,1,1,1,1,1,1,1,1,1,1,1,1,1,1,1,1,1,1,1,1,1,1,1,0,0,0,0,0,0,0,0,0
2205,data/aihub_traffic/test/images/d_validation_1920_1080_daylight_2/15737801.jpg,3,1,1,1,1,1,1,1,1,1,1,1,1,1,1,1,1,1,1,1,1,1,1,1,1,1,1,1,1,1,1,1,1,1,1,1,1,0,0,0,0,0,0,0,0,0
2206,data/aihub_traffic/test/images/d_validation_1920_1080_daylight_2/15737807.jpg,2,3,2,2,3,2,2,3,2,2,3,2,2,3,2,2,3,2,2,3,2,2,3,2,2,3,2,2,3,2,2,3,2,2,3,2,2,0,0,0,0,0,0,0,0,0
2207,data/aihub_traffic/test/images/d_validation_1920_1080_daylight_2/15737813.jpg,7,2,2,2,2,2,2,2,2,2,2,2,2,2,2,2,2,2,2,2,2,2,2,2,2,2,2,2,2,2,2,2,2,2,2,2,2,0,0,0,0,0,0,0,0,0
2208,data/aihub_traffic/test/images/d_validation_1920_1080_daylight_2/15849563.jpg,2,2,2,2,2,2,2,2,2,2,2,2,2,2,2,2,2,2,2,2,2,2,2,2,2,2,2,2,2,2,2,2,2,2,2,2,2,0,0,0,0,0,0,0,0,0
2209,data/aihub_traffic/test/images/d_validation_1920_1080_daylight_2/15849569.jpg,8,7,6,4,7,6,4,7,6,4,7,6,4,7,6,4,7,6,4,6,6,5,6,6,5,6,6,5,6,6,5,6,6,5,6,6,5,0,0,0,0,0,0,0,0,0
2210,data/aihub_traffic/test/images/d_validation_1920_1080_daylight_2/15849577.jpg,6,3,3,3,3,3,3,3,3,3,3,3,3,3,3,3,3,3,3,3,3,3,3,3,3,3,3,3,3,3,3,3,3,3,3,3,3,0,0,0,0,0,0,0,0,0
2211,data/aihub_traffic/test/images/d_validation_1920_1080_daylight_2/15849583.jpg,6,4,3,3,4,3,3,4,3,3,4,3,3,4,3,3,4,3,3,4,3,3,4,3,3,4,3,3,4,3,3,4,3,3,4,3,3,0,0,0,0,0,0,0,0,0
2212,data/aihub_traffic/test/images/d_validation_1920_1080_daylight_2/15849590.jpg,6,4,3,2,4,3,2,4,3,2,4,3,2,4,3,2,4,3,2,3,3,2,3,3,2,3,3,2,3,3,2,3,3,2,3,3,2,0,0,0,0,0,0,0,0,0
2213,data/aihub_traffic/test/images/d_validation_1920_1080_daylight_2/15849597.jpg,0,2,0,0,2,0,0,2,0,0,2,0,0,2,0,0,2,0,0,3,0,0,3,0,0,3,0,0,3,0,0,3,0,0,3,0,0,0,0,0,0,0,0,0,0,0
2214,data/aihub_traffic/test/images/d_validation_1920_1080_daylight_2/15849603.jpg,0,0,0,0,0,0,0,0,0,0,0,0,0,0,0,0,0,0,0,0,0,0,0,0,0,0,0,0,0,0,0,0,0,0,0,0,0,0,0,0,0,0,0,0,0,0
2215,data/aihub_traffic/test/images/d_validation_1920_1080_daylight_2/15849609.jpg,0,0,0,0,0,0,0,0,0,0,0,0,0,0,0,0,0,0,0,0,0,0,0,0,0,0,0,0,0,0,0,0,0,0,0,0,0,0,0,0,0,0,0,0,0,0
2216,data/aihub_traffic/test/images/d_validation_1920_1080_daylight_2/15849615.jpg,0,0,0,0,0,0,0,0,0,0,0,0,0,0,0,0,0,0,0,0,0,0,0,0,0,0,0,0,0,0,0,0,0,0,0,0,0,0,0,0,0,0,0,0,0,0
2217,data/aihub_traffic/test/images/d_validation_1920_1080_daylight_2/15850381.jpg,0,0,0,0,0,0,0,0,0,0,0,0,0,0,0,0,0,0,0,0,0,0,0,0,0,0,0,0,0,0,0,0,0,0,0,0,0,0,0,0,0,0,0,0,0,0
2218,data/aihub_traffic/test/images/d_validation_1920_1080_daylight_2/15850387.jpg,0,1,0,0,1,0,0,1,0,0,1,0,0,1,0,0,1,0,0,1,0,0,1,0,0,1,0,0,1,0,0,1,0,0,1,0,0,0,0,0,0,0,0,0,0,0
2219,data/aihub_traffic/test/images/d_validation_1920_1080_daylight_2/15850393.jpg,0,0,0,0,0,0,0,0,0,0,0,0,0,0,0,0,0,0,0,0,0,0,0,0,0,0,0,0,0,0,0,0,0,0,0,0,0,0,0,0,0,0,0,0,0,0
2220,data/aihub_traffic/test/images/d_validation_1920_1080_daylight_2/15850399.jpg,0,0,0,0,0,0,0,0,0,0,0,0,0,0,0,0,0,0,0,0,0,0,0,0,0,0,0,0,0,0,0,0,0,0,0,0,0,0,0,0,0,0,0,0,0,0
2221,data/aihub_traffic/test/images/d_validation_1920_1080_daylight_2/15850760.jpg,1,0,0,0,0,0,0,0,0,0,0,0,0,0,0,0,0,0,0,0,0,0,0,0,0,0,0,0,0,0,0,0,0,0,0,0,0,0,0,0,0,0,0,0,0,0
2222,data/aihub_traffic/test/images/d_validation_1920_1080_daylight_2/15850766.jpg,1,1,0,0,1,0,0,1,0,0,1,0,0,1,0,0,1,0,0,1,0,0,1,0,0,1,0,0,1,0,0,1,0,0,1,0,0,0,0,0,0,0,0,0,0,0
2223,data/aihub_traffic/test/images/d_validation_1920_1080_daylight_2/15850772.jpg,0,0,0,0,0,0,0,0,0,0,0,0,0,0,0,0,0,0,0,1,0,0,1,0,0,1,0,0,1,0,0,1,0,0,1,0,0,0,0,0,0,0,0,0,0,0
2224,data/aihub_traffic/test/images/d_validation_1920_1080_daylight_2/15858732.jpg,3,3,3,3,3,3,3,3,3,3,3,3,3,3,3,3,3,3,3,3,3,3,3,3,3,3,3,3,3,3,3,3,3,3,3,3,3,0,0,0,0,0,0,0,0,0
2225,data/aihub_traffic/test/images/d_validation_1920_1080_daylight_2/15858738.jpg,5,3,3,3,3,3,3,3,3,3,3,3,3,3,3,3,3,3,3,3,3,2,3,3,2,3,3,2,3,3,2,3,3,2,3,3,2,0,0,0,0,0,0,0,0,0
2226,data/aihub_traffic/test/images/d_validation_1920_1080_daylight_2/15858745.jpg,3,3,3,2,3,3,2,3,3,2,3,3,3,3,3,3,3,3,3,3,3,3,3,3,3,3,3,3,3,3,3,3,3,3,3,3,3,0,0,0,0,0,0,0,0,0
2227,data/aihub_traffic/test/images/d_validation_1920_1080_daylight_2/15858751.jpg,3,3,3,3,3,3,3,3,3,3,3,3,3,3,3,3,3,3,3,3,3,3,3,3,3,3,3,3,3,3,3,3,3,3,3,3,3,0,0,0,0,0,0,0,0,0
2228,data/aihub_traffic/test/images/d_validation_1920_1080_daylight_2/15858757.jpg,3,3,3,3,3,3,3,3,3,3,3,3,3,3,3,3,3,3,3,3,3,2,3,3,2,3,3,2,3,3,2,3,3,2,3,3,2,0,0,0,0,0,0,0,0,0
2229,data/aihub_traffic/test/images/d_validation_1920_1080_daylight_2/15858764.jpg,4,3,3,3,3,3,3,3,3,3,3,3,3,3,3,3,3,3,3,3,3,3,3,3,3,3,3,3,3,3,3,3,3,3,3,3,3,0,0,0,0,0,0,0,0,0
2230,data/aihub_traffic/test/images/d_validation_1920_1080_daylight_2/15858770.jpg,4,3,3,3,3,3,3,3,3,3,3,3,3,3,3,3,3,3,3,3,3,3,3,3,3,3,3,3,3,3,3,3,3,3,3,3,3,0,0,0,0,0,0,0,0,0
2231,data/aihub_traffic/test/images/d_validation_1920_1080_daylight_2/15858780.jpg,3,4,3,3,4,3,3,4,3,3,4,3,3,4,3,3,4,3,3,4,3,3,4,3,3,4,3,3,4,3,3,4,3,3,4,3,3,0,0,0,0,0,0,0,0,0
2232,data/aihub_traffic/test/images/d_validation_1920_1080_daylight_2/15859634.jpg,5,4,4,4,4,4,4,4,4,4,4,4,4,4,4,4,4,4,4,4,4,4,4,4,4,4,4,4,4,4,4,4,4,4,4,4,4,0,0,0,0,0,0,0,0,0
2233,data/aihub_traffic/test/images/d_validation_1920_1080_daylight_2/15859640.jpg,1,1,0,0,1,0,0,1,0,0,1,0,0,1,0,0,1,0,0,0,0,0,0,0,0,0,0,0,0,0,0,0,0,0,0,0,0,0,0,0,0,0,0,0,0,0
2234,data/aihub_traffic/test/images/d_validation_1920_1080_daylight_2/15859646.jpg,3,2,2,2,2,2,2,2,2,2,2,2,2,2,2,2,2,2,2,2,2,2,2,2,2,2,2,2,2,2,2,2,2,2,2,2,2,0,0,0,0,0,0,0,0,0
2235,data/aihub_traffic/test/images/d_validation_1920_1080_daylight_2/15859652.jpg,3,3,3,3,3,3,3,3,3,3,3,3,3,3,3,3,3,3,3,3,3,3,3,3,3,3,3,3,3,3,3,3,3,3,3,3,3,0,0,0,0,0,0,0,0,0
2236,data/aihub_traffic/test/images/d_validation_1920_1080_daylight_2/15859658.jpg,8,5,4,4,5,4,4,5,4,4,5,4,4,5,4,4,5,4,4,4,4,4,4,4,4,4,4,4,4,4,4,4,4,4,4,4,4,0,0,0,0,0,0,0,0,0
2237,data/aihub_traffic/test/images/d_validation_1920_1080_daylight_2/15860583.jpg,4,5,2,2,5,2,2,5,2,2,5,2,2,5,2,2,5,2,2,5,2,2,5,2,2,5,2,2,5,2,2,5,2,2,5,2,2,0,0,0,0,0,0,0,0,0
2238,data/aihub_traffic/test/images/d_validation_1920_1080_daylight_2/15860589.jpg,6,6,2,2,6,2,2,6,2,2,6,2,2,6,2,2,6,2,2,4,2,2,4,2,2,4,2,2,4,2,2,4,2,2,4,2,2,0,0,0,0,0,0,0,0,0
2239,data/aihub_traffic/test/images/d_validation_1920_1080_daylight_2/15860595.jpg,6,6,2,2,6,2,2,6,2,2,6,2,2,6,2,2,6,2,2,5,2,2,5,2,2,5,2,2,5,2,2,5,2,2,5,2,2,0,0,0,0,0,0,0,0,0
2240,data/aihub_traffic/test/images/d_validation_1920_1080_daylight_2/15961675.jpg,5,0,0,0,0,0,0,0,0,0,0,0,0,0,0,0,0,0,0,0,0,0,0,0,0,0,0,0,0,0,0,0,0,0,0,0,0,0,0,0,0,0,0,0,0,0
2241,data/aihub_traffic/test/images/d_validation_1920_1080_daylight_2/15961682.jpg,6,0,0,0,0,0,0,0,0,0,0,0,0,0,0,0,0,0,0,0,0,0,0,0,0,0,0,0,0,0,0,0,0,0,0,0,0,0,0,0,0,0,0,0,0,0
2242,data/aihub_traffic/test/images/d_validation_1920_1080_daylight_2/15962361.jpg,6,0,0,0,0,0,0,0,0,0,0,0,0,0,0,0,0,0,0,0,0,0,0,0,0,0,0,0,0,0,0,0,0,0,0,0,0,0,0,0,0,0,0,0,0,0
2243,data/aihub_traffic/test/images/d_validation_1920_1080_daylight_2/15962367.jpg,6,0,0,0,0,0,0,0,0,0,0,0,0,0,0,0,0,0,0,0,0,0,0,0,0,0,0,0,0,0,0,0,0,0,0,0,0,0,0,0,0,0,0,0,0,0
2244,data/aihub_traffic/test/images/d_validation_1920_1080_daylight_2/15962373.jpg,6,0,0,0,0,0,0,0,0,0,0,0,0,0,0,0,0,0,0,0,0,0,0,0,0,0,0,0,0,0,0,0,0,0,0,0,0,0,0,0,0,0,0,0,0,0
2245,data/aihub_traffic/test/images/d_validation_1920_1080_daylight_2/15962379.jpg,2,0,0,0,0,0,0,0,0,0,0,0,0,0,0,0,0,0,0,0,0,0,0,0,0,0,0,0,0,0,0,0,0,0,0,0,0,0,0,0,0,0,0,0,0,0
2246,data/aihub_traffic/test/images/d_validation_1920_1080_daylight_2/15962385.jpg,6,0,0,0,0,0,0,0,0,0,0,0,0,0,0,0,0,0,0,1,0,0,1,0,0,1,0,0,1,0,0,1,0,0,1,0,0,0,0,0,0,0,0,0,0,0
2247,data/aihub_traffic/test/images/d_validation_1920_1080_daylight_2/15962759.jpg,6,0,0,0,0,0,0,0,0,0,0,0,0,0,0,0,0,0,0,0,0,0,0,0,0,0,0,0,0,0,0,0,0,0,0,0,0,0,0,0,0,0,0,0,0,0
2248,data/aihub_traffic/test/images/d_validation_1920_1080_daylight_2/15962765.jpg,6,0,0,0,0,0,0,0,0,0,0,0,0,0,0,0,0,0,0,0,0,0,0,0,0,0,0,0,0,0,0,0,0,0,0,0,0,0,0,0,0,0,0,0,0,0
2249,data/aihub_traffic/test/images/d_validation_1920_1080_daylight_2/15962771.jpg,4,0,0,0,0,0,0,0,0,0,0,0,0,0,0,0,0,0,0,0,0,0,0,0,0,0,0,0,0,0,0,0,0,0,0,0,0,0,0,0,0,0,0,0,0,0
2250,data/aihub_traffic/test/images/d_validation_1920_1080_daylight_2/15962777.jpg,4,0,0,0,0,0,0,0,0,0,0,0,0,0,0,0,0,0,0,0,0,0,0,0,0,0,0,0,0,0,0,0,0,0,0,0,0,0,0,0,0,0,0,0,0,0
2251,data/aihub_traffic/test/images/d_validation_1920_1080_daylight_2/15962783.jpg,6,1,0,0,1,0,0,1,0,0,1,0,0,1,0,0,1,0,0,1,0,0,1,0,0,1,0,0,1,0,0,1,0,0,1,0,0,0,0,0,0,0,0,0,0,0
2252,data/aihub_traffic/test/images/d_validation_1920_1080_daylight_2/15962789.jpg,6,1,1,1,1,1,1,1,1,1,1,1,1,1,1,1,1,1,1,1,1,0,1,1,0,1,1,0,1,1,0,1,1,0,1,1,0,0,0,0,0,0,0,0,0,0
2253,data/aihub_traffic/test/images/d_validation_1920_1080_daylight_2/15962795.jpg,6,1,1,0,1,1,0,1,1,0,1,1,0,1,1,0,1,1,0,1,1,0,1,1,0,1,1,0,1,1,0,1,1,0,1,1,0,0,0,0,0,0,0,0,0,0
2254,data/aihub_traffic/test/images/d_validation_1920_1080_daylight_2/15962801.jpg,4,1,1,0,1,1,0,1,1,0,1,1,0,1,1,0,1,1,0,1,1,0,1,1,0,1,1,0,1,1,0,1,1,0,1,1,0,0,0,0,0,0,0,0,0,0
2255,data/aihub_traffic/test/images/d_validation_1920_1080_daylight_2/15962809.jpg,0,0,0,0,0,0,0,0,0,0,0,0,0,0,0,0,0,0,0,0,0,0,0,0,0,0,0,0,0,0,0,0,0,0,0,0,0,0,0,0,0,0,0,0,0,0
2256,data/aihub_traffic/test/images/d_validation_1920_1080_daylight_2/15966451.jpg,0,0,0,0,0,0,0,0,0,0,0,0,0,0,0,0,0,0,0,0,0,0,0,0,0,0,0,0,0,0,0,0,0,0,0,0,0,0,0,0,0,0,0,0,0,0
2257,data/aihub_traffic/test/images/d_validation_1920_1080_daylight_2/15980085.jpg,2,2,1,1,2,1,1,2,1,0,2,1,1,2,1,1,2,1,0,2,1,0,2,1,0,2,1,0,2,1,0,2,1,0,2,1,0,0,0,0,0,0,0,0,0,0
2258,data/aihub_traffic/test/images/d_validation_1920_1080_daylight_2/15980091.jpg,3,1,1,1,1,1,1,1,1,1,1,1,1,1,1,1,1,1,1,1,1,1,1,1,1,1,1,1,1,1,1,1,1,1,1,1,1,0,0,0,0,0,0,0,0,0
2259,data/aihub_traffic/test/images/d_validation_1920_1080_daylight_2/15980097.jpg,3,1,1,1,1,1,1,1,1,1,1,1,1,1,1,1,1,1,1,1,1,1,1,1,1,1,1,1,1,1,1,1,1,1,1,1,1,0,0,0,0,0,0,0,0,0
2260,data/aihub_traffic/test/images/d_validation_1920_1080_daylight_2/15980107.jpg,0,0,0,0,0,0,0,0,0,0,0,0,0,0,0,0,0,0,0,0,0,0,0,0,0,0,0,0,0,0,0,0,0,0,0,0,0,0,0,0,0,0,0,0,0,0
2261,data/aihub_traffic/test/images/d_validation_1920_1080_daylight_2/15980113.jpg,0,0,0,0,0,0,0,0,0,0,0,0,0,0,0,0,0,0,0,0,0,0,0,0,0,0,0,0,0,0,0,0,0,0,0,0,0,0,0,0,0,0,0,0,0,0
2262,data/aihub_traffic/test/images/d_validation_1920_1080_daylight_2/15980119.jpg,0,0,0,0,0,0,0,0,0,0,0,0,0,0,0,0,0,0,0,0,0,0,0,0,0,0,0,0,0,0,0,0,0,0,0,0,0,0,0,0,0,0,0,0,0,0
2263,data/aihub_traffic/test/images/d_validation_1920_1080_daylight_2/15980125.jpg,0,0,0,0,0,0,0,0,0,0,0,0,0,0,0,0,0,0,0,0,0,0,0,0,0,0,0,0,0,0,0,0,0,0,0,0,0,0,0,0,0,0,0,0,0,0
2264,data/aihub_traffic/test/images/d_validation_1920_1080_daylight_2/15980131.jpg,2,0,0,0,0,0,0,0,0,0,0,0,0,0,0,0,0,0,0,0,0,0,0,0,0,0,0,0,0,0,0,0,0,0,0,0,0,0,0,0,0,0,0,0,0,0
2265,data/aihub_traffic/test/images/d_validation_1920_1080_daylight_2/15981110.jpg,1,0,0,0,0,0,0,0,0,0,0,0,0,0,0,0,0,0,0,0,0,0,0,0,0,0,0,0,0,0,0,0,0,0,0,0,0,0,0,0,0,0,0,0,0,0
2266,data/aihub_traffic/test/images/d_validation_1920_1080_daylight_2/15981116.jpg,2,2,2,2,2,2,2,2,2,2,2,2,2,2,2,2,2,2,2,2,2,2,2,2,2,2,2,2,2,2,2,2,2,2,2,2,2,0,0,0,0,0,0,0,0,0
2267,data/aihub_traffic/test/images/d_validation_1920_1080_daylight_2/15981122.jpg,1,2,0,0,2,0,0,2,0,0,2,0,0,2,0,0,2,0,0,2,0,0,2,0,0,2,0,0,2,0,0,2,0,0,2,0,0,0,0,0,0,0,0,0,0,0
2268,data/aihub_traffic/test/images/d_validation_1920_1080_daylight_2/15981128.jpg,2,0,0,0,0,0,0,0,0,0,0,0,0,0,0,0,0,0,0,0,0,0,0,0,0,0,0,0,0,0,0,0,0,0,0,0,0,0,0,0,0,0,0,0,0,0
2269,data/aihub_traffic/test/images/d_validation_1920_1080_daylight_2/15981134.jpg,3,2,2,2,2,2,2,2,2,2,2,2,2,2,2,2,2,2,2,2,2,2,2,2,2,2,2,2,2,2,2,2,2,2,2,2,2,0,0,0,0,0,0,0,0,0
2270,data/aihub_traffic/test/images/d_validation_1920_1080_daylight_2/15981208.jpg,1,1,1,1,1,1,1,1,1,1,1,1,1,1,1,1,1,1,1,1,1,1,1,1,1,1,1,1,1,1,1,1,1,1,1,1,1,0,0,0,0,0,0,0,0,0
2271,data/aihub_traffic/test/images/d_validation_1920_1080_daylight_2/15981214.jpg,1,0,0,0,0,0,0,0,0,0,0,0,0,0,0,0,0,0,0,0,0,0,0,0,0,0,0,0,0,0,0,0,0,0,0,0,0,0,0,0,0,0,0,0,0,0
2272,data/aihub_traffic/test/images/d_validation_1920_1080_daylight_2/15981220.jpg,1,1,1,0,1,1,0,1,1,0,1,1,0,1,1,0,1,1,0,1,1,1,1,1,1,1,1,1,1,1,0,1,1,0,1,1,0,0,0,0,0,0,0,0,0,0
2273,data/aihub_traffic/test/images/d_validation_1920_1080_daylight_2/15990886.jpg,6,3,2,1,3,2,1,3,2,1,3,2,1,3,2,1,3,2,1,3,2,1,3,2,1,3,2,1,3,2,1,3,2,1,3,2,1,0,0,0,0,0,0,0,0,0
2274,data/aihub_traffic/test/images/d_validation_1920_1080_daylight_2/15991378.jpg,7,6,5,2,6,5,2,6,5,2,6,5,2,6,5,2,6,5,2,5,5,2,5,5,2,5,5,2,5,5,2,5,5,2,5,5,2,0,0,0,0,0,0,0,0,0
2275,data/aihub_traffic/test/images/d_validation_1920_1080_daylight_2/15991385.jpg,11,6,5,4,6,5,4,6,5,4,6,5,4,6,5,4,6,5,4,6,6,4,6,6,4,6,6,4,6,6,4,6,6,4,6,6,4,0,0,0,0,0,0,0,0,0
2276,data/aihub_traffic/test/images/d_validation_1920_1080_daylight_2/15991392.jpg,12,6,5,4,6,5,4,6,5,4,6,5,4,6,5,4,6,5,4,6,6,4,6,6,4,6,6,4,6,6,4,6,6,4,6,6,4,0,0,0,0,0,0,0,0,0
2277,data/aihub_traffic/test/images/d_validation_1920_1080_daylight_2/15991398.jpg,10,7,5,3,7,5,3,7,5,3,7,5,3,7,5,3,7,5,3,7,5,3,7,5,3,7,5,3,7,5,3,7,5,3,7,5,3,0,0,0,0,0,0,0,0,0
2278,data/aihub_traffic/test/images/d_validation_1920_1080_daylight_2/15991404.jpg,11,6,5,3,6,5,3,6,5,3,6,5,3,6,5,3,6,5,3,6,5,3,6,5,3,6,5,3,6,5,4,6,5,4,6,5,4,0,0,0,0,0,0,0,0,0
2279,data/aihub_traffic/test/images/d_validation_1920_1080_daylight_2/15991411.jpg,8,6,4,4,6,4,4,6,4,4,6,4,4,6,4,4,6,4,4,5,3,3,5,3,3,5,3,3,5,3,3,5,3,3,5,3,3,0,0,0,0,0,0,0,0,0
2280,data/aihub_traffic/test/images/d_validation_1920_1080_daylight_2/15991417.jpg,4,5,4,4,5,4,4,5,4,4,5,4,4,5,4,4,5,4,4,6,4,4,6,4,4,6,4,4,6,4,4,6,4,4,6,4,4,0,0,0,0,0,0,0,0,0
2281,data/aihub_traffic/test/images/d_validation_1920_1080_daylight_2/15991423.jpg,9,5,5,4,5,5,4,5,5,3,5,5,4,5,5,4,5,5,3,6,5,4,6,5,4,6,5,3,6,5,4,6,5,4,6,5,3,0,0,0,0,0,0,0,0,0
2282,data/aihub_traffic/test/images/d_validation_1920_1080_daylight_2/15991429.jpg,10,7,7,7,7,7,7,7,7,7,7,7,7,7,7,7,7,7,7,7,7,6,7,7,6,7,7,6,7,7,6,7,7,6,7,7,6,0,0,0,0,0,0,0,0,0
2283,data/aihub_traffic/test/images/d_validation_1920_1080_daylight_2/15991435.jpg,12,8,6,6,8,6,6,8,6,6,8,6,6,8,6,6,8,6,6,7,6,6,7,6,6,7,6,6,7,6,6,7,6,6,7,6,6,0,0,0,0,0,0,0,0,0
2284,data/aihub_traffic/test/images/d_validation_1920_1080_daylight_2/15991503.jpg,12,8,8,7,8,8,7,8,8,6,8,8,7,8,8,7,8,8,6,7,7,5,7,7,5,7,7,5,7,7,5,7,7,5,7,7,5,0,0,0,0,0,0,0,0,0
2285,data/aihub_traffic/test/images/d_validation_1920_1080_daylight_2/15991511.jpg,12,8,8,7,8,8,7,8,8,7,8,8,7,8,8,7,8,8,7,7,7,7,7,7,7,7,7,7,7,7,7,7,7,7,7,7,7,0,0,0,0,0,0,0,0,0
2286,data/aihub_traffic/test/images/d_validation_1920_1080_daylight_2/15991517.jpg,13,8,7,6,8,7,6,8,7,5,8,7,6,8,7,6,8,7,5,7,6,4,7,6,4,7,6,4,7,6,4,7,6,4,7,6,4,0,0,0,0,0,0,0,0,0
2287,data/aihub_traffic/test/images/d_validation_1920_1080_daylight_2/15991523.jpg,12,9,7,5,9,7,5,9,7,5,9,7,5,9,7,5,9,7,5,7,7,5,7,7,5,7,7,5,7,7,5,7,7,5,7,7,5,0,0,0,0,0,0,0,0,0
2288,data/aihub_traffic/test/images/d_validation_1920_1080_daylight_2/15991532.jpg,6,7,5,5,7,5,5,7,5,5,7,5,5,7,5,5,7,5,5,8,5,5,8,5,5,8,5,5,8,5,5,8,5,5,8,5,5,0,0,0,0,0,0,0,0,0
2289,data/aihub_traffic/test/images/d_validation_1920_1080_daylight_2/15997920.jpg,0,2,0,0,2,0,0,2,0,0,2,0,0,2,0,0,2,0,0,3,0,0,3,0,0,3,0,0,3,0,0,3,0,0,3,0,0,0,0,0,0,0,0,0,0,0
2290,data/aihub_traffic/test/images/d_validation_1920_1080_daylight_2/15997933.jpg,2,4,2,2,4,2,2,4,2,2,4,2,2,4,2,2,4,2,2,4,2,2,4,2,2,4,2,2,4,2,2,4,2,2,4,2,2,0,0,0,0,0,0,0,0,0
2291,data/aihub_traffic/test/images/d_validation_1920_1080_daylight_2/15997939.jpg,2,0,0,0,0,0,0,0,0,0,0,0,0,0,0,0,0,0,0,0,0,0,0,0,0,0,0,0,0,0,0,0,0,0,0,0,0,0,0,0,0,0,0,0,0,0
2292,data/aihub_traffic/test/images/d_validation_1920_1080_daylight_2/15997946.jpg,9,3,3,2,3,3,2,3,3,2,3,3,2,3,3,2,3,3,2,3,3,2,3,3,2,3,3,2,3,3,2,3,3,2,3,3,2,0,0,0,0,0,0,0,0,0
2293,data/aihub_traffic/test/images/d_validation_1920_1080_daylight_2/15997953.jpg,3,3,2,2,3,2,2,3,2,2,3,2,2,3,2,2,3,2,2,3,2,2,3,2,2,3,2,2,3,2,2,3,2,2,3,2,2,0,0,0,0,0,0,0,0,0
2294,data/aihub_traffic/test/images/d_validation_1920_1080_daylight_2/15997959.jpg,5,4,3,3,4,3,3,4,3,3,4,3,3,4,3,3,4,3,3,3,2,2,3,2,2,3,2,2,3,2,2,3,2,2,3,2,2,0,0,0,0,0,0,0,0,0
2295,data/aihub_traffic/test/images/d_validation_1920_1080_daylight_2/15997970.jpg,7,3,2,2,3,2,2,3,2,2,3,2,2,3,2,2,3,2,2,3,2,2,3,2,2,3,2,2,3,2,2,3,2,2,3,2,2,0,0,0,0,0,0,0,0,0
2296,data/aihub_traffic/test/images/d_validation_1920_1080_daylight_2/15997976.jpg,4,3,2,2,3,2,2,3,2,2,3,2,2,3,2,2,3,2,2,3,2,2,3,2,2,3,2,2,3,2,2,3,2,2,3,2,2,0,0,0,0,0,0,0,0,0
2297,data/aihub_traffic/test/images/d_validation_1920_1080_daylight_2/15997982.jpg,2,2,1,1,2,1,1,2,1,1,2,1,1,2,1,1,2,1,1,2,1,1,2,1,1,2,1,1,2,1,1,2,1,1,2,1,1,0,0,0,0,0,0,0,0,0
2298,data/aihub_traffic/test/images/d_validation_1920_1080_daylight_2/15997988.jpg,8,6,5,5,6,5,5,6,5,5,6,5,5,6,5,5,6,5,5,6,5,5,6,5,5,6,5,5,6,5,5,6,5,5,6,5,5,0,0,0,0,0,0,0,0,0
2299,data/aihub_traffic/test/images/d_validation_1920_1080_daylight_2/15997996.jpg,7,5,4,4,5,4,4,5,4,4,5,4,4,5,4,4,5,4,4,5,4,4,5,4,4,5,4,4,5,4,4,5,4,4,5,4,4,0,0,0,0,0,0,0,0,0
2300,data/aihub_traffic/test/images/d_validation_1920_1080_daylight_2/15998754.jpg,1,0,0,0,0,0,0,0,0,0,0,0,0,0,0,0,0,0,0,0,0,0,0,0,0,0,0,0,0,0,0,0,0,0,0,0,0,0,0,0,0,0,0,0,0,0
2301,data/aihub_traffic/test/images/d_validation_1920_1080_daylight_2/15998761.jpg,1,1,1,1,1,1,1,1,1,1,1,1,1,1,1,1,1,1,1,1,1,1,1,1,1,1,1,1,1,1,1,1,1,1,1,1,1,0,0,0,0,0,0,0,0,0
2302,data/aihub_traffic/test/images/d_validation_1920_1080_daylight_2/15998767.jpg,0,1,0,0,1,0,0,1,0,0,1,0,0,1,0,0,1,0,0,1,0,0,1,0,0,1,0,0,1,0,0,1,0,0,1,0,0,0,0,0,0,0,0,0,0,0
2303,data/aihub_traffic/test/images/d_validation_1920_1080_daylight_2/15998773.jpg,7,7,5,4,7,5,4,7,5,4,7,5,3,7,5,3,7,5,3,6,4,3,6,4,3,6,4,3,6,4,3,6,4,3,6,4,3,0,0,0,0,0,0,0,0,0
2304,data/aihub_traffic/test/images/d_validation_1920_1080_daylight_2/15999120.jpg,1,1,0,0,1,0,0,1,0,0,1,0,0,1,0,0,1,0,0,0,0,0,0,0,0,0,0,0,0,0,0,0,0,0,0,0,0,0,0,0,0,0,0,0,0,0
2305,data/aihub_traffic/test/images/d_validation_1920_1080_daylight_2/16010542.jpg,4,3,3,3,3,3,3,3,3,3,3,3,3,3,3,3,3,3,3,3,3,3,3,3,3,3,3,3,3,3,3,3,3,3,3,3,3,0,0,0,0,0,0,0,0,0
2306,data/aihub_traffic/test/images/d_validation_1920_1080_daylight_2/16010548.jpg,3,3,3,2,3,3,2,3,3,2,3,3,2,3,3,2,3,3,2,3,3,2,3,3,2,3,3,2,3,3,2,3,3,2,3,3,2,0,0,0,0,0,0,0,0,0
2307,data/aihub_traffic/test/images/d_validation_1920_1080_daylight_2/16010554.jpg,1,0,0,0,0,0,0,0,0,0,0,0,0,0,0,0,0,0,0,1,0,0,1,0,0,1,0,0,1,0,0,1,0,0,1,0,0,0,0,0,0,0,0,0,0,0
2308,data/aihub_traffic/test/images/d_validation_1920_1080_daylight_2/16010560.jpg,1,1,1,1,1,1,1,1,1,1,1,1,1,1,1,1,1,1,1,1,1,1,1,1,1,1,1,1,1,1,1,1,1,1,1,1,1,0,0,0,0,0,0,0,0,0
2309,data/aihub_traffic/test/images/d_validation_1920_1080_daylight_2/16010572.jpg,4,2,1,1,2,1,1,2,1,1,2,1,1,2,1,1,2,1,1,2,1,1,2,1,1,2,1,1,2,1,1,2,1,1,2,1,1,0,0,0,0,0,0,0,0,0
2310,data/aihub_traffic/test/images/d_validation_1920_1080_daylight_2/16010579.jpg,6,2,1,1,2,1,1,2,1,1,2,1,1,2,1,1,2,1,1,2,1,1,2,1,1,2,1,1,2,1,1,2,1,1,2,1,1,0,0,0,0,0,0,0,0,0
2311,data/aihub_traffic/test/images/d_validation_1920_1080_daylight_2/16010585.jpg,5,5,5,3,5,5,3,5,5,3,5,5,3,5,5,3,5,5,3,5,5,3,5,5,3,5,5,3,5,5,3,5,5,3,5,5,3,0,0,0,0,0,0,0,0,0
2312,data/aihub_traffic/test/images/d_validation_1920_1080_daylight_2/16010591.jpg,9,4,3,3,4,3,3,4,3,3,4,3,3,4,3,3,4,3,3,4,3,3,4,3,3,4,3,3,4,3,3,4,3,3,4,3,3,0,0,0,0,0,0,0,0,0
2313,data/aihub_traffic/test/images/d_validation_1920_1080_daylight_2/16010598.jpg,8,5,5,2,5,5,2,5,5,2,5,5,2,5,5,2,5,5,2,5,5,3,5,5,3,5,5,2,5,5,3,5,5,3,5,5,2,0,0,0,0,0,0,0,0,0
2314,data/aihub_traffic/test/images/d_validation_1920_1080_daylight_2/16010604.jpg,9,8,6,4,8,6,4,8,6,4,8,6,4,8,6,4,8,6,4,7,6,4,7,6,4,7,6,4,7,6,4,7,6,4,7,6,4,0,0,0,0,0,0,0,0,0
2315,data/aihub_traffic/test/images/d_validation_1920_1080_daylight_2/16010610.jpg,6,4,4,3,4,4,3,4,4,3,4,4,3,4,4,3,4,4,3,4,4,3,4,4,3,4,4,3,4,4,3,4,4,3,4,4,3,0,0,0,0,0,0,0,0,0
2316,data/aihub_traffic/test/images/d_validation_1920_1080_daylight_2/16010616.jpg,5,1,1,0,1,1,0,1,1,0,1,1,0,1,1,0,1,1,0,1,1,0,1,1,0,1,1,0,1,1,0,1,1,0,1,1,0,0,0,0,0,0,0,0,0,0
2317,data/aihub_traffic/test/images/d_validation_1920_1080_daylight_2/16010622.jpg,7,5,5,5,5,5,5,5,5,5,5,5,5,5,5,5,5,5,5,5,5,5,5,5,5,5,5,5,5,5,5,5,5,5,5,5,5,0,0,0,0,0,0,0,0,0
2318,data/aihub_traffic/test/images/d_validation_1920_1080_daylight_2/16010628.jpg,7,3,3,3,3,3,3,3,3,3,3,3,3,3,3,3,3,3,3,3,3,3,3,3,3,3,3,3,3,3,3,3,3,3,3,3,3,0,0,0,0,0,0,0,0,0
2319,data/aihub_traffic/test/images/d_validation_1920_1080_daylight_2/16010639.jpg,9,7,6,6,7,6,6,7,6,6,7,6,6,7,6,6,7,6,6,6,6,6,6,6,6,6,6,6,6,6,6,6,6,6,6,6,6,0,0,0,0,0,0,0,0,0
2320,data/aihub_traffic/test/images/d_validation_1920_1080_daylight_2/16010645.jpg,3,1,0,0,1,0,0,1,0,0,1,0,0,1,0,0,1,0,0,0,0,0,0,0,0,0,0,0,0,0,0,0,0,0,0,0,0,0,0,0,0,0,0,0,0,0
2321,data/aihub_traffic/test/images/d_validation_1920_1080_daylight_2/16080413.jpg,9,4,4,2,4,4,2,4,4,2,4,4,2,4,4,2,4,4,2,4,4,4,4,4,4,4,4,3,4,4,4,4,4,4,4,4,3,0,0,0,0,0,0,0,0,0
2322,data/aihub_traffic/test/images/d_validation_1920_1080_daylight_2/16080419.jpg,6,6,4,2,6,4,2,6,4,2,6,4,2,6,4,2,6,4,2,6,4,3,6,4,3,6,4,3,6,4,3,6,4,3,6,4,3,0,0,0,0,0,0,0,0,0
2323,data/aihub_traffic/test/images/d_validation_1920_1080_daylight_2/16080425.jpg,9,5,4,2,5,4,2,5,4,2,5,4,2,5,4,2,5,4,2,6,4,2,6,4,2,6,4,2,6,4,2,6,4,2,6,4,2,0,0,0,0,0,0,0,0,0
2324,data/aihub_traffic/test/images/d_validation_1920_1080_daylight_2/16080431.jpg,9,5,3,2,5,3,2,5,3,2,5,3,2,5,3,2,5,3,2,5,3,2,5,3,2,5,3,2,5,3,2,5,3,2,5,3,2,0,0,0,0,0,0,0,0,0
2325,data/aihub_traffic/test/images/d_validation_1920_1080_daylight_2/16080437.jpg,9,4,3,2,4,3,2,4,3,2,4,3,2,4,3,2,4,3,2,5,3,2,5,3,2,5,3,2,5,3,2,5,3,2,5,3,2,0,0,0,0,0,0,0,0,0
2326,data/aihub_traffic/test/images/d_validation_1920_1080_daylight_2/16080446.jpg,9,4,3,2,4,3,2,4,3,2,4,3,2,4,3,2,4,3,2,4,3,2,4,3,2,4,3,2,4,3,2,4,3,2,4,3,2,0,0,0,0,0,0,0,0,0
2327,data/aihub_traffic/test/images/d_validation_1920_1080_daylight_2/16080452.jpg,9,3,3,2,3,3,2,3,3,2,3,3,2,3,3,2,3,3,2,3,3,2,3,3,2,3,3,2,3,3,2,3,3,2,3,3,2,0,0,0,0,0,0,0,0,0
2328,data/aihub_traffic/test/images/d_validation_1920_1080_daylight_2/16080459.jpg,9,5,3,2,5,3,2,5,3,2,5,3,2,5,3,2,5,3,2,5,3,2,5,3,2,5,3,2,5,3,2,5,3,2,5,3,2,0,0,0,0,0,0,0,0,0
2329,data/aihub_traffic/test/images/d_validation_1920_1080_daylight_2/16080467.jpg,9,4,3,2,4,3,2,4,3,2,4,3,2,4,3,2,4,3,2,4,3,2,4,3,2,4,3,2,4,3,2,4,3,2,4,3,2,0,0,0,0,0,0,0,0,0
2330,data/aihub_traffic/test/images/d_validation_1920_1080_daylight_2/16081694.jpg,8,4,3,2,4,3,2,4,3,2,4,3,2,4,3,2,4,3,2,4,3,2,4,3,2,4,3,2,4,3,2,4,3,2,4,3,2,0,0,0,0,0,0,0,0,0
2331,data/aihub_traffic/test/images/d_validation_1920_1080_daylight_2/16081701.jpg,9,3,2,1,3,2,1,3,2,1,3,2,1,3,2,1,3,2,1,3,2,1,3,2,1,3,2,1,3,2,1,3,2,1,3,2,1,0,0,0,0,0,0,0,0,0
2332,data/aihub_traffic/test/images/d_validation_1920_1080_daylight_2/16081707.jpg,0,0,0,0,0,0,0,0,0,0,0,0,0,0,0,0,0,0,0,0,0,0,0,0,0,0,0,0,0,0,0,0,0,0,0,0,0,0,0,0,0,0,0,0,0,0
2333,data/aihub_traffic/test/images/d_validation_1920_1080_daylight_2/16081713.jpg,0,0,0,0,0,0,0,0,0,0,0,0,0,0,0,0,0,0,0,0,0,0,0,0,0,0,0,0,0,0,0,0,0,0,0,0,0,0,0,0,0,0,0,0,0,0
2334,data/aihub_traffic/test/images/d_validation_1920_1080_daylight_2/16081719.jpg,1,3,0,0,3,0,0,3,0,0,3,0,0,3,0,0,3,0,0,3,0,0,3,0,0,3,0,0,3,0,0,3,0,0,3,0,0,0,0,0,0,0,0,0,0,0
2335,data/aihub_traffic/test/images/d_validation_1920_1080_daylight_2/16082039.jpg,4,3,2,2,3,2,2,3,2,2,3,2,2,3,2,2,3,2,2,2,1,1,2,1,1,2,1,1,2,1,1,2,1,1,2,1,1,0,0,0,0,0,0,0,0,0
2336,data/aihub_traffic/test/images/d_validation_1920_1080_daylight_2/16082045.jpg,4,1,1,0,1,1,0,1,1,0,1,1,0,1,1,0,1,1,0,1,1,0,1,1,0,1,1,0,1,1,0,1,1,0,1,1,0,0,0,0,0,0,0,0,0,0
2337,data/aihub_traffic/test/images/d_validation_1920_1080_daylight_2/16136164.jpg,3,2,1,1,2,1,1,2,1,1,2,1,1,2,1,1,2,1,1,2,1,1,2,1,1,2,1,1,2,1,1,2,1,1,2,1,1,0,0,0,0,0,0,0,0,0
2338,data/aihub_traffic/test/images/d_validation_1920_1080_daylight_2/16136176.jpg,7,7,3,3,7,3,3,7,3,3,7,3,3,7,3,3,7,3,3,6,3,3,6,3,3,6,3,3,6,3,3,6,3,3,6,3,3,0,0,0,0,0,0,0,0,0
2339,data/aihub_traffic/test/images/d_validation_1920_1080_daylight_2/16136183.jpg,7,6,4,4,6,4,4,6,4,4,6,4,4,6,4,4,6,4,4,4,3,3,4,3,3,4,3,3,4,3,3,4,3,3,4,3,3,0,0,0,0,0,0,0,0,0
2340,data/aihub_traffic/test/images/d_validation_1920_1080_daylight_2/16136189.jpg,2,2,1,1,2,1,1,2,1,1,2,1,1,2,1,1,2,1,1,2,1,1,2,1,1,2,1,1,2,1,1,2,1,1,2,1,1,0,0,0,0,0,0,0,0,0
2341,data/aihub_traffic/test/images/d_validation_1920_1080_daylight_2/16136195.jpg,1,0,0,0,0,0,0,0,0,0,0,0,0,0,0,0,0,0,0,0,0,0,0,0,0,0,0,0,0,0,0,0,0,0,0,0,0,0,0,0,0,0,0,0,0,0
2342,data/aihub_traffic/test/images/d_validation_1920_1080_daylight_2/16136202.jpg,2,0,0,0,0,0,0,0,0,0,0,0,0,0,0,0,0,0,0,0,0,0,0,0,0,0,0,0,0,0,0,0,0,0,0,0,0,0,0,0,0,0,0,0,0,0
2343,data/aihub_traffic/test/images/d_validation_1920_1080_daylight_2/16136209.jpg,1,1,0,0,1,0,0,1,0,0,1,0,0,1,0,0,1,0,0,1,0,0,1,0,0,1,0,0,1,0,0,1,0,0,1,0,0,0,0,0,0,0,0,0,0,0
2344,data/aihub_traffic/test/images/d_validation_1920_1080_daylight_2/16136215.jpg,0,2,0,0,2,0,0,2,0,0,2,0,0,2,0,0,2,0,0,2,0,0,2,0,0,2,0,0,1,0,0,1,0,0,1,0,0,0,0,0,0,0,0,0,0,0
2345,data/aihub_traffic/test/images/d_validation_1920_1080_daylight_2/16136221.jpg,4,1,1,1,1,1,1,1,1,1,1,1,1,1,1,1,1,1,1,0,0,0,0,0,0,0,0,0,0,0,0,0,0,0,0,0,0,0,0,0,0,0,0,0,0,0
2346,data/aihub_traffic/test/images/d_validation_1920_1080_daylight_2/16136227.jpg,0,0,0,0,0,0,0,0,0,0,0,0,0,0,0,0,0,0,0,0,0,0,0,0,0,0,0,0,0,0,0,0,0,0,0,0,0,0,0,0,0,0,0,0,0,0
2347,data/aihub_traffic/test/images/d_validation_1920_1080_daylight_2/16136460.jpg,6,2,2,2,2,2,2,2,2,2,2,2,2,2,2,2,2,2,2,3,3,2,3,3,2,3,3,2,3,3,2,3,3,2,3,3,2,0,0,0,0,0,0,0,0,0
2348,data/aihub_traffic/test/images/d_validation_1920_1080_daylight_2/16136466.jpg,6,5,5,5,5,5,5,5,5,5,5,5,5,5,5,5,5,5,5,5,5,5,5,5,5,5,5,5,5,5,5,5,5,5,5,5,5,0,0,0,0,0,0,0,0,0
2349,data/aihub_traffic/test/images/d_validation_1920_1080_daylight_2/16136472.jpg,1,0,0,0,0,0,0,0,0,0,0,0,0,0,0,0,0,0,0,0,0,0,0,0,0,0,0,0,0,0,0,0,0,0,0,0,0,0,0,0,0,0,0,0,0,0
2350,data/aihub_traffic/test/images/d_validation_1920_1080_daylight_2/16136478.jpg,1,2,1,0,2,1,0,2,1,0,2,1,0,2,1,0,2,1,0,2,1,0,2,1,0,2,1,0,2,1,0,2,1,0,2,1,0,0,0,0,0,0,0,0,0,0
2351,data/aihub_traffic/test/images/d_validation_1920_1080_daylight_2/16136484.jpg,3,4,0,0,4,0,0,4,0,0,4,0,0,4,0,0,4,0,0,5,0,0,5,0,0,5,0,0,5,0,0,5,0,0,5,0,0,0,0,0,0,0,0,0,0,0
2352,data/aihub_traffic/test/images/d_validation_1920_1080_daylight_2/16137170.jpg,8,8,8,7,8,8,7,8,8,7,8,8,7,8,8,7,8,8,7,8,8,7,8,8,7,8,8,7,8,8,7,8,8,7,8,8,7,0,0,0,0,0,0,0,0,0
2353,data/aihub_traffic/test/images/d_validation_1920_1080_daylight_2/16183077.jpg,3,2,2,0,2,2,0,2,2,0,2,2,0,2,2,0,2,2,0,2,2,0,2,2,0,2,2,0,2,2,0,2,2,0,2,2,0,0,0,0,0,0,0,0,0,0
2354,data/aihub_traffic/test/images/d_validation_1920_1080_daylight_2/16184086.jpg,5,2,1,0,2,1,0,2,1,0,2,1,0,2,1,0,2,1,0,1,0,0,1,0,0,1,0,0,1,0,0,1,0,0,1,0,0,0,0,0,0,0,0,0,0,0
2355,data/aihub_traffic/test/images/d_validation_1920_1080_daylight_2/16184093.jpg,4,0,0,0,0,0,0,0,0,0,0,0,0,0,0,0,0,0,0,0,0,0,0,0,0,0,0,0,0,0,0,0,0,0,0,0,0,0,0,0,0,0,0,0,0,0
2356,data/aihub_traffic/test/images/d_validation_1920_1080_daylight_2/16184100.jpg,2,0,0,0,0,0,0,0,0,0,0,0,0,0,0,0,0,0,0,0,0,0,0,0,0,0,0,0,0,0,0,0,0,0,0,0,0,0,0,0,0,0,0,0,0,0
2357,data/aihub_traffic/test/images/d_validation_1920_1080_daylight_2/16184107.jpg,5,0,0,0,0,0,0,0,0,0,0,0,0,0,0,0,0,0,0,0,0,0,0,0,0,0,0,0,0,0,0,0,0,0,0,0,0,0,0,0,0,0,0,0,0,0
2358,data/aihub_traffic/test/images/d_validation_1920_1080_daylight_2/16184113.jpg,5,0,0,0,0,0,0,0,0,0,0,0,0,0,0,0,0,0,0,0,0,0,0,0,0,0,0,0,0,0,0,0,0,0,0,0,0,0,0,0,0,0,0,0,0,0
2359,data/aihub_traffic/test/images/d_validation_1920_1080_daylight_2/16184120.jpg,4,0,0,0,0,0,0,0,0,0,0,0,0,0,0,0,0,0,0,0,0,0,0,0,0,0,0,0,0,0,0,0,0,0,0,0,0,0,0,0,0,0,0,0,0,0
2360,data/aihub_traffic/test/images/d_validation_1920_1080_daylight_2/16184127.jpg,5,0,0,0,0,0,0,0,0,0,0,0,0,0,0,0,0,0,0,1,0,0,1,0,0,1,0,0,1,0,0,1,0,0,1,0,0,0,0,0,0,0,0,0,0,0
2361,data/aihub_traffic/test/images/d_validation_1920_1080_daylight_2/16184133.jpg,5,0,0,0,0,0,0,0,0,0,0,0,0,0,0,0,0,0,0,0,0,0,0,0,0,0,0,0,0,0,0,0,0,0,0,0,0,0,0,0,0,0,0,0,0,0
2362,data/aihub_traffic/test/images/d_validation_1920_1080_daylight_2/16184139.jpg,6,0,0,0,0,0,0,0,0,0,0,0,0,0,0,0,0,0,0,0,0,0,0,0,0,0,0,0,0,0,0,0,0,0,0,0,0,0,0,0,0,0,0,0,0,0
2363,data/aihub_traffic/test/images/d_validation_1920_1080_daylight_2/16184969.jpg,0,0,0,0,0,0,0,0,0,0,0,0,0,0,0,0,0,0,0,0,0,0,0,0,0,0,0,0,0,0,0,0,0,0,0,0,0,0,0,0,0,0,0,0,0,0
2364,data/aihub_traffic/test/images/d_validation_1920_1080_daylight_2/16184975.jpg,0,0,0,0,0,0,0,0,0,0,0,0,0,0,0,0,0,0,0,0,0,0,0,0,0,0,0,0,0,0,0,0,0,0,0,0,0,0,0,0,0,0,0,0,0,0
2365,data/aihub_traffic/test/images/d_validation_1920_1080_daylight_2/16184981.jpg,0,0,0,0,0,0,0,0,0,0,0,0,0,0,0,0,0,0,0,0,0,0,0,0,0,0,0,0,0,0,0,0,0,0,0,0,0,0,0,0,0,0,0,0,0,0
2366,data/aihub_traffic/test/images/d_validation_1920_1080_daylight_2/16195824.jpg,0,0,0,0,0,0,0,0,0,0,0,0,0,0,0,0,0,0,0,0,0,0,0,0,0,0,0,0,0,0,0,0,0,0,0,0,0,0,0,0,0,0,0,0,0,0
2367,data/aihub_traffic/test/images/d_validation_1920_1080_daylight_2/16200736.jpg,8,7,5,4,7,5,4,7,5,4,7,5,4,7,5,4,7,5,4,7,5,4,7,5,4,7,5,4,7,5,4,7,5,4,7,5,4,0,0,0,0,0,0,0,0,0
2368,data/aihub_traffic/test/images/d_validation_1920_1080_daylight_2/16200742.jpg,9,7,5,5,7,5,5,7,5,5,7,5,5,7,5,5,7,5,5,6,5,5,6,5,5,6,5,5,6,5,5,6,5,5,6,5,5,0,0,0,0,0,0,0,0,0
2369,data/aihub_traffic/test/images/d_validation_1920_1080_daylight_2/a16216738.jpg,0,0,0,0,0,0,0,0,0,0,0,0,0,0,0,0,0,0,0,0,0,0,0,0,0,0,0,0,0,0,0,0,0,0,0,0,0,0,0,0,0,0,0,0,0,0
2370,data/aihub_traffic/test/images/d_validation_1920_1080_daylight_2/a16216744.jpg,0,0,0,0,0,0,0,0,0,0,0,0,0,0,0,0,0,0,0,0,0,0,0,0,0,0,0,0,0,0,0,0,0,0,0,0,0,0,0,0,0,0,0,0,0,0
2371,data/aihub_traffic/test/images/d_validation_1920_1080_daylight_2/a16216750.jpg,0,0,0,0,0,0,0,0,0,0,0,0,0,0,0,0,0,0,0,0,0,0,0,0,0,0,0,0,0,0,0,0,0,0,0,0,0,0,0,0,0,0,0,0,0,0
2372,data/aihub_traffic/test/images/d_validation_1920_1080_daylight_2/a16216756.jpg,0,0,0,0,0,0,0,0,0,0,0,0,0,0,0,0,0,0,0,0,0,0,0,0,0,0,0,0,0,0,0,0,0,0,0,0,0,0,0,0,0,0,0,0,0,0
2373,data/aihub_traffic/test/images/d_validation_1920_1080_daylight_2/a16216762.jpg,1,0,0,0,0,0,0,0,0,0,0,0,0,0,0,0,0,0,0,0,0,0,0,0,0,0,0,0,0,0,0,0,0,0,0,0,0,0,0,0,0,0,0,0,0,0
2374,data/aihub_traffic/test/images/d_validation_1920_1080_daylight_2/a16216768.jpg,2,0,0,0,0,0,0,0,0,0,0,0,0,0,0,0,0,0,0,1,1,0,1,1,0,1,1,0,1,1,0,1,1,0,1,1,0,0,0,0,0,0,0,0,0,0
2375,data/aihub_traffic/test/images/d_validation_1920_1080_daylight_2/a16216774.jpg,2,2,2,2,2,2,2,2,2,2,2,2,2,2,2,2,2,2,2,2,2,2,2,2,2,2,2,2,2,2,2,2,2,2,2,2,2,0,0,0,0,0,0,0,0,0
2376,data/aihub_traffic/test/images/d_validation_1920_1080_daylight_2/a16216781.jpg,0,0,0,0,0,0,0,0,0,0,0,0,0,0,0,0,0,0,0,0,0,0,0,0,0,0,0,0,0,0,0,0,0,0,0,0,0,0,0,0,0,0,0,0,0,0
2377,data/aihub_traffic/test/images/d_validation_1920_1080_daylight_2/a16216788.jpg,0,0,0,0,0,0,0,0,0,0,0,0,0,0,0,0,0,0,0,0,0,0,0,0,0,0,0,0,0,0,0,0,0,0,0,0,0,0,0,0,0,0,0,0,0,0
2378,data/aihub_traffic/test/images/d_validation_1920_1080_daylight_2/a16216794.jpg,1,0,0,0,0,0,0,0,0,0,0,0,0,0,0,0,0,0,0,0,0,0,0,0,0,0,0,0,0,0,0,0,0,0,0,0,0,0,0,0,0,0,0,0,0,0
2379,data/aihub_traffic/test/images/d_validation_1920_1080_daylight_2/a16216800.jpg,1,0,0,0,0,0,0,0,0,0,0,0,0,0,0,0,0,0,0,0,0,0,0,0,0,0,0,0,0,0,0,0,0,0,0,0,0,0,0,0,0,0,0,0,0,0
2380,data/aihub_traffic/test/images/d_validation_1920_1080_daylight_2/a16216806.jpg,0,0,0,0,0,0,0,0,0,0,0,0,0,0,0,0,0,0,0,0,0,0,0,0,0,0,0,0,0,0,0,0,0,0,0,0,0,0,0,0,0,0,0,0,0,0
2381,data/aihub_traffic/test/images/d_validation_1920_1080_daylight_2/a16216812.jpg,1,0,0,0,0,0,0,0,0,0,0,0,0,0,0,0,0,0,0,0,0,0,0,0,0,0,0,0,0,0,0,0,0,0,0,0,0,0,0,0,0,0,0,0,0,0
2382,data/aihub_traffic/test/images/d_validation_1920_1080_daylight_2/a16216819.jpg,0,0,0,0,0,0,0,0,0,0,0,0,0,0,0,0,0,0,0,1,0,0,1,0,0,1,0,0,1,0,0,1,0,0,1,0,0,0,0,0,0,0,0,0,0,0
2383,data/aihub_traffic/test/images/d_validation_1920_1080_daylight_2/a16216825.jpg,5,1,1,1,1,1,1,1,1,1,1,1,1,1,1,1,1,1,1,1,1,1,1,1,1,1,1,1,1,1,1,1,1,1,1,1,1,0,0,0,0,0,0,0,0,0
2384,data/aihub_traffic/test/images/d_validation_1920_1080_daylight_2/a16216832.jpg,4,1,1,1,1,1,1,1,1,1,1,1,1,1,1,1,1,1,1,1,1,1,1,1,1,1,1,1,1,1,1,1,1,1,1,1,1,0,0,0,0,0,0,0,0,0
2385,data/aihub_traffic/test/images/d_validation_1920_1080_daylight_2/a16217882.jpg,0,0,0,0,0,0,0,0,0,0,0,0,0,0,0,0,0,0,0,0,0,0,0,0,0,0,0,0,0,0,0,0,0,0,0,0,0,0,0,0,0,0,0,0,0,0
2386,data/aihub_traffic/test/images/d_validation_1920_1080_daylight_2/a16217891.jpg,0,0,0,0,0,0,0,0,0,0,0,0,0,0,0,0,0,0,0,0,0,0,0,0,0,0,0,0,0,0,0,0,0,0,0,0,0,0,0,0,0,0,0,0,0,0
2387,data/aihub_traffic/test/images/d_validation_1920_1080_daylight_2/a16217898.jpg,0,0,0,0,0,0,0,0,0,0,0,0,0,0,0,0,0,0,0,0,0,0,0,0,0,0,0,0,0,0,0,0,0,0,0,0,0,0,0,0,0,0,0,0,0,0
2388,data/aihub_traffic/test/images/d_validation_1920_1080_daylight_2/a16217905.jpg,0,0,0,0,0,0,0,0,0,0,0,0,0,0,0,0,0,0,0,0,0,0,0,0,0,0,0,0,0,0,0,0,0,0,0,0,0,0,0,0,0,0,0,0,0,0
2389,data/aihub_traffic/test/images/d_validation_1920_1080_daylight_2/a16217912.jpg,0,0,0,0,0,0,0,0,0,0,0,0,0,0,0,0,0,0,0,0,0,0,0,0,0,0,0,0,0,0,0,0,0,0,0,0,0,0,0,0,0,0,0,0,0,0
2390,data/aihub_traffic/test/images/d_validation_1920_1080_daylight_2/a16217918.jpg,0,0,0,0,0,0,0,0,0,0,0,0,0,0,0,0,0,0,0,0,0,0,0,0,0,0,0,0,0,0,0,0,0,0,0,0,0,0,0,0,0,0,0,0,0,0
2391,data/aihub_traffic/test/images/d_validation_1920_1080_daylight_2/a16217924.jpg,0,0,0,0,0,0,0,0,0,0,0,0,0,0,0,0,0,0,0,0,0,0,0,0,0,0,0,0,0,0,0,0,0,0,0,0,0,0,0,0,0,0,0,0,0,0
2392,data/aihub_traffic/test/images/d_validation_1920_1080_daylight_2/a16217930.jpg,0,0,0,0,0,0,0,0,0,0,0,0,0,0,0,0,0,0,0,0,0,0,0,0,0,0,0,0,0,0,0,0,0,0,0,0,0,0,0,0,0,0,0,0,0,0
2393,data/aihub_traffic/test/images/d_validation_1920_1080_daylight_2/a16217936.jpg,0,0,0,0,0,0,0,0,0,0,0,0,0,0,0,0,0,0,0,0,0,0,0,0,0,0,0,0,0,0,0,0,0,0,0,0,0,0,0,0,0,0,0,0,0,0
2394,data/aihub_traffic/test/images/d_validation_1920_1080_daylight_2/a16217942.jpg,0,0,0,0,0,0,0,0,0,0,0,0,0,0,0,0,0,0,0,0,0,0,0,0,0,0,0,0,0,0,0,0,0,0,0,0,0,0,0,0,0,0,0,0,0,0
2395,data/aihub_traffic/test/images/d_validation_1920_1080_daylight_2/a16217949.jpg,0,0,0,0,0,0,0,0,0,0,0,0,0,0,0,0,0,0,0,0,0,0,0,0,0,0,0,0,0,0,0,0,0,0,0,0,0,0,0,0,0,0,0,0,0,0
2396,data/aihub_traffic/test/images/d_validation_1920_1080_daylight_2/a16217955.jpg,0,0,0,0,0,0,0,0,0,0,0,0,0,0,0,0,0,0,0,0,0,0,0,0,0,0,0,0,0,0,0,0,0,0,0,0,0,0,0,0,0,0,0,0,0,0
2397,data/aihub_traffic/test/images/d_validation_1920_1080_daylight_2/a16217961.jpg,0,1,0,0,1,0,0,1,0,0,1,0,0,1,0,0,1,0,0,0,0,0,0,0,0,0,0,0,0,0,0,0,0,0,0,0,0,0,0,0,0,0,0,0,0,0
2398,data/aihub_traffic/test/images/d_validation_1920_1080_daylight_2/a16217967.jpg,0,0,0,0,0,0,0,0,0,0,0,0,0,0,0,0,0,0,0,0,0,0,0,0,0,0,0,0,0,0,0,0,0,0,0,0,0,0,0,0,0,0,0,0,0,0
2399,data/aihub_traffic/test/images/d_validation_1920_1080_daylight_2/a16217973.jpg,0,0,0,0,0,0,0,0,0,0,0,0,0,0,0,0,0,0,0,0,0,0,0,0,0,0,0,0,0,0,0,0,0,0,0,0,0,0,0,0,0,0,0,0,0,0
2400,data/aihub_traffic/test/images/d_validation_1920_1080_daylight_2/a16220063.jpg,7,4,4,4,4,4,4,4,4,4,4,4,4,4,4,4,4,4,4,4,4,4,4,4,4,4,4,4,4,4,4,4,4,4,4,4,4,0,0,0,0,0,0,0,0,0
2401,data/aihub_traffic/test/images/d_validation_1920_1080_daylight_2/a16220069.jpg,2,2,2,2,2,2,2,2,2,2,2,2,2,2,2,2,2,2,2,2,2,2,2,2,2,2,2,2,2,2,2,2,2,2,2,2,2,0,0,0,0,0,0,0,0,0
2402,data/aihub_traffic/test/images/d_validation_1920_1080_daylight_2/a16220075.jpg,7,7,5,4,7,5,4,7,5,4,7,5,4,7,5,4,7,5,4,7,4,3,7,4,3,7,4,3,7,4,3,7,4,3,7,4,3,0,0,0,0,0,0,0,0,0
2403,data/aihub_traffic/test/images/d_validation_1920_1080_daylight_2/a16220081.jpg,7,8,4,3,8,4,3,8,4,3,8,4,3,8,4,3,8,4,3,8,4,3,8,4,3,8,4,3,8,4,3,8,4,3,8,4,3,0,0,0,0,0,0,0,0,0
2404,data/aihub_traffic/test/images/d_validation_1920_1080_daylight_2/a16220162.jpg,5,4,4,3,4,4,3,4,4,3,4,4,3,4,4,3,4,4,3,4,4,3,4,4,3,4,4,3,4,4,3,4,4,3,4,4,3,0,0,0,0,0,0,0,0,0
2405,data/aihub_traffic/test/images/d_validation_1920_1080_daylight_2/a16220168.jpg,4,4,2,2,4,2,2,4,2,2,4,2,2,4,2,2,4,2,2,4,2,1,4,2,1,4,2,1,4,2,1,4,2,1,4,2,1,0,0,0,0,0,0,0,0,0
2406,data/aihub_traffic/test/images/d_validation_1920_1080_daylight_2/a16220174.jpg,0,0,0,0,0,0,0,0,0,0,0,0,0,0,0,0,0,0,0,0,0,0,0,0,0,0,0,0,0,0,0,0,0,0,0,0,0,0,0,0,0,0,0,0,0,0
2407,data/aihub_traffic/test/images/d_validation_1920_1080_daylight_2/a16220180.jpg,0,0,0,0,0,0,0,0,0,0,0,0,0,0,0,0,0,0,0,0,0,0,0,0,0,0,0,0,0,0,0,0,0,0,0,0,0,0,0,0,0,0,0,0,0,0
2408,data/aihub_traffic/test/images/d_validation_1920_1080_daylight_2/a16220186.jpg,0,0,0,0,0,0,0,0,0,0,0,0,0,0,0,0,0,0,0,0,0,0,0,0,0,0,0,0,0,0,0,0,0,0,0,0,0,0,0,0,0,0,0,0,0,0
2409,data/aihub_traffic/test/images/d_validation_1920_1080_daylight_2/a16220193.jpg,0,0,0,0,0,0,0,0,0,0,0,0,0,0,0,0,0,0,0,0,0,0,0,0,0,0,0,0,0,0,0,0,0,0,0,0,0,0,0,0,0,0,0,0,0,0
2410,data/aihub_traffic/test/images/d_validation_1920_1080_daylight_2/a16220199.jpg,0,0,0,0,0,0,0,0,0,0,0,0,0,0,0,0,0,0,0,0,0,0,0,0,0,0,0,0,0,0,0,0,0,0,0,0,0,0,0,0,0,0,0,0,0,0
2411,data/aihub_traffic/test/images/d_validation_1920_1080_daylight_2/a16220205.jpg,2,0,0,0,0,0,0,0,0,0,0,0,0,0,0,0,0,0,0,0,0,0,0,0,0,0,0,0,0,0,0,0,0,0,0,0,0,0,0,0,0,0,0,0,0,0
2412,data/aihub_traffic/test/images/d_validation_1920_1080_daylight_2/a16220211.jpg,7,7,6,6,7,6,6,7,6,6,7,6,6,7,6,6,7,6,6,6,6,6,6,6,6,6,6,6,6,6,6,6,6,6,6,6,6,0,0,0,0,0,0,0,0,0
2413,data/aihub_traffic/test/images/d_validation_1920_1080_daylight_2/a16220218.jpg,6,8,5,5,8,5,5,8,5,5,8,5,5,8,5,5,8,5,5,6,5,5,6,5,5,6,5,5,6,5,5,6,5,5,6,5,5,0,0,0,0,0,0,0,0,0
2414,data/aihub_traffic/test/images/d_validation_1920_1080_daylight_2/a16220225.jpg,1,1,1,1,1,1,1,1,1,1,1,1,1,1,1,1,1,1,1,1,1,1,1,1,1,1,1,1,1,1,1,1,1,1,1,1,1,0,0,0,0,0,0,0,0,0
2415,data/aihub_traffic/test/images/d_validation_1920_1080_daylight_2/a16220231.jpg,7,7,6,6,7,6,6,7,6,6,7,6,6,7,6,6,7,6,6,7,6,6,7,6,6,7,6,6,7,6,6,7,6,6,7,6,6,0,0,0,0,0,0,0,0,0
2416,data/aihub_traffic/test/images/d_validation_1920_1080_daylight_2/a16220237.jpg,4,2,2,2,2,2,2,2,2,2,2,2,2,2,2,2,2,2,2,3,2,2,3,2,2,3,2,2,3,2,2,3,2,2,3,2,2,0,0,0,0,0,0,0,0,0
