frame_index,sequence,decode_ms,detect_ms,track_ms,recognize_ms,pipeline_total_ms,with_decode_ms,track_count
0,c_validation_1920_1200_night_1,5.64269999449607,18.099000008078292,0.12919999426230788,0.32070001179818064,18.54890001413878,24.19160000863485,2
1,c_validation_1920_1200_night_1,6.238899994059466,19.17919999687001,7.31169999926351,0.001100008375942707,26.492000004509464,32.73089999856893,0
2,c_validation_1920_1200_night_1,6.271000005654059,17.925399995874614,0.10590000601951033,0.000300002284348011,18.031600004178472,24.30260000983253,0
3,c_validation_1920_1200_night_1,6.008800002746284,20.219099998939782,605.6585000042105,0.2899999963119626,626.1675999994623,632.1764000022085,2
4,c_validation_1920_1200_night_1,6.927599999471568,20.532599999569356,0.5003999976906925,0.2589999930933118,21.29199999035336,28.21959998982493,2
5,c_validation_1920_1200_night_1,6.121500002336688,19.3485000054352,0.1382999907946214,0.001300009898841381,19.48810000612866,25.60960000846535,0
6,c_validation_1920_1200_night_1,7.090500002959743,20.486599998548627,0.13329999637790024,0.000300002284348011,20.620199997210875,27.71070000017062,0
7,c_validation_1920_1200_night_1,6.420700010494329,19.2069999902742,0.13530001160688698,0.00029998773243278265,19.342599989613518,25.763300000107847,0
8,c_validation_1920_1200_night_1,6.975700001930818,18.70220000273548,0.3294999914942309,0.3079000016441569,19.33959999587387,26.315299997804686,3
9,c_validation_1920_1200_night_1,6.188400002429262,19.69509999617003,0.16150000737980008,0.0014999968698248267,19.858100000419654,26.046500002848916,0
10,c_validation_1920_1200_night_1,6.464700010837987,20.52900000126101,0.4290999931981787,0.28989999555051327,21.247999990009703,27.71270000084769,2
11,c_validation_1920_1200_night_1,6.945899993297644,19.97259999916423,0.34240000240970403,0.1714000100037083,20.486400011577643,27.432300004875287,1
12,c_validation_1920_1200_night_1,6.260800000745803,19.00970000133384,0.1801999896997586,0.001100008375942707,19.19099999940954,25.451800000155345,0
13,c_validation_1920_1200_night_1,6.1701999948127195,18.823900012648664,0.17899999511428177,0.000300002284348011,19.003200010047294,25.173400004860014,0
14,c_validation_1920_1200_night_1,6.328100003884174,19.646600005216897,0.1824999926611781,0.000300002284348011,19.829400000162423,26.157500004046597,0
15,c_validation_1920_1200_night_1,6.379799990099855,20.789300004253164,0.18270000873599201,0.00029998773243278265,20.97230000072159,27.352099990821443,0
16,d_validation_1920_1080_daylight_2,6.257600005483255,18.955699997604825,0.12040000001434237,0.3192000003764406,19.395299997995608,25.652900003478862,3
17,d_validation_1920_1080_daylight_2,7.152600010158494,21.832499987795018,0.3687999997055158,0.3482000029180199,22.549499990418553,29.702100000577047,2
18,d_validation_1920_1080_daylight_2,8.718999990378506,22.456400009104982,0.2023999986704439,0.0012999953469261527,22.660100003122352,31.37909999350086,0
19,d_validation_1920_1080_daylight_2,7.1727999893482774,21.783300006063655,0.3110999969067052,0.30339999648276716,22.397799999453127,29.570599988801405,2
20,d_validation_1920_1080_daylight_2,7.769699994241819,20.756099998834543,0.21340000967029482,0.0010999938240274787,20.970600002328865,28.740299996570684,0
21,d_validation_1920_1080_daylight_2,5.759599996963516,18.52349999535363,0.14430000737775117,0.000300002284348011,18.66810000501573,24.427700001979247,0
22,d_validation_1920_1080_daylight_2,6.209099999978207,18.797800003085285,0.2950999914901331,0.17540001135785133,19.26830000593327,25.477400005911477,1
23,d_validation_1920_1080_daylight_2,6.933999989996664,20.401300003868528,0.22329999774228781,0.000700005330145359,20.62530000694096,27.559299996937625,0
24,d_validation_1920_1080_daylight_2,9.313099988503382,19.125600010738708,0.3620999923441559,0.3608999977586791,19.848600000841543,29.161699989344925,4
25,d_validation_1920_1080_daylight_2,9.139300003880635,20.207299996400252,0.44490001164376736,0.3243999963160604,20.97660000436008,30.115900008240715,3
26,d_validation_1920_1080_daylight_2,9.690000006230548,21.864099995582364,0.5468000017572194,0.2334000018890947,22.64429999922868,32.33430000545923,1
27,d_validation_1920_1080_daylight_2,10.289500001817942,20.797499993932433,0.2111000067088753,0.0008999923011288047,21.009499992942438,31.29899999476038,0
28,d_validation_1920_1080_daylight_2,9.110200000577606,19.88310000160709,0.2935999946203083,0.000300002284348011,20.176999998511747,29.287199999089353,0
29,d_validation_1920_1080_daylight_2,9.790800002519973,20.042800009832717,0.2187999925808981,0.000400003045797348,20.262000005459413,30.052800007979386,0
30,d_validation_1920_1080_daylight_2,9.272600000258535,19.021000000066124,0.45339998905546963,0.3643000090960413,19.838699998217635,29.11129999847617,3
31,d_validation_1920_1080_daylight_2,10.191499997745268,21.789199992781505,0.7418000022880733,0.5646000063279644,23.095600001397543,33.28709999914281,5
32,d_validation_1920_1080_daylight_2,11.497700004838407,20.55580000160262,0.6513999978778884,0.3927999932784587,21.599999992758967,33.097699997597374,5
33,d_validation_1920_1080_daylight_2,11.273299998720177,20.31629999692086,0.753400003304705,0.48349999997299165,21.553200000198558,32.826499998918734,4
34,d_validation_1920_1080_daylight_2,10.926600007223897,21.37419999053236,0.6519000016851351,0.2514000079827383,22.277500000200234,33.20410000742413,2
35,d_validation_1920_1080_daylight_2,10.569400008535013,22.183599998243153,0.7103999960236251,0.3102000046055764,23.204199998872355,33.77360000740737,3
36,d_validation_1920_1080_daylight_2,11.918300006072968,20.80769999884069,0.7228000031318516,0.22259999241214246,21.753099994384684,33.67140000045765,1
37,d_validation_1920_1080_daylight_2,10.770799999590963,22.83990000432823,0.4346000059740618,0.0006999907782301307,23.27520000108052,34.046000000671484,0
38,d_validation_1920_1080_daylight_2,9.993199986638501,19.51040000130888,0.3794000076595694,0.000200001522898674,19.89000001049135,29.88319999712985,0
39,d_validation_1920_1080_daylight_2,8.589700009906664,20.496899989666417,0.371000001905486,0.000300002284348011,20.86819999385625,29.457900003762916,0
40,d_validation_1920_1080_daylight_2,8.891499994206242,21.5401000023121,0.5033000052208081,0.000300002284348011,22.043700009817258,30.9352000040235,0
41,d_validation_1920_1080_daylight_2,8.56589998875279,21.081500002765097,0.49900000158231705,0.000300002284348011,21.580800006631762,30.14669999538455,0
42,d_validation_1920_1080_daylight_2,10.059599997475743,20.611800006008707,0.7138999935705215,0.17939999816007912,21.505099997739308,31.56469999521505,1
43,d_validation_1920_1080_daylight_2,10.116699995705858,21.246000003884546,0.7104999967850745,0.18420000560581684,22.140700006275438,32.257400001981296,1
44,d_validation_1920_1080_daylight_2,10.724000007030554,20.31449999776669,0.7792999967932701,0.26000000070780516,21.353799995267764,32.07780000229832,2
45,d_validation_1920_1080_daylight_2,11.92330000048969,20.723000008729286,1.0783000034280121,0.27379998937249184,22.07510000152979,33.99840000201948,2
46,d_validation_1920_1080_daylight_2,8.839100002660416,20.397300002514385,0.8434000046690926,0.3040000010514632,21.54470000823494,30.383800010895357,3
47,d_validation_1920_1080_daylight_2,9.903400001348928,20.310799998696893,0.861699998495169,0.33070000063162297,21.503199997823685,31.406599999172613,3
48,d_validation_1920_1080_daylight_2,9.106099998462014,21.54770000197459,0.8035000064410269,0.23969999165274203,22.59090000006836,31.696999998530373,2
49,d_validation_1920_1080_daylight_2,8.124100000713952,20.69869999832008,0.44079999497625977,0.0014999968698248267,21.140999990166165,29.265099990880117,0
50,d_validation_1920_1080_daylight_2,7.6330000010784715,20.879599993349984,0.43200000072829425,0.000300002284348011,21.311899996362627,28.944899997441098,0
51,d_validation_1920_1080_daylight_2,7.652999993297271,20.16070000536274,0.39679999463260174,0.000200001522898674,20.557700001518242,28.210699994815513,0
52,d_validation_1920_1080_daylight_2,8.003800001461059,19.930099995690398,0.40499999886378646,0.000300002284348011,20.335399996838532,28.33919999829959,0
53,d_validation_1920_1080_daylight_2,8.591700010583736,20.530499998130836,0.7897999894339591,0.2486000012140721,21.568899988778867,30.160599999362603,2
54,d_validation_1920_1080_daylight_2,8.79469999927096,20.68999999028165,0.8753000001888722,0.360500009264797,21.925799999735318,30.72049999900628,4
55,d_validation_1920_1080_daylight_2,8.839000001898967,19.83930000278633,0.9840999991865829,0.4400999896461144,21.263499991619028,30.102499993517995,6
56,d_validation_1920_1080_daylight_2,8.975899996585213,21.690399997169152,0.883800006704405,0.29299999005161226,22.86719999392517,31.84309999051038,3
57,d_validation_1920_1080_daylight_2,8.294400002341717,20.990599994547665,0.44409999100025743,0.001300009898841381,21.435999995446764,29.73039999778848,0
58,d_validation_1920_1080_daylight_2,8.11549999343697,23.540499998489395,0.7912000000942498,0.000400003045797348,24.332100001629442,32.44759999506641,0
59,d_validation_1920_1080_daylight_2,8.321400004206225,21.72390000487212,0.44180000259075314,0.00039998849388211966,22.166099995956756,30.48750000016298,0
60,d_validation_1920_1080_daylight_2,7.745199996861629,20.568300009472296,0.4408999957377091,0.000300002284348011,21.009500007494353,28.754700004355982,0
61,d_validation_1920_1080_daylight_2,7.892099994933233,20.806899992749095,0.6158000032883137,0.000300002284348011,21.422999998321757,29.31509999325499,0
62,d_validation_1920_1080_daylight_2,8.027000003494322,22.446600007242523,0.5773000011686236,0.00039998849388211966,23.02429999690503,31.05130000039935,0
63,d_validation_1920_1080_daylight_2,8.370800002012402,21.902000007685274,0.3871999942930415,0.000200001522898674,22.289400003501214,30.660200005513616,0
64,d_validation_1920_1080_daylight_2,6.990599998971447,19.628099995316006,0.3502000035950914,0.000200001522898674,19.978500000433996,26.969099999405444,0
65,d_validation_1920_1080_daylight_2,6.698299999698065,21.520599999348633,0.43929999810643494,0.000400003045797348,21.960300000500865,28.65860000019893,0
66,d_validation_1920_1080_daylight_2,7.470399999874644,22.334099994623102,0.43250000453554094,0.00039998849388211966,22.766999987652525,30.23739998752717,0
67,d_validation_1920_1080_daylight_2,7.639999996172264,21.531200007302687,0.39679999463260174,0.000400003045797348,21.928400004981086,29.56840000115335,0
68,d_validation_1920_1080_daylight_2,7.6849999895785,21.50090000941418,0.3281999961473048,0.000300002284348011,21.829400007845834,29.514399997424334,0
69,d_validation_1920_1080_daylight_2,7.517200006986968,23.262999995495193,0.3988999960711226,0.000400003045797348,23.662299994612113,31.17950000159908,0
70,d_validation_1920_1080_daylight_2,7.74950000050012,21.23740001115948,0.43799998820759356,0.000300002284348011,21.67570000165142,29.42520000215154,0
71,d_validation_1920_1080_daylight_2,7.264699990628287,22.199400002136827,0.37420001171994954,0.00029998773243278265,22.57390000158921,29.838599992217496,0
72,d_validation_1920_1080_daylight_2,7.069300001603551,22.76940000592731,0.3744999994523823,0.000400003045797348,23.14430000842549,30.21360001002904,0
73,d_validation_1920_1080_daylight_2,7.6689999987138435,24.03230000345502,0.4312999953981489,0.000300002284348011,24.463900001137517,32.13289999985136,0
74,d_validation_1920_1080_daylight_2,7.152999998652376,22.148999996716157,0.3760999970836565,0.000300002284348011,22.52539999608416,29.678399994736537,0
75,d_validation_1920_1080_daylight_2,7.056000002194196,20.551400011754595,0.3642999945441261,0.000300002284348011,20.91600000858307,27.972000010777265,0
76,d_validation_1920_1080_daylight_2,7.2890999872470275,20.444500012672506,0.2674999996088445,0.00029998773243278265,20.712300000013784,28.00139998726081,0
77,d_validation_1920_1080_daylight_2,6.1378999962471426,21.165099999052472,0.24950000806711614,0.000200001522898674,21.414800008642487,27.55270000488963,0
78,d_validation_1920_1080_daylight_2,6.28349999897182,18.571399996289983,0.4523999959928915,0.19020000763703138,19.213999999919906,25.497499998891726,1
79,d_validation_1920_1080_daylight_2,7.737799998722039,19.920499995350838,0.4743000026792288,0.3997000021627173,20.794500000192784,28.532299998914823,4
80,d_validation_1920_1080_daylight_2,7.787700000335462,22.804499996709637,11.515000005601905,0.5004999984521419,34.820000000763685,42.60770000109915,5
81,d_validation_1920_1080_daylight_2,7.659499999135733,19.950899994000793,0.6642000080319121,0.534699996933341,21.149799998966046,28.80929999810178,5
82,d_validation_1920_1080_daylight_2,7.813499993062578,22.114100007456727,0.6507999933091924,0.4609000025084242,23.225800003274344,31.039299996336922,5
83,d_validation_1920_1080_daylight_2,7.973100000526756,19.029500006581657,0.6597000028705224,0.52299999515526,20.21220000460744,28.185300005134195,5
84,d_validation_1920_1080_daylight_2,7.3265999963041395,21.23710000887513,0.7387999939965084,0.3782999992836267,22.354200002155267,29.680799998459406,3
85,d_validation_1920_1080_daylight_2,7.335899994359352,22.52470000530593,0.7899000047473237,0.41739999142009765,23.732000001473352,31.067899995832704,4
86,d_validation_1920_1080_daylight_2,7.049599997117184,20.416000013938174,0.4247999895596877,0.34410000080242753,21.18490000430029,28.234500001417473,3
87,d_validation_1920_1080_daylight_2,7.756499995593913,22.90210001228843,0.5606999911833555,0.35539999953471124,23.818200003006496,31.57469999860041,3
88,d_validation_1920_1080_daylight_2,7.414699997752905,20.956200009095483,0.3876999981002882,0.26610000350046903,21.61000001069624,29.024700008449145,2
89,d_validation_1920_1080_daylight_2,7.236900011776015,21.942999999737367,0.41909998981282115,0.2705000079004094,22.632599997450598,29.869500009226613,2
90,d_validation_1920_1080_daylight_2,7.513699994888157,23.068900001817383,0.2779000060399994,0.0011999945854768157,23.34800000244286,30.861699997331016,0
91,d_validation_1920_1080_daylight_2,6.310400000074878,21.24629999161698,0.5517000099644065,0.2043999993475154,22.0024000009289,28.31280000100378,1
92,d_validation_1920_1080_daylight_2,6.560199995874427,20.829500004765578,0.4293999954825267,0.17840000509750098,21.437300005345605,27.997500001220033,1
93,d_validation_1920_1080_daylight_2,6.837200009613298,21.2996999907773,0.46239999937824905,0.1776000135578215,21.93970000371337,28.776900013326667,1
94,d_validation_1920_1080_daylight_2,7.365400000708178,21.752400003606454,0.29909999284427613,0.000700005330145359,22.052200001780875,29.417600002489053,0
95,d_validation_1920_1080_daylight_2,7.147399999666959,23.503699994762428,0.32040000951383263,0.00039998849388211966,23.824499992770143,30.971899992437102,0
96,d_validation_1920_1080_daylight_2,7.104900010745041,22.304199999780394,0.3215999895473942,0.000500003807246685,22.626299993135035,29.731200003880076,0
97,d_validation_1920_1080_daylight_2,7.363899989286438,20.877600007224828,0.22980000358074903,0.00039998849388211966,21.10779999929946,28.471699988585897,0
98,d_validation_1920_1080_daylight_2,5.989499986753799,18.59770000737626,0.22400000307243317,0.000200001522898674,18.821900011971593,24.811399998725392,0
99,d_validation_1920_1080_daylight_2,6.32870000845287,20.913699991069734,0.6513000116683543,0.20379999477881938,21.768799997516908,28.097500005969778,1
100,d_validation_1920_1080_daylight_2,7.066099991789088,19.96010000584647,0.48010000318754464,0.18740000086836517,20.62760000990238,27.693700001691468,1
101,d_validation_1920_1080_daylight_2,7.075300003634766,22.81819999916479,0.6554999999934807,0.2969000051962212,23.770600004354492,30.845900007989258,2
102,d_validation_1920_1080_daylight_2,6.600100008654408,21.396899988758378,0.5252000119071454,0.18209998961538076,22.104199990280904,28.704299998935312,1
103,d_validation_1920_1080_daylight_2,7.036599999992177,19.746499994653277,0.524200004292652,0.20480000239331275,20.475500001339242,27.51210000133142,1
104,d_validation_1920_1080_daylight_2,7.007599997450598,21.11279999371618,0.34130000858567655,0.000600004568696022,21.454700006870553,28.46230000432115,0
105,d_validation_1920_1080_daylight_2,6.160800010547973,21.28669999365229,0.5237000004854053,0.1846999948611483,21.995099988998845,28.15589999954682,1
106,d_validation_1920_1080_daylight_2,7.055000009131618,19.782999996095896,0.4833999992115423,0.000800006091594696,20.267200001399033,27.32220001053065,0
107,d_validation_1920_1080_daylight_2,6.914300000062212,22.688199998810887,0.7095999899320304,0.19570000586099923,23.593499994603917,30.50779999466613,1
108,d_validation_1920_1080_daylight_2,6.977800003369339,21.130900000571273,0.541499990504235,0.17520000983495265,21.84760000091046,28.8254000042798,1
109,d_validation_1920_1080_daylight_2,6.94199999270495,22.437699997681193,0.46490000386256725,0.000700005330145359,22.903300006873906,29.845299999578856,0
110,d_validation_1920_1080_daylight_2,7.352399989031255,22.096300002885982,0.5595000111497939,0.1858999894466251,22.8417000034824,30.194099992513657,1
111,d_validation_1920_1080_daylight_2,8.911600001738407,21.76409999083262,0.29510000604204834,0.0006999907782301307,22.059899987652898,30.971499989391305,0
112,d_validation_1920_1080_daylight_2,7.79839999449905,18.617299996549264,0.2992000081576407,0.000400003045797348,18.9169000077527,26.71530000225175,0
113,d_validation_1920_1080_daylight_2,9.312900001532398,20.5532999971183,0.8046000002650544,0.30359999800566584,21.661499995389022,30.97439999692142,2
114,d_validation_1920_1080_daylight_2,9.587299995473586,21.38980000745505,0.6490999949164689,0.32669999927747995,22.365600001649,31.952899997122586,3
115,d_validation_1920_1080_daylight_2,9.581000005709939,22.752699995180592,0.5196999991312623,0.0013999961083754897,23.27379999042023,32.85479999613017,0
116,d_validation_1920_1080_daylight_2,8.307799987960607,23.435800001607276,0.8020000095712021,0.27829999453388155,24.51610000571236,32.82389999367297,2
117,d_validation_1920_1080_daylight_2,9.292100003222004,22.098399989772588,0.7656000088900328,0.2170999941881746,23.081099992850795,32.3731999960728,1
118,d_validation_1920_1080_daylight_2,9.286900007282384,23.4401999914553,0.7511000003432855,0.21540001034736633,24.406700002145953,33.69360000942834,1
119,d_validation_1920_1080_daylight_2,8.963900007074699,21.496200002729893,0.5418999935500324,0.20460000087041408,22.24269999715034,31.206600004225038,1
120,d_validation_1920_1080_daylight_2,8.472999994410202,22.777899997890927,0.5535999953281134,0.34720000985544175,23.678700003074482,32.151699997484684,3
121,d_validation_1920_1080_daylight_2,8.059500003582798,22.99299999140203,0.5201000021770597,0.1799000019673258,23.692999995546415,31.752499999129213,1
122,d_validation_1920_1080_daylight_2,10.41560000157915,21.70260000275448,0.5419999943114817,0.16810001397971064,22.412700011045672,32.82830001262482,1
123,d_validation_1920_1080_daylight_2,8.462400001008064,19.550799988792278,0.5594000103883445,0.15859999984968454,20.268799999030307,28.73120000003837,1
124,d_validation_1920_1080_daylight_2,8.071599993854761,21.397000004071742,0.5920999974478036,0.32050001027528197,22.309600011794828,30.38120000564959,3
125,d_validation_1920_1080_daylight_2,7.17169999552425,21.408799992059357,0.9300000092480332,0.3991999983554706,22.73799999966286,29.90969999518711,4
126,d_validation_1920_1080_daylight_2,8.640800006105565,20.530499998130836,0.7125999982235953,0.5866999999852851,21.829799996339716,30.47060000244528,7
127,d_validation_1920_1080_daylight_2,8.808300000964664,22.132400001282804,0.7226000016089529,0.4082999948877841,23.26329999777954,32.071599998744205,4
128,d_validation_1920_1080_daylight_2,9.829400005401112,22.53839999320917,1.11270000343211,0.5403000104706734,24.19140000711195,34.020800012513064,5
129,d_validation_1920_1080_daylight_2,8.626599999843165,21.130199995241128,0.8507000020472333,0.3995000006398186,22.38039999792818,31.006999997771345,4
130,d_validation_1920_1080_daylight_2,9.47029999224469,19.851800010656007,0.9178999898722395,0.4673000075854361,21.237000008113682,30.707300000358373,5
131,d_validation_1920_1080_daylight_2,10.438500001328066,20.356699998956174,1.2692000018432736,0.2638000005390495,21.889700001338497,32.32820000266656,2
132,d_validation_1920_1080_daylight_2,9.111300008953549,22.68280000134837,0.7787999929860234,0.0014999968698248267,23.463099991204217,32.574400000157766,0
133,d_validation_1920_1080_daylight_2,9.116800007177517,21.57749999605585,0.8815000037429854,0.1714999962132424,22.630499996012077,31.747300003189594,1
134,d_validation_1920_1080_daylight_2,9.260999999241903,22.643799995421432,1.1561999999685213,0.21630000264849514,24.01629999803845,33.27729999728035,1
135,d_validation_1920_1080_daylight_2,8.946100002503954,20.014699999592267,0.4493000014917925,0.0009999930625781417,20.464999994146638,29.41109999665059,0
136,d_validation_1920_1080_daylight_2,8.22959998913575,22.700400004396215,1.2359999964246526,0.2812000020639971,24.217600002884865,32.447199992020614,2
137,d_validation_1920_1080_daylight_2,8.995799988042563,21.024400004534982,0.9111999970627949,0.25540000933688134,22.19100001093466,31.18679999897722,2
138,d_validation_1920_1080_daylight_2,9.708800003863871,20.032100001117215,0.9885000035865232,0.527600001078099,21.548200005781837,31.257000009645708,6
139,d_validation_1920_1080_daylight_2,9.531499992590398,19.975300005171448,1.0762000019894913,0.5856999923707917,21.63719999953173,31.16869999212213,7
140,d_validation_1920_1080_daylight_2,8.852400002069771,19.076199998380616,1.0637999948812649,0.1728000061120838,20.312799999373965,29.165200001443736,1
141,d_validation_1920_1080_daylight_2,10.689999995520338,19.978299998911098,1.0519000061322004,0.2612999960547313,21.29150000109803,31.981499996618368,2
142,d_validation_1920_1080_daylight_2,8.384300002944656,22.04459998756647,1.5287000132957473,0.3873999958159402,23.96069999667816,32.344999999622814,4
143,d_validation_1920_1080_daylight_2,8.928800001740456,21.88610000303015,1.6190999886021018,0.34950001281686127,23.854700004449114,32.78350000618957,3
144,d_validation_1920_1080_daylight_2,8.489699990605004,22.482300002593547,1.5551999968010932,0.18030000501312315,24.217800004407763,32.70749999501277,1
145,d_validation_1920_1080_daylight_2,8.854999992763624,19.108499996946193,0.6649999995715916,0.000600004568696022,19.77410000108648,28.629099993850105,0
146,d_validation_1920_1080_daylight_2,7.769500007270835,19.3996000016341,1.1622000019997358,0.5907000013394281,21.152500004973263,28.922000012244098,7
147,d_validation_1920_1080_daylight_2,8.702000006451271,21.05719999235589,1.4091000048210844,0.6414999952539802,23.107799992430955,31.809799998882227,8
148,d_validation_1920_1080_daylight_2,8.327800009283237,20.893399996566586,1.468399990699254,0.7584000122733414,23.12019999953918,31.44800000882242,9
149,d_validation_1920_1080_daylight_2,8.092200005194172,22.777899997890927,2.0831000001635402,0.7373999978881329,25.5983999959426,33.69060000113677,9
150,d_validation_1920_1080_daylight_2,7.804100008797832,21.004800000810064,2.027299997280352,1.0765000042738393,24.108600002364255,31.912700011162087,8
151,d_validation_1920_1080_daylight_2,8.024900002055801,22.81210001092404,2.0960999972885475,0.6931999960215762,25.601400004234165,33.626300006289966,8
152,d_validation_1920_1080_daylight_2,8.748399995965883,22.19570000306703,1.9179999944753945,0.6145000079413876,24.728200005483814,33.4766000014497,7
153,d_validation_1920_1080_daylight_2,8.610100005171262,20.764700006111525,1.3906999956816435,0.7382000039797276,22.893600005772896,31.503700010944158,9
154,d_validation_1920_1080_daylight_2,8.706099994014949,22.17380001093261,1.9172999891452491,0.757400004658848,24.848500004736707,33.554599998751655,8
155,d_validation_1920_1080_daylight_2,7.823400010238402,22.87659999274183,1.8067000055452809,0.6545999931404367,25.33789999142755,33.16130000166595,8
156,d_validation_1920_1080_daylight_2,8.680900005856529,20.21950000198558,1.7337999888695776,0.593400007346645,22.546699998201802,31.22760000405833,7
157,d_validation_1920_1080_daylight_2,9.016199997859076,22.185699999681674,1.7502000118838623,0.34309999318793416,24.27900000475347,33.295200002612546,3
158,d_validation_1920_1080_daylight_2,7.854099996620789,22.478300001239404,0.6130000110715628,0.0013999961083754897,23.092700008419342,30.94680000504013,0
159,d_validation_1920_1080_daylight_2,7.033999994746409,21.897700004046783,0.5880999960936606,0.000300002284348011,22.48610000242479,29.5200999971712,0
160,d_validation_1920_1080_daylight_2,6.978100005653687,22.13820000179112,0.8168999920599163,0.000500003807246685,22.955599997658283,29.93370000331197,0
161,d_validation_1920_1080_daylight_2,8.076600002823398,22.249099987675436,0.5224000051384792,0.000300002284348011,22.771799995098263,30.84839999792166,0
162,d_validation_1920_1080_daylight_2,6.878900006995536,20.82710000104271,1.3225000002421439,0.3708000003825873,22.52040000166744,29.399300008662976,3
163,d_validation_1920_1080_daylight_2,7.7163000096334144,22.370399994542822,0.6957000005058944,0.0014999968698248267,23.06759999191854,30.783900001551956,0
164,d_validation_1920_1080_daylight_2,7.311299996217713,20.852899993769825,1.3408000086201355,0.2995999966515228,22.493299999041483,29.804599995259196,2
165,d_validation_1920_1080_daylight_2,7.774400000926107,20.98640000622254,0.715299989678897,0.001200009137392044,21.702900005038828,29.477300005964935,0
166,d_validation_1920_1080_daylight_2,7.964500007801689,18.43389999703504,0.4958000063197687,0.000200001522898674,18.92990000487771,26.894400012679398,0
167,d_validation_1920_1080_daylight_2,7.3551999957999215,21.957799996016547,0.4991000023437664,0.000300002284348011,22.45720000064466,29.812399996444583,0
168,d_validation_1920_1080_daylight_2,7.146000003558584,19.790599995758384,0.4800000024260953,0.000300002284348011,20.270900000468828,27.41690000402741,0
169,d_validation_1920_1080_daylight_2,6.833300009020604,22.411799989640713,0.8930000039981678,0.27230000705458224,23.577100000693463,30.410400009714067,2
170,d_validation_1920_1080_daylight_2,7.983400006196462,22.362100004102103,0.6194999878061935,0.001200009137392044,22.98280000104569,30.96620000724215,0
171,d_validation_1920_1080_daylight_2,7.926399994175881,19.485400000121444,0.7949999999254942,0.3327000013086945,20.613100001355633,28.539499995531514,3
172,d_validation_1920_1080_daylight_2,7.9597000003559515,22.037000002455898,0.4175999929429963,0.0013999961083754897,22.45599999150727,30.41569999186322,0
173,d_validation_1920_1080_daylight_2,7.071300002280623,21.642099993187003,0.41000000783242285,0.000300002284348011,22.052400003303774,29.123700005584396,0
174,d_validation_1920_1080_daylight_2,6.937900005141273,19.43580000079237,0.37349999183788896,0.000200001522898674,19.809499994153157,26.74739999929443,0
175,d_validation_1920_1080_daylight_2,7.349700012127869,20.438499996089377,0.7066999969538301,0.30519999563694,21.450399988680147,28.800100000808015,2
176,d_validation_1920_1080_daylight_2,8.590199999161996,21.045200002845377,0.7384999917121604,0.25240000104531646,22.036099995602854,30.62629999476485,2
177,d_validation_1920_1080_daylight_2,8.55690000753384,21.487099991645664,0.9821999992709607,0.18280000949744135,22.652100000414066,31.209000007947907,1
178,d_validation_1920_1080_daylight_2,9.248300004401244,21.923799999058247,0.7744000031379983,0.26529999740887433,22.96349999960512,32.21180000400636,2
179,d_validation_1920_1080_daylight_2,9.19860000431072,20.194099997752346,0.7997999928193167,0.46290000318549573,21.45679999375716,30.655399998067878,4
180,d_validation_1920_1080_daylight_2,8.173300011549145,20.055199987837113,0.8271000115200877,0.15799999528098851,21.04029999463819,29.213600006187335,1
181,d_validation_1920_1080_daylight_2,8.197500006644987,21.293099998729303,0.8260999893536791,0.25690000620670617,22.37609999428969,30.573600000934675,2
182,d_validation_1920_1080_daylight_2,8.0251000035787,21.84849999321159,0.8544000011170283,0.2570000069681555,22.959900001296774,30.985000004875474,2
183,d_validation_1920_1080_daylight_2,8.53689998621121,22.285900005954318,1.190299997688271,0.18650000856723636,23.662700012209825,32.199599998421036,1
184,d_validation_1920_1080_daylight_2,8.955199999036267,21.587399998679757,0.847200004500337,0.17249998927582055,22.607099992455915,31.562299991492182,1
185,d_validation_1920_1080_daylight_2,8.824799995636567,20.545199993648566,0.8316000021295622,0.16009999671950936,21.536899992497638,30.361699988134205,1
186,d_validation_1920_1080_daylight_2,8.151999994879588,22.942299998248927,1.1804999958258122,0.20920000679325312,24.332000000867993,32.48399999574758,1
187,d_validation_1920_1080_daylight_2,8.173700000043027,20.966600000974722,1.25119999574963,0.47590000031050295,22.693699997034855,30.867399997077882,5
188,d_validation_1920_1080_daylight_2,8.725400010007434,23.24439999938477,0.5550999921979383,0.0017999991541728377,23.80129999073688,32.52670000074431,0
189,d_validation_1920_1080_daylight_2,8.30359999963548,19.53920000232756,0.694699992891401,0.000700005330145359,20.234600000549108,28.538200000184588,0
190,d_validation_1920_1080_daylight_2,7.37910000316333,19.1556999925524,0.6629999988945201,0.3964000061387196,20.21509999758564,27.59420000074897,4
191,d_validation_1920_1080_daylight_2,9.667499994975515,20.942899995134212,0.658300006762147,0.17919999663718045,21.78039999853354,31.447899993509054,1
192,d_validation_1920_1080_daylight_2,9.834500000579283,22.029900006600656,0.8163000020431355,0.20670000230893493,23.052900010952726,32.88740001153201,1
193,d_validation_1920_1080_daylight_2,9.433200000785291,20.956499996827915,0.6961999897612259,0.17510000907350332,21.827799995662645,31.260999996447936,1
194,d_validation_1920_1080_daylight_2,8.762099998421036,21.49299999291543,0.4211000050418079,0.0011999945854768157,21.915299992542714,30.67739999096375,0
195,d_validation_1920_1080_daylight_2,9.729199999128468,18.811599991749972,0.7755999977234751,0.2027000009547919,19.78989999042824,29.519099989556707,1
196,d_validation_1920_1080_daylight_2,9.456799991312437,22.63469999888912,0.8854000043356791,0.19150000298395753,23.711600006208755,33.16839999752119,1
197,d_validation_1920_1080_daylight_2,9.004999999888241,21.585599999525584,0.7045000093057752,0.17600000137463212,22.46610001020599,31.471100010094233,1
198,d_validation_1920_1080_daylight_2,8.949300012318417,20.17859999614302,0.6676999910268933,0.18960000306833535,21.03589999023825,29.985200002556667,1
199,d_validation_1920_1080_daylight_2,9.132399994996376,22.777800011681393,0.5884999991394579,0.0011999945854768157,23.367500005406328,32.499900000402704,0
200,d_validation_1920_1080_daylight_2,9.323999998741783,22.24459999706596,0.7284000021172687,0.46409999777097255,23.437099996954203,32.761099995695986,4
201,d_validation_1920_1080_daylight_2,8.516399990185164,20.133600002736785,0.4549000004772097,0.0021000014385208488,20.590600004652515,29.10699999483768,0
202,d_validation_1920_1080_daylight_2,8.181099998182617,20.922499999869615,0.7724000024609268,0.4766000056406483,22.17150000797119,30.352600006153807,5
203,d_validation_1920_1080_daylight_2,9.511800002655946,22.391699996660464,1.0477000032551587,0.20649998623412102,23.645899986149743,33.15769998880569,1
204,d_validation_1920_1080_daylight_2,9.207499999320135,20.733299999847077,0.46460000157821923,0.000600004568696022,21.198500005993992,30.406000005314127,0
205,d_validation_1920_1080_daylight_2,8.415999996941537,23.101800004951656,1.0634999925969169,0.3794000076595694,24.544700005208142,32.96070000214968,3
206,d_validation_1920_1080_daylight_2,9.114500004216097,22.110899997642264,1.0852999985218048,0.26929999876301736,23.465499994927086,32.57999999914318,2
207,d_validation_1920_1080_daylight_2,8.769099993514828,21.678400007658638,0.4197999951429665,0.001200009137392044,22.099400011938997,30.868500005453825,0
208,d_validation_1920_1080_daylight_2,8.919300002162345,22.26209999935236,0.548800002434291,0.00029998773243278265,22.811199989519082,31.730499991681427,0
209,d_validation_1920_1080_daylight_2,9.635000009438954,22.832199989352375,0.5560999998124316,0.000300002284348011,23.388599991449155,33.02360000088811,0
210,d_validation_1920_1080_daylight_2,9.157499996945262,20.4204000037862,0.7737999985693023,0.39659999310970306,21.590799995465204,30.748299992410466,4
211,d_validation_1920_1080_daylight_2,8.908800009521656,22.655099994153716,0.9294000046793371,0.46349999320227653,24.04799999203533,32.956800001556985,5
212,d_validation_1920_1080_daylight_2,9.116500004893169,21.101999998791143,0.9138000023085624,0.39260000630747527,22.40840000740718,31.52490001230035,4
213,d_validation_1920_1080_daylight_2,9.264299995265901,20.17480001086369,0.7913999870652333,0.45390000741463155,21.420100005343556,30.684400000609457,5
214,d_validation_1920_1080_daylight_2,9.191599994665012,21.889900002861395,0.4811999970115721,0.0018999999156221747,22.37299999978859,31.5645999944536,0
215,d_validation_1920_1080_daylight_2,7.786600006511435,22.45519999996759,0.7633999921381474,0.2609000075608492,23.479499999666587,31.26610000617802,2
216,d_validation_1920_1080_daylight_2,7.717000000411645,21.045899993623607,0.8128000044962391,0.26279999292455614,22.121499991044402,29.838499991456047,2
217,d_validation_1920_1080_daylight_2,8.625000002211891,22.82559999730438,0.6695000047329813,0.0011999945854768157,23.496299996622838,32.12129999883473,0
218,d_validation_1920_1080_daylight_2,8.550799990189262,21.26670000143349,0.4132000030949712,0.000400003045797348,21.68030000757426,30.231099997763522,0
219,d_validation_1920_1080_daylight_2,7.7517999889096245,21.81130000099074,0.5216999998083338,0.000400003045797348,22.333400003844872,30.085199992754497,0
220,d_validation_1920_1080_daylight_2,8.694400006788783,22.56209999904968,0.378099997760728,0.000300002284348011,22.940499999094754,31.634900005883537,0
221,d_validation_1920_1080_daylight_2,7.784500005072914,18.948400000226684,0.4352999967522919,0.000300002284348011,19.383999999263324,27.168500004336238,0
222,d_validation_1920_1080_daylight_2,7.023300000582822,21.27199999813456,0.35000000207219273,0.00019998697098344564,21.622199987177737,28.64549998776056,0
223,d_validation_1920_1080_daylight_2,6.713599999784492,21.56490000197664,0.4692999937105924,0.000200001522898674,22.03439999721013,28.747999996994622,0
224,d_validation_1920_1080_daylight_2,7.4806000047829,23.525299999164417,0.4563999973470345,0.000300002284348011,23.9819999987958,31.4626000035787,0
225,d_validation_1920_1080_daylight_2,8.188899999368005,23.23469999828376,0.45479999971576035,0.000200001522898674,23.689699999522418,31.878599998890422,0
226,d_validation_1920_1080_daylight_2,7.215899997390807,22.47739999438636,0.4626000009011477,0.000300002284348011,22.940299997571856,30.156199994962662,0
227,d_validation_1920_1080_daylight_2,7.843300001695752,22.33009999326896,0.8420999947702512,0.1951000012923032,23.367299989331514,31.210599991027266,1
228,d_validation_1920_1080_daylight_2,7.899399992311373,21.482099997228943,0.44660001003649086,0.0005999900167807937,21.929299997282214,29.828699989593588,0
229,d_validation_1920_1080_daylight_2,7.711300000664778,20.89709999563638,0.43729999742936343,0.000300002284348011,21.334699995350093,29.04599999601487,0
230,d_validation_1920_1080_daylight_2,8.890800003428012,22.157100000185892,0.8066000009421259,0.19529998826328665,23.158999989391305,32.04979999281932,1
231,d_validation_1920_1080_daylight_2,8.903300011297688,22.53529999870807,0.8491999906254932,0.19600000814534724,23.58049999747891,32.4838000087766,1
232,d_validation_1920_1080_daylight_2,8.435699986875989,20.080100002815016,0.6413000082829967,0.28310000197961926,21.00450001307763,29.44019999995362,2
233,d_validation_1920_1080_daylight_2,8.515900000929832,23.01900000020396,0.42919999395962805,0.00100000761449337,23.44920000177808,31.965100002707914,0
234,d_validation_1920_1080_daylight_2,7.6849999895785,23.312600009376183,0.3102000046055764,0.00029998773243278265,23.623100001714192,31.308099991292693,0
235,d_validation_1920_1080_daylight_2,8.87620000867173,19.959400000516325,0.2806999982567504,0.000300002284348011,20.240400001057424,29.116600009729154,0
236,d_validation_1920_1080_daylight_2,7.812199997715652,21.320800005923957,0.5454000056488439,0.1863999932538718,22.052600004826672,29.864800002542324,1
237,d_validation_1920_1080_daylight_2,8.255699998699129,21.326400004909374,0.41199999395757914,0.000800006091594696,21.739200004958548,29.994900003657676,0
238,d_validation_1920_1080_daylight_2,7.322999997995794,20.644499993068166,0.25090000417549163,0.000200001522898674,20.895599998766556,28.21859999676235,0
239,d_validation_1920_1080_daylight_2,6.4870000060182065,22.37389999208972,0.6759000098099932,0.19469999824650586,23.244500000146218,29.731500006164424,1
240,d_validation_1920_1080_daylight_2,7.375999994110316,22.879900003317744,0.7542999956058338,0.40920000174082816,24.043400000664406,31.41939999477472,4
241,d_validation_1920_1080_daylight_2,7.098799993400462,22.026700011338107,0.5535999953281134,0.1973000034922734,22.777600010158494,29.876400003558956,1
242,d_validation_1920_1080_daylight_2,7.06279999576509,22.56130000751,0.28059999749530107,0.000800006091594696,22.842700011096895,29.905500006861985,0
243,d_validation_1920_1080_daylight_2,6.356500001857057,23.659099999349564,0.26699999580159783,0.000200001522898674,23.92629999667406,30.282799998531118,0
244,d_validation_1920_1080_daylight_2,6.108500005211681,22.71199999086093,0.23630000941921026,0.00029998773243278265,22.948599988012575,29.057099993224256,0
245,d_validation_1920_1080_daylight_2,5.91310000163503,22.10919999924954,0.4381000035209581,0.26640000578481704,22.813700008555315,28.726800010190345,2
246,d_validation_1920_1080_daylight_2,7.281099999090657,22.61079999152571,0.6582000060006976,0.4526999982772395,23.721699995803647,31.002799994894303,4
247,d_validation_1920_1080_daylight_2,7.267299995874055,21.846899995580316,0.61860001005698,0.46099998871795833,22.926499994355254,30.19379999022931,5
248,d_validation_1920_1080_daylight_2,7.2398000047542155,22.3798000079114,0.6595999875571579,0.40920000174082816,23.448599997209385,30.6884000019636,4
249,d_validation_1920_1080_daylight_2,7.440900008077733,21.83149999473244,0.6666999979643151,0.4050999996252358,22.90329999232199,30.344200000399724,4
250,d_validation_1920_1080_daylight_2,7.314300004509278,23.191999993287027,0.8445999992545694,0.444200006313622,24.48079999885522,31.795100003364496,4
251,d_validation_1920_1080_daylight_2,6.998299999395385,22.74480000778567,0.8310999983223155,0.46039999870117754,24.036300004809164,31.03460000420455,4
252,d_validation_1920_1080_daylight_2,7.031099987216294,22.770500014303252,0.6328999879769981,0.7559000077890232,24.159300010069273,31.190399997285567,9
253,d_validation_1920_1080_daylight_2,7.2509000019636005,23.13289999437984,0.926900000195019,0.19440001051407307,24.254200005088933,31.505100007052533,1
254,d_validation_1920_1080_daylight_2,7.2096999938366935,23.20270000200253,0.3386000025784597,0.000900006853044033,23.542200011434034,30.751900005270727,0
255,d_validation_1920_1080_daylight_2,5.785199988167733,23.35950000269804,0.4591000033542514,0.000300002284348011,23.81890000833664,29.604099996504374,0
256,d_validation_1920_1080_daylight_2,6.641800006036647,23.911900003440678,0.4521999944699928,0.000300002284348011,24.36440000019502,31.006200006231666,0
257,d_validation_1920_1080_daylight_2,6.945899993297644,20.078300003660843,0.9285999985877424,0.3423000016482547,21.34920000389684,28.295099997194484,3
258,d_validation_1920_1080_daylight_2,7.107800003723241,20.173899989458732,0.36130000080447644,0.001300009898841381,20.53650000016205,27.64430000388529,0
259,d_validation_1920_1080_daylight_2,5.973499995889142,20.22890000080224,0.3479000006336719,0.000300002284348011,20.57710000372026,26.550599999609403,0
260,d_validation_1920_1080_daylight_2,5.909200001042336,20.593900000676513,0.6796999950893223,0.18230000569019467,21.45590000145603,27.365100002498366,1
261,d_validation_1920_1080_daylight_2,6.876400002511218,22.10940000077244,0.36130000080447644,0.0006999907782301307,22.471399992355146,29.347799994866364,0
262,d_validation_1920_1080_daylight_2,5.652500010910444,20.62609999848064,0.35489999572746456,0.000300002284348011,20.981299996492453,26.633800007402897,0
263,d_validation_1920_1080_daylight_2,6.131900008767843,22.53389998804778,0.47700000868644565,0.000300002284348011,23.011199999018572,29.143100007786416,0
264,d_validation_1920_1080_daylight_2,6.7740999948000535,21.65450000029523,0.5099999980302528,0.000400003045797348,22.16490000137128,28.938999996171333,0
265,d_validation_1920_1080_daylight_2,6.0203999892110005,23.504099997808225,0.5032000044593588,0.000300002284348011,24.007600004551932,30.027999993762933,0
266,d_validation_1920_1080_daylight_2,6.008700001984835,23.685299995122477,0.9018999990075827,0.21920001017861068,24.80640000430867,30.815100006293505,1
267,d_validation_1920_1080_daylight_2,6.600699998671189,23.074200013070367,0.4523999959928915,0.000600004568696022,23.527200013631955,30.127900012303144,0
268,d_validation_1920_1080_daylight_2,6.791200008592568,22.26709999376908,0.44040000648237765,0.000300002284348011,22.707800002535805,29.499000011128373,0
269,d_validation_1920_1080_daylight_2,6.989000001340173,23.803200005204417,0.8707999950274825,0.3529999958118424,25.02699999604374,32.015999997383915,1
270,d_validation_1920_1080_daylight_2,7.692200000747107,22.430899989558384,0.46910000673960894,0.0007999915396794677,22.900799987837672,30.59299998858478,0
271,d_validation_1920_1080_daylight_2,6.355799996526912,22.360699993441813,0.8665000059409067,0.2941999991890043,23.521399998571724,29.877199995098636,2
272,d_validation_1920_1080_daylight_2,6.528700003400445,21.14699999219738,0.3176000027451664,0.000700005330145359,21.46530000027269,27.994000003673136,0
273,d_validation_1920_1080_daylight_2,6.540799993672408,22.637100002611987,0.3127999952994287,0.000300002284348011,22.950200000195764,29.490999993868172,0
274,d_validation_1920_1080_daylight_2,6.527699995785952,20.788400011952035,0.4290999931981787,0.000300002284348011,21.217800007434562,27.745500003220513,0
275,d_validation_1920_1080_daylight_2,7.3779999947873875,22.37289999902714,0.4172000044491142,0.000300002284348011,22.790400005760603,30.16840000054799,0
276,d_validation_1920_1080_daylight_2,7.328200008487329,21.019099993281998,0.3147999959765002,0.000300002284348011,21.334199991542846,28.662400000030175,0
277,d_validation_1920_1080_daylight_2,6.099599995650351,18.500300007872283,0.29499999072868377,0.000300002284348011,18.795600000885315,24.895199996535666,0
278,d_validation_1920_1080_daylight_2,7.237300000269897,22.233800002140924,0.3640999930212274,0.000300002284348011,22.5981999974465,29.835499997716397,0
279,d_validation_1920_1080_daylight_2,6.561400005011819,23.474500005249865,0.34610000147949904,0.00019998697098344564,23.820799993700348,30.382199998712167,0
280,d_validation_1920_1080_daylight_2,6.2319999997271225,21.49529999587685,0.2607000060379505,0.000300002284348011,21.756300004199147,27.98830000392627,0
281,d_validation_1920_1080_daylight_2,5.826799999340437,20.053100000950508,0.2604000037536025,0.00019998697098344564,20.313699991675094,26.14049999101553,0
282,d_validation_1920_1080_daylight_2,6.615400008740835,21.715599999879487,0.2454999921610579,0.000300002284348011,21.961399994324893,28.576800003065728,0
283,d_validation_1920_1080_daylight_2,5.941000010352582,18.877800001064315,0.21889999334234744,0.000300002284348011,19.09699999669101,25.038000007043593,0
284,d_validation_1920_1080_daylight_2,6.804399992688559,21.13360000657849,0.15730000450275838,0.000200001522898674,21.291100012604147,28.095500005292706,0
285,d_validation_1920_1080_daylight_2,6.207500002346933,19.899199993233196,0.1832000125432387,0.00029998773243278265,20.082699993508868,26.2901999958558,0
286,d_validation_1920_1080_daylight_2,6.737099989550188,21.86700000311248,0.3269000008003786,0.18279999494552612,22.376699998858385,29.113799988408573,1
287,d_validation_1920_1080_daylight_2,7.137100008549169,22.77219999814406,0.2705999941099435,0.000700005330145359,23.04349999758415,30.180600006133318,0
288,d_validation_1920_1080_daylight_2,6.8755999964196235,22.49160000064876,0.3989000106230378,0.20260000019334257,23.09310001146514,29.968700007884763,1
289,d_validation_1920_1080_daylight_2,6.828000012319535,20.03619998868089,0.33429999893996865,0.2739000046858564,20.644399992306717,27.47240000462625,2
290,d_validation_1920_1080_daylight_2,6.19159999769181,20.944599993526936,0.15430001076310873,0.0007999915396794677,21.099699995829724,27.291299993521534,0
291,d_validation_1920_1080_daylight_2,5.680000002030283,22.359000009601004,0.15469999925699085,0.000300002284348011,22.514000011142343,28.194000013172626,0
292,d_validation_1920_1080_daylight_2,6.042400011210702,20.473899989156052,0.15320000238716602,0.000200001522898674,20.627299993066117,26.66970000427682,0
293,d_validation_1920_1080_daylight_2,6.043800007319078,19.50330000545364,0.23529998725280166,0.000500003807246685,19.739099996513687,25.782900003832765,0
294,d_validation_1920_1080_daylight_2,6.601399989449419,23.35660000971984,0.14949998876545578,0.000200001522898674,23.506300000008196,30.107699989457615,0
295,d_validation_1920_1080_daylight_2,5.76790000195615,18.288499995833263,0.31140001374296844,0.17859999206848443,18.778500001644716,24.546400003600866,1
296,d_validation_1920_1080_daylight_2,6.750700005795807,21.902099993894808,0.3423000016482547,0.2565000031609088,22.50089999870397,29.251600004499778,2
297,d_validation_1920_1080_daylight_2,6.576300002052449,21.521600006963126,0.23689999943599105,0.0008999923011288047,21.759399998700246,28.335700000752695,0
298,d_validation_1920_1080_daylight_2,5.7369999994989485,20.811099995626137,0.1998000079765916,0.000300002284348011,21.011200005887076,26.748200005386025,0
299,d_validation_1920_1080_daylight_2,6.383500003721565,24.29820000543259,0.21779999951831996,0.000400003045797348,24.516400007996708,30.899900011718273,0
300,d_validation_1920_1080_daylight_2,6.632499993429519,20.76600000145845,0.33560000883881,0.17829998978413641,21.279900000081398,27.912399993510917,1
301,d_validation_1920_1080_daylight_2,6.479699994088151,21.193900000071153,0.33480000274721533,0.17640000442042947,21.705100007238798,28.18480000132695,1
302,d_validation_1920_1080_daylight_2,7.388500001979992,22.62210000480991,0.20889998995698988,0.000800006091594696,22.831800000858493,30.220300002838485,0
303,d_validation_1920_1080_daylight_2,7.576000003609806,22.374599997419864,0.2086000022245571,0.000200001522898674,22.58340000116732,30.159400004777126,0
304,d_validation_1920_1080_daylight_2,7.528400004957803,20.683699985966086,0.3423000016482547,0.2775000029942021,21.303499990608543,28.831899995566346,2
305,d_validation_1920_1080_daylight_2,7.284499995876104,21.444400001200847,0.16939999477472156,0.000900006853044033,21.614700002828613,28.899199998704717,0
306,d_validation_1920_1080_daylight_2,6.633199998759665,20.429299998795614,0.3434999962337315,0.1804000057745725,20.953200000803918,27.586399999563582,1
307,d_validation_1920_1080_daylight_2,7.223399996291846,21.991700006765313,0.4275999963283539,0.4309000069042668,22.850200009997934,30.07360000628978,4
308,d_validation_1920_1080_daylight_2,6.457900002715178,22.39499999268446,0.5996000109007582,0.29569999605882913,23.29029999964405,29.748200002359226,2
309,d_validation_1920_1080_daylight_2,6.579499997314997,22.57600000302773,0.2896000078180805,0.0009999930625781417,22.86660000390839,29.446100001223385,0
310,d_validation_1920_1080_daylight_2,6.894599995575845,22.60359999490902,0.4327000060584396,0.17939999816007912,23.215699999127537,30.110299994703382,1
311,d_validation_1920_1080_daylight_2,6.934499993803911,22.906500002136454,0.6208999984664842,0.34270000469405204,23.87010000529699,30.8045999991009,3
312,d_validation_1920_1080_daylight_2,7.462299996404909,21.77789999404922,0.5596999981207773,0.4608000017469749,22.798399993916973,30.260699990321882,5
313,d_validation_1920_1080_daylight_2,7.556500000646338,20.039199996972457,0.7596000068588182,0.19299999985378236,20.991800003685057,28.548300004331395,1
314,d_validation_1920_1080_daylight_2,7.572000002255663,22.80340000288561,0.6335999933071434,0.2973000082420185,23.734300004434772,31.306300006690435,2
315,d_validation_1920_1080_daylight_2,7.385500008240342,21.779099988634698,0.364200008334592,0.0008999923011288047,22.14419998927042,29.52969999751076,0
316,d_validation_1920_1080_daylight_2,6.68200000654906,20.66769999510143,0.3006000042660162,0.00029998773243278265,20.96859998709988,27.65059999364894,0
317,d_validation_1920_1080_daylight_2,6.047500006388873,19.55219999945257,0.2905000001192093,0.000300002284348011,19.843000001856126,25.890500008245,0
318,d_validation_1920_1080_daylight_2,5.745899994508363,20.702299996628426,0.5539999983739108,0.18560000171419233,21.44189999671653,27.187799991224892,1
319,d_validation_1920_1080_daylight_2,6.861799993203022,22.50619999540504,0.2948000037577003,0.000700005330145359,22.801700004492886,29.663499997695908,0
320,d_validation_1920_1080_daylight_2,6.184599988046102,18.7529000104405,0.2852999896276742,0.000300002284348011,19.03850000235252,25.223099990398623,0
321,d_validation_1920_1080_daylight_2,6.0757000028388575,20.329799997853115,0.3630999999586493,0.000300002284348011,20.693200000096112,26.76890000293497,0
322,d_validation_1920_1080_daylight_2,7.287000000360422,22.143599999253638,0.36299999919719994,0.0050000089686363935,22.511600007419474,29.798600007779896,0
323,d_validation_1920_1080_daylight_2,7.296199997654185,21.733899993705563,0.27460001001600176,0.000200001522898674,22.008700005244464,29.30490000289865,0
324,d_validation_1920_1080_daylight_2,6.413399998564273,23.099800004274584,0.272599994787015,0.000300002284348011,23.372700001345947,29.78609999991022,0
325,d_validation_1920_1080_daylight_2,6.347800008370541,21.65900000545662,0.26959998649545014,0.000300002284348011,21.928899994236417,28.276700002606958,0
326,d_validation_1920_1080_daylight_2,7.16949999332428,23.730700006126426,0.36669999826699495,0.000300002284348011,24.09770000667777,31.26720000000205,0
327,d_validation_1920_1080_daylight_2,6.630399991990998,24.03760000015609,0.3622000076575205,0.000300002284348011,24.400100010097958,31.030500002088957,0
328,d_validation_1920_1080_daylight_2,7.203400004073046,20.02100000390783,0.24989999656099826,0.000300002284348011,20.271200002753176,27.474600006826222,0
329,d_validation_1920_1080_daylight_2,6.015399994794279,19.778100002440624,0.4959999932907522,0.18080000882036984,20.454900004551746,26.470299999346025,1
330,d_validation_1920_1080_daylight_2,7.771399992634542,20.511599999736063,0.5047000013291836,0.17189999925903976,21.188200000324287,28.95959999295883,1
331,d_validation_1920_1080_daylight_2,7.318300005863421,21.10529999481514,0.6884000031277537,0.20179999410174787,21.995499992044643,29.313799997908063,1
332,d_validation_1920_1080_daylight_2,7.261600010679103,20.478399994317442,0.3235000040149316,0.000600004568696022,20.80250000290107,28.064100013580173,0
333,d_validation_1920_1080_daylight_2,6.673700001556426,19.9237000051653,0.5030000029364601,0.18029999046120793,20.60699999856297,27.280700000119396,1
334,d_validation_1920_1080_daylight_2,6.120799997006543,21.558899999945424,0.3546000079950318,0.0007999915396794677,21.914299999480136,28.03509999648668,0
335,d_validation_1920_1080_daylight_2,6.0138999979244545,22.213900010683574,0.34899999445769936,0.000300002284348011,22.56320000742562,28.577100005350076,0
336,d_validation_1920_1080_daylight_2,5.517300000065006,20.758200000273064,0.26450000586919487,0.000300002284348011,21.023000008426607,26.540300008491613,0
337,d_validation_1920_1080_daylight_2,5.752000011852942,20.76159999705851,0.25430000096093863,0.000300002284348011,21.016200000303797,26.76820001215674,0
338,d_validation_1920_1080_daylight_2,5.527700006496161,20.684300005086698,0.24789999588392675,0.000300002284348011,20.932500003254972,26.460200009751134,0
339,d_validation_1920_1080_daylight_2,5.4684000060660765,24.39000000595115,0.28399999428074807,0.000200001522898674,24.674200001754798,30.142600007820874,0
340,d_validation_1920_1080_daylight_2,6.343399989418685,23.969100002432242,0.20599999697878957,0.000300002284348011,24.17540000169538,30.518799991114065,0
341,d_validation_1920_1080_daylight_2,5.7120999990729615,20.282700003008358,0.20889998995698988,0.000300002284348011,20.491899995249696,26.203999994322658,0
342,d_validation_1920_1080_daylight_2,5.73830000939779,21.40759999747388,0.20169999334029853,0.000400003045797348,21.609699993859977,27.348000003257766,0
343,d_validation_1920_1080_daylight_2,5.773199998657219,22.3686999961501,0.2356000040890649,0.000200001522898674,22.604500001762062,28.37770000041928,0
344,d_validation_1920_1080_daylight_2,6.450599990785122,22.52779999980703,0.18000000272877514,0.000300002284348011,22.708100004820153,29.158699995605275,0
345,d_validation_1920_1080_daylight_2,6.367199996020645,22.50760000606533,0.1745000045048073,0.00029998773243278265,22.68239999830257,29.049599994323216,0
346,d_validation_1920_1080_daylight_2,6.4178000029642135,22.29369999258779,0.16510000568814576,0.000400003045797348,22.459200001321733,28.877000004285946,0
347,d_validation_1920_1080_daylight_2,6.238000001758337,21.79690000775736,0.1323999895248562,0.000300002284348011,21.929599999566562,28.1676000013249,0
348,d_validation_1920_1080_daylight_2,5.533499992452562,21.083700004965067,0.12769999739248306,0.000300002284348011,21.211700004641898,26.74519999709446,0
349,d_validation_1920_1080_daylight_2,5.478100007167086,19.393599999602884,0.2906000008806586,0.261799999861978,19.94600000034552,25.424100007512607,2
350,d_validation_1920_1080_daylight_2,6.89319999946747,20.523300001514144,0.31749998743180186,0.17160001152660698,21.012400000472553,27.905599999940023,1
351,d_validation_1920_1080_daylight_2,6.9847999984631315,19.77670000633225,0.23550000332761556,0.0006999907782301307,20.012900000438094,26.997699998901226,0
352,d_validation_1920_1080_daylight_2,6.248400008189492,23.688000001129694,0.541499990504235,0.5031000036979094,24.73259999533184,30.98100000352133,5
353,d_validation_1920_1080_daylight_2,7.132699989597313,21.609400006127544,0.2570999931776896,0.0017999991541728377,21.868299998459406,29.00099998805672,0
354,d_validation_1920_1080_daylight_2,7.38650000130292,21.91830000083428,0.6037999992258847,0.7290999928954989,23.251199992955662,30.637699994258583,8
355,d_validation_1920_1080_daylight_2,6.30280000041239,22.289799991995096,0.6255000043893233,0.2927000023191795,23.2079999987036,29.51079999911599,2
356,d_validation_1920_1080_daylight_2,7.381899995380081,22.157700004754588,0.5744999943999574,0.46239999937824905,23.194599998532794,30.576499993912876,5
357,d_validation_1920_1080_daylight_2,6.298699998296797,23.105000000214204,0.7981999951880425,0.3049000079045072,24.208100003306754,30.50680000160355,2
358,d_validation_1920_1080_daylight_2,6.607100003748201,22.48499999404885,0.8897000079741701,0.5251999973552302,23.89989999937825,30.50700000312645,5
359,d_validation_1920_1080_daylight_2,7.136400003219023,20.71300000534393,0.6274999905144796,0.4310000076657161,21.771500003524125,28.907900006743148,2
360,d_validation_1920_1080_daylight_2,6.887199997436255,22.357800000463612,0.9503000037511811,0.31909999961499125,23.627200003829785,30.51440000126604,3
361,d_validation_1920_1080_daylight_2,7.492799995816313,22.36770000308752,0.9626999963074923,0.39820000529289246,23.728600004687905,31.221400000504218,4
362,d_validation_1920_1080_daylight_2,7.518300000810996,20.607300000847317,0.8333000005222857,0.38559999666176736,21.82619999803137,29.344499998842366,4
363,d_validation_1920_1080_daylight_2,7.751900004222989,19.933000003220513,0.8951999916462228,0.5310999986249954,21.35929999349173,29.11119999771472,6
364,d_validation_1920_1080_daylight_2,7.296099996892735,20.013800007291138,0.9231000003637746,0.46799999836366624,21.40490000601858,28.701000002911314,5
365,d_validation_1920_1080_daylight_2,7.580499994219281,21.191099993302487,0.8717000018805265,0.45390000741463155,22.516700002597645,30.097199996816926,5
366,d_validation_1920_1080_daylight_2,6.5959000057773665,21.531999998842366,0.38129999302327633,0.0017999991541728377,21.915099991019815,28.51099999679718,0
367,d_validation_1920_1080_daylight_2,5.810400005429983,20.342100004199892,0.37599999632220715,0.000300002284348011,20.718400002806447,26.52880000823643,0
368,d_validation_1920_1080_daylight_2,5.969499994534999,22.435199993196875,0.7650000043213367,0.4065999964950606,23.606799994013272,29.57629998854827,4
369,d_validation_1920_1080_daylight_2,7.1730999916326255,22.65840000472963,0.5556999967666343,0.0015999976312741637,23.215699999127537,30.388799990760162,0
370,d_validation_1920_1080_daylight_2,6.81089999852702,22.502000007079914,0.5501999985426664,0.000300002284348011,23.05250000790693,29.86340000643395,0
371,d_validation_1920_1080_daylight_2,6.185999998706393,22.754299992811866,0.5509000038728118,0.000300002284348011,23.305499998969026,29.49149999767542,0
372,d_validation_1920_1080_daylight_2,7.116499997209758,21.628100002999417,0.7622999983141199,0.1812999980757013,22.57169999938924,29.688199996598996,1
373,d_validation_1920_1080_daylight_2,6.678600009763613,22.478699989733286,0.567299997783266,0.000900006853044033,23.046899994369596,29.72550000413321,0
374,d_validation_1920_1080_daylight_2,6.795100009185262,20.794700001715682,0.7939999923110008,0.3192000003764406,21.907899994403124,28.703000003588386,2
375,d_validation_1920_1080_daylight_2,7.125599993742071,22.003800011589192,0.5787999980384484,0.0010999938240274787,22.583700003451668,29.70929999719374,0
376,d_validation_1920_1080_daylight_2,6.990499998209998,20.75719999265857,0.4208000027574599,0.000200001522898674,21.17819999693893,28.168699995148927,0
377,d_validation_1920_1080_daylight_2,6.057700011297129,21.522399998502806,0.4140999953961,0.000200001522898674,21.936699995421804,27.994400006718934,0
378,d_validation_1920_1080_daylight_2,6.39019999653101,21.743600009358488,0.5868000007467344,0.00039998849388211966,22.330799998599105,28.720999995130114,0
379,d_validation_1920_1080_daylight_2,6.752600005711429,22.357800000463612,0.6886999908601865,0.000400003045797348,23.046899994369596,29.799500000081025,0
380,d_validation_1920_1080_daylight_2,6.818099995143712,22.562300000572577,0.5767999973613769,0.000400003045797348,23.13950000097975,29.957599996123463,0
381,d_validation_1920_1080_daylight_2,6.583899987163022,22.489300012239255,0.562999994144775,0.000400003045797348,23.052700009429827,29.63659999659285,0
382,d_validation_1920_1080_daylight_2,8.071499993093312,20.65720000246074,0.5508000031113625,0.000300002284348011,21.20830000785645,29.279800000949763,0
383,d_validation_1920_1080_daylight_2,8.357899991096929,21.217000001342967,0.7671000057598576,0.2592999953776598,22.243400002480485,30.601299993577413,2
384,d_validation_1920_1080_daylight_2,8.436000003712252,22.52349999616854,0.9971999970730394,0.18420000560581684,23.704899998847395,32.14090000255965,1
385,d_validation_1920_1080_daylight_2,8.461200006422587,21.275899998727255,1.0547999991104007,0.3730000025825575,22.703700000420213,31.1649000068428,3
386,d_validation_1920_1080_daylight_2,9.517200000118464,20.682500005932525,0.7382999901892617,0.3727000002982095,21.793499996419996,31.31069999653846,2
387,d_validation_1920_1080_daylight_2,9.404999989783391,22.589400003198534,1.0689000046113506,0.4861000052187592,24.144400013028644,33.549400002812035,5
388,d_validation_1920_1080_daylight_2,8.909899988793768,19.941900012781844,0.7721000001765788,0.2767999976640567,20.99080001062248,29.900699999416247,3
389,d_validation_1920_1080_daylight_2,8.827400000882335,19.40459999605082,0.6825000018579885,0.18350000027567148,20.27059999818448,29.097999999066815,1
390,d_validation_1920_1080_daylight_2,8.414199997787364,19.49330000206828,0.3963999915868044,0.000800006091594696,19.89049999974668,28.304699997534044,0
391,d_validation_1920_1080_daylight_2,7.786600006511435,20.048999998834915,0.6327000010060146,0.26059999072458595,20.942299990565516,28.72889999707695,2
392,d_validation_1920_1080_daylight_2,8.865900003002025,21.894899997278117,0.5131999932928011,0.001100008375942707,22.40919999894686,31.275100001948886,0
393,d_validation_1920_1080_daylight_2,8.721599995624274,22.357599998940714,0.4408999957377091,0.000300002284348011,22.79879999696277,31.520399992587045,0
394,d_validation_1920_1080_daylight_2,8.249299993622117,23.619500003405847,1.0139000078197569,0.2982000005431473,24.93160001176875,33.18090000539087,1
395,d_validation_1920_1080_daylight_2,8.486099992296658,20.213900003000163,0.6607999966945499,0.32210000790655613,21.19680000760127,29.682899999897927,3
396,d_validation_1920_1080_daylight_2,8.707900007721037,20.185699991998263,0.603599997702986,0.1694000093266368,20.958699999027885,29.666600006748922,1
397,d_validation_1920_1080_daylight_2,8.127000008244067,20.806400003493764,0.5874999915249646,0.17890000890474766,21.572800003923476,29.699800012167543,1
398,d_validation_1920_1080_daylight_2,8.371399992029183,20.51750000100583,0.3660000074887648,0.0006999907782301307,20.884199999272823,29.255599991302006,0
399,d_validation_1920_1080_daylight_2,7.515699995565228,21.420200006105006,0.8793000015430152,0.48550000065006316,22.785000008298084,30.300700003863312,5
400,d_validation_1920_1080_daylight_2,8.68139999511186,22.653199994238093,0.9502000029897317,0.48820000665728003,24.091600003885105,32.772999998996966,5
401,d_validation_1920_1080_daylight_2,8.283299990580417,20.44670000032056,0.44160000106785446,0.001200009137392044,20.889500010525808,29.172800001106225,0
402,d_validation_1920_1080_daylight_2,7.300299999769777,21.49949999875389,0.6791000050725415,0.2305999951204285,22.40919999894686,29.709499998716637,2
403,d_validation_1920_1080_daylight_2,8.140000005369075,21.246799995424226,1.008100007311441,0.2750999992713332,22.530000002007,30.670000007376075,2
404,d_validation_1920_1080_daylight_2,9.21570000355132,21.288299991283566,0.7406000077025965,0.25439998717047274,22.283299986156635,31.498999989707954,2
405,d_validation_1920_1080_daylight_2,8.436399992206134,21.00860000064131,0.7599999953527004,0.2575000107754022,22.02610000676941,30.462499998975545,2
406,d_validation_1920_1080_daylight_2,8.82879999699071,21.41960000153631,0.7649999897694215,0.39770000148564577,22.582299992791377,31.411099989782088,4
407,d_validation_1920_1080_daylight_2,8.833299987600185,23.198900002171285,1.4933000056771562,0.5181000014999881,25.21030000934843,34.043599996948615,6
408,d_validation_1920_1080_daylight_2,8.76879999123048,22.10679999552667,0.6248999998206273,0.0025000044843181968,22.734199999831617,31.502999991062097,0
409,d_validation_1920_1080_daylight_2,8.547499994165264,19.853799996781163,0.9387000027345493,0.17749999824445695,20.96999999776017,29.517499991925433,1
410,d_validation_1920_1080_daylight_2,8.631400007288903,23.108099994715303,0.9114999993471429,0.4031999997096136,24.42279999377206,33.05420000106096,4
411,d_validation_1920_1080_daylight_2,8.336200000485405,21.712399990065023,0.9263000101782382,0.17749999824445695,22.81619999848772,31.152399998973124,1
412,d_validation_1920_1080_daylight_2,8.36209999397397,21.57340000849217,0.9818999969866127,0.4000000044470653,22.95530000992585,31.31740000389982,4
413,d_validation_1920_1080_daylight_2,8.675799996126443,22.09199999924749,1.079800000297837,0.26169999910052866,23.433499998645857,32.1092999947723,2
414,d_validation_1920_1080_daylight_2,9.001500002341345,21.69799999683164,1.0502000077394769,0.5658000009134412,23.31400000548456,32.315500007825904,6
415,d_validation_1920_1080_daylight_2,8.266099990578368,21.913500007940456,1.0536000045249239,0.17769999976735562,23.144800012232736,31.410900002811104,1
416,d_validation_1920_1080_daylight_2,8.854500003508292,20.656699998653494,1.4958999963710085,0.3361999988555908,22.488799993880093,31.343299997388385,3
417,d_validation_1920_1080_daylight_2,9.332200002972968,23.637699996470474,0.7596000068588182,0.0012999953469261527,24.398599998676218,33.730800001649186,0
418,d_validation_1920_1080_daylight_2,8.949299997766502,20.503300009295344,0.5341999931260943,0.000300002284348011,21.037800004705787,29.98710000247229,0
419,d_validation_1920_1080_daylight_2,9.119200010900386,20.92379999521654,0.5041999975219369,0.000300002284348011,21.428299995022826,30.54750000592321,0
420,d_validation_1920_1080_daylight_2,8.513099994161166,23.767899998347275,0.6590999983018264,0.000300002284348011,24.42729999893345,32.940399993094616,0
421,d_validation_1920_1080_daylight_2,8.832499996060506,20.859700001892634,0.8796000038273633,0.17359999765176326,21.91290000337176,30.745399999432266,1
422,d_validation_1920_1080_daylight_2,7.524700005888008,20.07709999452345,0.9985000069718808,0.6413999944925308,21.716999995987862,29.24170000187587,7
423,d_validation_1920_1080_daylight_2,8.00149999849964,21.7731000011554,0.9870999929262325,0.2629000082379207,23.023100002319552,31.02460000081919,1
424,d_validation_1920_1080_daylight_2,8.144899999024346,21.152999994228594,1.4341000060085207,0.46519999159500003,23.052299991832115,31.19719999085646,4
425,d_validation_1920_1080_daylight_2,7.846400010748766,21.184799988986924,1.0840000031748787,0.3991999983554706,22.667999990517274,30.51440000126604,4
426,d_validation_1920_1080_daylight_2,8.77099999343045,20.34040000580717,1.0414999997010455,0.16820000018924475,21.55010000569746,30.32109999912791,1
427,d_validation_1920_1080_daylight_2,7.949899998493493,19.9441000004299,0.5437000072561204,0.0005999900167807937,20.4883999977028,28.438299996196292,0
428,d_validation_1920_1080_daylight_2,7.958300004247576,18.40799998899456,1.048100006300956,0.3188999980920926,19.77499999338761,27.733299997635186,3
429,d_validation_1920_1080_daylight_2,9.609899992938153,20.786900000530295,1.0889999975915998,0.26950000028591603,22.14539999840781,31.755299991345964,3
430,d_validation_1920_1080_daylight_2,8.353900004294701,23.34780000091996,1.5349000022979453,0.31709999893791974,25.199800002155825,33.553700006450526,3
431,d_validation_1920_1080_daylight_2,8.716199998161756,20.45670000370592,1.0845999931916595,0.39620000461582094,21.9375000015134,30.653699999675155,4
432,d_validation_1920_1080_daylight_2,8.530299994163215,21.260599998640828,0.5535999953281134,0.001100008375942707,21.815300002344884,30.3455999965081,0
433,d_validation_1920_1080_daylight_2,7.838100005756132,22.55209999566432,0.8048000017879531,0.000300002284348011,23.357199999736622,31.195300005492754,0
434,d_validation_1920_1080_daylight_2,8.208300001570024,23.065999994287267,1.4841000083833933,0.3758999955607578,24.92599999823142,33.13429999980144,3
435,d_validation_1920_1080_daylight_2,8.2094999961555,19.570800010114908,0.5489999894052744,0.001200009137392044,20.121000008657575,28.330500004813075,0
436,d_validation_1920_1080_daylight_2,7.520500003010966,18.934499996248633,0.5398999928729609,0.000200001522898674,19.474599990644492,26.995099993655458,0
437,d_validation_1920_1080_daylight_2,7.719599991105497,19.350800008396618,1.025099991238676,0.40880001324694604,20.78470001288224,28.504300003987737,4
438,d_validation_1920_1080_daylight_2,8.421600010478869,22.86409999942407,0.5928999889874831,0.001100008375942707,23.458099996787496,31.879700007266365,0
439,d_validation_1920_1080_daylight_2,7.88210000609979,21.64779999293387,0.487900004372932,0.000200001522898674,22.1358999988297,30.01800000492949,0
440,d_validation_1920_1080_daylight_2,7.672899999306537,19.771600011154078,1.3168000004952773,0.2700999903026968,21.358500001952052,29.03140000125859,2
441,d_validation_1920_1080_daylight_2,8.717099990462884,23.526100005256012,0.49530000251252204,0.0008999923011288047,24.022300000069663,32.73939999053255,0
442,d_validation_1920_1080_daylight_2,7.193699988420121,23.7807000085013,1.3008999958401546,0.45029999455437064,25.531899998895824,32.725599987315945,4
443,d_validation_1920_1080_daylight_2,7.958100002724677,21.316600003046915,0.9042000019690022,0.16599999798927456,22.38680000300519,30.34490000572987,1
444,d_validation_1920_1080_daylight_2,8.80229999893345,21.151699998881668,0.9120999893639237,0.17040000238921493,22.234199990634806,31.036499989568256,1
445,d_validation_1920_1080_daylight_2,10.705900000175461,22.77099998900667,0.531300000147894,0.000600004568696022,23.30289999372326,34.00879999389872,0
446,d_validation_1920_1080_daylight_2,10.27800000156276,22.94929999334272,0.8209000079659745,0.19799999427050352,23.968199995579198,34.24619999714196,1
447,d_validation_1920_1080_daylight_2,10.656200000084937,22.350799990817904,0.8322000066982582,0.17980000120587647,23.36279999872204,34.018999998806976,1
448,d_validation_1920_1080_daylight_2,10.01709999400191,22.45130001392681,0.6504999910248443,0.000700005330145359,23.1025000102818,33.11960000428371,0
449,d_validation_1920_1080_daylight_2,8.74360000307206,20.656199994846247,0.8108000038191676,0.26879999495577067,21.735799993621185,30.479399996693246,2
450,d_validation_1920_1080_daylight_2,8.474000002024695,21.611700009088963,0.8718000026419759,0.33519999124109745,22.818700002972037,31.292700004996732,3
451,d_validation_1920_1080_daylight_2,8.99629999184981,22.632600012002513,1.3467999960994348,0.5631999956676736,24.54260000376962,33.53889999561943,6
452,d_validation_1920_1080_daylight_2,9.62219999928493,23.01449999504257,1.3540000072680414,0.30450000485870987,24.67300000716932,34.29520000645425,2
453,d_validation_1920_1080_daylight_2,9.712799990666099,22.91470000636764,1.520399993751198,0.33460000122431666,24.769700001343153,34.48249999200925,3
454,d_validation_1920_1080_daylight_2,10.286599994287826,22.032300010323524,0.9142999915638939,0.27630000840872526,23.222900010296144,33.50950000458397,2
455,d_validation_1920_1080_daylight_2,9.8118999885628,21.85950000421144,1.0898000036831945,0.934299998334609,23.883600006229244,33.695499994792044,12
456,d_validation_1920_1080_daylight_2,8.846099997754209,20.198400001390837,1.1221000022487715,0.5338000046322122,21.85430000827182,30.70040000602603,6
457,d_validation_1920_1080_daylight_2,9.170000004814938,22.045499994419515,1.2674000026891008,0.5530000053113326,23.86590000241995,33.035900007234886,6
458,d_validation_1920_1080_daylight_2,8.268300007330254,21.74169999489095,1.2134999997215346,0.476800007163547,23.432000001776032,31.700300009106286,5
459,d_validation_1920_1080_daylight_2,9.035700000822544,21.494900007382967,1.2072999961674213,0.4824999923584983,23.184699995908886,32.22039999673143,5
460,d_validation_1920_1080_daylight_2,8.541799994418398,21.566099996562116,1.7259000014746562,0.6846000032965094,23.97660000133328,32.51839999575168,8
461,d_validation_1920_1080_daylight_2,9.148600001935847,21.90389999304898,0.5957999965175986,0.0025000044843181968,22.502199994050898,31.650799995986745,0
462,d_validation_1920_1080_daylight_2,7.505999994464219,22.375600005034357,0.6986999942455441,0.000300002284348011,23.07460000156425,30.580599996028468,0
463,d_validation_1920_1080_daylight_2,9.033800000906922,22.009599997545592,1.1949000036111102,0.20080000103916973,23.405300002195872,32.439100003102794,1
464,d_validation_1920_1080_daylight_2,9.267099987482652,23.089900001650676,1.2396000092849135,0.27969999064225703,24.609200001577847,33.8762999890605,2
465,d_validation_1920_1080_daylight_2,10.092399999848567,22.82280000508763,1.4037999935681,0.5401999951573089,24.766799993813038,34.859199993661605,6
466,d_validation_1920_1080_daylight_2,9.667499994975515,23.113800009014085,1.4873999898554757,0.673100003041327,25.274300001910888,34.9417999968864,6
467,d_validation_1920_1080_daylight_2,9.812699994654395,23.327100003371015,1.661500005866401,0.941099991905503,25.92970000114292,35.742399995797314,10
468,d_validation_1920_1080_daylight_2,9.118800007854588,21.373099996708333,0.9949999948730692,0.002900007530115545,22.37099999911152,31.489800006966107,0
469,d_validation_1920_1080_daylight_2,10.00150000618305,20.42069999151863,1.0758999997051433,0.1829999964684248,21.6795999876922,31.68109999387525,1
470,d_validation_1920_1080_daylight_2,9.291399997891858,22.789600014220923,1.6468999965582043,0.5001999961677939,24.93670000694692,34.22810000483878,5
471,d_validation_1920_1080_daylight_2,10.073299999930896,23.25879999261815,1.9986999977845699,0.6057999999029562,25.863299990305677,35.93659999023657,7
472,d_validation_1920_1080_daylight_2,9.82240001030732,22.319799987599254,1.7125000013038516,0.18780000391416252,24.220099992817268,34.04250000312459,1
473,d_validation_1920_1080_daylight_2,8.999400000902824,21.969699999317527,1.0087999980896711,0.0007999915396794677,22.979299988946877,31.9786999898497,0
474,d_validation_1920_1080_daylight_2,9.131400001933798,22.591999993892387,0.9062000026460737,0.000400003045797348,23.498599999584258,32.630000001518056,0
475,d_validation_1920_1080_daylight_2,8.977400008006953,22.251299989875406,0.8796000038273633,0.000300002284348011,23.131199995987117,32.10860000399407,0
476,d_validation_1920_1080_daylight_2,9.08579998940695,21.79949999845121,1.1786000104621053,0.33850000181701034,23.316600010730326,32.40240000013728,3
477,d_validation_1920_1080_daylight_2,8.847999997669831,21.55750000383705,1.7487000004621223,0.5262999911792576,23.83249999547843,32.68049999314826,5
478,d_validation_1920_1080_daylight_2,9.688699996331707,20.816200005356222,1.331499996013008,0.47119999362621456,22.618899994995445,32.30759999132715,5
479,d_validation_1920_1080_daylight_2,9.044800011906773,21.701699995901436,1.8143999914173037,0.4211000050418079,23.937199992360547,32.98200000426732,4
480,d_validation_1920_1080_daylight_2,9.013200004119426,21.874800004297867,1.3079999916953966,0.17040000238921493,23.35319999838248,32.366400002501905,1
481,d_validation_1920_1080_daylight_2,8.538699999917299,21.919499995419756,1.0036000021500513,0.000800006091594696,22.9239000036614,31.4626000035787,0
482,d_validation_1920_1080_daylight_2,8.94809998862911,23.78770000359509,1.7878000071505085,0.21279999054968357,25.788300001295283,34.736399989924394,1
483,d_validation_1920_1080_daylight_2,8.888199998182245,19.90230000228621,1.2802999990526587,0.32899998768698424,21.511599989025854,30.399799987208098,3
484,d_validation_1920_1080_daylight_2,8.942799991928041,21.568900003330782,0.6567999953404069,0.001200009137392044,22.22690000780858,31.169699999736622,0
485,d_validation_1920_1080_daylight_2,7.315599999856204,18.508299996028654,0.6381000130204484,0.00029998773243278265,19.146699996781535,26.46229999663774,0
486,d_validation_1920_1080_daylight_2,7.190599993919022,19.56909999717027,0.6456999981310219,0.000300002284348011,20.21509999758564,27.40569999150466,0
487,d_validation_1920_1080_daylight_2,6.355799996526912,20.79200001026038,0.5433999904198572,0.000200001522898674,21.335600002203137,27.69139999873005,0
488,d_validation_1920_1080_daylight_2,7.594800001243129,23.68689999275375,0.7777000137139112,0.00019998697098344564,24.464799993438646,32.059599994681776,0
489,d_validation_1920_1080_daylight_2,9.025399995152839,20.81970000290312,1.1577999975997955,0.3588999970816076,22.33639999758452,31.36179999273736,3
490,d_validation_1920_1080_daylight_2,8.481199998641387,20.368800003780052,1.104399998439476,0.3983999922638759,21.871599994483404,30.35279999312479,2
491,d_validation_1920_1080_daylight_2,9.738299995660782,23.506500001531094,1.4885999989928678,0.218400004087016,25.213500004610978,34.95180000027176,1
492,d_validation_1920_1080_daylight_2,9.15789999999106,22.02210000541527,1.1078999959863722,0.45870000030845404,23.588700001710095,32.746600001701154,5
493,d_validation_1920_1080_daylight_2,8.619399988674559,21.311600008630194,1.7453999898862094,0.4870000120718032,23.544000010588206,32.163399999262765,5
494,d_validation_1920_1080_daylight_2,9.653899993281811,22.373999992851168,1.6604000120423734,0.5387999990489334,24.573200003942475,34.227099997224286,6
495,d_validation_1920_1080_daylight_2,10.625599999912083,22.233299998333678,1.9038000027649105,0.7219999970402569,24.859099998138845,35.48469999805093,6
496,d_validation_1920_1080_daylight_2,10.315100007574074,22.384500000043772,1.24379999761004,0.3929999948013574,24.02129999245517,34.33640000002924,4
497,d_validation_1920_1080_daylight_2,10.237300011795014,20.773499985807575,1.2344000133452937,0.5218999867793173,22.529799985932186,32.7670999977272,6
498,d_validation_1920_1080_daylight_2,10.69860000279732,21.711699999286793,1.7752999992808327,0.67559999297373,24.162599991541356,34.861199994338676,7
499,d_validation_1920_1080_daylight_2,10.966600006213412,22.136500003398396,1.6691999917384237,0.44850000995211303,24.254200005088933,35.220800011302345,3
500,d_validation_1920_1080_daylight_2,9.406999990460463,19.989499996881932,1.4179000136209652,0.18899999849963933,21.596400009002537,31.003399999463,1
501,d_validation_1920_1080_daylight_2,11.193199999979697,21.49150001059752,1.1985000019194558,0.417199989897199,23.107200002414174,34.30040000239387,4
502,d_validation_1920_1080_daylight_2,10.064899994176812,21.378499994170852,1.1996000102953985,0.48409998998977244,23.062199994456023,33.127099988632835,5
503,d_validation_1920_1080_daylight_2,10.144700005184859,22.941199989872985,1.6617000073892996,0.37739999243058264,24.980299989692867,35.124999994877726,3
504,d_validation_1920_1080_daylight_2,9.552399991662242,20.716900005936623,0.6864000024506822,0.0010999938240274787,21.404400002211332,30.956799993873574,0
505,d_validation_1920_1080_daylight_2,9.851700000581332,20.516699994914234,1.6722000000299886,0.4928999987896532,22.681799993733875,32.53349999431521,5
506,d_validation_1920_1080_daylight_2,10.276099987095222,21.255400002701208,1.8103000038536265,0.5033000052208081,23.569000011775643,33.845099998870865,5
507,d_validation_1920_1080_daylight_2,9.581699996488169,21.11940000031609,1.3191000034566969,0.39909999759402126,22.83760000136681,32.41929999785498,4
508,d_validation_1920_1080_daylight_2,9.775500002433546,20.048999998834915,1.2901000009151176,0.32750000536907464,21.666600005119108,31.442100007552654,4
509,d_validation_1920_1080_daylight_2,9.330900007626042,20.717499995953403,1.4036999928066507,0.41930000588763505,22.54049999464769,31.87140000227373,4
510,d_validation_1920_1080_daylight_2,9.84450000396464,21.031699987361208,1.8530000088503584,0.3654000029200688,23.250099999131635,33.094600003096275,3
511,d_validation_1920_1080_daylight_2,9.674799992353655,19.968100008554757,1.33050000295043,0.3311999898869544,21.62980000139214,31.304599993745796,3
512,d_validation_1920_1080_daylight_2,9.932300003129058,21.992099995259196,0.8882999973138794,0.001300009898841381,22.881700002471916,32.814000005600974,0
513,d_validation_1920_1080_daylight_2,9.757599997101352,22.12899998994544,1.7494000057922676,0.49330000183545053,24.37169999757316,34.12929999467451,5
514,d_validation_1920_1080_daylight_2,8.795000001555309,21.71609998913482,0.7415000000037253,0.0017999991541728377,22.459399988292716,31.254399989848025,0
515,d_validation_1920_1080_daylight_2,9.983500000089407,21.288599993567914,1.3181999966036528,0.27260000933893025,22.879399999510497,32.862899999599904,2
516,d_validation_1920_1080_daylight_2,9.657799993874505,21.855700004380196,1.2607999960891902,0.415000002249144,23.53150000271853,33.189299996593036,4
517,d_validation_1920_1080_daylight_2,8.19920000503771,22.497099998872727,1.2876999971922487,0.3335000074002892,24.118300003465265,32.317500008502975,3
518,d_validation_1920_1080_daylight_2,9.262500010663643,21.57519999309443,1.4391000004252419,0.7312999950954691,23.74559998861514,33.008099999278784,9
519,d_validation_1920_1080_daylight_2,9.065299993380904,21.387999993748963,2.0739000028697774,0.36190000537317246,23.823800001991913,32.88909999537282,3
520,d_validation_1920_1080_daylight_2,8.7169000034919,22.28159998776391,2.053400006843731,0.1841000048443675,24.51909999945201,33.23600000294391,1
521,d_validation_1920_1080_daylight_2,9.439700006623752,23.366299996268936,1.479099999414757,0.3357999958097935,25.181199991493486,34.62089999811724,3
522,d_validation_1920_1080_daylight_2,9.512099990388379,22.28790000663139,1.996599996346049,0.2082999999402091,24.492800002917647,34.004899993306026,1
523,d_validation_1920_1080_daylight_2,8.542600000509992,20.541099991532974,1.4283000055002049,0.265499998931773,22.234899995964952,30.777499996474944,2
524,d_validation_1920_1080_daylight_2,8.977799996500835,22.10840000770986,0.777699999161996,0.0012999953469261527,22.887400002218783,31.865199998719618,0
525,d_validation_1920_1080_daylight_2,8.082700005616061,23.336800004472025,1.9207000004826114,0.18699999782256782,25.444500002777204,33.527200008393265,1
526,d_validation_1920_1080_daylight_2,9.079399998881854,22.459100000560284,1.891000007162802,0.1860999909695238,24.53619999869261,33.61559999757446,1
527,d_validation_1920_1080_daylight_2,8.922399996663444,22.44119999522809,1.8399000109639019,0.28139998903498054,24.562499995226972,33.484899991890416,2
528,d_validation_1920_1080_daylight_2,8.947099995566532,22.692800004733726,1.3328000059118494,0.5277000018395483,24.553300012485124,33.500400008051656,6
529,d_validation_1920_1080_daylight_2,8.802399999694899,22.578900010557845,1.2913999962620437,0.39539999852422625,24.265700005344115,33.068100005039014,4
530,d_validation_1920_1080_daylight_2,9.081800002604723,22.591899993130937,1.6625000134808943,0.18649999401532114,24.440900000627153,33.522700003231876,1
531,d_validation_1920_1080_daylight_2,8.95920000039041,20.95819999522064,0.6315000064205378,0.0006999907782301307,21.590399992419407,30.549599992809817,0
532,d_validation_1920_1080_daylight_2,7.429500008584,21.869599993806332,0.6167000101413578,0.00019998697098344564,22.486499990918674,29.915999999502674,0
533,d_validation_1920_1080_daylight_2,7.5093000050401315,19.118099997285753,0.5953000072622672,0.000200001522898674,19.71360000607092,27.22290001111105,0
534,d_validation_1920_1080_daylight_2,8.086200003162958,18.6532000079751,1.0414999997010455,0.16759999562054873,19.862300003296696,27.948500006459653,1
535,d_validation_1920_1080_daylight_2,8.138599994708784,22.840999998152256,1.6124999965541065,0.5480000108946115,25.001500005600974,33.14010000030976,6
536,d_validation_1920_1080_daylight_2,8.166500003426336,20.874399997410364,1.4277000009315088,0.41259999852627516,22.71469999686815,30.881200000294484,4
537,d_validation_1920_1080_daylight_2,9.442999988095835,22.727400006260723,0.941999998758547,0.0016999983927235007,23.671100003411993,33.11409999150783,0
538,d_validation_1920_1080_daylight_2,9.314099996117875,21.391800008132122,1.0372999968240038,0.21179999748710543,22.64090000244323,31.954999998561107,1
539,d_validation_1920_1080_daylight_2,9.38000000314787,21.806000004289672,1.0709999914979562,0.45370000589173287,23.33070000167936,32.71070000482723,4
540,d_validation_1920_1080_daylight_2,8.481800003210083,21.94469999813009,0.5775000026915222,0.0014999968698248267,22.523699997691438,31.00550000090152,0
541,d_validation_1920_1080_daylight_2,7.781100008287467,23.70869999867864,1.4126000023679808,0.20689998927991837,25.32819999032654,33.109299998614006,1
542,d_validation_1920_1080_daylight_2,8.675300006871112,21.499199996469542,1.4328999968711287,0.18790000467561185,23.119999998016283,31.795300004887395,1
543,d_validation_1920_1080_daylight_2,9.402699986821972,22.093300009146333,0.7846999942557886,0.00100000761449337,22.879000011016615,32.28169999783859,0
544,d_validation_1920_1080_daylight_2,9.263500003726222,22.9438999958802,0.7506999972974882,0.000300002284348011,23.694899995462038,32.95839999918826,0
545,d_validation_1920_1080_daylight_2,8.198999988962896,21.49140000983607,0.9442000009585172,0.18479999562259763,22.620400006417185,30.81939999538008,1
546,d_validation_1920_1080_daylight_2,8.773900000960566,21.510799997486174,1.0144999978365377,0.40330000047106296,22.928599995793775,31.70249999675434,4
547,d_validation_1920_1080_daylight_2,8.53629999619443,22.427100004279055,0.8012000034796074,0.0014999968698248267,23.229800004628487,31.766100000822917,0
548,d_validation_1920_1080_daylight_2,8.599400011007674,19.92739998968318,1.2505000049714,0.19829999655485153,21.376199991209432,29.975600002217107,1
549,d_validation_1920_1080_daylight_2,8.46750001073815,21.433699992485344,0.47369999811053276,0.000800006091594696,21.908199996687472,30.37570000742562,0
550,d_validation_1920_1080_daylight_2,7.407900004182011,20.545599996694364,0.42529999336693436,0.000200001522898674,20.971099991584197,28.378999995766208,0
551,d_validation_1920_1080_daylight_2,7.163100002799183,19.8136999970302,0.39420000393874943,0.00019998697098344564,20.20809998793993,27.371199990739115,0
552,d_validation_1920_1080_daylight_2,7.031100001768209,21.044299995992333,0.39280000783037394,0.00019998697098344564,21.43729999079369,28.4683999925619,0
553,d_validation_1920_1080_daylight_2,7.1416999999200925,22.582299992791377,0.7041000062599778,0.17780000052880496,23.46419999958016,30.605899999500252,1
554,d_validation_1920_1080_daylight_2,7.767600007355213,22.17199999722652,1.0403999913251027,0.298400002066046,23.51079999061767,31.278399997972883,2
555,d_validation_1920_1080_daylight_2,8.372700001928024,21.063299995148554,0.8178999996744096,0.6061000021873042,22.48729999701027,30.859999998938292,6
556,d_validation_1920_1080_daylight_2,7.542799998191185,22.107600001618266,1.1625000042840838,0.265800001216121,23.53590000711847,31.078700005309656,2
557,d_validation_1920_1080_daylight_2,6.737200004863553,19.311500000185333,0.8273999992525205,0.2528000040911138,20.391700003528967,27.12890000839252,2
558,d_validation_1920_1080_daylight_2,7.8145000006770715,22.13389999815263,1.1418000067351386,0.1973999897018075,23.473099994589575,31.287599995266646,1
559,d_validation_1920_1080_daylight_2,7.377200003247708,20.41379999718629,0.6473000103142112,0.0007999915396794677,21.06189999904018,28.439100002287887,0
560,d_validation_1920_1080_daylight_2,7.396800006972626,22.751900003640912,0.5098999972688034,0.000200001522898674,23.262000002432615,30.65880000940524,0
561,d_validation_1920_1080_daylight_2,7.6243999938014895,20.485800007008947,0.9140000038314611,0.20739999308716506,21.607200003927574,29.231599997729063,1
562,d_validation_1920_1080_daylight_2,7.831099996110424,22.523000006913207,0.4895000020042062,0.0008999923011288047,23.013400001218542,30.844499997328967,0
563,d_validation_1920_1080_daylight_2,7.321700002648868,22.37089999835007,0.4810999962501228,0.000300002284348011,22.85229999688454,30.173999999533407,0
564,d_validation_1920_1080_daylight_2,7.408399993437342,21.21140000235755,0.6827000033808872,0.18540000019129366,22.07950000592973,29.487899999367073,1
565,d_validation_1920_1080_daylight_2,7.513200005632825,20.921099989209324,0.3612000000430271,0.000700005330145359,21.282999994582497,28.796200000215322,0
566,d_validation_1920_1080_daylight_2,6.500400006189011,20.52689999982249,0.38949999725446105,0.000400003045797348,20.91680000012275,27.41720000631176,0
567,d_validation_1920_1080_daylight_2,6.245500000659376,21.33750000211876,0.8246000070357695,0.2755999885266647,22.437699997681193,28.68319999834057,2
568,d_validation_1920_1080_daylight_2,7.4441000033402815,22.451799988630228,0.5059000104665756,0.0011999945854768157,22.95889999368228,30.40299999702256,0
569,d_validation_1920_1080_daylight_2,7.712599996011704,22.475500009022653,0.8069000032264739,0.2744999947026372,23.556900006951764,31.26950000296347,2
570,d_validation_1920_1080_daylight_2,7.497200000216253,19.20310000423342,0.3063000040128827,0.0006999907782301307,19.510099999024533,27.007299999240786,0
571,d_validation_1920_1080_daylight_2,6.975299998885021,23.80249999987427,0.3846000035991892,0.000300002284348011,24.18740000575781,31.16270000464283,0
572,d_validation_1920_1080_daylight_2,6.3563000003341585,23.545899995951913,0.3865000035148114,0.00029998773243278265,23.932699987199157,30.288999987533316,0
573,d_validation_1920_1080_daylight_2,6.310999990091659,22.53430000564549,0.37340000562835485,0.000300002284348011,22.908000013558194,29.219000003649853,0
574,d_validation_1920_1080_daylight_2,6.29530000151135,22.251000002142973,0.36210000689607114,0.00039998849388211966,22.613499997532926,28.908799999044277,0
575,d_validation_1920_1080_daylight_2,6.292500009294599,22.667199998977594,0.36269999691285193,0.000300002284348011,23.030199998174794,29.322700007469393,0
576,d_validation_1920_1080_daylight_2,6.211700005223975,21.314600002369843,0.27359998784959316,0.000300002284348011,21.588499992503785,27.80019999772776,0
577,d_validation_1920_1080_daylight_2,5.574299997533672,21.23500000743661,0.5791000003227964,0.0005999900167807937,21.814699997776188,27.38899999530986,0
578,d_validation_1920_1080_daylight_2,5.665200005751103,20.740699997986667,0.5927999882260337,0.20230001246090978,21.53579999867361,27.201000004424714,1
579,d_validation_1920_1080_daylight_2,6.662900006631389,22.449199997936375,0.3208999987691641,0.0010999938240274787,22.771199990529567,29.434099997160956,0
580,d_validation_1920_1080_daylight_2,7.004200000665151,23.151999994297512,0.3136000013910234,0.000200001522898674,23.465799997211434,30.469999997876585,0
581,d_validation_1920_1080_daylight_2,6.335900005069561,24.01300000201445,0.305499997921288,0.000200001522898674,24.318700001458637,30.6546000065282,0
582,d_validation_1920_1080_daylight_2,6.425300001865253,21.22330000565853,0.30810000316705555,0.00029998773243278265,21.531699996558018,27.95699999842327,0
583,d_validation_1920_1080_daylight_2,6.369299997459166,22.497400001157075,0.3077000001212582,0.000200001522898674,22.805300002801232,29.174600000260398,0
584,d_validation_1920_1080_daylight_2,6.212599997525103,19.48310001171194,0.30759999935980886,0.00029998773243278265,19.790999998804182,26.003599996329285,0
585,d_validation_1920_1080_daylight_2,6.205400000908412,20.097200002055615,0.2283000067109242,0.00029998773243278265,20.325799996498972,26.531199997407384,0
586,d_validation_1920_1080_daylight_2,5.670300000929274,20.121399997151457,0.28219999512657523,0.000300002284348011,20.40389999456238,26.074199995491654,0
587,d_validation_1920_1080_daylight_2,7.043000005069189,22.353199994540773,0.22259999241214246,0.000300002284348011,22.576099989237264,29.619099994306453,0
588,d_validation_1920_1080_daylight_2,7.9457999963779,22.042199998395517,0.4763000033563003,0.3463000030023977,22.864800004754215,30.810600001132116,3
589,d_validation_1920_1080_daylight_2,9.031199995661154,22.118099994258955,0.17150001076515764,0.0011999945854768157,22.29079999960959,31.321999995270744,0
590,d_validation_1920_1080_daylight_2,7.1375999978045,23.216000001411885,0.2060999977402389,0.000300002284348011,23.422400001436472,30.559999999240972,0
591,d_validation_1920_1080_daylight_2,7.699399997363798,21.081300001242198,0.47980000090319663,0.1900999923236668,21.75119999446906,29.45059999183286,1
592,d_validation_1920_1080_daylight_2,7.381500006886199,22.772800002712756,0.21189999824855477,0.000800006091594696,22.985500007052906,30.367000013939105,0
593,d_validation_1920_1080_daylight_2,7.592999987537041,23.663600004510954,0.20300000323913991,0.000300002284348011,23.866900010034442,31.459899997571483,0
594,d_validation_1920_1080_daylight_2,7.774400000926107,19.630099995993078,0.3555000002961606,0.27350000164005905,20.259099997929297,28.033499998855405,2
595,d_validation_1920_1080_daylight_2,7.469399992260151,21.372200004407205,0.2246999938506633,0.001300009898841381,21.59820000815671,29.06760000041686,0
596,d_validation_1920_1080_daylight_2,7.478499988792464,22.563700011232868,0.450999999884516,0.1858999894466251,23.20060000056401,30.679099989356473,1
597,d_validation_1920_1080_daylight_2,7.291299989446998,23.237100002006628,0.46130000555422157,0.20280000171624124,23.90120000927709,31.192499998724088,1
598,d_validation_1920_1080_daylight_2,7.133100007195026,23.37890000490006,0.2334000018890947,0.0007999915396794677,23.613099998328835,30.74620000552386,0
599,d_validation_1920_1080_daylight_2,7.488399991416372,22.240200007217936,0.2060999977402389,0.000300002284348011,22.446600007242523,29.934999998658895,0
600,d_validation_1920_1080_daylight_2,6.614300000364892,23.699700002907775,0.1742999884299934,0.000300002284348011,23.874299993622117,30.48859999398701,0
601,d_validation_1920_1080_daylight_2,5.9022000059485435,20.620199997210875,0.16560000949539244,0.00019998697098344564,20.78599999367725,26.688199999625795,0
602,d_validation_1920_1080_daylight_2,6.288300006417558,20.751299991388805,0.37900000461377203,0.5975999956717715,21.72789999167435,28.016199998091906,3
603,d_validation_1920_1080_daylight_2,6.6079000098397955,21.333199998480268,0.4298999992897734,0.46349999320227653,22.226599990972318,28.834500000812113,5
604,d_validation_1920_1080_daylight_2,6.867799995234236,22.215499993762933,0.7167000003391877,0.476800007163547,23.409000001265667,30.276799996499904,5
605,d_validation_1920_1080_daylight_2,7.012000001850538,21.801399998366833,0.3158999898005277,0.001500011421740055,22.1187999995891,29.13080000143964,0
606,d_validation_1920_1080_daylight_2,7.101799987140112,22.614200002863072,0.6354000070132315,0.1931000006152317,23.442700010491535,30.544499997631647,1
607,d_validation_1920_1080_daylight_2,7.283999992068857,22.80869999958668,0.2525000018067658,0.000700005330145359,23.06190000672359,30.345899998792447,0
608,d_validation_1920_1080_daylight_2,6.083000000216998,21.219300004304387,0.5169999931240454,0.27400000544730574,22.010300002875738,28.093300003092736,2
609,d_validation_1920_1080_daylight_2,7.0647999964421615,23.20270000200253,0.7335999980568886,0.2055000077234581,24.141800007782876,31.206600004225038,1
610,d_validation_1920_1080_daylight_2,7.311200010008179,21.43189999333117,0.5243000050541013,0.22339999850373715,22.17959999688901,29.49080000689719,2
611,d_validation_1920_1080_daylight_2,6.372500007273629,21.68599999276921,0.8299000037368387,0.272299992502667,22.788199989008717,29.160699996282347,2
612,d_validation_1920_1080_daylight_2,7.325300000957213,22.53690001089126,0.6423000013455749,0.2521999995224178,23.43140001175925,30.756700012716465,2
613,d_validation_1920_1080_daylight_2,7.04579999728594,19.711800006916746,0.611299998126924,0.2508000034140423,20.573900008457713,27.619700005743653,2
614,d_validation_1920_1080_daylight_2,7.112099992809817,19.08670000557322,0.62600000819657,0.2562999870860949,19.969000000855885,27.081099993665703,2
615,d_validation_1920_1080_daylight_2,7.035300004645251,20.262399993953295,0.6204000092111528,0.2494999935152009,21.13229999667965,28.1676000013249,2
616,d_validation_1920_1080_daylight_2,7.6609999960055575,22.228100002394058,0.6270000012591481,0.2558999985922128,23.11100000224542,30.771999998250976,2
617,d_validation_1920_1080_daylight_2,7.1262999990722165,20.62379999551922,0.6310000026132911,0.2533999941078946,21.508199992240407,28.634499991312623,2
618,d_validation_1920_1080_daylight_2,7.620899996254593,21.167200000490993,0.8157999982358888,0.29000001086387783,22.27300000959076,29.893900005845353,2
619,d_validation_1920_1080_daylight_2,7.350900006713346,20.333099993877113,0.8150999929057434,0.2632000105222687,21.411399997305125,28.76230000401847,2
620,d_validation_1920_1080_daylight_2,6.342699998640455,22.731400007614866,0.3394999948795885,0.00100000761449337,23.071900010108948,29.414600008749403,0
621,d_validation_1920_1080_daylight_2,6.199200011906214,21.566499999607913,0.5089999904157594,0.1782000035746023,22.253699993598275,28.45290000550449,1
622,d_validation_1920_1080_daylight_2,6.01230000029318,22.499700004118495,0.45179999142419547,0.001200009137392044,22.952700004680082,28.965000004973263,0
623,d_validation_1920_1080_daylight_2,6.129000001237728,22.641500007011928,0.7077999907778576,0.3488000074867159,23.6981000052765,29.82710000651423,3
624,d_validation_1920_1080_daylight_2,6.273099992540665,21.296600010828115,0.6198999908519909,0.4010999982710928,22.3175999999512,28.590699992491864,4
625,d_validation_1920_1080_daylight_2,6.222299998626113,20.327299993368797,0.6109000096330419,0.17050000315066427,21.108700006152503,27.331000004778616,1
626,d_validation_1920_1080_daylight_2,6.696999989799224,22.6805999991484,0.3947000077459961,0.000700005330145359,23.07600001222454,29.773000002023764,0
627,d_validation_1920_1080_daylight_2,6.7676000035135075,21.428000007290393,0.3947999939555302,0.000400003045797348,21.82320000429172,28.59080000780523,0
628,d_validation_1920_1080_daylight_2,6.71689999580849,21.19210000091698,0.7861000049160793,0.37179999344516546,22.349999999278225,29.066899995086715,3
629,d_validation_1920_1080_daylight_2,6.385600005160086,21.686899999622256,0.6239999929675832,0.3966000076616183,22.707500000251457,29.093100005411543,4
630,d_validation_1920_1080_daylight_2,6.318100000498816,22.553200004040264,0.4192000051261857,0.0013999961083754897,22.973800005274825,29.29190000577364,0
631,d_validation_1920_1080_daylight_2,5.644999997457489,20.774799995706417,0.3243000101065263,0.00019998697098344564,21.099299992783926,26.744299990241416,0
632,d_validation_1920_1080_daylight_2,5.5884000030346215,21.497699999599718,0.4411999980220571,0.000200001522898674,21.939099999144673,27.527500002179295,0
633,d_validation_1920_1080_daylight_2,5.968199999188073,20.285999999032356,0.8766999962972477,0.2685000072233379,21.43120000255294,27.399400001741014,2
634,d_validation_1920_1080_daylight_2,6.915400008438155,22.593300003791228,0.7005999941611663,0.538699998287484,23.83259999623988,30.748000004678033,6
635,d_validation_1920_1080_daylight_2,6.558900000527501,21.924899992882274,0.44350000098347664,0.0018999999156221747,22.370299993781373,28.929199994308874,0
636,d_validation_1920_1080_daylight_2,5.3441999916685745,22.911100008059293,0.8486000006087124,0.4084999964106828,24.16820000507869,29.512399996747263,4
637,d_validation_1920_1080_daylight_2,5.605500002275221,22.7288000023691,0.6850999925518408,0.34980000054929405,23.763699995470233,29.369199997745454,3
638,d_validation_1920_1080_daylight_2,5.1770999998552725,23.717799995210953,1.0654000070644543,0.33149999217130244,25.11469999444671,30.291799994301982,3
639,d_validation_1920_1080_daylight_2,5.581399993388914,20.322199998190627,0.7560000085504726,0.26729999808594584,21.345500004827045,26.92689999821596,3
640,d_validation_1920_1080_daylight_2,5.667500008712523,21.064299988211133,1.0328000062145293,0.6100000027799979,22.70709999720566,28.374600005918182,7
641,d_validation_1920_1080_daylight_2,6.486199999926612,21.28919999813661,0.7667000027140602,0.45769999269396067,22.51359999354463,28.999799993471242,5
642,d_validation_1920_1080_daylight_2,5.582600002526306,23.088900008588098,0.548800002434291,0.0018999999156221747,23.63960001093801,29.222200013464317,0
643,d_validation_1920_1080_daylight_2,6.150199988042004,22.225700013223104,0.5559999990509823,0.00039998849388211966,22.78210000076797,28.932299988809973,0
644,d_validation_1920_1080_daylight_2,6.234100001165643,21.77799999481067,0.9128999954555184,0.33680000342428684,23.027699993690476,29.26179999485612,2
645,d_validation_1920_1080_daylight_2,6.051200005458668,22.77289998892229,0.5725000082748011,0.0010999938240274787,23.34649999102112,29.397699996479787,0
646,d_validation_1920_1080_daylight_2,6.1806999874534085,23.746900013065897,0.5770999996457249,0.00029998773243278265,24.324300000444055,30.504999987897463,0
647,d_validation_1920_1080_daylight_2,6.154700007755309,23.983199993381277,0.5756000027759001,0.000400003045797348,24.559199999202974,30.713900006958283,0
648,d_validation_1920_1080_daylight_2,6.335500002023764,23.999600001843646,0.5794000026071444,0.00029998773243278265,24.579299992183223,30.914799994206987,0
649,d_validation_1920_1080_daylight_2,5.243499996140599,19.444699995801784,0.40669999725650996,0.000300002284348011,19.851699995342642,25.09519999148324,0
650,d_validation_1920_1080_daylight_2,5.026900005759671,21.48539999325294,1.0866000084206462,0.20300000323913991,22.775000004912727,27.801900010672398,1
651,d_validation_1920_1080_daylight_2,6.035600003087893,22.671799990348518,0.5726000090362504,0.0007999915396794677,23.245199990924448,29.28079999401234,0
652,d_validation_1920_1080_daylight_2,5.543700011912733,20.63349999662023,0.8099999977275729,0.35030000435654074,21.793799998704344,27.337500010617077,2
653,d_validation_1920_1080_daylight_2,5.191700009163469,22.517699995660223,1.1201000015717,0.19969999266322702,23.83749998989515,29.02919999905862,1
654,d_validation_1920_1080_daylight_2,5.597600000328384,22.937700006878003,0.5860999954165891,0.000700005330145359,23.524500007624738,29.122100007953122,0
655,d_validation_1920_1080_daylight_2,5.775199999334291,22.77299998968374,0.5634999979520217,0.000300002284348011,23.33679998992011,29.1119999892544,0
656,d_validation_1920_1080_daylight_2,5.850499990629032,23.58950000780169,1.0409999958937988,0.36970000655855983,25.000200010254048,30.85070000088308,3
657,d_validation_1920_1080_daylight_2,5.414400002337061,22.188599992659874,1.094500010367483,0.4067999980179593,23.689900001045316,29.104300003382377,4
658,d_validation_1920_1080_daylight_2,5.453800011309795,22.00309999170713,1.0304000024916604,0.35459999344311655,23.38809998764191,28.841899998951703,3
659,d_validation_1920_1080_daylight_2,5.306799997924827,21.915599994827062,0.9003000013763085,0.3445000038482249,23.160400000051595,28.467199997976422,3
660,d_validation_1920_1080_daylight_2,6.112099988968112,20.879800009424798,0.8686999935889617,0.34840000444091856,22.09690000745468,28.20899999642279,3
661,d_validation_1920_1080_daylight_2,6.08500000089407,23.122099999454804,0.9958000009646639,0.2775000029942021,24.39540000341367,30.48040000430774,2
662,d_validation_1920_1080_daylight_2,6.590500008314848,23.115299991331995,0.760499999159947,0.2722000062931329,24.147999996785074,30.738500005099922,2
663,d_validation_1920_1080_daylight_2,5.9769999934360385,21.909600007347763,0.40019999141804874,0.00100000761449337,22.310800006380305,28.287799999816343,0
664,d_validation_1920_1080_daylight_2,5.372200001147576,20.906199992168695,1.0590000019874424,0.2948000037577003,22.259999997913837,27.632199999061413,2
665,d_validation_1920_1080_daylight_2,6.441000004997477,22.9271999996854,0.5457999941427261,0.000900006853044033,23.47390000068117,29.914900005678646,0
666,d_validation_1920_1080_daylight_2,5.9111999871674925,21.51890000095591,0.49500000022817403,0.000400003045797348,22.01430000422988,27.925499991397373,0
667,d_validation_1920_1080_daylight_2,5.901700002141297,22.75609999196604,0.403900005039759,0.000300002284348011,23.160299999290146,29.062000001431443,0
668,d_validation_1920_1080_daylight_2,6.103699997765943,21.450799991725944,0.6304000125965104,0.17989998741541058,22.261099991737865,28.36479998950381,1
669,d_validation_1920_1080_daylight_2,6.518099995446391,22.756999998819083,0.6430000066757202,0.1756999990902841,23.575700004585087,30.09380000003148,1
670,d_validation_1920_1080_daylight_2,6.647200003499165,22.0705999963684,0.8832000021357089,0.27889999910257757,23.232699997606687,29.879900001105852,2
671,d_validation_1920_1080_daylight_2,6.650100011029281,21.051399991847575,0.40550000267103314,0.0011999945854768157,21.458099989104085,28.108200000133365,0
672,d_validation_1920_1080_daylight_2,5.216500008828007,20.45499999076128,0.38810000114608556,0.000400003045797348,20.843499994953163,26.06000000378117,0
673,d_validation_1920_1080_daylight_2,5.692599996109493,21.014500001911074,0.25469998945482075,0.000300002284348011,21.269499993650243,26.962099989759736,0
674,d_validation_1920_1080_daylight_2,5.298499992932193,22.43320000707172,0.7432999991578981,0.5966000026091933,23.77310000883881,29.071600001771003,5
675,d_validation_1920_1080_daylight_2,6.352399999741465,21.780900002340786,0.2837000065483153,0.0014999968698248267,22.066100005758926,28.41850000550039,0
676,d_validation_1920_1080_daylight_2,5.697100001270883,23.687400011112913,0.35549998574424535,0.000300002284348011,24.043199999141507,29.74030000041239,0
677,d_validation_1920_1080_daylight_2,5.347800004528835,22.357499998179264,0.7113000028766692,0.19589999283198267,23.264699993887916,28.61249999841675,1
678,d_validation_1920_1080_daylight_2,7.2859999927459285,22.660700007691048,0.3763999993680045,0.0006999907782301307,23.037799997837283,30.32379999058321,0
679,d_validation_1920_1080_daylight_2,6.310900003882125,22.120099994936027,0.27910000062547624,0.000400003045797348,22.3995999986073,28.710500002489425,0
680,d_validation_1920_1080_daylight_2,5.839899997226894,20.391700003528967,0.5422999965958297,0.1767999929143116,21.11079999303911,26.950699990266003,1
681,d_validation_1920_1080_daylight_2,6.997999997111037,22.629800005233847,0.7834999996703118,0.18740000086836517,23.600700005772524,30.59870000288356,1
682,d_validation_1920_1080_daylight_2,6.3621999870520085,22.235200012801215,0.29549999453593045,0.000700005330145359,22.53140001266729,28.8935999997193,0
683,d_validation_1920_1080_daylight_2,4.779899987624958,20.563800004310906,0.29170000925660133,0.00029998773243278265,20.85580000129994,25.635699988924898,0
684,d_validation_1920_1080_daylight_2,5.909900006372482,20.314599998528138,0.27350000164005905,0.000300002284348011,20.588400002452545,26.498300008825026,0
685,d_validation_1920_1080_daylight_2,4.933300006086938,23.834099993109703,0.3550000110408291,0.00039998849388211966,24.189499992644414,29.122799998731352,0
686,d_validation_1920_1080_daylight_2,5.5222999944817275,21.348199996282347,0.3564000071492046,0.000300002284348011,21.7049000057159,27.227200000197627,0
687,d_validation_1920_1080_daylight_2,5.632000000332482,22.40159999928437,0.3561999910743907,0.000300002284348011,22.75809999264311,28.390099992975593,0
688,d_validation_1920_1080_daylight_2,9.879600009298883,22.541899990756065,0.32080001255963,0.00029998773243278265,22.862999991048127,32.74260000034701,0
689,d_validation_1920_1080_daylight_2,9.323399994173087,22.366000004694797,0.7550000009359792,0.6195999885676429,23.74059999419842,33.063999988371506,7
690,d_validation_1920_1080_daylight_2,9.50090000696946,22.613599998294376,0.8612999954493716,0.41790000977925956,23.892800003523007,33.393700010492466,4
691,d_validation_1920_1080_daylight_2,8.693900002981536,22.052000000257976,0.6243999960133806,0.3269000008003786,23.003299997071736,31.69720000005327,3
692,d_validation_1920_1080_daylight_2,8.455799994408153,20.346499994047917,0.39200000173877925,0.001400010660290718,20.739900006446987,29.19570000085514,0
693,d_validation_1920_1080_daylight_2,7.763999994494952,21.23060000303667,0.40639999497216195,0.000300002284348011,21.63730000029318,29.401299994788133,0
694,d_validation_1920_1080_daylight_2,8.757600007811561,23.947499998030253,0.8284000068670139,0.6166999955894426,25.39260000048671,34.15020000829827,6
695,d_validation_1920_1080_daylight_2,8.965700006228872,20.743499990203418,0.7252000068547204,0.5458999949041754,22.014599991962314,30.980299998191185,6
696,d_validation_1920_1080_daylight_2,8.8986000046134,22.30539999436587,1.1144000018248335,0.5384000105550513,23.958200006745756,32.856800011359155,6
697,d_validation_1920_1080_daylight_2,8.405400003539398,20.209099995554425,0.8270000107586384,0.4239999980200082,21.46010000433307,29.86550000787247,3
698,d_validation_1920_1080_daylight_2,7.766399998217821,21.858000007341616,0.5402999959187582,0.0012999953469261527,22.3995999986073,30.16599999682512,0
699,d_validation_1920_1080_daylight_2,9.313699993072078,21.726699997088872,0.7449000113410875,0.2060999977402389,22.6777000061702,31.991399999242276,1
700,d_validation_1920_1080_daylight_2,9.783500005141832,20.93779999995604,0.8155999967129901,0.6434999959310517,22.396899992600083,32.180399997741915,4
701,d_validation_1920_1080_daylight_2,8.59120000677649,19.271500001195818,0.8003999973880127,0.15419999544974416,20.226099994033575,28.817300000810064,1
702,d_validation_1920_1080_daylight_2,9.370100000523962,20.38679999532178,0.8019000088097528,0.25779999850783497,21.446500002639368,30.81660000316333,2
703,d_validation_1920_1080_daylight_2,9.722200004034676,21.17269999871496,1.219199999468401,0.34020000020973384,22.732099998393096,32.45430000242777,3
704,d_validation_1920_1080_daylight_2,8.650000003399327,22.51159999286756,0.43960000039078295,0.0012999953469261527,22.95249998860527,31.602499992004596,0
705,d_validation_1920_1080_daylight_2,7.637300004716963,22.660699993139133,0.444200006313622,0.000300002284348011,23.105200001737103,30.742500006454065,0
706,d_validation_1920_1080_daylight_2,7.643799996003509,20.32860000326764,0.4025999951409176,0.000300002284348011,20.731500000692904,28.375299996696413,0
707,d_validation_1920_1080_daylight_2,8.882800000719726,22.39539999573026,0.7351000094786286,0.00039998849388211966,23.13089999370277,32.013699994422495,0
708,d_validation_1920_1080_daylight_2,8.501200005412102,19.305599998915568,0.8035000064410269,0.337799996486865,20.44690000184346,28.94810000725556,3
709,d_validation_1920_1080_daylight_2,8.356599995750003,20.35500000056345,0.5023999983677641,0.001300009898841381,20.858700008830056,29.215300004580058,0
710,d_validation_1920_1080_daylight_2,8.589300006860867,19.620499995653518,0.42830000165849924,0.000300002284348011,20.049099999596365,28.638400006457232,0
711,d_validation_1920_1080_daylight_2,8.8473000068916,21.26029999635648,0.42460000258870423,0.000400003045797348,21.68530000199098,30.532600008882582,0
712,d_validation_1920_1080_daylight_2,7.5117999949725345,23.867600000812672,0.5671999970218167,0.000200001522898674,24.434999999357387,31.946799994329922,0
713,d_validation_1920_1080_daylight_2,8.965000000898726,20.670199999585748,0.7572999893454835,0.17800000205170363,21.605499990982935,30.57049999188166,1
714,d_validation_1920_1080_daylight_2,5.428099990240298,21.84460000717081,0.7920999923953786,0.2649000089149922,22.901600008481182,28.32969999872148,2
715,d_validation_1920_1080_daylight_2,5.633599997963756,23.08729999640491,0.5839000077685341,0.0010999938240274787,23.67229999799747,29.305899995961227,0
716,d_validation_1920_1080_daylight_2,5.610199994407594,23.908400005893782,0.5896999937249348,0.000400003045797348,24.498500002664514,30.108699997072108,0
717,d_validation_1920_1080_daylight_2,5.782700012787245,23.78439999301918,0.5836000054841861,0.000300002284348011,24.368300000787713,30.151000013574958,0
718,d_validation_1920_1080_daylight_2,5.5847000039648265,20.641399998567067,0.44469999556895345,0.000300002284348011,21.08639999642037,26.671100000385195,0
719,d_validation_1920_1080_daylight_2,5.018299998482689,21.48700000543613,1.1861999955726787,0.31209998996928334,22.985299990978092,28.00359998946078,2
720,d_validation_1920_1080_daylight_2,5.8532999973976985,19.521199996233918,0.8168000058503821,0.17189999925903976,20.50990000134334,26.363199998741038,1
721,d_validation_1920_1080_daylight_2,5.975499996566214,22.37200000672601,0.46499999007210135,0.000700005330145359,22.83770000212826,28.813199998694472,0
722,d_validation_1920_1080_daylight_2,4.815399996004999,22.51809999870602,0.5420000088633969,0.000400003045797348,23.060500010615215,27.875900006620213,0
723,d_validation_1920_1080_daylight_2,5.666500001098029,21.005100003094412,0.3606999962357804,0.000300002284348011,21.36610000161454,27.03260000271257,0
724,d_validation_1920_1080_daylight_2,4.815499996766448,20.392499995068647,0.35519999801181257,0.000200001522898674,20.747899994603358,25.563399991369806,0
725,d_validation_1920_1080_daylight_2,5.076499990536831,22.419600005378015,0.6573999999091029,0.18849999469239265,23.26549999997951,28.341999990516342,1
726,d_validation_1920_1080_daylight_2,5.088300007628277,21.2281999993138,0.32809999538585544,0.000800006091594696,21.55710000079125,26.64540000841953,0
727,d_validation_1920_1080_daylight_2,4.883800007519312,20.89489999343641,0.294400000711903,0.000200001522898674,21.189499995671213,26.073300003190525,0
728,d_validation_1920_1080_daylight_2,4.895500009297393,19.67109998804517,0.26500000967644155,0.000200001522898674,19.93629999924451,24.831800008541904,0
729,d_validation_1920_1080_daylight_2,5.221300001721829,23.457799994503148,0.6101000035414472,0.19079999765381217,24.258699995698407,29.479999997420236,1
730,d_validation_1920_1080_daylight_2,5.650399994920008,20.867100000032224,0.5301000055624172,0.16969999705906957,21.56690000265371,27.21729999757372,1
731,d_validation_1920_1080_daylight_2,6.997400007094257,22.21840000129305,0.3387999895494431,0.000900006853044033,22.558099997695535,29.555500004789792,0
732,d_validation_1920_1080_daylight_2,6.548500008648261,22.633899992797524,0.3097000007983297,0.000300002284348011,22.9438999958802,29.492400004528463,0
733,d_validation_1920_1080_daylight_2,6.992000009631738,19.595399993704632,0.2845999988494441,0.000300002284348011,19.880299994838424,26.872300004470162,0
734,d_validation_1920_1080_daylight_2,6.803999989642762,22.30270000291057,0.25630000163801014,0.000300002284348011,22.559300006832927,29.36329999647569,0
735,d_validation_1920_1080_daylight_2,7.01320001098793,23.182699995231815,0.3149999974993989,0.000400003045797348,23.49809999577701,30.51130000676494,0
736,d_validation_1920_1080_daylight_2,7.148000004235655,22.341099989716895,0.46370000927709043,0.19379999139346182,22.998599990387447,30.146599994623102,1
737,d_validation_1920_1080_daylight_2,7.119600006262772,22.43799999996554,0.47959999938029796,0.18370000179857016,23.10130000114441,30.22090000740718,1
738,d_validation_1920_1080_daylight_2,7.1266000013565645,22.243200000957586,0.5267000087769702,0.1863999932538718,22.956300002988428,30.082900004344992,1
739,d_validation_1920_1080_daylight_2,7.4078000034205616,21.063199994387105,0.43250000453554094,0.2514999941922724,21.74719999311492,29.15499999653548,2
740,d_validation_1920_1080_daylight_2,7.350500003667548,22.769699993659742,0.3338000096846372,0.0009999930625781417,23.104499996406958,30.455000000074506,0
741,d_validation_1920_1080_daylight_2,7.24869999976363,23.48419999179896,0.49700000090524554,0.18810000619851053,24.169299998902716,31.417999998666346,1
742,d_validation_1920_1080_daylight_2,7.660400005988777,20.85790000273846,0.41599999531172216,0.1790999958757311,21.452999993925914,29.11339999991469,1
743,d_validation_1920_1080_daylight_2,7.95319999451749,20.472300006076694,0.5605999904219061,0.3495999990263954,21.382499995524995,29.335699990042485,3
744,d_validation_1920_1080_daylight_2,8.205399994039908,20.95499999995809,0.5192000098759308,0.2595999976620078,21.73380000749603,29.939200001535937,2
745,d_validation_1920_1080_daylight_2,7.344199999351986,21.336099991458468,0.5183000030228868,0.2606000052765012,22.114999999757856,29.459199999109842,2
746,d_validation_1920_1080_daylight_2,6.5781000012066215,20.103299990296364,0.27430000773165375,0.0009999930625781417,20.378599991090596,26.956699992297217,0
747,d_validation_1920_1080_daylight_2,6.323199995676987,18.380299996351823,0.7353999972110614,0.549700009287335,19.66540000285022,25.988599998527206,3
748,d_validation_1920_1080_daylight_2,6.852800011984073,20.206999994115904,0.5270999972708523,0.4732000088552013,21.207300000241958,28.06010001222603,5
749,d_validation_1920_1080_daylight_2,7.60660000378266,19.077299992204644,0.6835000094724819,0.5031000036979094,20.263900005375035,27.870500009157695,5
750,d_validation_1920_1080_daylight_2,7.639899995410815,21.938999998383224,0.9137000015471131,0.5576999974437058,23.410399997374043,31.050299992784858,6
751,d_validation_1920_1080_daylight_2,7.553400006145239,20.687899988843128,0.6206000107340515,0.44219999108463526,21.750699990661815,29.304099996807054,4
752,d_validation_1920_1080_daylight_2,7.416599997668527,20.391800004290417,0.48859999515116215,0.2682000049389899,21.14860000438057,28.565200002049096,2
753,d_validation_1920_1080_daylight_2,6.924400004209019,22.145099996123463,0.24619999749120325,0.0009999930625781417,22.392299986677244,29.316699990886264,0
754,d_validation_1920_1080_daylight_2,5.7403999962843955,21.42009999079164,0.5135000101290643,0.33070000063162297,22.26430000155233,28.004699997836724,3
755,d_validation_1920_1080_daylight_2,6.2716999964322895,21.789299993542954,0.27129999944008887,0.001300009898841381,22.061900002881885,28.333599999314174,0
756,d_validation_1920_1080_daylight_2,5.920800002058968,20.405299990670756,0.26620000426191837,0.000300002284348011,20.671799997217022,26.59259999927599,0
757,d_validation_1920_1080_daylight_2,6.1553999985335395,18.491099996026605,0.261799999861978,0.000300002284348011,18.75319999817293,24.90859999670647,0
758,d_validation_1920_1080_daylight_2,5.711500009056181,22.78059998934623,0.25960001221392304,0.00029998773243278265,23.040499989292584,28.751999998348765,0
759,d_validation_1920_1080_daylight_2,5.546500004129484,20.639299997128546,0.5207000067457557,0.1816000003600493,21.34160000423435,26.888100008363836,1
760,d_validation_1920_1080_daylight_2,6.335700003546663,21.185000005061738,0.5987999902572483,0.5106000025989488,22.294399997917935,28.630100001464598,4
761,d_validation_1920_1080_daylight_2,6.431400004657917,21.21659999829717,0.2874000056181103,0.0013999961083754897,21.505400000023656,27.936800004681572,0
762,d_validation_1920_1080_daylight_2,6.284500006586313,21.41719999781344,0.3730000025825575,0.00039998849388211966,21.79059998888988,28.075099995476194,0
763,d_validation_1920_1080_daylight_2,6.382499996107072,21.306499998900108,0.3809000045293942,0.000300002284348011,21.68770000571385,28.070200001820922,0
764,d_validation_1920_1080_daylight_2,6.475600006524473,24.05449999787379,0.3769000031752512,0.000200001522898674,24.43160000257194,30.907200009096414,0
765,d_validation_1920_1080_daylight_2,6.459299998823553,20.590400003129616,0.2808999997796491,0.000300002284348011,20.871600005193613,27.330900004017167,0
766,d_validation_1920_1080_daylight_2,5.720900007872842,20.53179999347776,0.2896000078180805,0.000300002284348011,20.82170000358019,26.542600011453032,0
767,d_validation_1920_1080_daylight_2,5.698499997379258,19.42579999740701,0.5429000011645257,0.17810000281315297,20.14680000138469,25.84529999876395,1
768,d_validation_1920_1080_daylight_2,6.604199996218085,21.87910000793636,0.5273999995552003,0.17439998919144273,22.580899996683,29.185099992901087,1
769,d_validation_1920_1080_daylight_2,6.56580000941176,20.161199994618073,0.5800000071758404,0.17439998919144273,20.915599990985356,27.481400000397116,1
770,d_validation_1920_1080_daylight_2,6.509999991976656,20.965300005627796,0.5084000003989786,0.1652999926591292,21.638999998685904,28.14899999066256,1
771,d_validation_1920_1080_daylight_2,6.456999995862134,21.84319999651052,0.4850999976042658,0.20059999951627105,22.528899993631057,28.98589998949319,1
772,d_validation_1920_1080_daylight_2,6.240500006242655,21.60079999885056,0.37959999463055283,0.000900006853044033,21.98130000033416,28.221800006576814,0
773,d_validation_1920_1080_daylight_2,5.490700001246296,19.430699991062284,0.2545000024838373,0.000200001522898674,19.68539999506902,25.176099996315315,0
774,d_validation_1920_1080_daylight_2,6.356199999572709,19.676600000821054,0.25469998945482075,0.000300002284348011,19.931599992560223,26.287799992132932,0
775,d_validation_1920_1080_daylight_2,5.371699997340329,23.14920000208076,0.31450000824406743,0.000200001522898674,23.463900011847727,28.835600009188056,0
776,d_validation_1920_1080_daylight_2,6.680999998934567,22.98620001238305,0.5569999921135604,0.5440999957500026,24.087300000246614,30.76829999918118,6
777,d_validation_1920_1080_daylight_2,6.554399995366111,19.736899994313717,0.38910000876057893,0.0023000029614195228,20.128300006035715,26.682700001401827,0
778,d_validation_1920_1080_daylight_2,6.120299993199296,20.441000000573695,0.2860000095097348,0.000200001522898674,20.727200011606328,26.847500004805624,0
779,d_validation_1920_1080_daylight_2,6.311000004643574,18.556600000010803,0.2530000056140125,0.000200001522898674,18.809800007147714,25.12080001179129,0
780,d_validation_1920_1080_daylight_2,6.035999991581775,21.91389999643434,0.6736000068485737,0.27289999707136303,22.860400000354275,28.89639999193605,2
781,d_validation_1920_1080_daylight_2,6.903300003614277,20.39639999566134,0.443600001744926,0.000900006853044033,20.84090000425931,27.744200007873587,0
782,d_validation_1920_1080_daylight_2,6.640000006882474,21.832799990079366,0.26130001060664654,0.00019998697098344564,22.094299987656996,28.73429999453947,0
783,d_validation_1920_1080_daylight_2,6.372999996528961,21.545800002058968,0.43700000969693065,0.18549998640082777,22.168299998156726,28.541299994685687,1
784,d_validation_1920_1080_daylight_2,6.264200012083165,21.80180000141263,0.34699999378062785,0.000800006091594696,22.149600001284853,28.413800013368018,0
785,d_validation_1920_1080_daylight_2,6.329200012260117,23.676899989368394,0.5737000028602779,0.2938999969046563,24.544499989133328,30.873700001393445,2
786,d_validation_1920_1080_daylight_2,6.132700000307523,23.27210000657942,0.26899999647866935,0.0008999923011288047,23.54199999535922,29.674699995666742,0
787,d_validation_1920_1080_daylight_2,6.604599999263883,22.078800000599585,0.26610000350046903,0.000300002284348011,22.345200006384403,28.949800005648285,0
788,d_validation_1920_1080_daylight_2,6.570199999259785,21.762399992439896,0.20730000687763095,0.000200001522898674,21.969900000840425,28.54010000010021,0
789,d_validation_1920_1080_daylight_2,5.626600002869964,20.55849999305792,0.5873000045539811,0.2125000028172508,21.358300000429153,26.984900003299117,1
790,d_validation_1920_1080_daylight_2,6.4867000037338585,23.10590000706725,0.3333999920869246,0.000700005330145359,23.440000004484318,29.926700008218177,0
791,d_validation_1920_1080_daylight_2,6.623599998420104,21.225100004812703,0.21240000205580145,0.000300002284348011,21.437800009152852,28.061400007572956,0
792,d_validation_1920_1080_daylight_2,6.348100010654889,20.4743999929633,0.19020000763703138,0.00029998773243278265,20.664899988332763,27.012999998987652,0
793,d_validation_1920_1080_daylight_2,5.626599988318048,20.71930000965949,0.18399998953100294,0.000300002284348011,20.903600001474842,26.53019998979289,0
794,d_validation_1920_1080_daylight_2,5.384699994465336,21.15800000319723,0.18820000695995986,0.000300002284348011,21.34650001244154,26.731200006906874,0
795,d_validation_1920_1080_daylight_2,5.863300000783056,22.47009999700822,0.18149999959859997,0.000400003045797348,22.651999999652617,28.515300000435673,0
796,d_validation_1920_1080_daylight_2,5.9261999995214865,20.472899996093474,0.41510000301059335,0.33910000638570637,21.227100005489774,27.15330000501126,3
797,d_validation_1920_1080_daylight_2,7.223299995530397,22.16029999544844,0.5519999976968393,0.2668000088306144,22.979100001975894,30.20239999750629,2
798,d_validation_1920_1080_daylight_2,7.353599998168647,20.803499995963648,0.5748000112362206,0.388299988117069,21.766599995316938,29.120199993485585,4
799,d_validation_1920_1080_daylight_2,7.306900006369688,22.803499989095144,0.8352000004379079,0.40099999750964344,24.039699987042695,31.346599993412383,4
800,d_validation_1920_1080_daylight_2,7.002400001510978,20.0771999952849,0.6409000052371994,0.3904000041075051,21.108500004629605,28.110900006140582,4
801,d_validation_1920_1080_daylight_2,7.359000010183081,21.695199990062974,0.6493000109912828,0.7424999930663034,23.08699999412056,30.44600000430364,4
802,d_validation_1920_1080_daylight_2,7.090200000675395,22.04679998976644,0.6118000019341707,0.18519999866839498,22.843799990369007,29.933999991044402,1
803,d_validation_1920_1080_daylight_2,6.701500009512529,21.45159999781754,0.5132999940542504,0.3046000056201592,22.26949999749195,28.971000007004477,2
804,d_validation_1920_1080_daylight_2,6.911600008606911,21.547199998167343,0.3139999898849055,0.001400010660290718,21.86259999871254,28.77420000731945,0
805,d_validation_1920_1080_daylight_2,5.949800004600547,22.555499992449768,0.6979000027058646,0.34130000858567655,23.59470000374131,29.544500008341856,3
806,d_validation_1920_1080_daylight_2,6.704799990984611,22.621600001002662,0.3583000070648268,0.0012999953469261527,22.981200003414415,29.685999994399026,0
807,d_validation_1920_1080_daylight_2,6.519700007629581,19.756900001084432,0.2693999995244667,0.000300002284348011,20.026600002893247,26.546300010522828,0
808,d_validation_1920_1080_daylight_2,6.716599993524142,23.86260000639595,0.3664999967440963,0.000400003045797348,24.229500006185845,30.946099999709986,0
809,d_validation_1920_1080_daylight_2,6.124399995314889,21.856899998965673,0.30529999639838934,0.000200001522898674,22.16239999688696,28.28679999220185,0
810,d_validation_1920_1080_daylight_2,6.756599992513657,22.53680001012981,0.22760000138077885,0.000200001522898674,22.764600013033487,29.521200005547144,0
811,d_validation_1920_1080_daylight_2,5.7890000025508925,20.109100005356595,0.29909999284427613,0.000300002284348011,20.40850000048522,26.19750000303611,0
812,d_validation_1920_1080_daylight_2,5.89830000535585,21.15679999405984,0.21680000645574182,0.000200001522898674,21.37380000203848,27.27210000739433,0
813,d_validation_1920_1080_daylight_2,5.371899998863228,21.918700003880076,0.4327000060584396,0.1829999964684248,22.53440000640694,27.906300005270168,1
814,d_validation_1920_1080_daylight_2,6.374900010996498,21.55349998793099,0.22440000611823052,0.000800006091594696,21.778700000140816,28.153600011137314,0
815,d_validation_1920_1080_daylight_2,5.979199995636009,19.615900004282594,0.22339999850373715,0.000300002284348011,19.83960000507068,25.818800000706688,0
816,d_validation_1920_1080_daylight_2,5.474199992022477,21.502800009329803,0.5931999912718311,0.292200013063848,22.388200013665482,27.86240000568796,2
817,d_validation_1920_1080_daylight_2,6.117800003266893,23.18949998880271,0.2170000079786405,0.0009999930625781417,23.407499989843927,29.52529999311082,0
818,d_validation_1920_1080_daylight_2,5.336999995051883,23.13680000952445,0.27979999140370637,0.000300002284348011,23.416900003212504,28.753899998264387,0
819,d_validation_1920_1080_daylight_2,6.069900002330542,20.80969999951776,0.5112000071676448,0.385499995900318,21.706400002585724,27.776300004916266,3
820,d_validation_1920_1080_daylight_2,5.074300002888776,21.37580000271555,0.3077000001212582,0.0012999953469261527,21.684799998183735,26.75910000107251,0
821,d_validation_1920_1080_daylight_2,5.753499994170852,18.560600001364946,0.4484999954001978,0.1638000103412196,19.172900007106364,24.926400001277216,1
822,d_validation_1920_1080_daylight_2,5.57680000201799,20.253800001228228,0.23409999266732484,0.000700005330145359,20.4885999992257,26.065400001243688,0
823,d_validation_1920_1080_daylight_2,5.251399998087436,20.481900006416254,0.31099999614525586,0.000300002284348011,20.793200004845858,26.044600002933294,0
824,d_validation_1920_1080_daylight_2,6.185099991853349,20.366500000818633,0.4859000036958605,0.26149999757763,21.113900002092123,27.298999993945472,2
825,d_validation_1920_1080_daylight_2,6.217799993464723,19.751700005144812,0.3311999898869544,0.000900006853044033,20.08380000188481,26.301599995349534,0
826,d_validation_1920_1080_daylight_2,5.869899992831051,20.405900009791367,0.2553999947849661,0.000200001522898674,20.66150000609923,26.531399998930283,0
827,d_validation_1920_1080_daylight_2,5.283999998937361,21.944399995845743,0.3324999997857958,0.000200001522898674,22.277099997154437,27.561099996091798,0
828,d_validation_1920_1080_daylight_2,6.661699997493997,22.62730000074953,0.6353000062517822,0.2815000043483451,23.544100011349656,30.205800008843653,2
829,d_validation_1920_1080_daylight_2,7.07910000346601,21.81360000395216,0.23639999562874436,0.000800006091594696,22.0508000056725,29.12990000913851,0
830,d_validation_1920_1080_daylight_2,5.9083999949507415,21.10480000555981,0.23099999816622585,0.000300002284348011,21.336100006010383,27.244500000961125,0
831,d_validation_1920_1080_daylight_2,5.680399990524165,23.577900006785057,0.30699999479111284,0.000300002284348011,23.88520000386052,29.565599994384684,0
832,d_validation_1920_1080_daylight_2,7.019600001513027,23.74930000223685,0.3119000029982999,0.00039998849388211966,24.061599993729033,31.08119999524206,0
833,d_validation_1920_1080_daylight_2,6.6873000032501295,20.926500001223758,0.21019999985583127,0.000300002284348011,21.137000003363937,27.824300006614067,0
834,d_validation_1920_1080_daylight_2,4.827199998544529,22.197800004505552,0.25919999461621046,0.000300002284348011,22.45730000140611,27.28449999995064,0
835,d_validation_1920_1080_daylight_2,5.478000006405637,23.646099987672642,0.24140000459738076,0.000500003807246685,23.88799999607727,29.366000002482906,0
836,d_validation_1920_1080_daylight_2,5.19969999731984,20.956799999112263,0.18869999621529132,0.000200001522898674,21.145699996850453,26.345399994170293,0
837,d_validation_1920_1080_daylight_2,4.919099999824539,23.34539999719709,0.21269998978823423,0.000300002284348011,23.558399989269674,28.477499989094213,0
838,d_validation_1920_1080_daylight_2,5.5672000016784295,21.93829999305308,0.16650000179652125,0.000300002284348011,22.105099997133948,27.672299998812377,0
839,d_validation_1920_1080_daylight_2,6.006100011290982,20.999899992602877,0.2108000044245273,0.000300002284348011,21.210999999311753,27.217100010602735,0
840,d_validation_1920_1080_daylight_2,5.678799992892891,21.26720000524074,0.17919999663718045,0.000400003045797348,21.446800004923716,27.125599997816607,0
841,d_validation_1920_1080_daylight_2,5.042400007368997,20.478299993555993,0.17470000602770597,0.000200001522898674,20.653200001106597,25.695600008475594,0
842,d_validation_1920_1080_daylight_2,4.814599989913404,19.55660000385251,0.16969999705906957,0.000300002284348011,19.726600003195927,24.54119999310933,0
843,d_validation_1920_1080_daylight_2,4.717200004961342,20.403700007591397,0.3806999884545803,0.2834000042639673,21.067800000309944,25.785000005271286,3
844,d_validation_1920_1080_daylight_2,6.018600004608743,20.989500000723638,0.5176999984541908,0.32029999420046806,21.827499993378296,27.84609999798704,3
845,d_validation_1920_1080_daylight_2,5.482300010044128,21.575799997663125,0.5151999939698726,0.397100011468865,22.488100003101863,27.97040001314599,4
846,d_validation_1920_1080_daylight_2,5.503099993802607,21.909200004301965,0.5354000022634864,0.33660000190138817,22.78120000846684,28.284300002269447,3
847,d_validation_1920_1080_daylight_2,5.484799999976531,21.929899987298995,0.5226000066613778,0.4862000059802085,22.93869999994058,28.423499999917112,4
848,d_validation_1920_1080_daylight_2,5.1451000035740435,21.79819998855237,0.6799000111641362,0.38189999759197235,22.859999997308478,28.00510000088252,4
849,d_validation_1920_1080_daylight_2,6.411399997887202,22.906600002897903,0.2351000002818182,0.0014999968698248267,23.143200000049546,29.554599997936748,0
850,d_validation_1920_1080_daylight_2,6.846600008429959,23.34790000168141,0.4549000004772097,0.18939998699352145,23.99219998915214,30.8387999975821,1
851,d_validation_1920_1080_daylight_2,6.344699999317527,20.98699999623932,0.4037000035168603,0.3294999914942309,21.72019999125041,28.064899990567937,3
852,d_validation_1920_1080_daylight_2,5.361000003176741,21.801799986860715,0.47900000936351717,0.3926999925170094,22.67349998874124,28.034499991917983,4
853,d_validation_1920_1080_daylight_2,4.861900000832975,21.321400010492653,0.5731999990530312,0.4079999926034361,22.30260000214912,27.164500002982095,4
854,d_validation_1920_1080_daylight_2,6.602099994779564,20.37729999574367,0.5748000112362206,0.38479999057017267,21.336899997550063,27.938999992329627,3
855,d_validation_1920_1080_daylight_2,6.083000000216998,21.79210000031162,0.2894999925047159,0.001300009898841381,22.082900002715178,28.165900002932176,0
856,d_validation_1920_1080_daylight_2,5.954500011284836,20.637899986468256,0.20810001296922565,0.00039998849388211966,20.846399987931363,26.8008999992162,0
857,d_validation_1920_1080_daylight_2,4.696199990576133,21.594000005279668,0.2128999913111329,0.000200001522898674,21.8070999981137,26.503299988689832,0
858,d_validation_1920_1080_daylight_2,5.690600009984337,21.840499990503304,0.21949999791104347,0.000300002284348011,22.060299990698695,27.750900000683032,0
859,d_validation_1920_1080_daylight_2,4.360799997812137,23.827800003346056,0.21419998665805906,0.000200001522898674,24.042199991527013,28.40299998933915,0
860,d_validation_1920_1080_daylight_2,5.760699990787543,21.096099997521378,0.24780000967439264,0.000200001522898674,21.34410000871867,27.104799999506213,0
861,d_validation_1920_1080_daylight_2,5.756899990956299,22.330499996314757,0.1951000012923032,0.000300002284348011,22.525899999891408,28.282799990847707,0
862,d_validation_1920_1080_daylight_2,5.206699992413633,20.590500003891066,0.19639999663922936,0.000300002284348011,20.787200002814643,25.993899995228276,0
863,d_validation_1920_1080_daylight_2,5.026200000429526,23.450699998647906,0.2542000001994893,0.000300002284348011,23.705200001131743,28.73140000156127,0
864,d_validation_1920_1080_daylight_2,5.880699987756088,20.14370000688359,0.2477999951224774,0.000400003045797348,20.391900005051866,26.272599992807955,0
865,d_validation_1920_1080_daylight_2,5.765199995948933,23.237899993546307,0.20610001229215413,0.00029998773243278265,23.444299993570894,29.209499989519827,0
866,d_validation_1920_1080_daylight_2,4.779900002176873,18.525599996792153,0.20170000789221376,0.00019998697098344564,18.72749999165535,23.507399993832223,0
867,d_validation_1920_1080_daylight_2,5.342400007066317,22.36859999538865,0.24459999985992908,0.000300002284348011,22.613499997532926,27.955900004599243,0
868,d_validation_1920_1080_daylight_2,5.827999993925914,19.605900000897236,0.19360000442247838,0.000200001522898674,19.799700006842613,25.627700000768527,0
869,d_validation_1920_1080_daylight_2,5.406199998105876,19.14250000845641,0.5525999877136201,0.3445000038482249,20.039600000018254,25.44579999812413,3
870,d_validation_1920_1080_daylight_2,5.041500000515953,21.344599997974,0.22430000535678118,0.0009999930625781417,21.56989999639336,26.611399996909313,0
871,d_validation_1920_1080_daylight_2,3.8935999909881502,20.57000000786502,0.28480000037234277,0.00029998773243278265,20.855099995969795,24.748699986957945,0
872,d_validation_1920_1080_daylight_2,5.273799994029105,20.962099995813332,0.22220000391826034,0.000300002284348011,21.18460000201594,26.458399996045046,0
873,d_validation_1920_1080_daylight_2,5.126699994434603,21.534300001803786,0.2851000026566908,0.000400003045797348,21.819800007506274,26.946500001940876,0
874,d_validation_1920_1080_daylight_2,6.165700004203245,20.36539999244269,0.2234999992651865,0.000200001522898674,20.589099993230775,26.75479999743402,0
875,d_validation_1920_1080_daylight_2,5.0466999964555725,23.63730000797659,0.5835000047227368,0.28639999800361693,24.507200010702945,29.553900007158518,2
876,d_validation_1920_1080_daylight_2,5.547199994907714,22.41170000343118,0.23540000256616622,0.0011999945854768157,22.64830000058282,28.195499995490536,0
877,d_validation_1920_1080_daylight_2,4.684200001065619,21.428899999591522,0.2967000036733225,0.000300002284348011,21.725900005549192,26.41010000661481,0
878,d_validation_1920_1080_daylight_2,5.3985999984433874,23.24540000699926,0.3043999895453453,0.000300002284348011,23.550099998828955,28.948699997272342,0
879,d_validation_1920_1080_daylight_2,4.916400008369237,21.45149999705609,0.294700002996251,0.00029998773243278265,21.746499987784773,26.66289999615401,0
880,d_validation_1920_1080_daylight_2,4.942300001857802,21.131800007424317,0.2533999941078946,0.000300002284348011,21.38550000381656,26.327800005674362,0
881,d_validation_1920_1080_daylight_2,5.013100002543069,22.474900004453957,0.2638000005390495,0.000400003045797348,22.739100008038804,27.752200010581873,0
882,d_validation_1920_1080_daylight_2,4.86490000912454,24.5433999953093,0.24789999588392675,0.000300002284348011,24.791599993477575,29.656500002602115,0
883,d_validation_1920_1080_daylight_2,5.015800008550286,22.185699999681674,0.22309999621938914,0.000300002284348011,22.40909999818541,27.424900006735697,0
884,d_validation_1920_1080_daylight_2,5.7022000110009685,22.314699992421083,0.23079999664332718,0.000200001522898674,22.54569999058731,28.247900001588278,0
885,d_validation_1920_1080_daylight_2,5.1407999999355525,23.472000000765547,0.18590000399854034,0.000300002284348011,23.658200007048436,28.799000006983988,0
886,d_validation_1920_1080_daylight_2,5.194700002903119,22.157299987156875,0.13100000796839595,0.000400003045797348,22.28869999817107,27.483400001074187,0
887,d_validation_1920_1080_daylight_2,4.4175000075483695,21.630500006722286,0.1618999958736822,0.000200001522898674,21.792600004118867,26.210100011667237,0
888,d_validation_1920_1080_daylight_2,5.030800006352365,22.41199999116361,0.15890000213403255,0.000400003045797348,22.57129999634344,27.602100002695806,0
889,d_validation_1920_1080_daylight_2,4.861599998548627,21.12610000767745,0.15639999764971435,0.000300002284348011,21.282800007611513,26.14440000616014,0
890,d_validation_1920_1080_daylight_2,4.999899989343248,22.461200001998805,0.1601000112714246,0.00029998773243278265,22.621600001002662,27.62149999034591,0
891,d_validation_1920_1080_daylight_2,5.081900002551265,21.57949999673292,0.24560000747442245,0.000800006091594696,21.825900010298938,26.907800012850203,0
892,d_validation_1920_1080_daylight_2,4.778000002261251,22.261299993260764,0.1368000084767118,0.000200001522898674,22.398300003260374,27.176300005521625,0
893,d_validation_1920_1080_daylight_2,4.991100009647198,23.659400001633912,0.15379999240394682,0.000300002284348011,23.813499996322207,28.804600005969405,0
894,d_validation_1920_1080_daylight_2,5.078299989691004,22.364500007824972,0.1500999933341518,0.000400003045797348,22.51500000420492,27.593299993895926,0
895,d_validation_1920_1080_daylight_2,5.550700007006526,22.08270000119228,0.13089999265503138,0.000300002284348011,22.21389999613166,27.764600003138185,0
896,d_validation_1920_1080_daylight_2,5.14860000112094,21.502300005522557,0.1390999968862161,0.000300002284348011,21.64170000469312,26.79030000581406,0
897,d_validation_1920_1080_daylight_2,4.62629999674391,21.592599994619377,0.3919000009773299,0.3991999983554706,22.383699993952177,27.009999990696087,3
898,d_validation_1920_1080_daylight_2,4.744400008348748,21.319599996786565,0.6163999933050945,0.4658000107156113,22.40180000080727,27.14620000915602,5
899,d_validation_1920_1080_daylight_2,6.115299998782575,22.631200001342222,0.5499999970197678,0.3538000019034371,23.535000000265427,29.650299999048002,3
900,d_validation_1920_1080_daylight_2,5.358099995646626,22.471199990832247,0.24130000383593142,0.0013999961083754897,22.713899990776554,28.07199998642318,0
901,d_validation_1920_1080_daylight_2,5.318000010447577,22.84510000026785,0.44920000073034316,0.19639999663922936,23.49069999763742,28.808700008084998,1
902,d_validation_1920_1080_daylight_2,5.405799995060079,22.36030000494793,0.5997999978717417,0.538699998287484,23.498800001107156,28.904599996167235,6
903,d_validation_1920_1080_daylight_2,5.321499993442558,21.77079999819398,0.21660000493284315,0.0015999976312741637,21.989000000758097,27.310499994200654,0
904,d_validation_1920_1080_daylight_2,6.12570000521373,20.378300003358163,0.21319999359548092,0.000200001522898674,20.591699998476543,26.717400003690273,0
905,d_validation_1920_1080_daylight_2,5.38570000207983,23.180399992270395,0.2119999990100041,0.000200001522898674,23.392599992803298,28.778299994883128,0
906,d_validation_1920_1080_daylight_2,4.387000008136965,20.50739999685902,0.22239999088924378,0.000200001522898674,20.729999989271164,25.11699999740813,0
907,d_validation_1920_1080_daylight_2,4.539299989119172,20.66690000356175,0.20080000103916973,0.000200001522898674,20.86790000612382,25.40719999524299,0
908,d_validation_1920_1080_daylight_2,4.592900004354306,23.05509999860078,0.20179999410174787,0.000300002284348011,23.257199994986877,27.850099999341182,0
909,d_validation_1920_1080_daylight_2,4.88480000058189,21.639999991748482,0.26169999910052866,0.000200001522898674,21.90189999237191,26.7866999929538,0
910,d_validation_1920_1080_daylight_2,4.887499992037192,21.097700009704567,0.2082999999402091,0.000300002284348011,21.306300011929125,26.193800003966317,0
911,d_validation_1920_1080_daylight_2,4.308499992475845,21.988899999996647,0.26169999910052866,0.000300002284348011,22.250900001381524,26.55939999385737,0
912,d_validation_1920_1080_daylight_2,5.743399990024045,22.352400003001094,0.5650999955832958,0.2666000073077157,23.184100005892105,28.92749999591615,2
913,d_validation_1920_1080_daylight_2,5.078000001958571,22.67049999500159,0.21440000273287296,0.00100000761449337,22.885900005348958,27.96390000730753,0
914,d_validation_1920_1080_daylight_2,4.540200010524131,18.912100000306964,0.22190000163391232,0.00029998773243278265,19.13429998967331,23.67450000019744,0
915,d_validation_1920_1080_daylight_2,4.7781000030227005,20.7520999974804,0.21349999587982893,0.000200001522898674,20.965799994883128,25.743899997905828,0
916,d_validation_1920_1080_daylight_2,4.627400005119853,23.371000002953224,0.2851000026566908,0.00029998773243278265,23.656399993342347,28.2837999984622,0
917,d_validation_1920_1080_daylight_2,5.573599992203526,23.37160000752192,0.6083999905968085,0.3576000017346814,24.33759999985341,29.911199992056936,3
918,d_validation_1920_1080_daylight_2,5.49900000623893,22.499900005641393,0.31359998683910817,0.001300009898841381,22.814800002379343,28.313800008618273,0
919,d_validation_1920_1080_daylight_2,4.958799996529706,21.982000005664304,0.308299990138039,0.000200001522898674,22.29049999732524,27.249299993854947,0
920,d_validation_1920_1080_daylight_2,5.334200002835132,22.41130000038538,0.5596999981207773,0.2640000020619482,23.235000000568107,28.56920000340324,2
921,d_validation_1920_1080_daylight_2,5.281999998260289,22.93449999706354,0.6495999987237155,0.33200001053046435,23.91610000631772,29.19810000457801,3
922,d_validation_1920_1080_daylight_2,5.294899994623847,22.0646000088891,0.27829999453388155,0.0011999945854768157,22.34409999800846,27.638999992632307,0
923,d_validation_1920_1080_daylight_2,4.467599996132776,21.260599998640828,0.3412000078242272,0.00029998773243278265,21.602099994197488,26.069699990330264,0
924,d_validation_1920_1080_daylight_2,4.547300006379373,22.831099995528348,0.5135000101290643,0.18149999959859997,23.526100005256012,28.073400011635385,1
925,d_validation_1920_1080_daylight_2,4.886800001258962,22.485199995571747,0.33059999987017363,0.000700005330145359,22.816500000772066,27.70330000203103,0
926,d_validation_1920_1080_daylight_2,4.17149999702815,21.791099992697127,0.35060000664088875,0.000200001522898674,22.141900000860915,26.313399997889064,0
927,d_validation_1920_1080_daylight_2,5.1109999913023785,19.280299995443784,0.2707000094233081,0.000300002284348011,19.55130000715144,24.66229999845382,0
928,d_validation_1920_1080_daylight_2,4.033200006233528,18.67949998995755,0.27150000096298754,0.000300002284348011,18.951299993204884,22.984499999438412,0
929,d_validation_1920_1080_daylight_2,3.9499000122305006,21.08839999709744,0.26790000265464187,0.000200001522898674,21.35650000127498,25.30640001350548,0
930,d_validation_1920_1080_daylight_2,4.167799997958355,21.150499989744276,0.22950000129640102,0.000300002284348011,21.380299993325025,25.54809999128338,0
931,d_validation_1920_1080_daylight_2,4.361100000096485,19.07470000151079,0.20840000070165843,0.000200001522898674,19.28330000373535,23.644400003831834,0
932,d_validation_1920_1080_daylight_2,4.383199993753806,23.931400006404147,0.27239999326411635,0.000300002284348011,24.20410000195261,28.587299995706417,0
933,d_validation_1920_1080_daylight_2,4.846800002269447,22.31789998768363,0.32190000638365746,0.000400003045797348,22.640199997113086,27.486999999382533,0
934,d_validation_1920_1080_daylight_2,4.574299993691966,21.897099999478087,0.16039999900385737,0.000200001522898674,22.057700000004843,26.63199999369681,0
935,d_validation_1920_1080_daylight_2,4.681199992774054,18.438300001434982,0.1638999965507537,0.000300002284348011,18.602500000270084,23.283699993044138,0
936,d_validation_1920_1080_daylight_2,5.540700003621168,22.25729999190662,0.19940000493079424,0.000200001522898674,22.456899998360313,27.997600001981482,0
937,d_validation_1920_1080_daylight_2,7.688199999392964,21.979500001179986,0.20960000983905047,0.00029998773243278265,22.18939999875147,29.877599998144433,0
938,d_validation_1920_1080_daylight_2,6.870299999718554,21.822000009706244,0.1669999910518527,0.000200001522898674,21.989200002280995,28.85950000199955,0
939,d_validation_1920_1080_daylight_2,6.654299999354407,21.849700002348982,0.42149999353569,0.19010000687558204,22.461300002760254,29.11560000211466,1
940,d_validation_1920_1080_daylight_2,6.692900002235547,22.62479999626521,0.28330000350251794,0.000700005330145359,22.908800005097874,29.60170000733342,0
941,d_validation_1920_1080_daylight_2,7.235000011860393,21.353199990699068,0.17510000907350332,0.00019998697098344564,21.528499986743554,28.763499998603947,0
942,d_validation_1920_1080_daylight_2,6.483199991635047,21.02309999463614,0.5089000042062253,0.4388000088511035,21.97080000769347,28.453999999328516,4
943,d_validation_1920_1080_daylight_2,6.572500002221204,22.314399990136735,0.2531000063754618,0.0013999961083754897,22.568899992620572,29.141399994841777,0
944,d_validation_1920_1080_daylight_2,7.052000000840053,22.216900004423223,0.2449999883538112,0.000300002284348011,22.462199995061383,29.514199995901436,0
945,d_validation_1920_1080_daylight_2,6.900000007590279,23.521999988588504,0.5486000009113923,0.4152000037720427,24.48579999327194,31.38580000086222,4
946,d_validation_1920_1080_daylight_2,6.930000003194436,22.911499996553175,0.6276000058278441,0.29329999233596027,23.83239999471698,30.762399997911416,2
947,d_validation_1920_1080_daylight_2,7.300900004338473,21.83149999473244,0.23039999359752983,0.000900006853044033,22.062799995183013,29.363699999521486,0
948,d_validation_1920_1080_daylight_2,6.594100006623194,23.702399994363077,0.28649999876506627,0.000300002284348011,23.98919999541249,30.583300002035685,0
949,d_validation_1920_1080_daylight_2,7.555999996839091,23.298500003875233,0.2646000066306442,0.000300002284348011,23.563400012790225,31.119400009629317,0
950,d_validation_1920_1080_daylight_2,7.1558999916305766,22.30060000147205,0.2629000082379207,0.000200001522898674,22.563700011232868,29.719600002863444,0
951,d_validation_1920_1080_daylight_2,7.3957999993581325,21.929099995759316,0.41370000690221786,0.1790999958757311,22.521899998537265,29.917699997895397,1
952,d_validation_1920_1080_daylight_2,7.184100002632476,21.712800007662736,0.4186000005574897,0.1770999951986596,22.308500003418885,29.49260000605136,1
953,d_validation_1920_1080_daylight_2,6.927800000994466,21.44830000179354,0.18730000010691583,0.000600004568696022,21.636200006469153,28.56400000746362,0
954,d_validation_1920_1080_daylight_2,6.5377999999327585,18.867099992348813,0.4212000058032572,0.2798999921651557,19.568199990317225,26.105999990249984,2
955,d_validation_1920_1080_daylight_2,7.2038000071188435,22.601499993470497,0.28920000477228314,0.0010999938240274787,22.891799992066808,30.09559999918565,0
956,d_validation_1920_1080_daylight_2,6.40350001049228,20.642399991629645,0.19210000755265355,0.000300002284348011,20.834800001466647,27.238300011958927,0
957,d_validation_1920_1080_daylight_2,5.7043999986490235,19.419800009927712,0.19579999207053334,0.000200001522898674,19.615800003521144,25.320200002170168,0
958,d_validation_1920_1080_daylight_2,6.058099999791011,20.438400009879842,0.19239999528508633,0.000200001522898674,20.631000006687827,26.68910000647884,0
959,d_validation_1920_1080_daylight_2,6.12199999159202,21.095700009027496,0.26309999520890415,0.000400003045797348,21.359200007282197,27.481199998874217,0
960,d_validation_1920_1080_daylight_2,6.018100000801496,21.40779999899678,0.20179999410174787,0.000300002284348011,21.609899995382875,27.62799999618437,0
961,d_validation_1920_1080_daylight_2,6.726799998432398,22.47670000360813,0.5183000030228868,0.19279999833088368,23.1878000049619,29.9146000033943,1
962,d_validation_1920_1080_daylight_2,7.2197999979835,21.905199988395907,0.5904000136069953,0.2744999947026372,22.77009999670554,29.98989999468904,2
963,d_validation_1920_1080_daylight_2,6.968900008359924,20.849499996984378,0.4380000027595088,0.17839999054558575,21.465899990289472,28.434799998649396,1
964,d_validation_1920_1080_daylight_2,7.172099998570047,21.10480000555981,0.22739999985788018,0.000700005330145359,21.332900010747835,28.505000009317882,0
965,d_validation_1920_1080_daylight_2,6.021199995302595,20.87279999977909,0.28900000324938446,0.000200001522898674,21.162000004551373,27.18319999985397,0
966,d_validation_1920_1080_daylight_2,7.029699991107918,22.156200007884763,0.2948000037577003,0.00039998849388211966,22.451400000136346,29.481099991244264,0
967,d_validation_1920_1080_daylight_2,6.924000001163222,22.56939999642782,0.2921999985119328,0.000300002284348011,22.8618999972241,29.785899998387322,0
968,d_validation_1920_1080_daylight_2,7.240899998578243,21.246899996185675,0.2266000083182007,0.000200001522898674,21.473700006026775,28.714600004605018,0
969,d_validation_1920_1080_daylight_2,6.427400003303774,19.994800008134916,0.22279999393504113,0.000200001522898674,20.217800003592856,26.64520000689663,0
970,d_validation_1920_1080_daylight_2,6.641900006798096,20.623299991711974,0.22300001000985503,0.00029998773243278265,20.846599989454262,27.488499996252358,0
971,d_validation_1920_1080_daylight_2,6.784500001231208,22.129200006020255,0.27770000451710075,0.00029998773243278265,22.40719999826979,29.191699999500997,0
972,d_validation_1920_1080_daylight_2,6.853099999716505,22.140000000945292,0.23130000045057386,0.000300002284348011,22.371600003680214,29.22470000339672,0
973,d_validation_1920_1080_daylight_2,5.597299998044036,19.901400009985082,0.45519998820964247,0.32920000376179814,20.685800001956522,26.28310000000056,3
974,d_validation_1920_1080_daylight_2,6.172800000058487,23.366499997791834,0.5725000082748011,0.2552999940235168,24.194300000090152,30.36710000014864,2
975,d_validation_1920_1080_daylight_2,6.366000001435168,20.43589999084361,0.31090000993572176,0.0007999915396794677,20.74759999231901,27.11359999375418,0
976,d_validation_1920_1080_daylight_2,5.524799998966046,19.321300002047792,0.4852999991271645,0.458399998024106,20.264999999199063,25.78979999816511,5
977,d_validation_1920_1080_daylight_2,6.5159000077983364,19.465799996396527,0.5117999971844256,0.32249999640043825,20.30009998998139,26.815999997779727,2
978,d_validation_1920_1080_daylight_2,6.783900011214428,22.144899994600564,0.49700000090524554,0.18339999951422215,22.825299995020032,29.60920000623446,1
979,d_validation_1920_1080_daylight_2,6.80800000554882,20.949799989466555,0.4865000082645565,0.2727999963099137,21.709099994041026,28.517099999589846,2
980,d_validation_1920_1080_daylight_2,6.631299998844042,22.076299996115267,0.5588000058196485,0.3392999933566898,22.974399995291606,29.605699994135648,3
981,d_validation_1920_1080_daylight_2,7.113400002708659,21.079400001326576,0.5803000094601884,0.3929999948013574,22.05270000558812,29.16610000829678,4
982,d_validation_1920_1080_daylight_2,6.693500006804243,21.756200003437698,0.9590999979991466,0.20310000400058925,22.918400005437434,29.611900012241676,1
983,d_validation_1920_1080_daylight_2,6.777600006898865,21.59370000299532,0.3510999958962202,0.000600004568696022,21.945400003460236,28.7230000103591,0
984,d_validation_1920_1080_daylight_2,6.762899996829219,22.82349999586586,0.7469999982276931,0.21270000434014946,23.7831999984337,30.54609999526292,1
985,d_validation_1920_1080_daylight_2,7.639599993126467,20.70320000348147,0.6208999984664842,0.3428000054555014,21.666900007403456,29.306500000529923,3
986,d_validation_1920_1080_daylight_2,6.939399987459183,23.675400007050484,0.8941999985836446,0.44240000715944916,25.012000012793578,31.95140000025276,4
987,d_validation_1920_1080_daylight_2,7.366699996055104,23.074099997757003,0.8920000109355897,0.2646999928401783,24.23080000153277,31.597499997587875,2
988,d_validation_1920_1080_daylight_2,7.326699997065589,22.495400000480004,0.46239999937824905,0.00100000761449337,22.958800007472746,30.285500004538335,0
989,d_validation_1920_1080_daylight_2,4.639299993868917,21.07060000707861,0.4748999926960096,0.000200001522898674,21.54570000129752,26.184999995166436,0
990,d_validation_1920_1080_daylight_2,5.847399996127933,20.752500000526197,0.46520000614691526,0.000300002284348011,21.21800000895746,27.065400005085394,0
991,d_validation_1920_1080_daylight_2,6.154100003186613,22.322199991322123,0.9607999963918701,0.4182000120636076,23.7011999997776,29.855300002964213,4
992,d_validation_1920_1080_daylight_2,5.738699997891672,19.634500000393018,0.374099996406585,0.0014999968698248267,20.010099993669428,25.7487999915611,0
993,d_validation_1920_1080_daylight_2,4.99370000034105,20.344199991086498,0.4886999959126115,0.000300002284348011,20.833199989283457,25.826899989624508,0
994,d_validation_1920_1080_daylight_2,5.700199995771982,20.024800003739074,0.97490000189282,0.41090000013355166,21.410600005765446,27.110800001537427,4
995,d_validation_1920_1080_daylight_2,6.408500004909001,22.24950000527315,0.5941999988863245,0.0016999983927235007,22.845400002552196,29.253900007461198,0
996,d_validation_1920_1080_daylight_2,5.99309999961406,22.256300013395958,0.5012999899918213,0.000300002284348011,22.757900005672127,28.751000005286187,0
997,d_validation_1920_1080_daylight_2,5.985600000713021,21.31820000067819,0.37059999885968864,0.000200001522898674,21.689000001060776,27.674600001773797,0
998,d_validation_1920_1080_daylight_2,4.887699993560091,19.383999999263324,0.3668999997898936,0.000300002284348011,19.751200001337565,24.638899994897656,0
999,d_validation_1920_1080_daylight_2,5.597700001089834,20.80450000357814,0.3622999938670546,0.000300002284348011,21.167099999729544,26.764800000819378,0
1000,d_validation_1920_1080_daylight_2,5.7597999984864146,22.043600009055808,0.36869999894406646,0.00029998773243278265,22.412599995732307,28.172399994218722,0
1001,d_validation_1920_1080_daylight_2,5.0829999963752925,21.44840000255499,0.3763999993680045,0.000200001522898674,21.825000003445894,26.907999999821186,0
1002,d_validation_1920_1080_daylight_2,5.355000001145527,22.349500010022894,0.5136999971000478,0.000300002284348011,22.86350000940729,28.218500010552816,0
1003,d_validation_1920_1080_daylight_2,5.538500001421198,20.801699996809475,0.3671000013127923,0.000300002284348011,21.169100000406615,26.707600001827814,0
1004,d_validation_1920_1080_daylight_2,5.071399995358661,20.55869999458082,0.7316000119317323,0.3333999920869246,21.623699998599477,26.695099993958138,3
1005,d_validation_1920_1080_daylight_2,6.3498000090476125,22.47319999150932,0.7478000043192878,0.2660000027390197,23.486999998567626,29.83680000761524,2
1006,d_validation_1920_1080_daylight_2,5.975600011879578,21.483599994098768,0.3677000058814883,0.0009999930625781417,21.852299993042834,27.827900004922412,0
1007,d_validation_1920_1080_daylight_2,4.975100004230626,22.105399999418296,0.39280000783037394,0.00029998773243278265,22.498499994981103,27.47359999921173,0
1008,d_validation_1920_1080_daylight_2,4.754700014018454,21.08899998711422,0.4501000075833872,0.000200001522898674,21.539299996220507,26.29400001023896,0
1009,d_validation_1920_1080_daylight_2,5.7822000089799985,21.29409999179188,0.4329000075813383,0.00039998849388211966,21.727399987867102,27.5095999968471,0
1010,d_validation_1920_1080_daylight_2,6.804999997257255,22.55989999684971,0.4332999960752204,0.000300002284348011,22.993499995209277,29.79849999246653,0
1011,d_validation_1920_1080_daylight_2,5.982899994705804,22.451099997851998,0.40750000334810466,0.000300002284348011,22.85890000348445,28.841799998190254,0
1012,d_validation_1920_1080_daylight_2,6.036399994627573,21.35749999433756,0.41110000165645033,0.000400003045797348,21.768999999039806,27.80539999366738,0
1013,d_validation_1920_1080_daylight_2,5.82270001177676,20.512299990514293,0.2505000011296943,0.000300002284348011,20.763099993928336,26.585800005705096,0
1014,d_validation_1920_1080_daylight_2,5.425700001069345,20.466499991016462,0.24720000510569662,0.000300002284348011,20.713999998406507,26.13969999947585,0
1015,d_validation_1920_1080_daylight_2,4.308800009312108,20.891599997412413,0.3262999962316826,0.000300002284348011,21.218199995928444,25.527000005240552,0
1016,d_validation_1920_1080_daylight_2,5.308100007823668,21.362500003306195,0.24169999232981354,0.000300002284348011,21.604499997920357,26.912600005744025,0
1017,d_validation_1920_1080_daylight_2,4.843100003199652,20.721399996546097,0.22400000307243317,0.00029998773243278265,20.945699987350963,25.788799990550615,0
1018,d_validation_1920_1080_daylight_2,4.541099988273345,22.458000006736256,0.2523000002838671,0.000300002284348011,22.71060000930447,27.251699997577816,0
1019,d_validation_1920_1080_daylight_2,5.335800000466406,20.200800005113706,0.18740000086836517,0.000200001522898674,20.38840000750497,25.724200007971376,0
1020,d_validation_1920_1080_daylight_2,5.812499992316589,18.454200006090105,0.20909999147988856,0.000200001522898674,18.663499999092892,24.47599999140948,0
1021,d_validation_1920_1080_daylight_2,6.182900004205294,21.002800000132993,0.18409999029245228,0.000300002284348011,21.187199992709793,27.370099996915087,0
1022,d_validation_1920_1080_daylight_2,5.853200011188164,21.138699987204745,0.1810000103432685,0.000300002284348011,21.319999999832362,27.173200011020526,0
1023,d_validation_1920_1080_daylight_2,5.854799994267523,20.601500000339,0.3470000083325431,0.0007999915396794677,20.949300000211224,26.804099994478747,0
1024,d_validation_1920_1080_daylight_2,6.024300004355609,22.428099997341633,0.1548000000184402,0.000200001522898674,22.58309999888297,28.60740000323858,0
1025,d_validation_1920_1080_daylight_2,6.496000001789071,22.09969999967143,0.19020000763703138,0.000300002284348011,22.29020000959281,28.78620001138188,0
1026,d_validation_1920_1080_daylight_2,6.371600000420585,22.258399985730648,0.3563000063877553,0.2759000053629279,22.89059999748133,29.262199997901917,2
1027,d_validation_1920_1080_daylight_2,7.0684999955119565,21.861100001842715,0.14740000187885016,0.0010999938240274787,22.009599997545592,29.07809999305755,0
1028,d_validation_1920_1080_daylight_2,6.148799991933629,21.994700000504963,0.29399999766610563,0.17410000145900995,22.46279999963008,28.611599991563708,1
1029,d_validation_1920_1080_daylight_2,6.452100002206862,22.87840000644792,0.2578999992692843,0.0005999900167807937,23.136899995733984,29.588999997940846,0
1030,d_validation_1920_1080_daylight_2,7.589999993797392,22.570500004803762,0.37850000080652535,0.1942999952007085,23.143300000810996,30.733299994608387,1
1031,d_validation_1920_1080_daylight_2,7.331800006795675,23.093199997674674,0.19459999748505652,0.0010999938240274787,23.288899988983758,30.620699995779432,0
1032,d_validation_1920_1080_daylight_2,7.347299993853085,21.21669999905862,0.15990000974852592,0.000200001522898674,21.376800010330044,28.72410000418313,0
1033,d_validation_1920_1080_daylight_2,6.361200008541346,18.96380000107456,0.15789999451953918,0.000200001522898674,19.121899997116998,25.483100005658343,0
1034,d_validation_1920_1080_daylight_2,7.168900003307499,22.369599988451228,0.19380000594537705,0.000300002284348011,22.563699996680953,29.73259999998845,0
1035,d_validation_1920_1080_daylight_2,7.033400004729629,22.817599994596094,0.19640001119114459,0.000300002284348011,23.014300008071586,30.047700012801215,0
1036,d_validation_1920_1080_daylight_2,7.150299992645159,21.56259999901522,0.17349999689031392,0.000400003045797348,21.73649999895133,28.88679999159649,0
1037,d_validation_1920_1080_daylight_2,6.616300001041964,20.42519999668002,0.12399999832268804,0.000200001522898674,20.549399996525608,27.16569999756757,0
1038,d_validation_1920_1080_daylight_2,6.327800001599826,22.142200003145263,0.14029999147169292,0.000300002284348011,22.282799996901304,28.61059999850113,0
1039,d_validation_1920_1080_daylight_2,7.389299993519671,22.37320000131149,0.3269000008003786,0.19780000729952008,22.897900009411387,30.28720000293106,1
1040,d_validation_1920_1080_daylight_2,7.333800007472746,22.752299992134795,0.15720000374130905,0.000800006091594696,22.9103000019677,30.244100009440444,0
1041,d_validation_1920_1080_daylight_2,7.3416999948676676,22.433300007833168,0.15359999088104814,0.000300002284348011,22.587200000998564,29.92889999586623,0
1042,d_validation_1920_1080_daylight_2,7.443100010277703,21.528099998249672,0.2789999998640269,0.18200000340584666,21.989100001519546,29.43220001179725,1
1043,d_validation_1920_1080_daylight_2,6.410800007870421,20.491000002948567,0.19209999300073832,0.000500003807246685,20.683599999756552,27.094400007626973,0
1044,d_validation_1920_1080_daylight_2,6.8832999968435615,23.819099995307624,0.37959999463055283,0.2798000059556216,24.4784999958938,31.36179999273736,2
1045,d_validation_1920_1080_daylight_2,6.49169999815058,20.363799994811416,0.1512000017100945,0.00100000761449337,20.516000004136004,27.007700002286583,0
1046,d_validation_1920_1080_daylight_2,5.991900005028583,23.19279999937862,0.14820000797044486,0.00029998773243278265,23.3412999950815,29.333200000110082,0
1047,d_validation_1920_1080_daylight_2,5.89449999097269,21.228800003882498,0.1500999933341518,0.000300002284348011,21.379199999500997,27.273699990473688,0
1048,d_validation_1920_1080_daylight_2,5.664600001182407,20.615899993572384,0.1505999971413985,0.000200001522898674,20.76669999223668,26.43129999341909,0
1049,d_validation_1920_1080_daylight_2,5.542200000490993,20.87379999284167,0.3834000090137124,0.4706999898189679,21.72789999167435,27.270099992165342,5
1050,d_validation_1920_1080_daylight_2,6.627099995967001,22.78350001142826,0.6332999910227954,0.33830000029411167,23.755100002745166,30.382199998712167,3
1051,d_validation_1920_1080_daylight_2,6.9232999958330765,22.75499999814201,0.564200003282167,0.182100004167296,23.501300005591474,30.42460000142455,1
1052,d_validation_1920_1080_daylight_2,7.0321999955922365,22.08900000550784,0.5663000047206879,0.1829999964684248,22.838300006696954,29.87050000228919,1
1053,d_validation_1920_1080_daylight_2,6.605999995372258,22.662300005322322,0.5566999898292124,0.1863000070443377,23.405300002195872,30.01129999756813,1
1054,d_validation_1920_1080_daylight_2,6.601000000955537,21.90560000599362,0.43739999819081277,0.18039999122265726,22.52339999540709,29.124399996362627,1
1055,d_validation_1920_1080_daylight_2,6.120399993960746,20.690000004833564,0.4850999976042658,0.26149999757763,21.43660000001546,27.556999993976206,2
1056,d_validation_1920_1080_daylight_2,5.673500010743737,19.89339999272488,0.24110000231303275,0.000900006853044033,20.135400001890957,25.808900012634695,0
1057,d_validation_1920_1080_daylight_2,5.684399991878308,19.823399998131208,0.4971000016666949,0.2631999959703535,20.583699995768256,26.268099987646565,2
1058,d_validation_1920_1080_daylight_2,5.79009999637492,19.115400005830452,0.30699999479111284,0.000700005330145359,19.42310000595171,25.21320000232663,0
1059,d_validation_1920_1080_daylight_2,5.739999993238598,19.81769999838434,0.49950000538956374,0.31740000122226775,20.634600004996173,26.37459999823477,2
1060,d_validation_1920_1080_daylight_2,5.949600003077649,22.727500007022172,0.6620999920414761,0.19640001119114459,23.586000010254793,29.53560001333244,1
1061,d_validation_1920_1080_daylight_2,6.7125000059604645,20.652199993492104,0.49930000386666507,0.1799000019673258,21.331399999326095,28.04390000528656,1
1062,d_validation_1920_1080_daylight_2,6.4289000001735985,21.161500000744127,0.5932000058237463,0.526999996509403,22.281700003077276,28.710600003250875,6
1063,d_validation_1920_1080_daylight_2,6.88580000132788,21.589500000118278,0.6571999983862042,0.4098999925190583,22.65659999102354,29.54239999235142,4
1064,d_validation_1920_1080_daylight_2,7.357399997999892,20.15130000654608,0.7903999940026551,0.4501000075833872,21.391800008132122,28.749200006132014,5
1065,d_validation_1920_1080_daylight_2,7.0869000046513975,20.86530000087805,0.872199991135858,0.5267000087769702,22.26420000079088,29.351100005442277,6
1066,d_validation_1920_1080_daylight_2,6.8503999937092885,21.885299996938556,0.866900008986704,0.45619999582413584,23.208400001749396,30.058799995458685,5
1067,d_validation_1920_1080_daylight_2,7.847999993828125,20.9138000063831,0.9526999929221347,0.44350000098347664,22.31000000028871,30.157999994116835,4
1068,d_validation_1920_1080_daylight_2,8.23110000055749,19.557699997676536,0.719599993317388,0.2733000001171604,20.550599991111085,28.781699991668575,3
1069,d_validation_1920_1080_daylight_2,7.712300008279271,20.056699999258853,0.7286000036401674,0.16939999477472156,20.954699997673742,28.667000005953014,1
1070,d_validation_1920_1080_daylight_2,7.835600001271814,23.971799993887544,1.067200006218627,0.21099999139551073,25.24999999150168,33.085599992773496,1
1071,d_validation_1920_1080_daylight_2,7.404799995128997,21.750699990661815,0.4619000101229176,0.0005999900167807937,22.213199990801513,29.61799998593051,0
1072,d_validation_1920_1080_daylight_2,6.998599987127818,22.838200005935505,0.39659999310970306,0.000200001522898674,23.235000000568107,30.233599987695925,0
1073,d_validation_1920_1080_daylight_2,6.542800008901395,20.79270000103861,0.39429999014828354,0.000300002284348011,21.187299993471242,27.730100002372637,0
1074,d_validation_1920_1080_daylight_2,6.1658999911742285,20.295400012400933,0.39709999691694975,0.000300002284348011,20.69280001160223,26.85870000277646,0
1075,d_validation_1920_1080_daylight_2,6.8131999869365245,19.60880000842735,0.3954999992856756,0.000200001522898674,20.004500009235926,26.81769999617245,0
1076,d_validation_1920_1080_daylight_2,7.240499995532446,22.526100001414306,0.7088999991538003,0.1799000019673258,23.414900002535433,30.655399998067878,1
1077,d_validation_1920_1080_daylight_2,8.821200011880137,20.513199997367337,0.3868999920086935,0.000800006091594696,20.900899995467626,29.722100007347763,0
1078,d_validation_1920_1080_daylight_2,5.7490000035613775,19.899399994756095,1.0027000098489225,0.19449999672360718,21.096600001328625,26.845600004890002,1
1079,d_validation_1920_1080_daylight_2,8.444999999483116,22.61299999372568,0.5392000020947307,0.0007999915396794677,23.15299998736009,31.597999986843206,0
1080,d_validation_1920_1080_daylight_2,7.482700006221421,22.3031999921659,0.996700007817708,0.19129998690914363,23.491199986892752,30.973899993114173,1
1081,d_validation_1920_1080_daylight_2,7.906800005002879,22.167199989780784,0.6886000046506524,0.3149999974993989,23.170799991930835,31.077599996933714,1
1082,d_validation_1920_1080_daylight_2,7.122799986973405,19.190100007108413,0.7311999943340197,0.28870000096503645,20.21000000240747,27.332799989380874,3
1083,d_validation_1920_1080_daylight_2,6.857099986518733,22.48420000250917,1.1729000107152387,0.4036999889649451,24.060800002189353,30.917899988708086,4
1084,d_validation_1920_1080_daylight_2,7.041100005153567,21.863100002519786,0.8744999940972775,0.5579999997280538,23.295599996345118,30.336700001498684,4
1085,d_validation_1920_1080_daylight_2,7.387699995888397,22.58409999194555,0.9228999988408759,0.18450000789016485,23.69149999867659,31.079199994564988,1
1086,d_validation_1920_1080_daylight_2,7.470900003681891,22.48169999802485,0.9683999960543588,0.3006000042660162,23.750699998345226,31.221600002027117,2
1087,d_validation_1920_1080_daylight_2,7.387300007394515,23.695399999269284,0.9860999998636544,0.20049999875482172,24.88199999788776,32.269300005282275,1
1088,d_validation_1920_1080_daylight_2,7.5886999984504655,23.651100011193193,0.9824000007938594,0.20819999917875975,24.841700011165813,32.43040000961628,1
1089,d_validation_1920_1080_daylight_2,7.580499994219281,20.246400003088638,0.7324000034714118,0.26590000197757035,21.24470000853762,28.8252000027569,2
1090,d_validation_1920_1080_daylight_2,7.726999989245087,23.088900008588098,0.9533999982522801,0.19720000273082405,24.239500009571202,31.96649999881629,1
1091,d_validation_1920_1080_daylight_2,7.6994000119157135,23.24660000158474,0.49709998711477965,0.000700005330145359,23.744399994029664,31.443800005945377,0
1092,d_validation_1920_1080_daylight_2,8.469200009130873,19.430599990300834,0.35349999961908907,0.000300002284348011,19.78439999220427,28.253600001335144,0
1093,d_validation_1920_1080_daylight_2,6.7574000131571665,23.559399996884167,0.5092999927001074,0.000500003807246685,24.06919999339152,30.826600006548688,0
1094,d_validation_1920_1080_daylight_2,6.864900002256036,23.543599992990494,0.9024000028148293,0.41370000690221786,24.85970000270754,31.724600004963577,4
1095,d_validation_1920_1080_daylight_2,7.740600005490705,23.213399996166117,0.5462000117404386,0.0013999961083754897,23.76100000401493,31.501600009505637,0
1096,d_validation_1920_1080_daylight_2,8.173399997758679,20.96670000173617,0.3499000013107434,0.000200001522898674,21.316800004569814,29.490200002328493,0
1097,d_validation_1920_1080_daylight_2,7.303300008061342,20.68239999061916,0.6282000103965402,0.32469999860040843,21.63529999961611,28.93860000767745,2
1098,d_validation_1920_1080_daylight_2,6.89319999946747,22.350899991579354,0.3049000079045072,0.0008999923011288047,22.65669999178499,29.54989999125246,0
1099,d_validation_1920_1080_daylight_2,6.093500007409602,20.428899995749816,0.5704000068362802,0.40129999979399145,21.400600002380088,27.49410000978969,4
1100,d_validation_1920_1080_daylight_2,6.388499998138286,20.67719999467954,0.7872999995015562,0.18220000492874533,21.646699999109842,28.035199997248128,1
1101,d_validation_1920_1080_daylight_2,6.883099995320663,21.632500007399358,0.5866999999852851,0.2508999896235764,22.47009999700822,29.353199992328882,2
1102,d_validation_1920_1080_daylight_2,7.2247999924002215,22.60559999558609,0.8661000028951094,0.6950000097276643,24.166700008208863,31.391500000609085,4
1103,d_validation_1920_1080_daylight_2,7.25320000492502,23.4714999969583,0.7942000083858147,0.5379999929573387,24.803699998301454,32.056900003226474,6
1104,d_validation_1920_1080_daylight_2,7.15239999408368,22.80980000796262,1.1208999931113794,0.4665000014938414,24.397200002567843,31.549599996651523,4
1105,d_validation_1920_1080_daylight_2,7.09320000896696,23.0913999985205,0.7234999939100817,0.41039999632630497,24.225299988756888,31.318499997723848,4
1106,d_validation_1920_1080_daylight_2,7.061500000418164,22.337000002153218,1.0430999973323196,0.2610000083222985,23.641100007807836,30.702600008226,2
1107,d_validation_1920_1080_daylight_2,6.926499991095625,22.725200004060753,1.092100006644614,0.4600999964168295,24.277400007122196,31.20389999821782,4
1108,d_validation_1920_1080_daylight_2,7.003000006079674,22.535500000230968,0.7877000025473535,0.18570000247564167,23.508900005253963,30.511900011333637,1
1109,d_validation_1920_1080_daylight_2,6.987199987634085,22.90950001042802,1.0538999922573566,0.20220001169946045,24.165600014384836,31.15280000201892,1
1110,d_validation_1920_1080_daylight_2,6.613999998080544,22.912000000360422,0.8201000018743798,0.27820000832434744,24.01030001055915,30.624300008639693,2
1111,d_validation_1920_1080_daylight_2,7.386299999780022,22.568200001842342,0.4321000014897436,0.0012999953469261527,23.001599998679012,30.387899998459034,0
1112,d_validation_1920_1080_daylight_2,6.6611999936867505,20.631999999750406,0.5801000079372898,0.000300002284348011,21.212400009972043,27.873600003658794,0
1113,d_validation_1920_1080_daylight_2,7.3998000007122755,21.143399993889034,0.4417000018293038,0.000400003045797348,21.585499998764135,28.98529999947641,0
1114,d_validation_1920_1080_daylight_2,6.0757000028388575,22.253799994359724,1.1264000058872625,0.4169999883743003,23.797199988621287,29.872899991460145,4
1115,d_validation_1920_1080_daylight_2,6.917800012161024,21.375899988925084,1.218200006405823,0.3370999911567196,22.931199986487627,29.84899999864865,3
1116,d_validation_1920_1080_daylight_2,7.0395999937318265,22.867100007715635,1.2507999927038327,0.4734999965876341,24.5913999970071,31.63099999073893,5
1117,d_validation_1920_1080_daylight_2,7.29249999858439,22.885300000780262,1.3183999981265515,0.5548000044655055,24.75850000337232,32.05100000195671,6
1118,d_validation_1920_1080_daylight_2,7.255099990288727,23.101600003428757,1.5814000071259215,0.6901999877300113,25.37319999828469,32.62829998857342,7
1119,d_validation_1920_1080_daylight_2,6.7186999949626625,23.172100001829676,1.6041000053519383,0.686999992467463,25.463199999649078,32.18189999461174,7
1120,d_validation_1920_1080_daylight_2,7.1481999912066385,21.911500007263385,1.0766999912448227,0.4687000036938116,23.45690000220202,30.605099993408658,5
1121,d_validation_1920_1080_daylight_2,7.1881999901961535,22.697899999911897,1.4527000021189451,0.5297000025166199,24.680300004547462,31.868499994743615,5
1122,d_validation_1920_1080_daylight_2,6.394299998646602,21.6286999930162,0.46860000293236226,0.0020000006770715117,22.099299996625632,28.493599995272234,0
1123,d_validation_1920_1080_daylight_2,6.351200005155988,20.496199998888187,0.4585999995470047,0.000300002284348011,20.95510000071954,27.306300005875528,0
1124,d_validation_1920_1080_daylight_2,6.456699993577786,22.150999997393228,0.8861000096658245,0.2662999904714525,23.303399997530505,29.76009999110829,2
1125,d_validation_1920_1080_daylight_2,7.099999987985939,20.925900011206977,0.9318999946117401,0.27289999707136303,22.13070000289008,29.23069999087602,2
1126,d_validation_1920_1080_daylight_2,7.737099993391894,20.784400010597892,0.977399991825223,0.2528000040911138,22.01460000651423,29.751699999906123,2
1127,d_validation_1920_1080_daylight_2,7.395300010102801,20.218699995893985,0.923500003409572,0.2693999995244667,21.411599998828024,28.806900008930825,3
1128,d_validation_1920_1080_daylight_2,7.451900004525669,21.54129999689758,0.4837000014958903,0.0009999930625781417,22.025999991456047,29.477899995981716,0
1129,d_validation_1920_1080_daylight_2,6.40640000347048,20.165800000540912,0.9105000062845647,0.33409999741706997,21.410400004242547,27.816800007713027,3
1130,d_validation_1920_1080_daylight_2,6.135799994808622,21.773600004962645,0.4881000058958307,0.0011999945854768157,22.262900005443953,28.398700000252575,0
1131,d_validation_1920_1080_daylight_2,5.574399998295121,21.69200000935234,0.6499000010080636,0.00029998773243278265,22.342199998092838,27.91659999638796,0
1132,d_validation_1920_1080_daylight_2,7.183399997302331,20.42270000674762,0.4591999895637855,0.000200001522898674,20.882099997834302,28.065499995136634,0
1133,d_validation_1920_1080_daylight_2,7.4804000032600015,22.956399989197962,0.7293000089703128,0.0004999892553314567,23.686199987423606,31.166599990683608,0
1134,d_validation_1920_1080_daylight_2,7.420299996738322,23.88430001155939,0.8002999966265634,0.18449999333824962,24.869100001524203,32.289399998262525,1
1135,d_validation_1920_1080_daylight_2,6.8802000023424625,22.526500004460104,0.5957999965175986,0.0007999915396794677,23.123099992517382,30.003299994859844,0
1136,d_validation_1920_1080_daylight_2,7.324600010178983,22.228199988603592,0.5858000076841563,0.000300002284348011,22.814299998572096,30.13890000875108,0
1137,d_validation_1920_1080_daylight_2,6.88419998914469,22.816400000010617,0.5479000101331621,0.0004999892553314567,23.36479999939911,30.2489999885438,0
1138,d_validation_1920_1080_daylight_2,7.279000012204051,20.929399994201958,0.46999999904073775,0.000300002284348011,21.399699995527044,28.678700007731095,0
1139,d_validation_1920_1080_daylight_2,6.91470000310801,22.94629999960307,0.4445999948075041,0.000200001522898674,23.391099995933473,30.305799999041483,0
1140,d_validation_1920_1080_daylight_2,6.923199995071627,20.977600011974573,0.3214999887859449,0.000200001522898674,21.299300002283417,28.222499997355044,0
1141,d_validation_1920_1080_daylight_2,6.709200009936467,20.463499997276813,0.603599997702986,0.18139999883715063,21.24849999381695,27.957700003753416,1
1142,d_validation_1920_1080_daylight_2,7.631100001162849,22.067199999582954,0.8745999948587269,0.19120000069960952,23.13299999514129,30.76409999630414,1
1143,d_validation_1920_1080_daylight_2,7.650100000319071,21.75379999971483,0.6463000026997179,0.17680000746622682,22.576900009880774,30.227000010199845,1
1144,d_validation_1920_1080_daylight_2,6.598699997994117,22.671700004138984,0.3077000001212582,0.000600004568696022,22.980000008828938,29.578700006823055,0
1145,d_validation_1920_1080_daylight_2,6.067599999369122,18.582599994260818,0.415000002249144,0.000300002284348011,18.99789999879431,25.065499998163432,0
1146,d_validation_1920_1080_daylight_2,5.981499998597428,20.705100003397092,0.2813000028254464,0.000200001522898674,20.986600007745437,26.968100006342866,0
1147,d_validation_1920_1080_daylight_2,6.497099995613098,19.412599998759106,0.5027000006521121,0.1810000103432685,20.096300009754486,26.593400005367585,1
1148,d_validation_1920_1080_daylight_2,7.460900000296533,21.41950000077486,0.31550000130664557,0.0008999923011288047,21.735899994382635,29.196799994679168,0
1149,d_validation_1920_1080_daylight_2,7.302199999685399,22.480799991171807,0.6184999947436154,0.19090001296717674,23.2901999988826,30.592399998568,1
1150,d_validation_1920_1080_daylight_2,7.6027999893995,23.75469999969937,0.6997000018600374,0.338099998771213,24.79250000033062,32.39529998973012,3
1151,d_validation_1920_1080_daylight_2,7.67400000768248,21.764999997685663,0.5073000065749511,0.25719999393913895,22.529499998199753,30.203500005882233,2
1152,d_validation_1920_1080_daylight_2,7.389399994281121,20.58270000270568,0.6055999983800575,0.3378000110387802,21.526100012124516,28.915500006405637,3
1153,d_validation_1920_1080_daylight_2,6.470599997555837,20.835300005273893,0.6135000003268942,0.2843999973265454,21.733200002927333,28.20380000048317,2
1154,d_validation_1920_1080_daylight_2,7.3502000013832,22.4960000050487,0.6833999941591173,0.338400001055561,23.517800000263378,30.86800000164658,3
1155,d_validation_1920_1080_daylight_2,7.867299995268695,21.958400000585243,0.5076000088592991,0.1770999951986596,22.643100004643202,30.510399999911897,1
1156,d_validation_1920_1080_daylight_2,7.1453999989898875,23.000100001809187,0.35339999885763973,0.000800006091594696,23.35430000675842,30.49970000574831,0
1157,d_validation_1920_1080_daylight_2,7.6323999965097755,22.20089999900665,0.6491999956779182,0.19260001135990024,23.04270000604447,30.675100002554245,1
1158,d_validation_1920_1080_daylight_2,7.469999996828847,22.66560000134632,0.32979999377857894,0.000700005330145359,22.996100000455044,30.46609999728389,0
1159,d_validation_1920_1080_daylight_2,6.886199989821762,20.750600000610575,0.3176000027451664,0.000300002284348011,21.06850000564009,27.95469999546185,0
1160,d_validation_1920_1080_daylight_2,6.358099999488331,20.096899999771267,0.23370000417344272,0.000300002284348011,20.330900006229058,26.68900000571739,0
1161,d_validation_1920_1080_daylight_2,6.245299999136478,21.055999997770414,0.4545999981928617,0.3338999958941713,21.844499991857447,28.089799990993924,3
1162,d_validation_1920_1080_daylight_2,6.735100003425032,22.44099999370519,0.3161000058753416,0.0012999953469261527,22.75839999492746,29.49349999835249,0
1163,d_validation_1920_1080_daylight_2,7.033399990177713,22.337800008244812,0.2965000021504238,0.00039998849388211966,22.63469999888912,29.66809998906683,0
1164,d_validation_1920_1080_daylight_2,7.041599994408898,20.640700007788837,0.23019999207463115,0.000200001522898674,20.871100001386367,27.912699995795265,0
1165,d_validation_1920_1080_daylight_2,6.219400005647913,20.66259999992326,0.22950000129640102,0.00029998773243278265,20.892399988952093,27.111799994600005,0
1166,d_validation_1920_1080_daylight_2,6.557300002896227,20.74670000001788,0.2852000034181401,0.000300002284348011,21.03220000572037,27.589500008616596,0
1167,d_validation_1920_1080_daylight_2,7.459300002665259,22.32699999876786,0.2859999949578196,0.000300002284348011,22.613299996010028,30.072599998675287,0
1168,d_validation_1920_1080_daylight_2,7.196599995950237,20.956199994543567,0.2232000115327537,0.000300002284348011,21.17970000836067,28.376300004310906,0
1169,d_validation_1920_1080_daylight_2,6.429000000935048,19.981199991889298,0.29170000925660133,0.000300002284348011,20.273200003430247,26.702200004365295,0
1170,d_validation_1920_1080_daylight_2,7.210700001451187,19.45700000214856,0.225499999942258,0.00019998697098344564,19.682699989061803,26.89339999051299,0
1171,d_validation_1920_1080_daylight_2,6.4205999951809645,19.84959999390412,0.21920001017861068,0.00029998773243278265,20.069099991815165,26.48969998699613,0
1172,d_validation_1920_1080_daylight_2,6.298899999819696,20.13489999808371,0.28560000646393746,0.000300002284348011,20.420800006831996,26.719700006651692,0
1173,d_validation_1920_1080_daylight_2,7.085999997798353,22.237099998164922,0.2941999991890043,0.000200001522898674,22.531499998876825,29.61749999667518,0
1174,d_validation_1920_1080_daylight_2,7.120099995518103,21.731100001488812,0.22279999393504113,0.000200001522898674,21.954099996946752,29.074199992464855,0
1175,d_validation_1920_1080_daylight_2,6.187599996337667,20.80980000027921,0.42830000165849924,0.1829000102588907,21.4210000121966,27.608600008534268,1
1176,d_validation_1920_1080_daylight_2,7.314300004509278,21.411499998066574,0.46070000098552555,0.17359999765176326,22.045799996703863,29.36010000121314,1
1177,d_validation_1920_1080_daylight_2,7.364000004599802,21.482199997990392,0.381499994546175,0.000900006853044033,21.86459999938961,29.228600003989413,0
1178,d_validation_1920_1080_daylight_2,6.675099997664802,20.269899992854334,0.2334000018890947,0.000200001522898674,20.503499996266328,27.17859999393113,0
1179,d_validation_1920_1080_daylight_2,5.098499997984618,21.2825999915367,0.670600013108924,0.4817000008188188,22.434900005464442,27.53340000344906,5
1180,d_validation_1920_1080_daylight_2,6.109099995228462,20.121199995628558,0.2564000023994595,0.001300009898841381,20.37890000792686,26.48800000315532,0
1181,d_validation_1920_1080_daylight_2,5.717099993489683,20.559600001433864,0.2514999941922724,0.000300002284348011,20.811399997910485,26.528499991400167,0
1182,d_validation_1920_1080_daylight_2,5.595700000412762,22.008400002960116,0.22929999977350235,0.000300002284348011,22.238000005017966,27.833700005430728,0
1183,d_validation_1920_1080_daylight_2,5.700099995010532,20.419200009200722,0.2330999996047467,0.00029998773243278265,20.6525999965379,26.352699991548434,0
1184,d_validation_1920_1080_daylight_2,5.866200008313172,20.703199988929555,0.41390000842511654,0.19249999604653567,21.309599993401207,27.17580000171438,1
1185,d_validation_1920_1080_daylight_2,6.251500002690591,21.895400001085363,0.20429999858606607,0.000500003807246685,22.100200003478676,28.351700006169267,0
1186,d_validation_1920_1080_daylight_2,5.8625000092433766,21.8270999903325,0.4732000088552013,0.19459999748505652,22.494899996672757,28.357400005916134,1
1187,d_validation_1920_1080_daylight_2,6.452999994507991,22.543600003700703,0.2548999909777194,0.000600004568696022,22.79909999924712,29.25209999375511,0
1188,d_validation_1920_1080_daylight_2,5.8642000076361,22.26179999706801,0.23119999968912452,0.000300002284348011,22.493299999041483,28.357500006677583,0
1189,d_validation_1920_1080_daylight_2,6.36129999475088,22.7288000023691,0.22479999461211264,0.000300002284348011,22.95389999926556,29.31519999401644,0
1190,d_validation_1920_1080_daylight_2,6.141700010630302,20.162799992249347,0.22300001000985503,0.00029998773243278265,20.386099989991635,26.527800000621937,0
1191,d_validation_1920_1080_daylight_2,6.317399995168671,22.463400004198775,0.17469999147579074,0.000300002284348011,22.638399997958913,28.955799993127584,0
1192,d_validation_1920_1080_daylight_2,5.788900001789443,23.284199996851385,0.22420000459533185,0.000200001522898674,23.508600002969615,29.29750000475906,0
1193,d_validation_1920_1080_daylight_2,6.465600003139116,22.509700007503852,0.18869999621529132,0.000300002284348011,22.69870000600349,29.164300009142607,0
1194,d_validation_1920_1080_daylight_2,6.416600008378737,23.381499995593913,0.15940000594127923,0.000200001522898674,23.54110000305809,29.957700011436827,0
1195,d_validation_1920_1080_daylight_2,5.765399997471832,18.935700005386025,0.155999994603917,0.000300002284348011,19.09200000227429,24.85739999974612,0
1196,d_validation_1920_1080_daylight_2,5.377899986342527,22.623600001679733,0.1908000122057274,0.0004999892553314567,22.814900003140792,28.19279998948332,0
1197,d_validation_1920_1080_daylight_2,5.735099999583326,22.48689999396447,0.2027000009547919,0.000400003045797348,22.68999999796506,28.425099997548386,0
1198,d_validation_1920_1080_daylight_2,5.466100003104657,21.800799993798137,0.15690000145696104,0.000200001522898674,21.957899996777996,27.423999999882653,0
1199,d_validation_1920_1080_daylight_2,5.389799989643507,19.482000003335997,0.32210000790655613,0.18799999088514596,19.9921000021277,25.381899991771206,1
1200,d_validation_1920_1080_daylight_2,5.823700004839338,20.84169999579899,0.22780000290367752,0.0007999915396794677,21.070299990242347,26.893999995081685,0
1201,d_validation_1920_1080_daylight_2,5.905400001211092,20.60920000076294,0.42549999488983303,0.5927000020164996,21.627399997669272,27.532799998880364,7
1202,d_validation_1920_1080_daylight_2,5.770399991888553,22.434099999372847,0.4572000034386292,0.1740000006975606,23.065300003509037,28.83569999539759,1
1203,d_validation_1920_1080_daylight_2,5.738400010159239,21.309000003384426,0.4786999925272539,0.1773999974830076,21.965099993394688,27.703500003553927,1
1204,d_validation_1920_1080_daylight_2,5.930599989369512,22.545300002093427,0.47650000487919897,0.1765000051818788,23.198300012154505,29.128900001524016,1
1205,d_validation_1920_1080_daylight_2,5.840400001034141,22.504200009279884,0.2761999930953607,0.000700005330145359,22.78110000770539,28.62150000873953,0
1206,d_validation_1920_1080_daylight_2,6.645200002822094,22.084199998062104,0.2162000018870458,0.000200001522898674,22.30060000147205,28.945800004294142,0
1207,d_validation_1920_1080_daylight_2,6.496400004834868,19.9329999886686,0.2136999974027276,0.000200001522898674,20.146899987594225,26.643299992429093,0
1208,d_validation_1920_1080_daylight_2,5.848300002980977,19.48209998954553,0.2032000047620386,0.000200001522898674,19.68549999583047,25.533799998811446,0
1209,d_validation_1920_1080_daylight_2,6.003500006045215,21.77059999667108,0.2099999983329326,0.000300002284348011,21.98089999728836,27.984400003333576,0
1210,d_validation_1920_1080_daylight_2,5.958600013400428,20.8882999868365,0.2610000083222985,0.000200001522898674,21.149499996681698,27.108100010082126,0
1211,d_validation_1920_1080_daylight_2,6.969900001422502,22.46259999810718,0.2089000045089051,0.000300002284348011,22.671800004900433,29.641700006322935,0
1212,d_validation_1920_1080_daylight_2,6.5341000008629635,19.792699997196905,0.16820000018924475,0.000200001522898674,19.96109999890905,26.495199999772012,0
1213,d_validation_1920_1080_daylight_2,5.921100004343316,21.08839999709744,0.512800004798919,0.43819998973049223,22.03939999162685,27.960499995970167,4
1214,d_validation_1920_1080_daylight_2,6.604099995456636,22.591100001591258,0.5726000090362504,0.45739999040961266,23.62110000103712,30.225199996493757,4
1215,d_validation_1920_1080_daylight_2,6.889600001159124,21.302200009813532,0.38810000114608556,0.0018999999156221747,21.69220001087524,28.581800012034364,0
1216,d_validation_1920_1080_daylight_2,6.859899993287399,22.30170000984799,0.29719999292865396,0.000300002284348011,22.599200005060993,29.459099998348393,0
1217,d_validation_1920_1080_daylight_2,7.335000002058223,21.851799989235587,0.5624000041279942,0.19530000281520188,22.609499996178783,29.944499998237006,1
1218,d_validation_1920_1080_daylight_2,7.341999997152016,22.943900010432117,0.374700000975281,0.0007999915396794677,23.319400002947077,30.661400000099093,0
1219,d_validation_1920_1080_daylight_2,7.1658000088064,22.72399999492336,0.6241999944904819,0.4202999989502132,23.768499988364056,30.934299997170456,4
1220,d_validation_1920_1080_daylight_2,7.407400000374764,21.9684000039706,0.6774999928893521,0.1934000028995797,22.839299999759533,30.246700000134297,1
1221,d_validation_1920_1080_daylight_2,7.117300003301352,22.60329999262467,0.710000007529743,0.2646999928401783,23.57799999299459,30.695299996295944,2
1222,d_validation_1920_1080_daylight_2,7.218200000352226,22.52240000234451,0.3490999952191487,0.00100000761449337,22.872500005178154,30.09070000553038,0
1223,d_validation_1920_1080_daylight_2,7.248599999002181,21.21869999973569,0.5347000114852563,0.1821999903768301,21.935600001597777,29.184200000599958,1
1224,d_validation_1920_1080_daylight_2,6.980699996347539,21.606000009342097,0.592500000493601,0.6049999938113615,22.80350000364706,29.7841999999946,6
1225,d_validation_1920_1080_daylight_2,7.503800006816164,22.425899995141663,0.9267999994335696,0.28310000197961926,23.63579999655485,31.139600003371015,2
1226,d_validation_1920_1080_daylight_2,7.819099992047995,23.61699999892153,0.40699999954085797,0.000800006091594696,24.02480000455398,31.843899996601976,0
1227,d_validation_1920_1080_daylight_2,6.333500001346692,21.008700001402758,0.43590000132098794,0.000400003045797348,21.445000005769543,27.778500007116236,0
1228,d_validation_1920_1080_daylight_2,7.385199991404079,22.42580000893213,0.43659999209921807,0.000200001522898674,22.862600002554245,30.247799993958324,0
1229,d_validation_1920_1080_daylight_2,6.74789999902714,22.237099998164922,0.4298999992897734,0.000300002284348011,22.667299999739043,29.415199998766184,0
1230,d_validation_1920_1080_daylight_2,7.155300001613796,22.398200002498925,0.4318999999668449,0.000300002284348011,22.830400004750118,29.985700006363913,0
1231,d_validation_1920_1080_daylight_2,7.277900003828108,20.45409999846015,0.599899998633191,0.18519999866839498,21.239199995761737,28.517099999589846,1
1232,d_validation_1920_1080_daylight_2,6.734900001902133,22.373300002072938,0.4363999905763194,0.000800006091594696,22.810499998740852,29.545400000642985,0
1233,d_validation_1920_1080_daylight_2,7.043899997370318,20.513800001936033,0.3639999922597781,0.000300002284348011,20.87809999648016,27.921999993850477,0
1234,d_validation_1920_1080_daylight_2,7.436500003677793,21.438399999169633,0.5304999940562993,0.17640000442042947,22.14529999764636,29.581800001324154,1
1235,d_validation_1920_1080_daylight_2,7.098499991116114,20.733600002131425,0.3515999997034669,0.000600004568696022,21.085800006403588,28.1842999975197,0
1236,d_validation_1920_1080_daylight_2,5.785700006526895,18.345899996347725,0.589400005992502,0.38810000114608556,19.323400003486313,25.109100010013208,4
1237,d_validation_1920_1080_daylight_2,6.92430000344757,21.972699993057176,0.6229999999050051,0.40940000326372683,23.00509999622591,29.92939999967348,4
1238,d_validation_1920_1080_daylight_2,7.2170999919762835,19.081100006587803,0.33659998734947294,0.001500011421740055,19.419200005359016,26.6362999973353,0
1239,d_validation_1920_1080_daylight_2,6.553899991558865,21.209700003964826,0.6513999978778884,0.27829999453388155,22.139399996376596,28.69329998793546,3
1240,d_validation_1920_1080_daylight_2,7.660500006750226,21.096700002090074,0.3456999984337017,0.0008999923011288047,21.443299992824905,29.10379999957513,0
1241,d_validation_1920_1080_daylight_2,6.654600001638755,20.631899998988956,0.48680001054890454,0.000200001522898674,21.11890001106076,27.773500012699515,0
1242,d_validation_1920_1080_daylight_2,6.431799993151799,20.25500001036562,0.9762999980011955,0.35289999505039304,21.58420000341721,28.015999996569008,3
1243,d_validation_1920_1080_daylight_2,7.289799992577173,22.36460000858642,0.9989999962272123,0.3519000019878149,23.71550000680145,31.00529999937862,3
1244,d_validation_1920_1080_daylight_2,6.953799995244481,21.11880001029931,0.39169999945443124,0.0007999915396794677,21.51130000129342,28.4650999965379,0
1245,d_validation_1920_1080_daylight_2,6.4615000010235235,21.07560000149533,0.9528000082354993,0.2724999940255657,22.300900003756396,28.76240000477992,2
1246,d_validation_1920_1080_daylight_2,7.08729999314528,21.83789999980945,0.7072000007610768,0.25379999715369195,22.79889999772422,29.8861999908695,2
1247,d_validation_1920_1080_daylight_2,6.858099994133227,21.711399997002445,0.43119999463669956,0.000800006091594696,22.14339999773074,29.001499991863966,0
1248,d_validation_1920_1080_daylight_2,5.427600000984967,20.33590000064578,0.3563000063877553,0.000200001522898674,20.692400008556433,26.1200000095414,0
1249,d_validation_1920_1080_daylight_2,6.730300010531209,21.571299992501736,0.3642999945441261,0.000200001522898674,21.93579998856876,28.66609999909997,0
1250,d_validation_1920_1080_daylight_2,6.132700000307523,20.193100004689768,0.6604999944102019,0.21120000747032464,21.064800006570294,27.197500006877817,1
1251,d_validation_1920_1080_daylight_2,7.071199986967258,22.663200012175366,0.9313999908044934,0.46180000936146826,24.056400012341328,31.127599999308586,4
1252,d_validation_1920_1080_daylight_2,7.130700003472157,22.410500008845702,0.4822999908355996,0.0015999976312741637,22.894399997312576,30.025100000784732,0
1253,d_validation_1920_1080_daylight_2,7.357500013313256,21.021900000050664,0.3423999878577888,0.000300002284348011,21.3645999901928,28.722100003506057,0
1254,d_validation_1920_1080_daylight_2,6.75089999276679,22.579700002097525,0.9552999981679022,0.46690000453963876,24.001900004805066,30.752799997571856,4
1255,d_validation_1920_1080_daylight_2,7.381000003078952,21.7246999964118,0.7101000082911924,0.32730000384617597,22.76210000854917,30.14310001162812,3
1256,d_validation_1920_1080_daylight_2,6.9931000034557655,19.217199995182455,0.7661000126972795,0.3273999900557101,20.310699997935444,27.30380000139121,3
1257,d_validation_1920_1080_daylight_2,6.099999998696148,21.428599997307174,0.5441999965114519,0.0011999945854768157,21.973999988404103,28.07399998710025,0
1258,d_validation_1920_1080_daylight_2,6.378000005497597,19.39569998648949,0.6485000048996881,0.26980000257026404,20.313999993959442,26.69199999945704,2
1259,d_validation_1920_1080_daylight_2,6.569400007720105,22.80909998808056,1.026900004944764,0.29930000891909003,24.135300001944415,30.70470000966452,2
1260,d_validation_1920_1080_daylight_2,6.612500001210719,22.594299996853806,0.7728999917162582,0.2668000088306144,23.63399999740068,30.246499998611398,2
1261,d_validation_1920_1080_daylight_2,6.665900000371039,23.52769998833537,1.0117000056197867,0.28870000096503645,24.828099994920194,31.493999995291233,2
1262,d_validation_1920_1080_daylight_2,6.407399996533059,23.04539999749977,0.7679000118514523,0.33460000122431666,24.14790001057554,30.5553000071086,3
1263,d_validation_1920_1080_daylight_2,6.567800010088831,22.860600001877174,1.0665999870980158,0.3395000094315037,24.266699998406693,30.834500008495525,3
1264,d_validation_1920_1080_daylight_2,6.497399997897446,19.787400000495836,0.7583999977214262,0.2494000073056668,20.79520000552293,27.292600003420375,2
1265,d_validation_1920_1080_daylight_2,6.24269999389071,22.918500006198883,1.0018999892054126,0.2911000046879053,24.2115000000922,30.45419999398291,2
1266,d_validation_1920_1080_daylight_2,6.144599989056587,21.506800010683946,0.6919000006746501,0.17299999308306724,22.371700004441664,28.51629999349825,1
1267,d_validation_1920_1080_daylight_2,6.334999998216517,20.90630000748206,0.7385999924736097,0.28730000485666096,21.93220000481233,28.267200003028847,2
1268,d_validation_1920_1080_daylight_2,6.555800006026402,20.327199992607348,0.6958000012673438,0.3100000030826777,21.33299999695737,27.88880000298377,2
1269,d_validation_1920_1080_daylight_2,6.37460000871215,20.94000000215601,0.6181999924592674,0.21129999367985874,21.769499988295138,28.144099997007288,1
1270,d_validation_1920_1080_daylight_2,6.6393000015523285,20.49579999584239,0.7388999947579578,0.19380000594537705,21.428499996545725,28.067799998098053,1
1271,d_validation_1920_1080_daylight_2,6.205500001669861,21.18769999651704,0.5744999943999574,0.2531000063754618,22.01529999729246,28.22079999896232,2
1272,d_validation_1920_1080_daylight_2,6.189600011566654,22.534399991855025,0.9374000073876232,0.5435999919427559,24.015399991185404,30.205000002752058,6
1273,d_validation_1920_1080_daylight_2,6.812599996919744,22.509999995236285,0.42860000394284725,0.0022000021999701858,22.940800001379102,29.753399998298846,0
1274,d_validation_1920_1080_daylight_2,6.710299989208579,19.998000003397465,0.404200007324107,0.00029998773243278265,20.402499998454005,27.112799987662584,0
1275,d_validation_1920_1080_daylight_2,7.992700004251674,20.968999990145676,0.2817000058712438,0.000300002284348011,21.250999998301268,29.24370000255294,0
1276,d_validation_1920_1080_daylight_2,6.965200009290129,20.291399996494874,0.548800002434291,0.1784999913070351,21.0186999902362,27.98389999952633,1
1277,d_validation_1920_1080_daylight_2,8.363200002349913,21.66379999835044,0.5258000019239262,0.20889998995698988,22.398499990231358,30.76169999258127,1
1278,d_validation_1920_1080_daylight_2,7.9674000007798895,22.48320000944659,0.7474000012734905,0.19269999756943434,23.423300008289516,31.390700009069405,1
1279,d_validation_1920_1080_daylight_2,8.0790999927558,22.005500009981915,0.5078999965917319,0.2013000048464164,22.714700011420064,30.793800004175864,1
1280,d_validation_1920_1080_daylight_2,7.399599999189377,21.23530000972096,0.264899994363077,0.000700005330145359,21.50090000941418,28.900500008603558,0
1281,d_validation_1920_1080_daylight_2,6.131200003437698,19.224999996367842,0.4397000011522323,0.000300002284348011,19.664999999804422,25.79620000324212,0
1282,d_validation_1920_1080_daylight_2,6.547600001795217,19.974999988335185,0.251300007221289,0.000300002284348011,20.22659999784082,26.77419999963604,0
1283,d_validation_1920_1080_daylight_2,6.3790000131120905,19.285699992906302,0.2347999979974702,0.000200001522898674,19.52069999242667,25.89970000553876,0
1284,d_validation_1920_1080_daylight_2,6.268800003454089,20.927299992763437,0.30050000350456685,0.000300002284348011,21.228099998552352,27.49690000200644,0
1285,d_validation_1920_1080_daylight_2,7.242200008477084,22.38779999606777,0.3012000088347122,0.00029998773243278265,22.689299992634915,29.931500001112,0
1286,d_validation_1920_1080_daylight_2,6.832999992184341,21.820699999807402,0.21120000747032464,0.00019998697098344564,22.03209999424871,28.86509998643305,0
1287,d_validation_1920_1080_daylight_2,7.241700004669838,20.62889999069739,0.20629999926313758,0.000300002284348011,20.835499992244877,28.077199996914715,0
1288,d_validation_1920_1080_daylight_2,6.498699993244372,23.60420000331942,0.23489999875891954,0.000200001522898674,23.839300003601238,30.33799999684561,0
1289,d_validation_1920_1080_daylight_2,7.432200000039302,24.11759999813512,0.5504000000655651,0.7943000091472641,25.46230000734795,32.89450000738725,4
1290,d_validation_1920_1080_daylight_2,7.205599991721101,19.805000003543682,0.5071000050520524,0.3887999919243157,20.70090000052005,27.90649999224115,4
1291,d_validation_1920_1080_daylight_2,7.784600005834363,21.03079999506008,0.5573999951593578,0.8778000046731904,22.465999994892627,30.25060000072699,5
1292,d_validation_1920_1080_daylight_2,8.20600001316052,22.47719999286346,0.4467999970074743,0.0017999991541728377,22.92579998902511,31.131800002185628,0
1293,d_validation_1920_1080_daylight_2,7.6333000033628196,22.291799992672168,0.741399999242276,0.3386000025784597,23.371799994492903,31.005099997855723,3
1294,d_validation_1920_1080_daylight_2,7.603599995491095,21.36929999687709,0.6244000105652958,0.38309999217744917,22.376799999619834,29.98039999511093,4
1295,d_validation_1920_1080_daylight_2,8.03779999841936,21.142099998542108,0.6943000043975189,0.5418999935500324,22.37829999648966,30.41609999490902,6
1296,d_validation_1920_1080_daylight_2,7.97700000111945,22.262800004682504,1.0275999957229942,0.5301000055624172,23.820500005967915,31.797500007087365,5
1297,d_validation_1920_1080_daylight_2,7.4536999891279265,20.813800001633354,0.8233999978983775,0.5305000086082146,22.167700008139946,29.621399997267872,6
1298,d_validation_1920_1080_daylight_2,6.746800005203113,22.67740000388585,1.0994999902322888,0.2955000090878457,24.072400003205985,30.819200008409098,2
1299,d_validation_1920_1080_daylight_2,7.3275000031571835,23.03300000494346,1.1298000026727095,0.4287999909138307,24.59159999853,31.919100001687184,2
1300,d_validation_1920_1080_daylight_2,7.242400009999983,21.80789998965338,1.1474000057205558,0.3544999926816672,23.3097999880556,30.552199998055585,2
1301,d_validation_1920_1080_daylight_2,7.831499999156222,22.672599996440113,1.2119000020902604,0.3473000106168911,24.231800009147264,32.063300008303486,3
1302,d_validation_1920_1080_daylight_2,7.840499994927086,22.35810000274796,0.9299999946961179,0.397100011468865,23.685200008912943,31.52570000384003,4
1303,d_validation_1920_1080_daylight_2,7.638700000825338,22.29960000840947,1.335499997367151,0.4811999970115721,24.116300002788194,31.75500000361353,5
1304,d_validation_1920_1080_daylight_2,7.668299993383698,20.554300004732795,1.3636999938171357,0.47300000733230263,22.391000005882233,30.05929999926593,5
1305,d_validation_1920_1080_daylight_2,7.335100002819672,22.603400007938035,1.3762999878963456,0.4668000037781894,24.44649999961257,31.781600002432242,5
1306,d_validation_1920_1080_daylight_2,7.2851000004448,22.655199994915165,1.5020999999251217,0.5052000051364303,24.662499999976717,31.947600000421517,5
1307,d_validation_1920_1080_daylight_2,7.221199994091876,22.548099994310178,1.6996000049402937,0.6049000076018274,24.8526000068523,32.073800000944175,7
1308,d_validation_1920_1080_daylight_2,7.364099990809336,20.990799996070564,1.1738000030163676,0.17780000052880496,22.342399999615736,29.706499990425073,1
1309,d_validation_1920_1080_daylight_2,7.002900005318224,21.19519999541808,1.1635999981081113,0.2719000040087849,22.630699997534975,29.6336000028532,2
1310,d_validation_1920_1080_daylight_2,7.112900013453327,20.630799990613014,1.6519000055268407,0.20989999757148325,22.492599993711337,29.605500007164665,1
1311,d_validation_1920_1080_daylight_2,7.1339999994961545,22.33659999910742,0.6996000010985881,0.000700005330145359,23.036900005536154,30.17090000503231,0
1312,d_validation_1920_1080_daylight_2,6.101399994804524,20.207900000968948,1.8440999992890283,0.5391000013332814,22.591100001591258,28.69249999639578,6
1313,d_validation_1920_1080_daylight_2,6.870500001241453,20.74420001008548,1.7360999918309972,0.2852000034181401,22.765500005334616,29.63600000657607,1
1314,d_validation_1920_1080_daylight_2,6.415600000764243,21.95670000219252,0.658300006762147,0.0006999907782301307,22.615699999732897,29.03130000049714,0
1315,d_validation_1920_1080_daylight_2,6.506599995191209,20.334400003775954,1.2321999965934083,0.17850000585895032,21.745100006228313,28.251700001419522,1
1316,d_validation_1920_1080_daylight_2,6.887399998959154,22.277099997154437,1.2695000041276217,0.2700999903026968,23.816699991584755,30.70409999054391,2
1317,d_validation_1920_1080_daylight_2,7.341799995629117,23.52170000085607,0.9619999909773469,0.00100000761449337,24.484699999447912,31.82649999507703,0
1318,d_validation_1920_1080_daylight_2,6.59829999494832,22.091499995440245,1.7902000108733773,0.22190000163391232,24.103600007947534,30.701900002895854,1
1319,d_validation_1920_1080_daylight_2,6.827299992437474,22.344400000292808,0.6812000065110624,0.000700005330145359,23.026300012134016,29.85360000457149,0
1320,d_validation_1920_1080_daylight_2,5.283899998175912,23.48780000465922,0.7002999918768182,0.000200001522898674,24.188299998058937,29.47219999623485,0
1321,d_validation_1920_1080_daylight_2,7.095299995853566,20.612000007531606,1.2934999977005646,0.21319999359548092,22.11869999882765,29.213999994681217,1
1322,d_validation_1920_1080_daylight_2,8.118600002489984,22.139699998660944,0.6428000051528215,0.0006999907782301307,22.783199994591996,30.90179999708198,0
1323,d_validation_1920_1080_daylight_2,7.462299996404909,23.187600003439,1.5912999951979145,0.19440001051407307,24.97330000915099,32.4356000055559,1
1324,d_validation_1920_1080_daylight_2,7.467100003850646,20.84300000569783,1.191799994558096,0.338700003339909,22.373500003595836,29.840600007446483,3
1325,d_validation_1920_1080_daylight_2,7.288700013305061,21.085000000311993,1.6710999916540459,0.27859999681822956,23.03469998878427,30.32340000208933,2
1326,d_validation_1920_1080_daylight_2,6.742500001564622,22.568099986528978,1.6132000018842518,0.19160000374540687,24.372899992158636,31.11539999372326,1
1327,d_validation_1920_1080_daylight_2,6.543600000441074,22.62699999846518,1.5853999939281493,0.4099999932805076,24.622399985673837,31.16599998611491,4
1328,d_validation_1920_1080_daylight_2,7.383299991488457,22.60510000633076,1.4469000016106293,0.19359998987056315,24.24559999781195,31.628899989300407,1
1329,d_validation_1920_1080_daylight_2,7.300099998246878,22.674299994832836,1.446199996280484,0.34440000308677554,24.464899994200096,31.764999992446974,3
1330,d_validation_1920_1080_daylight_2,6.820100010372698,22.745099995518103,0.8630999946035445,0.001300009898841381,23.60950000002049,30.429600010393187,0
1331,d_validation_1920_1080_daylight_2,7.091799998306669,23.394400006509386,1.3949999993201345,0.43000000005122274,25.219400005880743,32.31120000418741,2
1332,d_validation_1920_1080_daylight_2,7.401200011372566,23.233599989907816,1.5413000073749572,0.4594999918481335,25.234399989130907,32.63560000050347,5
1333,d_validation_1920_1080_daylight_2,7.7351000072667375,21.586599992588162,0.5419000081019476,0.0018999999156221747,22.130400000605732,29.86550000787247,0
1334,d_validation_1920_1080_daylight_2,6.305399991106242,22.365600001649,0.7676999957766384,0.000400003045797348,23.133700000471435,29.439099991577677,0
1335,d_validation_1920_1080_daylight_2,7.687300007091835,22.94110000366345,0.7347999926423654,0.000300002284348011,23.676199998590164,31.363500005682,0
1336,d_validation_1920_1080_daylight_2,8.092799995210953,20.421000008354895,0.9316999930888414,0.7105000113369897,22.063200012780726,30.15600000799168,6
1337,d_validation_1920_1080_daylight_2,6.92650000564754,19.975500006694347,0.9360999974887818,0.4616999940481037,21.373299998231232,28.299800003878772,4
1338,d_validation_1920_1080_daylight_2,6.994899988058023,22.272500005783513,1.2358999956632033,0.41360000614076853,23.922000007587485,30.916899995645508,4
1339,d_validation_1920_1080_daylight_2,7.131300008040853,23.89769999717828,1.2694000033661723,0.42660000326577574,25.593700003810227,32.72500001185108,4
1340,d_validation_1920_1080_daylight_2,6.995500007178634,22.326699996483512,1.3332000089576468,0.3327999875182286,23.992699992959388,30.988200000138022,3
1341,d_validation_1920_1080_daylight_2,6.859999994048849,21.34200000728015,0.8932999917306006,0.2542000001994893,22.48949999921024,29.349499993259087,2
1342,d_validation_1920_1080_daylight_2,6.762499993783422,21.57680000527762,0.46150000707712024,0.0009999930625781417,22.039300005417317,28.80179999920074,0
1343,d_validation_1920_1080_daylight_2,6.515799992484972,22.224300002562813,1.1767999967560172,0.19800000882241875,23.59910000814125,30.11490000062622,1
1344,d_validation_1920_1080_daylight_2,6.884399990667589,20.330900006229058,0.8340000058524311,0.1742999884299934,21.339200000511482,28.22359999117907,1
1345,d_validation_1920_1080_daylight_2,6.58800000383053,22.55749999312684,1.1854000040329993,0.2702000056160614,24.0131000027759,30.60110000660643,2
1346,d_validation_1920_1080_daylight_2,7.35089999216143,21.21340000303462,0.9261999948648736,0.4512000014074147,22.59079999930691,29.94169999146834,5
1347,d_validation_1920_1080_daylight_2,7.704300005570985,22.13909999409225,0.9497000137344003,0.32759999157860875,23.416399999405257,31.120700004976243,3
1348,d_validation_1920_1080_daylight_2,7.171999997808598,21.93950000219047,0.9341999975731596,0.25260000256821513,23.126300002331845,30.298300000140443,2
1349,d_validation_1920_1080_daylight_2,7.005700012086891,20.76489999308251,1.0048999974969774,0.31790000502951443,22.087699995609,29.09340000769589,4
1350,d_validation_1920_1080_daylight_2,6.5996000048471615,20.994799997424707,1.3906999956816435,0.2965000021504238,22.681999995256774,29.281600000103936,2
1351,d_validation_1920_1080_daylight_2,7.4828999931924045,22.025400001439266,0.9787000017240644,0.18190000264439732,23.186000005807728,30.668899999000132,1
1352,d_validation_1920_1080_daylight_2,7.256600001710467,21.91359999414999,1.4280000032158569,0.3423000016482547,23.683899999014102,30.94050000072457,3
1353,d_validation_1920_1080_daylight_2,7.3259999917354435,22.58360000269022,1.4755000011064112,0.3440000000409782,24.403100003837608,31.72909999557305,3
1354,d_validation_1920_1080_daylight_2,7.452600009855814,20.32599999802187,1.1247999937040731,0.45930000487715006,21.910099996603094,29.36270000645891,5
1355,d_validation_1920_1080_daylight_2,6.9817000039620325,21.508499994524755,1.0756999981822446,0.3217000048607588,22.905899997567758,29.88760000152979,2
1356,d_validation_1920_1080_daylight_2,7.098800007952377,21.341899991966784,0.6342999986372888,0.000800006091594696,21.976999996695668,29.075800004648045,0
1357,d_validation_1920_1080_daylight_2,6.292000005487353,21.691200003260747,1.5266999980667606,0.414699999964796,23.632600001292303,29.924600006779656,4
1358,d_validation_1920_1080_daylight_2,6.769699990400113,22.87530001194682,0.9147999953711405,0.0011999945854768157,23.791300001903437,30.56099999230355,0
1359,d_validation_1920_1080_daylight_2,6.84950000140816,19.710399996256456,1.0715999960666522,0.34579999919515103,21.12779999151826,27.97729999292642,3
1360,d_validation_1920_1080_daylight_2,7.100000002537854,22.105399999418296,1.0729000059654936,0.18289999570697546,23.361200001090765,30.46120000362862,1
1361,d_validation_1920_1080_daylight_2,6.116099990322255,21.095600008266047,1.0520999931031838,0.25409999943803996,22.40180000080727,28.517899991129525,2
1362,d_validation_1920_1080_daylight_2,6.863100003101863,21.253899991279468,1.1224000045331195,0.3333000058773905,22.709600001689978,29.57270000479184,3
1363,d_validation_1920_1080_daylight_2,7.222099986393005,20.407300005899742,1.1316000018268824,0.5120999994687736,22.051000007195398,29.273099993588403,6
1364,d_validation_1920_1080_daylight_2,6.850499994470738,20.670400001108646,1.1673999979393557,0.5989000055706128,22.436700004618615,29.287199999089353,7
1365,d_validation_1920_1080_daylight_2,7.28730000264477,20.570299995597452,1.4380000066012144,0.5969999911030754,22.605299993301742,29.89259999594651,7
1366,d_validation_1920_1080_daylight_2,7.2832000005291775,21.1431000061566,2.019399995333515,0.7055000023683533,23.86800000385847,31.151200004387647,8
1367,d_validation_1920_1080_daylight_2,7.044899990432896,22.53680001012981,1.2552999978652224,0.4630999901564792,24.25519999815151,31.300099988584407,5
1368,d_validation_1920_1080_daylight_2,7.328899999265559,20.136899998760782,1.2426000030245632,0.40859999717213213,21.788099998957478,29.116999998223037,6
1369,d_validation_1920_1080_daylight_2,7.159000000683591,22.487499998533167,1.7988000035984442,0.46660000225529075,24.752900004386902,31.911900005070493,5
1370,d_validation_1920_1080_daylight_2,7.676799999899231,21.934100004727952,1.7302999913226813,0.403900005039759,24.068300001090392,31.745100000989623,4
1371,d_validation_1920_1080_daylight_2,7.391599996481091,20.000999997137114,1.2382999993860722,0.33009999606292695,21.569399992586114,28.960999989067204,3
1372,d_validation_1920_1080_daylight_2,7.38140000612475,20.77129999815952,1.2365000002318993,0.1697999978205189,22.17759999621194,29.55900000233669,1
1373,d_validation_1920_1080_daylight_2,7.084600001689978,22.0427999884123,1.2399000115692616,0.3073999978369102,23.59009999781847,30.674699999508448,2
1374,d_validation_1920_1080_daylight_2,7.1299999981420115,22.650099999736995,1.8306999991182238,0.3431000077398494,24.823900006595068,31.95390000473708,3
1375,d_validation_1920_1080_daylight_2,7.314600006793626,22.55870000226423,1.7755999870132655,0.1841000048443675,24.518399994121864,31.83300000091549,1
1376,d_validation_1920_1080_daylight_2,7.105299999238923,22.08039999823086,1.2712000025203452,0.17640000442042947,23.528000005171634,30.633300004410557,1
1377,d_validation_1920_1080_daylight_2,7.279400000697933,22.80320000136271,1.3327000051504,0.2578999992692843,24.393800005782396,31.67320000648033,2
1378,d_validation_1920_1080_daylight_2,7.669400001759641,23.167100007412955,1.8628999969223514,0.44550000166054815,25.475500005995855,33.144900007755496,4
1379,d_validation_1920_1080_daylight_2,7.02949998958502,22.46390000800602,1.8810000037774444,0.33999999868683517,24.6849000104703,31.71440000005532,3
1380,d_validation_1920_1080_daylight_2,7.155600003898144,23.10629999556113,1.2752000038744882,0.4090000002179295,24.790499999653548,31.94610000355169,4
1381,d_validation_1920_1080_daylight_2,7.522200001403689,23.136000003432855,1.7833000019891188,0.3995000006398186,25.318800006061792,32.84100000746548,4
1382,d_validation_1920_1080_daylight_2,7.442999994964339,22.081000002799556,1.3694000081159174,0.6708000000799075,24.12120001099538,31.56420000595972,8
1383,d_validation_1920_1080_daylight_2,7.337299990467727,21.233999999822117,1.3486000098055229,0.33429999893996865,22.91690000856761,30.254199999035336,3
1384,d_validation_1920_1080_daylight_2,6.994099996518344,22.139799999422394,1.895099994726479,0.34270000469405204,24.377599998842925,31.37169999536127,3
1385,d_validation_1920_1080_daylight_2,7.618999996338971,21.873499994399026,1.9040000042878091,0.2646000066306442,24.04210000531748,31.66110000165645,2
1386,d_validation_1920_1080_daylight_2,7.256900003994815,22.710599994752556,1.8353000050410628,0.1973999897018075,24.743299989495426,32.00019999349024,1
1387,d_validation_1920_1080_daylight_2,7.33100000070408,21.720500008086674,1.2855999957537279,0.2631999959703535,23.269299999810755,30.600300000514835,2
1388,d_validation_1920_1080_daylight_2,7.647399994311854,21.40500000678003,0.7652999920537695,0.00100000761449337,22.17130000644829,29.818700000760145,0
1389,d_validation_1920_1080_daylight_2,6.844800009275787,20.529499990516342,1.2337000080151483,0.2091999922413379,21.97239999077283,28.817200000048615,1
1390,d_validation_1920_1080_daylight_2,7.241600003908388,22.97299999918323,1.5471999940928072,0.1964999974006787,24.716699990676716,31.958299994585104,1
1391,d_validation_1920_1080_daylight_2,7.75759998941794,19.919800004572608,0.6675000040559098,0.0004999892553314567,20.58779999788385,28.34539998730179,0
1392,d_validation_1920_1080_daylight_2,6.771499989554286,21.707900014007464,1.253699985682033,0.3404000017326325,23.30200000142213,30.073499990976416,3
1393,d_validation_1920_1080_daylight_2,7.869099994422868,22.56870000564959,1.7634999967413023,0.1860999909695238,24.518299993360415,32.38739998778328,1
1394,d_validation_1920_1080_daylight_2,7.68429999880027,22.415500003262423,1.7235999985132366,0.2817999920807779,24.420899993856438,32.10519999265671,2
1395,d_validation_1920_1080_daylight_2,7.834100004401989,21.424099992145784,1.182899999548681,0.17210000078193843,22.779099992476404,30.613199996878393,1
1396,d_validation_1920_1080_daylight_2,7.646899990504608,21.830400000908412,0.6348000024445355,0.000800006091594696,22.466000009444542,30.11289999994915,0
1397,d_validation_1920_1080_daylight_2,6.177500006742775,22.217299992917106,1.6352000093320385,0.19799999427050352,24.050499996519648,30.228000003262423,1
1398,d_validation_1920_1080_daylight_2,7.076099995174445,22.85380000830628,1.5617000026395544,0.19449999672360718,24.61000000766944,31.686100002843887,1
1399,d_validation_1920_1080_daylight_2,7.195899990620092,23.159300006227568,1.0529999999562278,0.2663000050233677,24.478600011207163,31.674500001827255,2
1400,d_validation_1920_1080_daylight_2,7.422299997415394,21.64610000909306,1.1023999977624044,0.41229999624192715,23.160800003097393,30.583100000512786,6
1401,d_validation_1920_1080_daylight_2,7.250199996633455,21.64679999987129,1.152099997852929,0.6682999955955893,23.46719999331981,30.717399989953265,8
1402,d_validation_1920_1080_daylight_2,6.6580999991856515,20.40550000674557,1.1470000026747584,0.37850000080652535,21.931000010226853,28.589100009412505,4
1403,d_validation_1920_1080_daylight_2,7.202699998742901,21.193599997786805,1.2777000083588064,0.6576000014320016,23.128900007577613,30.331600006320514,8
1404,d_validation_1920_1080_daylight_2,6.966100001591258,22.00989999982994,1.4002999960212037,0.5782000080216676,23.988400003872812,30.95450000546407,7
1405,d_validation_1920_1080_daylight_2,7.144100003642961,22.331299987854436,1.9288000039523467,0.6064000044716522,24.866499996278435,32.010599999921396,7
1406,d_validation_1920_1080_daylight_2,7.194899997557513,23.161399993114173,1.8334000051254407,0.5440999957500026,25.538899993989617,32.73379999154713,6
1407,d_validation_1920_1080_daylight_2,7.67319998703897,22.56620000116527,1.4094000071054325,0.5244999920250848,24.500100000295788,32.17329998733476,6
1408,d_validation_1920_1080_daylight_2,7.3164000059477985,21.85940000344999,1.374500003294088,0.584899986279197,23.818799993023276,31.135199998971075,7
1409,d_validation_1920_1080_daylight_2,7.786200003465638,21.64900000207126,1.351499988231808,0.5885000136913732,23.589000003994443,31.37520000746008,7
1410,d_validation_1920_1080_daylight_2,6.618200000957586,20.675100007792935,1.1857999925268814,0.45200000749900937,22.312900007818826,28.93110000877641,5
1411,d_validation_1920_1080_daylight_2,6.663299995125271,21.636300007230602,1.2421999999787658,0.5365999968489632,23.41510000405833,30.078399999183603,6
1412,d_validation_1920_1080_daylight_2,7.66279999515973,21.595600002910942,1.2396999954944476,0.3895999980159104,23.2248999964213,30.88769999158103,4
1413,d_validation_1920_1080_daylight_2,6.517399990116246,21.278200001688674,0.6097000004956499,0.0012999953469261527,21.88919999753125,28.406599987647496,0
1414,d_validation_1920_1080_daylight_2,5.9086999972350895,24.048199993558228,1.5456000110134482,0.44720000005327165,26.041000004624948,31.949700001860037,4
1415,d_validation_1920_1080_daylight_2,7.335100002819672,22.471699994639494,1.095500003430061,0.2556999970693141,23.82289999513887,31.15799999795854,2
1416,d_validation_1920_1080_daylight_2,6.3153999944915995,21.75390000047628,1.1854000040329993,0.4707000043708831,23.41000000888016,29.72540000337176,5
1417,d_validation_1920_1080_daylight_2,7.2838000050978735,20.168699993519112,1.1255999997956678,0.2521999995224178,21.546499992837198,28.83029999793507,2
1418,d_validation_1920_1080_daylight_2,7.524499989813194,23.20579999650363,1.6106000111903995,0.27809999301098287,25.09450000070501,32.618999990518205,2
1419,d_validation_1920_1080_daylight_2,7.550900001660921,22.325799989630468,1.5820000116946176,0.20840000070165843,24.116200002026744,31.667100003687665,1
1420,d_validation_1920_1080_daylight_2,7.787700000335462,20.591399996192195,1.1802000080933794,0.31829999352339655,22.08989999780897,29.877599998144433,3
1421,d_validation_1920_1080_daylight_2,7.252600000356324,21.609200004604645,1.6168000001925975,0.1770999951986596,23.403099999995902,30.655700000352226,1
1422,d_validation_1920_1080_daylight_2,7.062500008032657,22.37079999758862,0.9524000051897019,0.0007999915396794677,23.323999994318,30.386500002350658,0
1423,d_validation_1920_1080_daylight_2,7.028100008028559,21.42569998977706,1.5046000044094399,0.4099000070709735,23.34020000125747,30.36830000928603,4
1424,d_validation_1920_1080_daylight_2,7.317099996726029,22.44570000038948,1.712900004349649,0.45950000640004873,24.618100011139177,31.935200007865205,4
1425,d_validation_1920_1080_daylight_2,7.467300005373545,21.841099995072,1.6135000041685998,0.454399996669963,23.908999995910563,31.376300001284108,4
1426,d_validation_1920_1080_daylight_2,7.0660000055795535,21.08369999041315,1.2233000015839934,0.32410000858362764,22.631100000580773,29.697100006160326,3
1427,d_validation_1920_1080_daylight_2,8.059700005105697,22.301599994534627,0.7379000016953796,0.0013999961083754897,23.04089999233838,31.10059999744408,0
1428,d_validation_1920_1080_daylight_2,6.56350000645034,20.78859999892302,1.2501000019256026,0.3239999932702631,22.362699994118884,28.926200000569224,3
1429,d_validation_1920_1080_daylight_2,7.39320000866428,21.704300001147203,1.3635999930556864,0.6048999930499122,23.6727999872528,31.065999995917082,7
1430,d_validation_1920_1080_daylight_2,7.95769999967888,21.759199997177348,1.3189000019337982,0.5054000066593289,23.583500005770475,31.541200005449355,2
1431,d_validation_1920_1080_daylight_2,7.41760000528302,21.285499999066815,1.8209999980172142,0.1765999913914129,23.283099988475442,30.700699993758462,1
1432,d_validation_1920_1080_daylight_2,7.182100001955405,20.596399990608916,1.2701000086963177,0.2221999893663451,22.08869998867158,29.270799990626983,2
1433,d_validation_1920_1080_daylight_2,8.560200003557838,20.67729999544099,1.7005999980028719,0.25919999461621046,22.637099988060072,31.19729999161791,2
1434,d_validation_1920_1080_daylight_2,7.689700010814704,21.268899989081547,1.71050000062678,0.19430000975262374,23.17369999946095,30.863400010275654,1
1435,d_validation_1920_1080_daylight_2,6.7962000030092895,20.78189999156166,0.7162000110838562,0.0005999900167807937,21.498699992662296,28.294899995671585,0
1436,d_validation_1920_1080_daylight_2,6.6641999874264,21.272900004987605,1.852300003520213,0.19749999046325684,23.322699998971075,29.986899986397475,1
1437,d_validation_1920_1080_daylight_2,7.479899999452755,21.427500003483146,0.9392999927513301,0.000800006091594696,22.36760000232607,29.847500001778826,0
1438,d_validation_1920_1080_daylight_2,7.5117999949725345,20.922700001392514,1.1697000009007752,0.28419999580364674,22.376599998096935,29.88839999306947,2
1439,d_validation_1920_1080_daylight_2,7.7378999994834885,23.298200001590885,1.682499991147779,0.2851000026566908,25.265799995395355,33.00369999487884,2
1440,d_validation_1920_1080_daylight_2,7.968600009917282,22.645699995337054,1.6667000018060207,0.27999999292660505,24.59239999006968,32.56099999998696,2
1441,d_validation_1920_1080_daylight_2,8.002200003829785,20.230900001479313,1.0977999918395653,0.25880000612232834,21.587499999441206,29.58970000327099,2
1442,d_validation_1920_1080_daylight_2,8.115900011034682,21.22189999499824,1.4940999972168356,0.2595999976620078,22.975599989877082,31.091500000911765,2
1443,d_validation_1920_1080_daylight_2,6.9165000022621825,22.223799998755567,1.4947000017855316,0.3352999920025468,24.053799992543645,30.970299994805828,3
1444,d_validation_1920_1080_daylight_2,7.641799995326437,22.58839999558404,1.5292000025510788,0.4082999948877841,24.525899993022904,32.16769998834934,4
1445,d_validation_1920_1080_daylight_2,7.525599998189136,21.25710000109393,1.4922999980626628,0.2001999964704737,22.949599995627068,30.475199993816204,1
1446,d_validation_1920_1080_daylight_2,6.653500007814728,22.18499999435153,1.4321000053314492,0.19109999993816018,23.808199999621138,30.461700007435866,1
1447,d_validation_1920_1080_daylight_2,7.240200007800013,22.89079999900423,1.5178999892668799,0.4349000082584098,24.84359999652952,32.08380000432953,4
1448,d_validation_1920_1080_daylight_2,7.172300000092946,19.436400005361065,1.0248999897157773,0.2162000018870458,20.67749999696389,27.849799997056834,2
1449,d_validation_1920_1080_daylight_2,7.080399998812936,20.771700001205318,0.7290999928954989,0.00100000761449337,21.50180000171531,28.582200000528246,0
1450,d_validation_1920_1080_daylight_2,7.305899998755194,22.927800004254095,0.7101000082911924,0.00029998773243278265,23.63820000027772,30.944099999032915,0
1451,d_validation_1920_1080_daylight_2,7.354100001975894,20.85899999656249,1.0003999923355877,0.32780000765342265,22.1871999965515,29.541299998527393,3
1452,d_validation_1920_1080_daylight_2,7.4105999956373125,20.88050000020303,0.9714000043459237,0.17559999832883477,22.027500002877787,29.4380999985151,1
1453,d_validation_1920_1080_daylight_2,7.370699997409247,21.433799993246794,0.9667999984230846,0.25740001001395285,22.65800000168383,30.028699999093078,2
1454,d_validation_1920_1080_daylight_2,7.363400000031106,22.178400002303533,1.4513999922201037,0.40950000402517617,24.039299998548813,31.40269999857992,4
1455,d_validation_1920_1080_daylight_2,7.74440000532195,22.56469998974353,0.8206000056816265,0.0014999968698248267,23.386799992294982,31.131199997616932,0
1456,d_validation_1920_1080_daylight_2,7.743200010736473,18.5602999990806,0.5224999913480133,0.000300002284348011,19.08309999271296,26.826300003449433,0
1457,d_validation_1920_1080_daylight_2,6.49459999112878,18.703900001128204,0.8553000079700723,0.1765999913914129,19.73580000048969,26.23039999161847,1
1458,d_validation_1920_1080_daylight_2,7.465200003935024,21.32519999577198,0.9359000105177984,0.47289999201893806,22.733999998308718,30.199200002243742,4
1459,d_validation_1920_1080_daylight_2,6.84210000326857,19.050699993385933,0.47759999870322645,0.001300009898841381,19.529600001988,26.37170000525657,0
1460,d_validation_1920_1080_daylight_2,7.2579999978188425,20.512600007350557,0.8453000045847148,0.18179998733103275,21.539699999266304,28.797699997085147,1
1461,d_validation_1920_1080_daylight_2,7.463299989467487,22.05610000237357,0.9393000073032454,0.6617999897571281,23.657199999433942,31.12049998890143,8
1462,d_validation_1920_1080_daylight_2,7.706199990934692,21.68849999725353,1.2335000064922497,0.2874000056181103,23.20940000936389,30.915600000298582,2
1463,d_validation_1920_1080_daylight_2,7.642600001418032,20.998499996494502,0.9401999996043742,0.3176000027451664,22.256299998844042,29.898900000262074,3
1464,d_validation_1920_1080_daylight_2,6.991499991272576,22.468199997092597,1.2745999993057922,0.18110001110471785,23.923900007503107,30.915399998775683,1
1465,d_validation_1920_1080_daylight_2,6.925299996510148,22.335400004521944,1.2832000065827742,0.3367999888723716,23.95539999997709,30.880699996487238,3
1466,d_validation_1920_1080_daylight_2,7.590300010633655,19.952499991632067,0.8899000094970688,0.17349999689031392,21.01589999801945,28.606200008653104,1
1467,d_validation_1920_1080_daylight_2,7.546299995738082,22.479199993540533,1.353300001937896,0.26080000679939985,24.09330000227783,31.63959999801591,2
1468,d_validation_1920_1080_daylight_2,7.453599988366477,22.400300003937446,1.3940000062575564,0.38329999370034784,24.17760000389535,31.631199992261827,4
1469,d_validation_1920_1080_daylight_2,7.950800005346537,23.442299992893822,1.3803000038024038,0.2719000040087849,25.09450000070501,33.04530000605155,2
1470,d_validation_1920_1080_daylight_2,7.844100007787347,21.606800000881776,0.9862000006251037,0.17809998826123774,22.771099989768118,30.615199997555465,1
1471,d_validation_1920_1080_daylight_2,8.16359999589622,22.122800000943244,1.3826999929733574,0.34690000757109374,23.852400001487695,32.015999997383915,3
1472,d_validation_1920_1080_daylight_2,7.960400005686097,22.407900003599934,0.7310999935725704,0.001300009898841381,23.140300007071346,31.100700012757443,0
1473,d_validation_1920_1080_daylight_2,7.939599992823787,20.381199996336363,0.9367000020574778,0.29999999969732016,21.61789999809116,29.55749999091495,1
1474,d_validation_1920_1080_daylight_2,8.155999996233732,20.70560000720434,0.9481000015512109,0.1784999913070351,21.832200000062585,29.988199996296316,1
1475,d_validation_1920_1080_daylight_2,7.917099996120669,22.18189999985043,1.2838999973610044,0.19540000357665122,23.661200000788085,31.578299996908754,1
1476,d_validation_1920_1080_daylight_2,6.867500007501803,22.138599990285,1.2634000013349578,0.2948000037577003,23.69679999537766,30.564300002879463,2
1477,d_validation_1920_1080_daylight_2,8.02740000654012,22.330899999360554,0.7394999993266538,0.0011999945854768157,23.071599993272685,31.098999999812804,0
1478,d_validation_1920_1080_daylight_2,7.2979999968083575,20.430600008694455,0.4726999904960394,0.000200001522898674,20.903500000713393,28.20149999752175,0
1479,d_validation_1920_1080_daylight_2,7.719400004134513,20.392999998875894,0.8856000058585778,0.39570000080857426,21.674300005543046,29.39370000967756,4
1480,d_validation_1920_1080_daylight_2,7.14059999154415,22.70630000566598,1.269999993382953,0.2657000004546717,24.241999999503605,31.382599991047755,2
1481,d_validation_1920_1080_daylight_2,6.896699997014366,20.465800000238232,0.5397000059019774,0.0007999915396794677,21.00629999767989,27.902999994694255,0
1482,d_validation_1920_1080_daylight_2,6.119800003943965,20.6385999917984,1.2967000075150281,0.4050999996252358,22.340399998938665,28.46020000288263,4
1483,d_validation_1920_1080_daylight_2,7.383799995295703,22.747499999240972,1.3586999994004145,0.40780000563245267,24.51400000427384,31.897799999569543,4
1484,d_validation_1920_1080_daylight_2,7.908999992650934,22.70420000422746,0.5115999956615269,0.0013999961083754897,23.217199995997362,31.126199988648295,0
1485,d_validation_1920_1080_daylight_2,6.677500001387671,20.53219999652356,0.9180000051856041,0.2786999975796789,21.728899999288842,28.406400000676513,2
1486,d_validation_1920_1080_daylight_2,7.645699995919131,21.853300000657327,0.9284999978262931,0.2680000034160912,23.049800001899712,30.695499997818843,2
1487,d_validation_1920_1080_daylight_2,6.627000009757467,21.029299998190254,0.9076999995158985,0.16599999798927456,22.102999995695427,28.730000005452894,1
1488,d_validation_1920_1080_daylight_2,7.5520999962463975,21.77960000699386,0.49669999862089753,0.000700005330145359,22.277000010944903,29.8291000071913,0
1489,d_validation_1920_1080_daylight_2,6.165500002680346,22.31299999402836,0.672800000756979,0.000400003045797348,22.986199997831136,29.151700000511482,0
1490,d_validation_1920_1080_daylight_2,7.685499993385747,22.461300002760254,0.6465000042226166,0.000200001522898674,23.10800000850577,30.793500001891516,0
1491,d_validation_1920_1080_daylight_2,8.007700002053753,22.85459999984596,0.6441000004997477,0.000300002284348011,23.499000002630055,31.506700004683807,0
1492,d_validation_1920_1080_daylight_2,7.909399995696731,21.404300001449883,0.6255000043893233,0.00029998773243278265,22.03009999357164,29.93949998926837,0
1493,d_validation_1920_1080_daylight_2,7.8535999928135425,24.147599993739277,1.062900002580136,0.2830000012181699,25.493499997537583,33.347099990351126,2
1494,d_validation_1920_1080_daylight_2,7.767300005070865,21.063599997432902,0.4123999970033765,0.000900006853044033,21.476900001289323,29.244200006360188,0
1495,d_validation_1920_1080_daylight_2,5.875999995623715,20.427900002687238,0.7389999955194071,0.26359999901615083,21.430499997222796,27.30649999284651,2
1496,d_validation_1920_1080_daylight_2,6.783100005122833,24.180199994589202,0.41360000614076853,0.0008999923011288047,24.5946999930311,31.377799998153932,0
1497,d_validation_1920_1080_daylight_2,6.165200000395998,19.763999996939674,0.36859999818261713,0.000300002284348011,20.13289999740664,26.298099997802638,0
1498,d_validation_1920_1080_daylight_2,6.611500008148141,19.882399996276945,0.49170000420417637,0.00019998697098344564,20.374299987452105,26.985799995600246,0
1499,d_validation_1920_1080_daylight_2,7.862700003897771,21.22750000853557,0.6564999930560589,0.20080000103916973,22.0848000026308,29.94750000652857,1
1500,d_validation_1920_1080_daylight_2,8.035600010771304,20.091299986233935,0.4006000090157613,0.0006999907782301307,20.492599986027926,28.52819999679923,0
1501,d_validation_1920_1080_daylight_2,7.285200001206249,21.532300001126714,0.5987999902572483,0.17220000154338777,22.30329999292735,29.5884999941336,1
1502,d_validation_1920_1080_daylight_2,7.9950999934226274,23.31140000023879,0.4288000054657459,0.0007999915396794677,23.740999997244217,31.736099990666844,0
1503,d_validation_1920_1080_daylight_2,7.285600004252046,21.666600005119108,0.2930999908130616,0.000200001522898674,21.959899997455068,29.245500001707114,0
1504,d_validation_1920_1080_daylight_2,6.269599994993769,18.351199993048795,0.5582000012509525,0.1736999984132126,19.08309999271296,25.35269998770673,1
1505,d_validation_1920_1080_daylight_2,7.5849999993806705,22.86120000644587,0.8056999940890819,0.1880000054370612,23.854900005972013,31.439900005352683,1
1506,d_validation_1920_1080_daylight_2,8.435200012172572,21.754799992777407,0.5691999976988882,0.17880000814329833,22.502799998619594,30.938000010792166,1
1507,d_validation_1920_1080_daylight_2,8.024399998248555,21.76020000479184,0.5668999947374687,0.17759999900590628,22.504699998535216,30.52909999678377,1
1508,d_validation_1920_1080_daylight_2,7.612500005052425,21.353999996790662,0.2857000072253868,0.0005999900167807937,21.64029999403283,29.252799999085255,0
1509,d_validation_1920_1080_daylight_2,7.016099989414215,20.314000008511357,0.6173000001581386,0.4566999996313825,21.388000008300878,28.404099997715093,5
1510,d_validation_1920_1080_daylight_2,7.471899996744469,22.876600007293746,0.5573999951593578,0.0015999976312741637,23.435600000084378,30.907499996828847,0
1511,d_validation_1920_1080_daylight_2,7.217900012619793,22.52020000014454,0.7536999910371378,0.18899999849963933,23.46289998968132,30.680800002301112,1
1512,d_validation_1920_1080_daylight_2,7.77330000710208,23.33149999321904,0.8571000071242452,0.4149999876972288,24.603599988040514,32.376899995142594,4
1513,d_validation_1920_1080_daylight_2,7.517899997765198,20.765599998412654,0.3981000045314431,0.0009999930625781417,21.164699996006675,28.682599993771873,0
1514,d_validation_1920_1080_daylight_2,6.807700003264472,19.463599994196557,0.5461000109789893,0.18869999621529132,20.198400001390837,27.00610000465531,1
1515,d_validation_1920_1080_daylight_2,7.311099994694814,21.142800003872253,0.5493999924510717,0.17020000086631626,21.86239999718964,29.173499991884455,1
1516,d_validation_1920_1080_daylight_2,7.331800006795675,23.69699999690056,0.7657999958610162,0.20429999858606607,24.66709999134764,31.998899998143315,1
1517,d_validation_1920_1080_daylight_2,7.496400008676574,22.972699996898882,0.782300005084835,0.3969999961555004,24.151999998139217,31.64840000681579,3
1518,d_validation_1920_1080_daylight_2,7.743900001514703,22.840500008896925,0.79189999087248,0.2868000010494143,23.91920000081882,31.663100002333522,2
1519,d_validation_1920_1080_daylight_2,9.137000000919215,22.61960000032559,0.38690000656060874,0.0011999945854768157,23.007700001471676,32.14470000239089,0
1520,d_validation_1920_1080_daylight_2,6.967799999983981,22.43579999776557,0.7440000044880435,0.19570000586099923,23.375500008114614,30.343300008098595,1
1521,d_validation_1920_1080_daylight_2,7.418400011374615,22.05879999382887,0.5784999957541004,0.17210000078193843,22.80939999036491,30.227800001739524,1
1522,d_validation_1920_1080_daylight_2,7.591500005219132,21.854099992197007,0.3603000077418983,0.000600004568696022,22.2150000045076,29.806500009726733,0
1523,d_validation_1920_1080_daylight_2,6.737999996403232,20.33129999472294,0.30250000418163836,0.000400003045797348,20.634200001950376,27.372199998353608,0
1524,d_validation_1920_1080_daylight_2,6.6039000084856525,21.03789999091532,0.298400002066046,0.000200001522898674,21.336499994504265,27.940400002989918,0
1525,d_validation_1920_1080_daylight_2,6.668100002571009,20.407200005138293,0.6477999995695427,0.23099999816622585,21.28600000287406,27.95410000544507,1
1526,d_validation_1920_1080_daylight_2,7.9486000031465665,22.173999997903593,0.9386999881826341,0.2767000114545226,23.38939999754075,31.338000000687316,2
1527,d_validation_1920_1080_daylight_2,7.030899985693395,23.414200011757202,0.7572999893454835,0.19540000357665122,24.366900004679337,31.397799990372732,1
1528,d_validation_1920_1080_daylight_2,7.860199999413453,22.350100000039674,0.8517000096617267,0.26359999901615083,23.465400008717552,31.325600008131005,2
1529,d_validation_1920_1080_daylight_2,7.641799995326437,21.429500004160218,0.3130999975837767,0.000800006091594696,21.74340000783559,29.385200003162026,0
1530,d_validation_1920_1080_daylight_2,6.913200006238185,20.39919998787809,0.5949000042164698,0.18020000425167382,21.174299996346235,28.08750000258442,1
1531,d_validation_1920_1080_daylight_2,7.512199998018332,21.817700006067753,0.4258999979356304,0.000800006091594696,22.244400010094978,29.75660000811331,0
1532,d_validation_1920_1080_daylight_2,6.921499996678904,21.466999998665415,0.3136000013910234,0.000400003045797348,21.781000003102235,28.70249999978114,0
1533,d_validation_1920_1080_daylight_2,5.773199998657219,20.736999998916872,0.40419999277219176,0.000300002284348011,21.14149999397341,26.91469999263063,0
1534,d_validation_1920_1080_daylight_2,6.699000005028211,20.10840000002645,0.3028999926755205,0.000300002284348011,20.411599994986318,27.11060000001453,0
1535,d_validation_1920_1080_daylight_2,6.1627999966731295,21.9572999922093,0.40270001045428216,0.00029998773243278265,22.360299990396015,28.523099987069145,0
1536,d_validation_1920_1080_daylight_2,7.089199993060902,20.329200007836334,0.2982000005431473,0.000200001522898674,20.62760000990238,27.716800002963282,0
1537,d_validation_1920_1080_daylight_2,6.814299995312467,21.059899998363107,0.29749999521300197,0.000200001522898674,21.357599995099008,28.171899990411475,0
1538,d_validation_1920_1080_daylight_2,6.777900009183213,22.185699999681674,0.28419999580364674,0.000200001522898674,22.47009999700822,29.248000006191432,0
1539,d_validation_1920_1080_daylight_2,6.524600001284853,22.756400008802302,0.374099996406585,0.000300002284348011,23.130800007493235,29.655400008778088,0
1540,d_validation_1920_1080_daylight_2,7.68439999956172,22.052100001019426,0.27459999546408653,0.000300002284348011,22.32699999876786,30.01139999832958,0
1541,d_validation_1920_1080_daylight_2,6.671600000117905,21.913999997195788,0.2440999960526824,0.000200001522898674,22.15829999477137,28.829899994889274,0
1542,d_validation_1920_1080_daylight_2,6.358400001772679,22.46630001172889,0.2516999957151711,0.000200001522898674,22.71820000896696,29.07660001073964,0
1543,d_validation_1920_1080_daylight_2,6.350499999825843,19.698399992194027,0.3108999953838065,0.000300002284348011,20.00959998986218,26.360099989688024,0
1544,d_validation_1920_1080_daylight_2,7.220100000267848,22.401299997000024,0.679899996612221,0.5383000097936019,23.619500003405847,30.839600003673695,5
1545,d_validation_1920_1080_daylight_2,7.312000001547858,22.28089999698568,0.32469999860040843,0.0016999983927235007,22.607299993978813,29.91929999552667,0
1546,d_validation_1920_1080_daylight_2,6.36060000397265,20.761399995535612,0.31400000443682075,0.000200001522898674,21.07560000149533,27.43620000546798,0
1547,d_validation_1920_1080_daylight_2,8.16810000105761,21.86920000531245,0.46299998939502984,0.20880000374745578,22.540999998454936,30.709099999512546,1
1548,d_validation_1920_1080_daylight_2,7.460499997250736,21.161500000744127,0.29969999741297215,0.000700005330145359,21.461900003487244,28.92240000073798,0
1549,d_validation_1920_1080_daylight_2,8.23110000055749,22.3173999984283,0.2734000008786097,0.000200001522898674,22.59100000082981,30.822100001387298,0
1550,d_validation_1920_1080_daylight_2,7.677200002945028,20.533899994916283,0.25830000231508166,0.000400003045797348,20.79260000027716,28.46980000322219,0
1551,d_validation_1920_1080_daylight_2,7.680099995923229,22.709600001689978,0.2514999941922724,0.000300002284348011,22.9613999981666,30.641499994089827,0
1552,d_validation_1920_1080_daylight_2,7.751500001177192,22.666799995931797,0.19459999748505652,0.000200001522898674,22.861599994939752,30.613099996116944,0
1553,d_validation_1920_1080_daylight_2,6.817300003604032,19.85630000126548,0.4776999994646758,0.1914000022225082,20.525400002952665,27.342700006556697,1
1554,d_validation_1920_1080_daylight_2,7.375299988780171,22.236300006625243,0.4955000040354207,0.18819999240804464,22.920000003068708,30.29529999184888,1
1555,d_validation_1920_1080_daylight_2,7.487100010621361,22.68799999728799,0.24959999427665025,0.000600004568696022,22.938199996133335,30.425300006754696,0
1556,d_validation_1920_1080_daylight_2,7.845199987059459,19.91220000491012,0.5281000048853457,0.2952999930130318,20.735600002808496,28.580799989867955,2
1557,d_validation_1920_1080_daylight_2,7.6539000001503155,19.252900005085394,0.461199990240857,0.2747000107774511,19.988800006103702,27.642700006254017,3
1558,d_validation_1920_1080_daylight_2,7.025999992038123,21.420699995360337,0.2921999985119328,0.001100008375942707,21.714000002248213,28.739999994286336,0
1559,d_validation_1920_1080_daylight_2,6.993399991188198,20.48120000108611,0.41390000842511654,0.18519999866839498,21.08030000817962,28.07369999936782,1
1560,d_validation_1920_1080_daylight_2,5.857399999513291,22.469099989393726,0.25019999884534627,0.000700005330145359,22.719999993569218,28.57739999308251,0
1561,d_validation_1920_1080_daylight_2,5.591699999058619,22.218600002815947,0.24689998826943338,0.000300002284348011,22.46579999336973,28.057499992428347,0
1562,d_validation_1920_1080_daylight_2,8.060100008151494,22.27649999258574,0.19360000442247838,0.000200001522898674,22.470299998531118,30.530400006682612,0
1563,d_validation_1920_1080_daylight_2,6.90049999684561,21.498200003406964,0.3899000003002584,0.17939999816007912,22.0675000018673,28.967999998712912,1
1564,d_validation_1920_1080_daylight_2,8.021899993764237,21.689000001060776,0.39230000402312726,0.18030000501312315,22.261600010097027,30.283500003861263,1
1565,d_validation_1920_1080_daylight_2,7.421199989039451,21.22790001158137,0.42409999878145754,0.16299998969770968,21.815000000060536,29.236199989099987,1
1566,d_validation_1920_1080_daylight_2,6.770000007236376,22.679300003801472,0.34309999318793416,0.000800006091594696,23.023200003081,29.793200010317378,0
1567,d_validation_1920_1080_daylight_2,7.7314000081969425,23.564499992062338,0.4881000058958307,0.5334000015864149,24.585999999544583,32.317400007741526,6
1568,d_validation_1920_1080_daylight_2,7.265499996719882,20.708200012450106,0.5180000007385388,0.3184999950462952,21.54470000823494,28.810200004954822,3
1569,d_validation_1920_1080_daylight_2,6.604700000025332,22.572000001673587,0.6040000007487833,0.3935999993700534,23.569600001792423,30.174300001817755,4
1570,d_validation_1920_1080_daylight_2,7.06720000016503,23.34319999499712,0.6160000048112124,0.40609999268781394,24.365299992496148,31.432499992661178,4
1571,d_validation_1920_1080_daylight_2,7.494799996493384,21.921899999142624,0.7735999970464036,0.9758999949553981,23.671399991144426,31.16619998763781,6
1572,d_validation_1920_1080_daylight_2,8.034200000111014,22.801499988418072,0.714300011168234,0.16849998792167753,23.684299987507984,31.718499987618998,1
1573,d_validation_1920_1080_daylight_2,7.219699997222051,22.05580000008922,1.0476000024937093,0.44249999336898327,23.545899995951913,30.765599993173964,4
1574,d_validation_1920_1080_daylight_2,7.742800007690676,23.514799991971813,0.7737999985693023,0.5740000051446259,24.86259999568574,32.60540000337642,3
1575,d_validation_1920_1080_daylight_2,7.347399994614534,22.848100008559413,1.075199994374998,0.19020000763703138,24.113500010571443,31.460900005185977,1
1576,d_validation_1920_1080_daylight_2,6.6091999906348065,21.285399998305365,0.7686000026296824,0.25579999783076346,22.30979999876581,28.918999989400618,2
1577,d_validation_1920_1080_daylight_2,7.564999992609955,23.28930000658147,1.145699992775917,0.4056000034324825,24.84060000278987,32.405599995399825,4
1578,d_validation_1920_1080_daylight_2,7.482100001652725,22.551100002601743,1.1688999948091805,0.2673999988473952,23.98739999625832,31.469499997911043,2
1579,d_validation_1920_1080_daylight_2,7.404599993606098,21.219999995082617,0.5049000028520823,0.000600004568696022,21.725500002503395,29.130099996109493,0
1580,d_validation_1920_1080_daylight_2,6.924299988895655,22.32920000096783,1.1121999996248633,0.19269999756943434,23.634099998162128,30.558399987057783,1
1581,d_validation_1920_1080_daylight_2,7.595000002766028,20.36460000090301,0.8456000068690628,0.17749999824445695,21.38770000601653,28.982700008782558,1
1582,d_validation_1920_1080_daylight_2,7.41320000088308,21.847199997864664,1.2053999962517992,0.4126999992877245,23.465299993404187,30.878499994287267,4
1583,d_validation_1920_1080_daylight_2,7.557799995993264,22.65530001022853,0.8898999949451536,0.254700004006736,23.79990000918042,31.357700005173683,2
1584,d_validation_1920_1080_daylight_2,7.14279999374412,20.2900000003865,0.9161000052699819,0.1554000045871362,21.361500010243617,28.504300003987737,1
1585,d_validation_1920_1080_daylight_2,6.97240000590682,21.515300002647564,1.3042999926256016,0.2922999992733821,23.111899994546548,30.084300000453368,2
1586,d_validation_1920_1080_daylight_2,7.482400003937073,22.466499998699874,0.9316999930888414,0.2640000020619482,23.662199993850663,31.144599997787736,3
1587,d_validation_1920_1080_daylight_2,6.560399997397326,20.184799999697134,1.1058999953093007,0.33320000511594117,21.623900000122376,28.1842999975197,3
1588,d_validation_1920_1080_daylight_2,7.573099996079691,23.111400005291216,1.4842999953543767,0.31239999225363135,24.908099992899224,32.481199988978915,3
1589,d_validation_1920_1080_daylight_2,7.6206999947316945,22.425300005124882,0.989699998172,0.31770000350661576,23.732700006803498,31.353400001535192,3
1590,d_validation_1920_1080_daylight_2,7.497799990233034,22.976200008997694,1.3544999965233728,0.20330000552348793,24.534000011044554,32.03180000127759,1
1591,d_validation_1920_1080_daylight_2,7.246099994517863,22.28570000443142,1.4435000048251823,0.595899997279048,24.32510000653565,31.571200001053512,6
1592,d_validation_1920_1080_daylight_2,7.312599991564639,22.42020000994671,1.1150999926030636,0.4054000019095838,23.94070000445936,31.253299996023998,4
1593,d_validation_1920_1080_daylight_2,7.154900013119914,22.686899988912046,1.065000004018657,0.1740000006975606,23.925899993628263,31.080800006748177,1
1594,d_validation_1920_1080_daylight_2,7.8009000135352835,22.847299987915903,0.8172000088961795,0.0007999915396794677,23.665299988351762,31.466200001887046,0
1595,d_validation_1920_1080_daylight_2,8.005600000615232,22.422999987611547,1.593900000443682,0.6370000046445057,24.653899992699735,32.65949999331497,6
1596,d_validation_1920_1080_daylight_2,7.349799998337403,21.866399998543784,0.6157000025268644,0.0017999991541728377,22.48390000022482,29.833699998562224,0
1597,d_validation_1920_1080_daylight_2,7.026799998129718,20.192099997075275,1.666199997998774,0.5493000062415376,22.407600001315586,29.434399999445304,5
1598,d_validation_1920_1080_daylight_2,7.5708000076701865,22.415499988710508,1.2357000086922199,0.31629999284632504,23.967499990249053,31.53829999791924,3
1599,d_validation_1920_1080_daylight_2,7.428600001730956,20.94770000257995,1.1609999928623438,0.20080000103916973,22.309499996481463,29.73809999821242,1
1600,d_validation_1920_1080_daylight_2,7.328299994696863,21.268900003633462,0.6556000007549301,0.0004999892553314567,21.924999993643723,29.253299988340586,0
1601,d_validation_1920_1080_daylight_2,6.716999996569939,18.710400006966665,1.0913999867625535,0.3209000133210793,20.122700007050298,26.839700003620237,3
1602,d_validation_1920_1080_daylight_2,7.007699998212047,20.396400010213256,0.7687000033911318,0.0013999961083754897,21.166500009712763,28.17420000792481,0
1603,d_validation_1920_1080_daylight_2,6.41229999018833,20.4344000085257,1.4984000008553267,0.5450000026030466,22.477800011984073,28.890100002172403,6
1604,d_validation_1920_1080_daylight_2,7.807499991031364,22.683400005917065,1.6079000051831827,0.34479999158065766,24.636100002680905,32.44359999371227,3
1605,d_validation_1920_1080_daylight_2,7.682199997361749,20.740899999509566,1.2483000027714297,0.1571000029798597,22.146300005260855,29.828500002622604,1
1606,d_validation_1920_1080_daylight_2,7.509099988965318,23.813400010112673,1.552699992316775,0.18980000459123403,25.555900007020682,33.064999995986,1
1607,d_validation_1920_1080_daylight_2,7.4370000074850395,22.54190000530798,1.4307999954326078,0.1914000022225082,24.164100002963096,31.601100010448135,1
1608,d_validation_1920_1080_daylight_2,6.7583999916678295,22.836300006019883,0.9980000031646341,0.30499999411404133,24.13930000329856,30.897699994966388,2
1609,d_validation_1920_1080_daylight_2,7.61169999896083,21.626300003845245,0.6016999977873638,0.0012999953469261527,22.229299996979535,29.840999995940365,0
1610,d_validation_1920_1080_daylight_2,6.58570000086911,19.95270000770688,0.973999995039776,0.261199995293282,21.18789999803994,27.77359999890905,2
1611,d_validation_1920_1080_daylight_2,7.073799992213026,19.814200000837445,1.0386000067228451,0.35269999352749437,21.205500001087785,28.27929999330081,5
1612,d_validation_1920_1080_daylight_2,6.739500007824972,19.337799996719696,1.0936000035144389,0.4456000024219975,20.877000002656132,27.616500010481104,4
1613,d_validation_1920_1080_daylight_2,7.514400000218302,22.550399997271597,1.6325000033248216,0.36669999826699495,24.549599998863414,32.063999999081716,3
1614,d_validation_1920_1080_daylight_2,7.732099998975173,22.72639999864623,1.6499999910593033,0.32820001069922,24.704600000404753,32.436699999379925,3
1615,d_validation_1920_1080_daylight_2,7.538199992268346,21.6396000032546,1.5379999967990443,0.4634000069927424,23.641000007046387,31.179199999314733,5
1616,d_validation_1920_1080_daylight_2,7.245300002978183,22.703800001181662,1.0897999891312793,0.4780000017490238,24.271599992061965,31.51689999504015,3
1617,d_validation_1920_1080_daylight_2,6.794800006900914,20.785699991392903,0.5806999979540706,0.001100008375942707,21.367499997722916,28.16230000462383,0
1618,d_validation_1920_1080_daylight_2,7.159200002206489,18.39359999576118,1.0864000068977475,0.374399998690933,19.85440000134986,27.01360000355635,5
1619,d_validation_1920_1080_daylight_2,6.742099998518825,23.564499992062338,1.59420000272803,0.3333000058773905,25.49200000066776,32.23409999918658,3
1620,d_validation_1920_1080_daylight_2,7.215599995106459,21.33640000829473,0.821699999505654,0.0011999945854768157,22.159300002385862,29.37489999749232,0
1621,d_validation_1920_1080_daylight_2,7.463699992513284,21.890200005145743,0.5646000063279644,0.000200001522898674,22.455000012996607,29.91870000550989,0
1622,d_validation_1920_1080_daylight_2,6.812299994635396,18.596900001284666,1.0591000027488917,0.2548999909777194,19.910899995011277,26.723199989646673,2
1623,d_validation_1920_1080_daylight_2,7.658299989998341,22.723800007952377,1.1063999991165474,0.46869998914189637,24.29889999621082,31.95719998620916,5
1624,d_validation_1920_1080_daylight_2,7.399599999189377,20.470799994654953,0.6299000087892637,0.0016999983927235007,21.10240000183694,28.502000001026317,0
1625,d_validation_1920_1080_daylight_2,5.001300000003539,19.585000001825392,0.527299998793751,0.000400003045797348,20.11270000366494,25.11400000366848,0
1626,d_validation_1920_1080_daylight_2,6.42639999568928,22.210099996300414,0.7520000071963295,0.000300002284348011,22.96240000578109,29.388800001470372,0
1627,d_validation_1920_1080_daylight_2,6.54279999434948,21.139300006325357,1.3079999916953966,0.19270001212134957,22.640000010142103,29.182800004491583,1
1628,d_validation_1920_1080_daylight_2,6.677500001387671,20.115099992835894,0.9482000023126602,0.17379999917466193,21.237099994323216,27.914599995710887,1
1629,d_validation_1920_1080_daylight_2,7.267799999681301,21.46750000247266,0.8969999908003956,0.1736999984132126,22.53819999168627,29.80599999136757,1
1630,d_validation_1920_1080_daylight_2,7.935800007544458,21.878500003367662,0.4729999927803874,0.000700005330145359,22.352200001478195,30.288000009022653,0
1631,d_validation_1920_1080_daylight_2,6.93459999456536,20.61439999670256,0.4633000062312931,0.000200001522898674,21.07790000445675,28.01249999902211,0
1632,d_validation_1920_1080_daylight_2,5.855800001882017,23.550400001113303,0.4639999970095232,0.000200001522898674,24.014599999645725,29.87040000152774,0
1633,d_validation_1920_1080_daylight_2,7.116799999494106,21.316200000001118,0.45420000969897956,0.000300002284348011,21.770700011984445,28.88750001147855,0
1634,d_validation_1920_1080_daylight_2,7.492200005799532,20.61939999111928,1.109600008931011,0.18679999629966915,21.91579999634996,29.408000002149493,1
1635,d_validation_1920_1080_daylight_2,7.789900002535433,21.594899997580796,0.9543000051053241,0.1838000025600195,22.73300000524614,30.522900007781573,1
1636,d_validation_1920_1080_daylight_2,7.2397999902023,20.304500008933246,0.8150999929057434,0.3259000077378005,21.44550000957679,28.68529999977909,4
1637,d_validation_1920_1080_daylight_2,7.028099993476644,21.086100008687936,0.8233999978983775,0.3279999946244061,22.23750000121072,29.265599994687364,3
1638,d_validation_1920_1080_daylight_2,6.909199990332127,21.597600003588013,0.5901999975321814,0.001300009898841381,22.189100011019036,29.098300001351163,0
1639,d_validation_1920_1080_daylight_2,7.044900004984811,23.33129999169614,1.073399995220825,0.21090000518597662,24.615599992102943,31.660499997087754,1
1640,d_validation_1920_1080_daylight_2,6.722200007061474,21.550299992668442,0.5672000115737319,0.0008999923011288047,22.118399996543303,28.840600003604777,0
1641,d_validation_1920_1080_daylight_2,6.08200000715442,18.851500004529953,0.42359999497421086,0.000200001522898674,19.275300001027063,25.357300008181483,0
1642,d_validation_1920_1080_daylight_2,5.233300005784258,18.384700000751764,0.4047999973408878,0.000200001522898674,18.78969999961555,24.02300000539981,0
1643,d_validation_1920_1080_daylight_2,6.1197000031825155,18.40450000599958,0.37179999344516546,0.000200001522898674,18.776500000967644,24.89620000415016,0
1644,d_validation_1920_1080_daylight_2,6.403399995178916,22.32620000722818,0.4817000008188188,0.000300002284348011,22.808200010331348,29.211600005510263,0
1645,d_validation_1920_1080_daylight_2,6.750000000465661,23.571600002469495,0.48290000995621085,0.00029998773243278265,24.05480000015814,30.8048000006238,0
1646,d_validation_1920_1080_daylight_2,6.339499988825992,22.74270000634715,0.4571000026771799,0.000200001522898674,23.200000010547228,29.53949999937322,0
1647,d_validation_1920_1080_daylight_2,6.3267999939853325,22.347000005538575,0.7779000006848946,0.1900000061141327,23.314900012337603,29.641700006322935,1
1648,d_validation_1920_1080_daylight_2,6.4759999950183555,23.28950000810437,0.2865999995265156,0.000500003807246685,23.57660001143813,30.052600006456487,0
1649,d_validation_1920_1080_daylight_2,5.6034000008367,20.62090000254102,0.2918999962275848,0.000400003045797348,20.913200001814403,26.516600002651103,0
1650,d_validation_1920_1080_daylight_2,5.774599994765595,20.66150000609923,0.26000000070780516,0.000200001522898674,20.921700008329935,26.69630000309553,0
1651,d_validation_1920_1080_daylight_2,6.25679999939166,20.319700008258224,0.47649999032728374,0.17720001051202416,20.97340000909753,27.23020000848919,1
1652,d_validation_1920_1080_daylight_2,6.216000008862466,20.035199995618314,0.4825000069104135,0.17719999596010894,20.694899998488836,26.9109000073513,1
1653,d_validation_1920_1080_daylight_2,6.8826999922748655,20.477300000493415,0.38570001197513193,0.0004999892553314567,20.863500001723878,27.746199993998744,0
1654,d_validation_1920_1080_daylight_2,5.742099994677119,23.655900004087016,0.47110000741668046,0.1866999955382198,24.313700007041916,30.055800001719035,1
1655,d_validation_1920_1080_daylight_2,6.438099997467361,22.80829999654088,0.5972999933874235,0.2038000093307346,23.60939999925904,30.0474999967264,1
1656,d_validation_1920_1080_daylight_2,6.430000008549541,21.78839998668991,0.5564000020967796,0.17880000814329833,22.52359999692999,28.95360000547953,1
1657,d_validation_1920_1080_daylight_2,7.788500006427057,22.398100001737475,0.6529999955091625,0.2660000027390197,23.317099999985658,31.105600006412715,2
1658,d_validation_1920_1080_daylight_2,8.227300000726245,22.266700005275197,0.7804000051692128,0.8317999891005456,23.878899999544956,32.1062000002712,7
1659,d_validation_1920_1080_daylight_2,7.232899995869957,22.308100000373088,0.3630999999586493,0.0021000014385208488,22.673300001770258,29.906199997640215,0
1660,d_validation_1920_1080_daylight_2,7.116499997209758,23.172799992607906,0.7691000064369291,0.3659000067273155,24.30780000577215,31.42430000298191,3
1661,d_validation_1920_1080_daylight_2,6.911799995577894,20.090300007723272,0.5400999943958595,0.16999999934341758,20.80040000146255,27.712199997040443,1
1662,d_validation_1920_1080_daylight_2,6.883099995320663,20.533899994916283,0.6092999974498525,0.4431000124895945,21.58630000485573,28.469400000176392,5
1663,d_validation_1920_1080_daylight_2,7.405700001982041,20.516799995675683,0.7009000109974295,0.4523999959928915,21.670100002666004,29.075800004648045,5
1664,d_validation_1920_1080_daylight_2,7.03760000760667,19.335799996042624,0.3640000068116933,0.0013999961083754897,19.701199998962693,26.738800006569363,0
1665,d_validation_1920_1080_daylight_2,6.190500003867783,20.189899994875304,0.6715000054100528,0.17689999367576092,21.038299993961118,27.2287999978289,1
1666,d_validation_1920_1080_daylight_2,7.061200012685731,21.808899997267872,0.6849999917903915,0.2606000052765012,22.754499994334765,29.815700007020496,2
1667,d_validation_1920_1080_daylight_2,6.941800005733967,21.81910000217613,0.5487000016728416,0.0010999938240274787,22.368899997672997,29.310700003406964,0
1668,d_validation_1920_1080_daylight_2,6.257699991692789,20.36480000242591,0.6624000088777393,0.3274999908171594,21.354700002120808,27.612399993813597,3
1669,d_validation_1920_1080_daylight_2,7.173799996962771,20.690599994850345,0.6273000035434961,0.18139999883715063,21.49929999723099,28.673099994193763,1
1670,d_validation_1920_1080_daylight_2,6.947400004719384,20.48300000024028,0.6558000022778288,0.1767999929143116,21.31559999543242,28.263000000151806,1
1671,d_validation_1920_1080_daylight_2,7.345899997744709,21.301300002960488,0.8934999932534993,0.2891000040108338,22.48390000022482,29.82979999796953,2
1672,d_validation_1920_1080_daylight_2,6.930499992449768,21.451000007800758,0.3437999985180795,0.000700005330145359,21.795500011648983,28.72600000409875,0
1673,d_validation_1920_1080_daylight_2,6.036400009179488,20.67939999687951,0.6752000044798478,0.17869999282993376,21.533299994189292,27.56970000336878,1
1674,d_validation_1920_1080_daylight_2,6.4981000032275915,21.815500003867783,0.5081999988760799,0.000900006853044033,22.324600009596907,28.822700012824498,0
1675,d_validation_1920_1080_daylight_2,5.812599993078038,23.709300003247336,0.9969999955501407,0.21520000882446766,24.921500007621944,30.734100000699982,1
1676,d_validation_1920_1080_daylight_2,5.821800004923716,21.341699990443885,0.3580000047804788,0.000500003807246685,21.70019999903161,27.522000003955327,0
1677,d_validation_1920_1080_daylight_2,5.725299997720867,22.52480000606738,0.9519000013824552,0.20260000019334257,23.679300007643178,29.404600005364046,1
1678,d_validation_1920_1080_daylight_2,6.228800004464574,20.588799990946427,0.7443000067723915,0.25490000552963465,21.588000003248453,27.816800007713027,2
1679,d_validation_1920_1080_daylight_2,7.157100000767969,22.32620000722818,1.0030999983428046,0.2007000002777204,23.530000005848706,30.687100006616674,1
1680,d_validation_1920_1080_daylight_2,6.696000011288561,20.94849999411963,0.3760999970836565,0.000600004568696022,21.32519999577198,28.021200007060543,0
1681,d_validation_1920_1080_daylight_2,5.585499995504506,23.759400006383657,0.7228999893413857,0.18149999959859997,24.663799995323643,30.24929999082815,1
1682,d_validation_1920_1080_daylight_2,7.012200003373437,21.43439999781549,0.7734999962849542,0.25969999842345715,22.4675999925239,29.479799995897338,2
1683,d_validation_1920_1080_daylight_2,6.247700002859347,23.246099997777492,1.037699999869801,0.2001999964704737,24.483999994117767,30.731699996977113,1
1684,d_validation_1920_1080_daylight_2,6.2344999896595255,20.965500007150695,0.39770000148564577,0.0006999907782301307,21.36389999941457,27.598399989074096,0
1685,d_validation_1920_1080_daylight_2,5.5084000050555915,18.405900002107956,0.3816999960690737,0.000300002284348011,18.787900000461377,24.29630000551697,0
1686,d_validation_1920_1080_daylight_2,6.041500004357658,23.018199994112365,0.38779999886173755,0.000300002284348011,23.40629999525845,29.44779999961611,0
1687,d_validation_1920_1080_daylight_2,5.902500008232892,18.4638999926392,0.38529999437741935,0.000300002284348011,18.849499989300966,24.751999997533858,0
1688,d_validation_1920_1080_daylight_2,5.340700008673593,18.55759999307338,0.370699999621138,0.000200001522898674,18.928499994217418,24.26920000289101,0
1689,d_validation_1920_1080_daylight_2,6.411399997887202,22.894599998835474,0.3618000046117231,0.00019998697098344564,23.25659999041818,29.667999988305382,0
1690,d_validation_1920_1080_daylight_2,6.4897999982349575,20.551599998725578,0.3105000068899244,0.00019998697098344564,20.862299992586486,27.352099990821443,0
1691,d_validation_1920_1080_daylight_2,6.063900000299327,18.747699999948964,0.31039999157655984,0.000200001522898674,19.058299993048422,25.12219999334775,0
1692,d_validation_1920_1080_daylight_2,6.035300000803545,18.49509999738075,0.5654999986290932,0.16229999891947955,19.22289999492932,25.258199995732866,1
1693,d_validation_1920_1080_daylight_2,6.9955999933881685,20.060700000612997,0.3003000019816682,0.000600004568696022,20.36160000716336,27.35720000055153,0
1694,d_validation_1920_1080_daylight_2,6.460400007199496,24.009699991438538,0.6884000031277537,0.19469999824650586,24.892799992812797,31.353200000012293,1
1695,d_validation_1920_1080_daylight_2,8.309299999382347,20.639299997128546,0.4778000002261251,0.16490000416524708,21.28200000151992,29.591300000902265,1
1696,d_validation_1920_1080_daylight_2,7.5204000022495165,21.612500000628643,0.2474000066285953,0.0005999900167807937,21.86049999727402,29.380899999523535,0
1697,d_validation_1920_1080_daylight_2,6.978500008699484,19.83799999288749,0.2376000047661364,0.000200001522898674,20.075799999176525,27.05430000787601,0
1698,d_validation_1920_1080_daylight_2,5.760400003055111,20.51039999059867,0.34180001239292324,0.0004999892553314567,20.852699992246926,26.613099995302036,0
1699,d_validation_1920_1080_daylight_2,6.262499999138527,21.1744000116596,0.23079999664332718,0.000200001522898674,21.405400009825826,27.667900008964352,0
1700,d_validation_1920_1080_daylight_2,6.780700001399964,21.40319999307394,0.5731999990530312,0.37030001112725586,22.346700003254227,29.12740000465419,3
1701,d_validation_1920_1080_daylight_2,7.158099993830547,22.665900003630668,0.3789000038523227,0.0013999961083754897,23.046200003591366,30.204299997421913,0
1702,d_validation_1920_1080_daylight_2,7.086199999321252,22.538200006238185,0.6293999904301018,0.41510000301059335,23.58269999967888,30.668899999000132,4
1703,d_validation_1920_1080_daylight_2,6.469899992225692,21.323599998140708,0.5284000071696937,0.3175000019837171,22.16950000729412,28.63939999951981,4
1704,d_validation_1920_1080_daylight_2,6.646900001214817,22.336299996823072,0.33179999445565045,0.001600012183189392,22.669700003461912,29.31660000467673,0
1705,d_validation_1920_1080_daylight_2,6.61460000264924,21.03210000495892,0.25009999808389693,0.000200001522898674,21.282400004565716,27.897000007214956,0
1706,d_validation_1920_1080_daylight_2,6.439400007366203,18.706699993344955,0.2469000028213486,0.000400003045797348,18.9539999992121,25.393400006578304,0
1707,d_validation_1920_1080_daylight_2,7.159900007536635,22.33019999403041,0.3195000026607886,0.000200001522898674,22.649899998214096,29.80980000575073,0
1708,d_validation_1920_1080_daylight_2,7.383799995295703,21.57929999521002,0.24240001221187413,0.00019998697098344564,21.82189999439288,29.205699989688583,0
1709,d_validation_1920_1080_daylight_2,6.640899999183603,21.550900011789054,0.45259999751579016,0.1773999974830076,22.18090000678785,28.821800005971454,1
1710,d_validation_1920_1080_daylight_2,7.230200004414655,21.808799996506423,0.49679999938234687,0.262700006715022,22.56830000260379,29.798500007018447,2
1711,d_validation_1920_1080_daylight_2,6.77539999014698,21.774100008769892,0.30849999166093767,0.000800006091594696,22.083400006522425,28.858799996669404,0
1712,d_validation_1920_1080_daylight_2,6.527599995024502,20.795400007045828,0.30139999580569565,0.000300002284348011,21.09710000513587,27.624700000160374,0
1713,d_validation_1920_1080_daylight_2,6.721900004777126,21.51130000129342,0.22489999537356198,0.000200001522898674,21.73639999818988,28.458300002967007,0
1714,d_validation_1920_1080_daylight_2,5.838499986566603,20.531900008791126,0.28989999555051327,0.000200001522898674,20.82200000586454,26.66049999243114,0
1715,d_validation_1920_1080_daylight_2,6.1412000068230554,20.080999995116144,0.5885999999009073,0.19020000763703138,20.859800002654083,27.00100000947714,1
1716,d_validation_1920_1080_daylight_2,6.610999989788979,23.048700008075684,0.2814999897964299,0.000600004568696022,23.33080000244081,29.94179999222979,0
1717,d_validation_1920_1080_daylight_2,6.512899999506772,21.01730000867974,0.2776000037556514,0.00019998697098344564,21.295099999406375,27.807999998913147,0
1718,d_validation_1920_1080_daylight_2,6.5922999929171056,19.08880000701174,0.21749999723397195,0.000200001522898674,19.306500005768612,25.898799998685718,0
1719,d_validation_1920_1080_daylight_2,6.381400002283044,18.73630000045523,0.21949999791104347,0.000300002284348011,18.956100000650622,25.337500002933666,0
1720,d_validation_1920_1080_daylight_2,6.444700004067272,18.481000006431714,0.21230000129435211,0.000200001522898674,18.693500009248964,25.138200013316236,0
1721,d_validation_1920_1080_daylight_2,4.994799994165078,22.33019999403041,0.2097000106004998,0.000200001522898674,22.540100006153807,27.534900000318885,0
1722,d_validation_1920_1080_daylight_2,4.849099990678951,21.28929999889806,0.21340000967029482,0.00029998773243278265,21.502999996300787,26.352099986979738,0
1723,d_validation_1920_1080_daylight_2,4.86189998628106,20.41040000040084,0.22159999934956431,0.000200001522898674,20.632200001273304,25.494099987554364,0
1724,d_validation_1920_1080_daylight_2,4.879100000835024,20.823999991989695,0.20510000467766076,0.000200001522898674,21.029299998190254,25.908399999025278,0
1725,d_validation_1920_1080_daylight_2,4.887599992798641,22.496300007333048,0.21050000214017928,0.000200001522898674,22.707000010996126,27.594600003794767,0
1726,d_validation_1920_1080_daylight_2,5.809599999338388,22.827299995697103,0.26050000451505184,0.000300002284348011,23.088100002496503,28.89770000183489,0
1727,d_validation_1920_1080_daylight_2,5.189800009247847,21.443199992063455,0.24580000899732113,0.00029998773243278265,21.68929998879321,26.879099998041056,0
1728,d_validation_1920_1080_daylight_2,5.855900002643466,19.7766000055708,0.2477999951224774,0.000300002284348011,20.024700002977625,25.88060000562109,0
1729,d_validation_1920_1080_daylight_2,5.7222999894293025,20.854500005953014,0.19320000137668103,0.000200001522898674,21.047900008852594,26.770199998281896,0
1730,d_validation_1920_1080_daylight_2,5.102999988594092,20.796800003154203,0.2432000037515536,0.000300002284348011,21.040300009190105,26.143299997784197,0
1731,d_validation_1920_1080_daylight_2,7.294399998500012,23.737800001981668,0.5498999962583184,0.36869999894406646,24.656399997184053,31.950799995684065,3
1732,d_validation_1920_1080_daylight_2,6.599699991056696,20.653200001106597,0.3935999993700534,0.17150001076515764,21.21830001124181,27.818000002298504,1
1733,d_validation_1920_1080_daylight_2,7.197499988251366,20.343300013337284,0.42969999776687473,0.21579999884124845,20.988800009945408,28.186299998196773,1
1734,d_validation_1920_1080_daylight_2,7.666500008781441,20.923499992932193,0.4504999960772693,0.3986000083386898,21.772599997348152,29.439100006129593,4
1735,d_validation_1920_1080_daylight_2,7.86800000059884,23.022199995466508,0.5662000039592385,0.3218999918317422,23.91029999125749,31.77829999185633,2
1736,d_validation_1920_1080_daylight_2,7.101600000169128,21.02450000529643,0.4518999921856448,0.26529999740887433,21.74169999489095,28.84329999506008,2
1737,d_validation_1920_1080_daylight_2,7.243100000778213,22.376699998858385,0.3682999958982691,0.000900006853044033,22.745900001609698,29.98900000238791,0
1738,d_validation_1920_1080_daylight_2,7.772099997964688,23.147500003688037,0.2720000047702342,0.000200001522898674,23.41970000998117,31.191800007945858,0
1739,d_validation_1920_1080_daylight_2,7.739599997876212,21.59419999225065,0.2648000081535429,0.000300002284348011,21.859300002688542,29.598900000564754,0
1740,d_validation_1920_1080_daylight_2,7.7305000013438985,22.464199995738454,0.21009999909438193,0.000300002284348011,22.674599997117184,30.405099998461083,0
1741,d_validation_1920_1080_daylight_2,6.698400000459515,22.939500006032176,0.20769999537151307,0.000300002284348011,23.147500003688037,29.845900004147552,0
1742,d_validation_1920_1080_daylight_2,6.547700002556667,23.54919999197591,0.4965999978594482,0.20500000391621143,24.25079999375157,30.798499996308237,1
1743,d_validation_1920_1080_daylight_2,7.525799999712035,23.241499991854653,0.458399998024106,0.3929000085918233,24.092799998470582,31.618599998182617,3
1744,d_validation_1920_1080_daylight_2,7.710199992288835,24.00790000683628,0.6427000043913722,0.30279999191407114,24.953400003141724,32.66359999543056,2
1745,d_validation_1920_1080_daylight_2,7.2721000033197924,21.732599998358637,0.4609000025084242,0.17769999976735562,22.371200000634417,29.64330000395421,1
1746,d_validation_1920_1080_daylight_2,6.5310000063618645,23.306000002776273,0.3068999940296635,0.000500003807246685,23.613400000613183,30.144400006975047,0
1747,d_validation_1920_1080_daylight_2,9.229100003722124,22.33749999140855,0.3073999978369102,0.000300002284348011,22.645199991529807,31.87429999525193,0
1748,d_validation_1920_1080_daylight_2,10.13059999968391,20.276700000977144,0.3353999927639961,0.000400003045797348,20.612499996786937,30.743099996470846,0
1749,d_validation_1920_1080_daylight_2,9.868099994491786,22.603100005653687,0.3053999971598387,0.000400003045797348,22.908900005859323,32.77700000035111,0
1750,d_validation_1920_1080_daylight_2,11.210399999981746,22.359399998094887,0.6415999960154295,0.2857000072253868,23.286700001335703,34.49710000131745,2
1751,d_validation_1920_1080_daylight_2,8.167599997250363,22.613100009039044,0.4116999916732311,0.000900006853044033,23.02570000756532,31.193300004815683,0
1752,d_validation_1920_1080_daylight_2,6.832999992184341,18.772399998852052,0.24800001119729131,0.000200001522898674,19.020600011572242,25.853600003756583,0
1753,d_validation_1920_1080_daylight_2,6.247700002859347,22.478999992017634,0.32640001154504716,0.00029998773243278265,22.805699991295114,29.05339999415446,0
1754,d_validation_1920_1080_daylight_2,6.963100007851608,22.628799997619353,0.32300000020768493,0.000300002284348011,22.952100000111386,29.915200007962994,0
1755,d_validation_1920_1080_daylight_2,7.502099993871525,23.26470000843983,0.6666999979643151,0.27779999072663486,24.20919999713078,31.711299991002306,2
1756,d_validation_1920_1080_daylight_2,7.2397999902023,21.92780000041239,0.33930000790860504,0.000700005330145359,22.26780001365114,29.50760000385344,0
1757,d_validation_1920_1080_daylight_2,6.311199991614558,20.5675000033807,0.5420000088633969,0.4025999951409176,21.512100007385015,27.823299998999573,4
1758,d_validation_1920_1080_daylight_2,7.226699992315844,21.454200003063306,0.4810999962501228,0.0014999968698248267,21.936799996183254,29.163499988499098,0
1759,d_validation_1920_1080_daylight_2,7.23909999942407,22.30710000731051,0.3766000008909032,0.000200001522898674,22.68390000972431,29.92300000914838,0
1760,d_validation_1920_1080_daylight_2,7.256700002471916,22.41019999200944,0.3687999997055158,0.000400003045797348,22.77939999476075,30.036099997232668,0
1761,d_validation_1920_1080_daylight_2,7.101499999407679,23.514900007285178,0.3865999897243455,0.000300002284348011,23.90179999929387,31.00329999870155,0
1762,d_validation_1920_1080_daylight_2,7.124800002202392,22.694899991620332,0.31280000985134393,0.00029998773243278265,23.00799998920411,30.1327999914065,0
1763,d_validation_1920_1080_daylight_2,6.349000002956018,18.600199997308664,0.2635000128066167,0.00019998697098344564,18.863899997086264,25.212900000042282,0
1764,d_validation_1920_1080_daylight_2,6.4190000121016055,22.178699990035966,0.3496999997878447,0.000300002284348011,22.52869999210816,28.947700004209764,0
1765,d_validation_1920_1080_daylight_2,6.97539999964647,23.600700005772524,0.6848999910289422,0.3436999977566302,24.629299994558096,31.604699994204566,3
1766,d_validation_1920_1080_daylight_2,7.369700004346669,22.574500006157905,0.7445999945048243,0.3825000021606684,23.701600002823398,31.071300007170066,4
1767,d_validation_1920_1080_daylight_2,7.3887000035028905,22.78189999924507,0.9677999914856628,0.44920000073034316,24.198899991461076,31.587599994963966,5
1768,d_validation_1920_1080_daylight_2,6.935799989150837,22.927400001208298,0.9835000091698021,0.6246999982977286,24.53560000867583,31.471399997826666,7
1769,d_validation_1920_1080_daylight_2,7.634900000994094,20.2277999924263,0.5142000009072945,0.17470000602770597,20.9166999993613,28.551600000355393,1
1770,d_validation_1920_1080_daylight_2,6.90129998838529,21.517400004086085,0.2674999996088445,0.000700005330145359,21.785600009025075,28.686899997410364,0
1771,d_validation_1920_1080_daylight_2,6.0545000014826655,20.54620000126306,0.2714000002015382,0.000200001522898674,20.817800002987497,26.872300004470162,0
1772,d_validation_1920_1080_daylight_2,6.139700009953231,19.089199995505624,0.2690999972401187,0.000200001522898674,19.35849999426864,25.49820000422187,0
1773,d_validation_1920_1080_daylight_2,6.899400003021583,21.80019998922944,0.26960000104736537,0.000200001522898674,22.069999991799705,28.969399994821288,0
1774,d_validation_1920_1080_daylight_2,6.395799995516427,23.3862000022782,0.35180000122636557,0.000300002284348011,23.738300005788915,30.13410000130534,0
1775,d_validation_1920_1080_daylight_2,7.541500002844259,22.922300006030127,0.24470000062137842,0.000200001522898674,23.167200008174405,30.708700011018664,0
1776,d_validation_1920_1080_daylight_2,6.666800007224083,20.925699995132163,0.2302999928360805,0.000300002284348011,21.15629999025259,27.823099997476675,0
1777,d_validation_1920_1080_daylight_2,5.429600001662038,20.513700001174584,0.21860000560991466,0.00029998773243278265,20.73259999451693,26.16219999617897,0
1778,d_validation_1920_1080_daylight_2,5.927799997152761,20.661100003053434,0.2179000002797693,0.00029998773243278265,20.879299991065636,26.807099988218397,0
1779,d_validation_1920_1080_daylight_2,8.321000001160428,20.120600005611777,0.4749999934574589,0.341199993272312,20.936799992341548,29.257799993501976,3
1780,d_validation_1920_1080_daylight_2,9.716900007333606,21.81649999693036,0.5546000029426068,0.34529999538790435,22.716399995260872,32.43330000259448,3
1781,d_validation_1920_1080_daylight_2,9.698499998194166,22.25749999342952,0.709100000676699,0.18909999926108867,23.155699993367307,32.85419999156147,1
1782,d_validation_1920_1080_daylight_2,9.500100000877865,20.789200003491715,0.3391999925952405,0.000800006091594696,21.12920000217855,30.629300003056414,0
1783,d_validation_1920_1080_daylight_2,9.475500002736226,22.61949999956414,0.6576000014320016,0.19439999596215785,23.4714999969583,32.946999999694526,1
1784,d_validation_1920_1080_daylight_2,7.702700007939711,22.913299995707348,0.4126999992877245,0.000500003807246685,23.32649999880232,31.02920000674203,0
1785,d_validation_1920_1080_daylight_2,9.040500008268282,21.989300003042445,0.5333999870344996,0.2705000079004094,22.793199997977354,31.833700006245635,2
1786,d_validation_1920_1080_daylight_2,9.964500000933185,22.251499991398305,0.7546999986516312,0.3226999979233369,23.328899987973273,33.29339998890646,3
1787,d_validation_1920_1080_daylight_2,8.949099996243604,21.73380000749603,0.570399992284365,0.33790001180022955,22.642100011580624,31.591200007824227,3
1788,d_validation_1920_1080_daylight_2,8.419000005233102,21.07050000631716,0.29830000130459666,0.0009999930625781417,21.369800000684336,29.788800005917437,0
1789,d_validation_1920_1080_daylight_2,7.645399993634783,21.214699998381548,0.3541000041877851,0.000300002284348011,21.56910000485368,29.214499998488463,0
1790,d_validation_1920_1080_daylight_2,8.593800012022257,22.413799990317784,0.2798000059556216,0.000200001522898674,22.693799997796305,31.28760000981856,0
1791,d_validation_1920_1080_daylight_2,7.735000006505288,20.325099991168827,0.5354000022634864,0.18099999579135329,21.041499989223666,28.776499995728955,1
1792,d_validation_1920_1080_daylight_2,8.59909999417141,22.765200003050268,0.37540000630542636,0.000600004568696022,23.14120001392439,31.7403000080958,0
1793,d_validation_1920_1080_daylight_2,5.955599990556948,20.098500011954457,0.3732999903149903,0.000200001522898674,20.472000003792346,26.427599994349293,0
1794,d_validation_1920_1080_daylight_2,7.5372999999672174,22.38710000528954,0.3786999877775088,0.000300002284348011,22.766099995351397,30.303399995318614,0
1795,d_validation_1920_1080_daylight_2,7.75699999940116,22.320799995213747,0.3694000042742118,0.000400003045797348,22.690600002533756,30.447600001934916,0
1796,d_validation_1920_1080_daylight_2,6.0283999919192865,21.521800008486025,0.3833999944617972,0.000400003045797348,21.90560000599362,27.933999997912906,0
1797,d_validation_1920_1080_daylight_2,6.596599996555597,22.092600003816187,0.3513999981805682,0.000200001522898674,22.444200003519654,29.04080000007525,0
1798,d_validation_1920_1080_daylight_2,6.755400012480095,20.48369999101851,0.26050000451505184,0.000100000761449337,20.744299996295013,27.499700008775108,0
1799,d_validation_1920_1080_daylight_2,6.485399993835017,19.94169999670703,0.6464000034611672,0.19180000526830554,20.779900005436502,27.26529999927152,1
1800,d_validation_1920_1080_daylight_2,6.161400000564754,22.71739998832345,0.29290000384207815,0.000600004568696022,23.010899996734224,29.17229999729898,0
1801,d_validation_1920_1080_daylight_2,6.644099994446151,21.097600008943118,0.21489999198820442,0.000200001522898674,21.31270000245422,27.956799996900372,0
1802,d_validation_1920_1080_daylight_2,6.06349999725353,20.752600001287647,0.2153999957954511,0.000300002284348011,20.968299999367446,27.031799996620975,0
1803,d_validation_1920_1080_daylight_2,6.367399997543544,20.43509999930393,0.4234999942127615,0.18060000729747117,21.039200000814162,27.406599998357706,1
1804,d_validation_1920_1080_daylight_2,7.591000001411885,21.02319999539759,0.23540000256616622,0.000600004568696022,21.259200002532452,28.850200003944337,0
1805,d_validation_1920_1080_daylight_2,6.890300006489269,22.260099998675287,0.2889000024879351,0.000300002284348011,22.54930000344757,29.43960000993684,0
1806,d_validation_1920_1080_daylight_2,7.337000002735294,19.83049999398645,0.28449999808799475,0.000300002284348011,20.115299994358793,27.452299997094087,0
1807,d_validation_1920_1080_daylight_2,7.244099993840791,19.68250000209082,0.2868000010494143,0.000200001522898674,19.969500004663132,27.213599998503923,0
1808,d_validation_1920_1080_daylight_2,7.201599990366958,22.301300006802194,0.28959999326616526,0.000200001522898674,22.591100001591258,29.792699991958216,0
1809,d_validation_1920_1080_daylight_2,6.812099993112497,19.647000008262694,0.2199000009568408,0.000200001522898674,19.867100010742433,26.67920000385493,0
1810,d_validation_1920_1080_daylight_2,6.365599998389371,19.79120000032708,0.23030000738799572,0.000200001522898674,20.021700009237975,26.387300007627346,0
1811,d_validation_1920_1080_daylight_2,5.978000001050532,20.187200003420003,0.19740000425372273,0.00029998773243278265,20.38489999540616,26.36289999645669,0
1812,d_validation_1920_1080_daylight_2,6.282600006670691,20.56740000261925,0.22599998919758946,0.000300002284348011,20.79369999410119,27.07630000077188,0
1813,d_validation_1920_1080_daylight_2,5.694899999070913,20.350999999209307,0.17479999223724008,0.000200001522898674,20.525999992969446,26.22089999204036,0
1814,d_validation_1920_1080_daylight_2,6.676799996057525,19.62160000402946,0.18560000171419233,0.000200001522898674,19.80740000726655,26.484200003324077,0
1815,d_validation_1920_1080_daylight_2,6.249199999729171,22.68029999686405,0.21850000484846532,0.000200001522898674,22.899000003235415,29.148200002964586,0
1816,d_validation_1920_1080_daylight_2,7.212099997559562,19.04620000277646,0.3414000093471259,0.1812999980757013,19.568900010199286,26.78100000775885,1
1817,d_validation_1920_1080_daylight_2,6.732299996656366,22.72320000338368,0.44319999869912863,0.18600000475998968,23.3524000068428,30.084700003499165,1
1818,d_validation_1920_1080_daylight_2,7.099599999492057,22.152700010337867,0.18659999477677047,0.0007999915396794677,22.340099996654317,29.439699996146373,0
1819,d_validation_1920_1080_daylight_2,7.45840001036413,22.423699992941692,0.483900003018789,0.28870000096503645,23.196299996925518,30.654700007289648,1
1820,d_validation_1920_1080_daylight_2,7.3090000078082085,21.723199999541976,0.16549999418202788,0.000700005330145359,21.88939999905415,29.198400006862357,0
1821,d_validation_1920_1080_daylight_2,7.341400007135235,21.25819999491796,0.35349999961908907,0.20090000180061907,21.812599996337667,29.154000003472902,1
1822,d_validation_1920_1080_daylight_2,7.214099998236634,20.694800012279302,0.29409999842755497,0.18489999638404697,21.173800007090904,28.387900005327538,1
1823,d_validation_1920_1080_daylight_2,7.450399993103929,20.049099999596365,0.14479999663308263,0.000600004568696022,20.194500000798143,27.644899993902072,0
1824,d_validation_1920_1080_daylight_2,7.027600004221313,22.30309999140445,0.1728000061120838,0.000200001522898674,22.476099999039434,29.503700003260747,0
1825,d_validation_1920_1080_daylight_2,7.29249999858439,19.944200001191348,0.1441000058548525,0.000300002284348011,20.08860000933055,27.381100007914938,0
1826,d_validation_1920_1080_daylight_2,6.11449999269098,19.290099997306243,0.13890000991523266,0.00019998697098344564,19.42919999419246,25.54369998688344,0
1827,d_validation_1920_1080_daylight_2,5.976600004942156,20.465499997953884,0.14429999282583594,0.000300002284348011,20.61009999306407,26.586699998006225,0
1828,d_validation_1920_1080_daylight_2,6.11310001113452,22.892399996635504,0.16900000628083944,0.00019998697098344564,23.061599989887327,29.174700001021847,0
1829,d_validation_1920_1080_daylight_2,6.7266999976709485,20.74930000526365,0.1396000006934628,0.000300002284348011,20.88920000824146,27.61590000591241,0
1830,d_validation_1920_1080_daylight_2,6.733299989718944,19.071700007771142,0.1736999984132126,0.000300002284348011,19.245700008468702,25.978999998187646,0
1831,d_validation_1920_1080_daylight_2,6.53240000247024,23.368299996946007,0.3159000043524429,0.000400003045797348,23.684600004344247,30.217000006814487,0
1832,d_validation_1920_1080_daylight_2,6.5150999871548265,19.595400008256547,0.13309999485500157,0.000200001522898674,19.728700004634447,26.243799991789274,0
1833,d_validation_1920_1080_daylight_2,6.423099999665283,21.77369999117218,0.13500000932253897,0.00029998773243278265,21.90899998822715,28.332099987892434,0
1834,d_validation_1920_1080_daylight_2,5.7520999980624765,22.064100005081855,0.13840000610798597,0.000200001522898674,22.20270001271274,27.954800010775216,0
1835,d_validation_1920_1080_daylight_2,6.152899994049221,23.063100001309067,0.14709999959450215,0.000200001522898674,23.210400002426468,29.36329999647569,0
1836,d_validation_1920_1080_daylight_2,6.33899999957066,21.749699997599237,0.1272999943466857,0.000200001522898674,21.87719999346882,28.21619999303948,0
1837,d_validation_1920_1080_daylight_2,5.696500011254102,18.48289999179542,0.12360000982880592,0.00019998697098344564,18.60669998859521,24.303199999849312,0
1838,d_validation_1920_1080_daylight_2,6.099999998696148,18.43909999297466,0.1286000042455271,0.000200001522898674,18.567899998743087,24.667899997439235,0
1839,d_validation_1920_1080_daylight_2,6.065599998692051,18.807100001140498,0.12579999747686088,0.000200001522898674,18.933100000140257,24.998699998832308,0
1840,d_validation_1920_1080_daylight_2,6.401499995263293,20.370800004457124,0.1260999997612089,0.00019998697098344564,20.497099991189316,26.89859998645261,0
1841,d_validation_1920_1080_daylight_2,6.796499990741722,19.735600013518706,0.33399999665562063,0.19559999054763466,20.26520000072196,27.061699991463684,1
1842,d_validation_1920_1080_daylight_2,7.1712000062689185,20.276199997169897,0.13970000145491213,0.0005999900167807937,20.41649998864159,27.58769999491051,0
1843,d_validation_1920_1080_daylight_2,6.515899993246421,21.21820001048036,0.351999988197349,0.18930000078398734,21.759499999461696,28.275399992708117,1
1844,d_validation_1920_1080_daylight_2,7.453600002918392,20.436199993127957,0.30130000959616154,0.16820000018924475,20.905700002913363,28.359300005831756,1
1845,d_validation_1920_1080_daylight_2,6.647800008067861,21.64759999141097,0.182100004167296,0.000700005330145359,21.830400000908412,28.478200008976273,0
1846,d_validation_1920_1080_daylight_2,7.562400001916103,23.48990000609774,0.41569999302737415,0.29070000164210796,24.196300000767224,31.758700002683327,2
1847,d_validation_1920_1080_daylight_2,7.4327000038465485,21.95870000286959,0.2018999948631972,0.00100000761449337,22.16160000534728,29.59430000919383,0
1848,d_validation_1920_1080_daylight_2,8.081600011792034,20.166499991319142,0.14820000797044486,0.000200001522898674,20.314900000812486,28.39650001260452,0
1849,d_validation_1920_1080_daylight_2,6.418600009055808,20.845499995630234,0.3842000005533919,0.19629999587778002,21.425999992061406,27.844600001117215,1
1850,d_validation_1920_1080_daylight_2,7.719400004134513,23.02550000604242,0.192599996807985,0.000500003807246685,23.218600006657653,30.938000010792166,0
1851,d_validation_1920_1080_daylight_2,7.79550000152085,20.963699993444607,0.14709999959450215,0.000200001522898674,21.110999994562007,28.906499996082857,0
1852,d_validation_1920_1080_daylight_2,7.152900012442842,18.87699999497272,0.1812999980757013,0.000300002284348011,19.05859999533277,26.211500007775612,0
1853,d_validation_1920_1080_daylight_2,7.549399990239181,22.758300008717924,0.17729999672155827,0.000400003045797348,22.93600000848528,30.48539999872446,0
1854,d_validation_1920_1080_daylight_2,7.279899989953265,22.48939999844879,0.37259999953676015,0.22280000848695636,23.084800006472506,30.36469999642577,1
1855,d_validation_1920_1080_daylight_2,7.56429998727981,20.60830000846181,0.3167999966535717,0.1765000051818788,21.10160001029726,28.66589999757707,1
1856,d_validation_1920_1080_daylight_2,7.066800011671148,21.07209998939652,0.16009999671950936,0.000600004568696022,21.232799990684725,28.299600002355874,0
1857,d_validation_1920_1080_daylight_2,6.405200008885004,19.86689999466762,0.38309999217744917,0.18810000619851053,20.43809999304358,26.843300001928583,1
1858,d_validation_1920_1080_daylight_2,7.495199999539182,22.874700007378124,0.19379999139346182,0.000800006091594696,23.06930000486318,30.564500004402362,0
1859,d_validation_1920_1080_daylight_2,7.312300003832206,18.918199988547713,0.3215000033378601,0.17729999672155827,19.41699998860713,26.729299992439337,1
1860,d_validation_1920_1080_daylight_2,7.318200005101971,21.292999997967854,0.4138999938732013,0.46970001130830497,22.17660000314936,29.49480000825133,5
1861,d_validation_1920_1080_daylight_2,7.448899996234104,21.41420000407379,0.49869999929796904,0.45519998820964247,22.368099991581403,29.816999987815507,5
1862,d_validation_1920_1080_daylight_2,7.620899996254593,21.118400007253513,0.567900002351962,0.5329999985406175,22.219300008146092,29.840200004400685,6
1863,d_validation_1920_1080_daylight_2,7.553099989308976,21.9033000030322,0.8729999972274527,0.662600010400638,23.43890001066029,30.991999999969266,7
1864,d_validation_1920_1080_daylight_2,7.676299996091984,22.36129999801051,0.7258999976329505,0.24970000959001482,23.336900005233474,31.01320000132546,2
1865,d_validation_1920_1080_daylight_2,7.496399994124658,22.80560000508558,0.9258000063709915,0.28369999199640006,24.01510000345297,31.51149999757763,2
1866,d_validation_1920_1080_daylight_2,7.530999995651655,23.28700000362005,0.5589000065810978,0.0009999930625781417,23.846900003263727,31.37789999891538,0
1867,d_validation_1920_1080_daylight_2,7.95990000187885,20.939999987604097,0.6607000104850158,0.1838000025600195,21.784500000649132,29.744400002527982,1
1868,d_validation_1920_1080_daylight_2,7.5588999898172915,23.360899998806417,1.019500006805174,0.4625000001396984,24.84290000575129,32.40179999556858,5
1869,d_validation_1920_1080_daylight_2,7.823100007954054,22.82329999434296,1.0257999965688214,0.1838000025600195,24.0328999934718,31.856000001425855,1
1870,d_validation_1920_1080_daylight_2,7.861499994760379,21.87900000717491,0.730699990526773,0.182100004167296,22.791800001868978,30.653299996629357,1
1871,d_validation_1920_1080_daylight_2,7.501100000808947,21.84329999727197,0.7895000017015263,0.2786999975796789,22.911499996553175,30.412599997362122,2
1872,d_validation_1920_1080_daylight_2,7.04799999948591,21.931099996436387,0.8006999996723607,0.26089999300893396,22.992699989117682,30.040699988603592,2
1873,d_validation_1920_1080_daylight_2,8.43699999677483,19.70390000496991,0.8936000085668638,0.640199999907054,21.237700013443828,29.674700010218658,8
1874,d_validation_1920_1080_daylight_2,8.844199997838587,19.6804000006523,0.9388999897055328,0.3301000106148422,20.949400000972673,29.79359999881126,3
1875,d_validation_1920_1080_daylight_2,9.060099997441284,22.807200002716854,1.3279999984661117,0.30440000409726053,24.439600005280226,33.49970000272151,2
1876,d_validation_1920_1080_daylight_2,10.623699999996461,21.68330000131391,1.0374999983469024,0.6603999936487526,23.381199993309565,34.004899993306026,8
1877,d_validation_1920_1080_daylight_2,8.879000000888482,21.25349998823367,1.036100002238527,0.33560000883881,22.625199999311008,31.50420000019949,3
1878,d_validation_1920_1080_daylight_2,8.970700000645593,22.045000005164184,0.8498999959556386,0.0013999961083754897,22.896299997228198,31.86699999787379,0
1879,d_validation_1920_1080_daylight_2,9.361500007798895,22.706399991875514,0.5407999997260049,0.000200001522898674,23.247399993124418,32.60890000092331,0
1880,d_validation_1920_1080_daylight_2,7.766700000502169,19.596700003603473,0.5742000066675246,0.000200001522898674,20.171100011793897,27.937800012296066,0
1881,d_validation_1920_1080_daylight_2,7.830999995348975,22.161999993841164,0.7550000009359792,0.000200001522898674,22.91719999630004,30.748199991649017,0
1882,d_validation_1920_1080_daylight_2,9.312299996963702,22.644500000751577,1.3983999961055815,0.19459999748505652,24.237499994342215,33.54979999130592,1
1883,d_validation_1920_1080_daylight_2,8.523399999830872,22.73070000228472,1.7281000036746264,0.2739999908953905,24.732799996854737,33.25619999668561,1
1884,d_validation_1920_1080_daylight_2,8.344499990926124,22.414500010199845,1.5236999897751957,0.374099996406585,24.312299996381626,32.65679998730775,3
1885,d_validation_1920_1080_daylight_2,9.316800002125092,22.34689999022521,0.6471000087913126,0.0012999953469261527,22.99529999436345,32.31209999648854,0
1886,d_validation_1920_1080_daylight_2,8.711399990716018,22.191900003235787,0.5657000001519918,0.000200001522898674,22.757800004910678,31.469199995626695,0
1887,d_validation_1920_1080_daylight_2,9.829199989326298,22.271200010436587,0.7768999930704013,0.000300002284348011,23.048400005791336,32.877599995117635,0
1888,d_validation_1920_1080_daylight_2,8.367999995243736,23.06239999597892,0.7801000028848648,0.000200001522898674,23.842700000386685,32.21069999563042,0
1889,d_validation_1920_1080_daylight_2,8.372399999643676,22.52500000759028,0.7792999967932701,0.000300002284348011,23.304600006667897,31.677000006311573,0
1890,d_validation_1920_1080_daylight_2,8.434999996097758,22.193299999344163,0.7694999949308112,0.000300002284348011,22.963099996559322,31.39809999265708,0
1891,d_validation_1920_1080_daylight_2,8.438100005150773,22.725699993316084,0.7544999971287325,0.000200001522898674,23.480399991967715,31.918499997118488,0
1892,d_validation_1920_1080_daylight_2,8.558000001357868,22.398500004783273,0.7184999994933605,0.00029998773243278265,23.117299992009066,31.675299993366934,0
1893,d_validation_1920_1080_daylight_2,8.566999997128733,20.655500004068017,0.8851000020513311,0.18289999570697546,21.723500001826324,30.290499998955056,1
1894,d_validation_1920_1080_daylight_2,8.703200001036748,22.51799999794457,0.4447000101208687,0.0006999907782301307,22.96339999884367,31.666599999880418,0
1895,d_validation_1920_1080_daylight_2,7.912100001703948,20.42739999887999,0.3913999971700832,0.000200001522898674,20.818999997572973,28.73109999927692,0
1896,d_validation_1920_1080_daylight_2,7.603399993968196,19.639000005554408,0.751899991882965,0.33370000892318785,20.72460000636056,28.328000000328757,3
1897,d_validation_1920_1080_daylight_2,8.287599994218908,22.13840000331402,1.006899998174049,0.18770000315271318,23.33300000464078,31.62059999885969,1
1898,d_validation_1920_1080_daylight_2,8.433199996943586,21.676500007743016,1.0408999951323494,0.1829999964684248,22.90039999934379,31.333599996287376,1
1899,d_validation_1920_1080_daylight_2,8.279499990749173,22.33070001238957,0.5429000011645257,0.0006999907782301307,22.874300004332326,31.1537999950815,0
1900,d_validation_1920_1080_daylight_2,7.594399998197332,22.264700004598126,0.49279999802820385,0.000400003045797348,22.757900005672127,30.35230000386946,0
1901,d_validation_1920_1080_daylight_2,7.719100001850165,23.346700007095933,0.48160000005736947,0.000300002284348011,23.82860000943765,31.547700011287816,0
1902,d_validation_1920_1080_daylight_2,8.092999996733852,22.345399993355386,0.47400000039488077,0.000300002284348011,22.819699996034615,30.912699992768466,0
1903,d_validation_1920_1080_daylight_2,8.311700003105216,23.349099996266887,0.4571000026771799,0.000200001522898674,23.806400000466965,32.11810000357218,0
1904,d_validation_1920_1080_daylight_2,7.837299999664538,18.694600003072992,0.32980000833049417,0.000200001522898674,19.024600012926385,26.861900012590922,0
1905,d_validation_1920_1080_daylight_2,8.35239999287296,22.265799998422153,0.3677000058814883,0.000200001522898674,22.63370000582654,30.9860999986995,0
1906,d_validation_1920_1080_daylight_2,8.45100000151433,19.72149999346584,0.490999998874031,0.1773000112734735,20.389800003613345,28.840800005127676,1
1907,d_validation_1920_1080_daylight_2,8.04729999799747,22.532599992700852,0.25040000036824495,0.000700005330145359,22.783699998399243,30.830999996396713,0
1908,d_validation_1920_1080_daylight_2,7.042600002023391,20.36559999396559,0.3885000041918829,0.1804000057745725,20.934500003932044,27.977100005955435,1
1909,d_validation_1920_1080_daylight_2,8.63700000627432,21.961499995086342,0.5041999975219369,0.2032000047620386,22.668899997370318,31.305900003644638,1
1910,d_validation_1920_1080_daylight_2,9.020400000736117,21.71900001121685,0.2403999969828874,0.000600004568696022,21.960000012768432,30.98040001350455,0
1911,d_validation_1920_1080_daylight_2,7.7705000003334135,21.7897999973502,0.24480000138282776,0.000200001522898674,22.034800000255927,29.80530000058934,0
1912,d_validation_1920_1080_daylight_2,8.166900006472133,22.50649999768939,0.5104000010760501,0.19910000264644623,23.216000001411885,31.382900007884018,1
1913,d_validation_1920_1080_daylight_2,7.612300003529526,19.55850000376813,0.19749999046325684,0.000600004568696022,19.756599998800084,27.36890000232961,0
1914,d_validation_1920_1080_daylight_2,6.289099997957237,19.529400000465102,0.19740000425372273,0.000100000761449337,19.726900005480275,26.01600000343751,0
1915,d_validation_1920_1080_daylight_2,6.954000011319295,19.405799990636297,0.18540000019129366,0.000300002284348011,19.59149999311194,26.545500004431233,0
1916,d_validation_1920_1080_daylight_2,7.500600011553615,19.342899991897866,0.16260000120382756,0.000200001522898674,19.505699994624592,27.006300006178208,0
1917,d_validation_1920_1080_daylight_2,6.928099988726899,20.46340001106728,0.15999999595806003,0.000300002284348011,20.623700009309687,27.551799998036586,0
1918,d_validation_1920_1080_daylight_2,7.368500009761192,22.207399990293197,0.33039999834727496,0.20090000180061907,22.73869999044109,30.107200000202283,1
1919,d_validation_1920_1080_daylight_2,7.860199999413453,23.34339999652002,0.2131000073859468,0.0006999907782301307,23.557199994684197,31.41739999409765,0
1920,d_validation_1920_1080_daylight_2,8.892800004105084,23.393199997371994,0.48090000927913934,0.2961999998660758,24.17030000651721,33.06310001062229,2
1921,d_validation_1920_1080_daylight_2,7.401900002150796,21.289900003466755,0.18829999316949397,0.000900006853044033,21.479100003489293,28.88100000564009,0
1922,d_validation_1920_1080_daylight_2,6.364600005326793,20.56560000346508,0.3997000021627173,0.28279999969527125,21.248100005323067,27.61270001064986,2
1923,d_validation_1920_1080_daylight_2,8.137899989378639,22.559900011401623,0.2562000008765608,0.0009999930625781417,22.817100005340762,30.9549999947194,0
1924,d_validation_1920_1080_daylight_2,7.840499994927086,22.570699991774745,0.20110000332351774,0.000200001522898674,22.77199999662116,30.612499991548248,0
1925,d_validation_1920_1080_daylight_2,7.110399994417094,23.757799994200468,0.19489999976940453,0.000200001522898674,23.95289999549277,31.063299989909865,0
1926,d_validation_1920_1080_daylight_2,6.406899992725812,19.605000008596107,0.40129999979399145,0.17749999824445695,20.183800006634556,26.590699999360368,1
1927,d_validation_1920_1080_daylight_2,7.711400001426227,19.444799996563233,0.38699999277014285,0.16730000788811594,19.999099997221492,27.71049999864772,1
1928,d_validation_1920_1080_daylight_2,7.249100002809428,22.19209999020677,0.22250000620260835,0.000600004568696022,22.415200000978075,29.664300003787503,0
1929,d_validation_1920_1080_daylight_2,7.686999990255572,21.57890000671614,0.3530999965732917,0.1745000045048073,22.10650000779424,29.79349999804981,1
1930,d_validation_1920_1080_daylight_2,7.543599989730865,20.25810000486672,0.3625999961514026,0.17389999993611127,20.794600000954233,28.338199990685098,1
1931,d_validation_1920_1080_daylight_2,7.227900001453236,22.729799995431677,0.2381000085733831,0.0006999907782301307,22.96859999478329,30.196499996236525,0
1932,d_validation_1920_1080_daylight_2,7.271200011018664,22.3171999969054,0.19029999384656549,0.000300002284348011,22.507799993036315,29.77900000405498,0
1933,d_validation_1920_1080_daylight_2,6.572500002221204,20.14759999292437,0.23499999952036887,0.000300002284348011,20.382899994729087,26.95539999695029,0
1934,d_validation_1920_1080_daylight_2,6.858299995656125,23.83920000283979,0.47990000166464597,0.192599996807985,24.51170000131242,31.369999996968545,1
1935,d_validation_1920_1080_daylight_2,7.989399993675761,22.846799998660572,0.24370000755880028,0.0007999915396794677,23.09129999775905,31.080699991434813,0
1936,d_validation_1920_1080_daylight_2,7.604200000059791,23.549799996544607,0.21559999731834978,0.000300002284348011,23.765699996147305,31.369899996207096,0
1937,d_validation_1920_1080_daylight_2,8.298300002934411,21.935800003120676,0.20650000078603625,0.000300002284348011,22.14260000619106,30.44090000912547,0
1938,d_validation_1920_1080_daylight_2,8.195500005967915,21.10119999269955,0.3989000106230378,0.26539999817032367,21.76550000149291,29.961000007460825,2
1939,d_validation_1920_1080_daylight_2,9.123900003032759,21.77520000259392,0.42070000199601054,0.33489998895674944,22.53079999354668,31.65469999657944,3
1940,d_validation_1920_1080_daylight_2,8.41690000379458,22.528200002852827,0.5768999981228262,0.3302999975858256,23.43539999856148,31.85230000235606,3
1941,d_validation_1920_1080_daylight_2,9.485499991569668,22.520900005474687,0.763899995945394,0.7385000062640756,24.023300007684156,33.508799999253824,8
1942,d_validation_1920_1080_daylight_2,10.020000001532026,23.11369999370072,0.8801000076346099,0.6685999978799373,24.662399999215268,34.68240000074729,7
1943,d_validation_1920_1080_daylight_2,9.490199998253956,21.692599999369122,0.6037999992258847,0.17699999443721026,22.473399993032217,31.963599991286173,1
1944,d_validation_1920_1080_daylight_2,9.841599996434525,19.96299999882467,0.31790000502951443,0.000800006091594696,20.28170000994578,30.123300006380305,0
1945,d_validation_1920_1080_daylight_2,8.855799998855218,24.027499996009283,0.9337000083178282,0.2344999957131222,25.195700000040233,34.05149999889545,1
1946,d_validation_1920_1080_daylight_2,9.257199999410659,21.633600001223385,0.8702000050107017,0.4599999956553802,22.963800001889467,32.221000001300126,4
1947,d_validation_1920_1080_daylight_2,9.758300002431497,22.094799991464242,1.018200011458248,0.21779999951831996,23.33080000244081,33.08910000487231,1
1948,d_validation_1920_1080_daylight_2,9.577799995895475,22.422299996833317,0.4197000089334324,0.0005999900167807937,22.84259999578353,32.420399991679005,0
1949,d_validation_1920_1080_daylight_2,8.466700004646555,23.428400003467686,0.9970999963115901,0.37539999175351113,24.800899991532788,33.26759999617934,3
1950,d_validation_1920_1080_daylight_2,9.752100013429299,22.352499989210628,1.096100007998757,0.4420999903231859,23.89069998753257,33.64280000096187,4
1951,d_validation_1920_1080_daylight_2,9.528900001896545,22.663099996862,1.2797000090358779,0.7404999923892319,24.68329999828711,34.21220000018366,9
1952,d_validation_1920_1080_daylight_2,9.608799999114126,22.519000005559064,1.1539999977685511,0.6598999898415059,24.33289999316912,33.94169999228325,8
1953,d_validation_1920_1080_daylight_2,9.670300001744181,20.48540000396315,0.949099994613789,0.19710000196937472,21.631600000546314,31.301900002290495,1
1954,d_validation_1920_1080_daylight_2,8.628700001281686,22.089699996286072,0.49669999862089753,0.000600004568696022,22.586999999475665,31.21570000075735,0
1955,d_validation_1920_1080_daylight_2,7.642700002179481,21.548799995798618,1.011500004096888,0.20969999604858458,22.76999999594409,30.41269999812357,1
1956,d_validation_1920_1080_daylight_2,8.154399998602457,22.659800000838004,0.7722000009380281,0.000800006091594696,23.432800007867627,31.587200006470084,0
1957,d_validation_1920_1080_daylight_2,9.071799999219365,21.15570000023581,0.9639000054448843,0.26149999757763,22.381100003258325,31.45290000247769,2
1958,d_validation_1920_1080_daylight_2,9.306399995693937,21.018900006311014,1.0251000057905912,0.9468999924138188,22.990900004515424,32.29730000020936,7
1959,d_validation_1920_1080_daylight_2,9.137400003965013,21.771500003524125,1.248100001248531,0.5469000025186688,23.566500007291324,32.70390001125634,6
1960,d_validation_1920_1080_daylight_2,9.38220000534784,20.41119999194052,1.2443000014172867,0.6095999997342005,22.265099993092008,31.64729999843985,6
1961,d_validation_1920_1080_daylight_2,9.678900009021163,22.920999996131286,1.7472000035922974,0.6244999967748299,25.292699996498413,34.971600005519576,7
1962,d_validation_1920_1080_daylight_2,8.613099998910911,22.639999995590188,1.6784000035841018,0.4707000043708831,24.789100003545173,33.402200002456084,5
1963,d_validation_1920_1080_daylight_2,9.352799999760464,21.82169999286998,1.2679000064963475,0.708199993823655,23.797799993189983,33.15059999295045,7
1964,d_validation_1920_1080_daylight_2,9.004899999126792,21.252099992125295,1.7808000120567158,0.6055999983800575,23.63850000256207,32.64340000168886,7
1965,d_validation_1920_1080_daylight_2,9.421999988262542,22.417100000893697,1.731000011204742,0.6964999920455739,24.844600004144013,34.266599992406555,7
1966,d_validation_1920_1080_daylight_2,9.24220000160858,22.441399996750988,1.2605999945662916,0.6476999988080934,24.349699990125373,33.59189999173395,7
1967,d_validation_1920_1080_daylight_2,9.194800004479475,20.148499999777414,1.2401999993016943,0.5792000010842457,21.967900000163354,31.16270000464283,6
1968,d_validation_1920_1080_daylight_2,8.41700000455603,19.220600006519817,1.0064999951282516,0.24649999977555126,20.47360000142362,28.89060000597965,2
1969,d_validation_1920_1080_daylight_2,9.121000010054559,22.567699998035096,1.422599991201423,0.2830000012181699,24.27329999045469,33.39430000050925,2
1970,d_validation_1920_1080_daylight_2,8.952799995313399,21.28390000143554,1.0974000033456832,0.6491999956779182,23.030500000459142,31.98329999577254,5
1971,d_validation_1920_1080_daylight_2,8.239799994044006,20.63559999805875,0.5620000010821968,0.0017999991541728377,21.19939999829512,29.439199992339127,0
1972,d_validation_1920_1080_daylight_2,8.71259999985341,21.488800004590303,0.7673999934922904,0.000300002284348011,22.25650000036694,30.96910000022035,0
1973,d_validation_1920_1080_daylight_2,9.308599997893907,21.974799994495697,1.0449000110384077,0.20619999850168824,23.225900004035793,32.5345000019297,1
1974,d_validation_1920_1080_daylight_2,9.163599999737926,22.704199989675544,0.8919000101741403,0.28469999961089343,23.880799999460578,33.044399999198504,2
1975,d_validation_1920_1080_daylight_2,8.773599998676218,21.19929999753367,0.6283999973675236,0.0012999953469261527,21.82899999024812,30.60259998892434,0
1976,d_validation_1920_1080_daylight_2,8.710100009921007,22.190799994859844,0.8704000065336004,0.17999998817685992,23.241199989570305,31.95129999949131,1
1977,d_validation_1920_1080_daylight_2,7.547700006398372,20.75279998825863,0.46239999937824905,0.000600004568696022,21.215799992205575,28.763499998603947,0
1978,d_validation_1920_1080_daylight_2,7.47620000038296,20.387199998367578,0.42860000394284725,0.000200001522898674,20.816000003833324,28.292200004216284,0
1979,d_validation_1920_1080_daylight_2,8.411699993303046,20.27079999970738,0.7966999983182177,0.17500000831205398,21.24250000633765,29.654199999640696,1
1980,d_validation_1920_1080_daylight_2,9.080400006496347,22.521599996252917,1.06229999801144,0.0014999968698248267,23.58539999113418,32.66579999763053,0
1981,d_validation_1920_1080_daylight_2,8.824100004858337,23.73079999233596,0.5592000088654459,0.00029998773243278265,24.29029998893384,33.114399993792176,0
1982,d_validation_1920_1080_daylight_2,8.782399992924184,24.652500011143275,0.7112999883247539,0.1871999993454665,25.550999998813495,34.33339999173768,1
1983,d_validation_1920_1080_daylight_2,9.112100000493228,22.77150000736583,0.4403999919304624,0.000700005330145359,23.212600004626438,32.32470000511967,0
1984,d_validation_1920_1080_daylight_2,9.110999992117286,21.875799997360446,0.35990000469610095,0.000300002284348011,22.236000004340895,31.34699999645818,0
1985,d_validation_1920_1080_daylight_2,8.90159999835305,20.31130000250414,0.2749999985098839,0.000200001522898674,20.586500002536923,29.488100000889972,0
1986,d_validation_1920_1080_daylight_2,8.143800005200319,21.650199996656738,0.26590000197757035,0.000300002284348011,21.916400000918657,30.060200006118976,0
1987,d_validation_1920_1080_daylight_2,8.481799988658167,20.998600011807866,0.268299991148524,0.000200001522898674,21.26710000447929,29.748899993137456,0
1988,d_validation_1920_1080_daylight_2,7.782400003634393,20.53900000464637,0.7123999967006966,0.2182000025641173,21.469600003911182,29.252000007545575,1
1989,d_validation_1920_1080_daylight_2,7.772099997964688,21.503600000869483,0.2514000079827383,0.0005999900167807937,21.755599998869002,29.52769999683369,0
1990,d_validation_1920_1080_daylight_2,8.011199999600649,22.408900011214428,0.705099999322556,0.2832000027410686,23.397200013278052,31.4084000128787,2
1991,d_validation_1920_1080_daylight_2,8.550800004741177,20.411999998032115,0.342100000125356,0.0009999930625781417,20.75509999122005,29.305899995961227,0
1992,d_validation_1920_1080_daylight_2,7.287700005690567,23.582299996633083,0.8077999955276027,0.5998000124236569,24.989900004584342,32.27760001027491,6
1993,d_validation_1920_1080_daylight_2,8.034300000872463,22.22780000010971,1.0181000106967986,0.4647999885492027,23.71069999935571,31.745000000228174,5
1994,d_validation_1920_1080_daylight_2,7.806699999491684,20.421000008354895,0.7103999960236251,0.38270000368356705,21.514100008062087,29.32080000755377,4
1995,d_validation_1920_1080_daylight_2,7.144600007450208,22.610300002270378,1.0456000018166378,0.6714999908581376,24.327399994945154,31.47200000239536,7
1996,d_validation_1920_1080_daylight_2,8.570999998482876,20.185799992759712,0.9184000082314014,0.4702000005636364,21.57440000155475,30.145400000037625,5
1997,d_validation_1920_1080_daylight_2,9.003200000734068,22.65310000802856,1.2070999946445227,0.27319999935571104,24.133400002028793,33.13660000276286,2
1998,d_validation_1920_1080_daylight_2,8.838600013405085,22.955599997658283,1.1889000015798956,0.5359999922802672,24.680499991518445,33.51910000492353,5
1999,d_validation_1920_1080_daylight_2,8.581100002629682,21.757800001068972,0.8261000039055943,0.16929999401327223,22.75319999898784,31.33430000161752,1
2000,d_validation_1920_1080_daylight_2,9.278899990022182,20.5675000033807,0.7972000021254644,0.26539999817032367,21.63010000367649,30.90899999369867,2
2001,d_validation_1920_1080_daylight_2,9.519300001556985,21.517600005608983,1.1844999971799552,0.3372000064700842,23.039300009259023,32.55860001081601,3
2002,d_validation_1920_1080_daylight_2,8.807100006379187,21.038499995484017,0.7877000025473535,0.16710000636521727,21.993300004396588,30.800400010775775,1
2003,d_validation_1920_1080_daylight_2,8.113999996567145,19.00990000285674,0.8111000061035156,0.21040000137872994,20.031400010338984,28.14540000690613,2
2004,d_validation_1920_1080_daylight_2,8.394300006330013,21.016999991843477,1.1572000075830147,0.2829000004567206,22.457099999883212,30.851400006213225,2
2005,d_validation_1920_1080_daylight_2,8.860099987941794,21.485900011612102,1.2315999920247123,0.5361000075936317,23.253600011230446,32.11369999917224,5
2006,d_validation_1920_1080_daylight_2,9.074799992959015,22.156100007123314,1.174200006062165,0.1934999891091138,23.523800002294593,32.59859999525361,1
2007,d_validation_1920_1080_daylight_2,8.693600000697188,22.098899993579835,1.4155000098980963,0.28419999580364674,23.798599999281578,32.492199999978766,2
2008,d_validation_1920_1080_daylight_2,8.999400000902824,20.455299993045628,1.0130000009667128,0.3563000063877553,21.824600000400096,30.82400000130292,5
2009,d_validation_1920_1080_daylight_2,8.775700000114739,20.22390000638552,0.992799992673099,0.48770000285003334,21.704400001908652,30.48010000202339,4
2010,d_validation_1920_1080_daylight_2,8.943400011048652,21.472099993843585,1.1584000021684915,0.18790000467561185,22.81840000068769,31.76180001173634,1
2011,d_validation_1920_1080_daylight_2,9.236600002623163,22.093199993832968,1.3660000113304704,0.18829999316949397,23.647499998332933,32.884100000956096,1
2012,d_validation_1920_1080_daylight_2,9.439800007385202,22.651199993561022,1.472999996622093,0.41680000140331686,24.540999991586432,33.980799998971634,4
2013,d_validation_1920_1080_daylight_2,9.096399997361004,20.000799995614216,1.0334000107832253,0.26399998751003295,21.298199993907474,30.39459999126848,2
2014,d_validation_1920_1080_daylight_2,8.029999997233972,20.152600001893006,0.5452999903354794,0.000900006853044033,20.69879999908153,28.7287999963155,0
2015,d_validation_1920_1080_daylight_2,7.754399994155392,18.87620000343304,1.0369999945396557,0.18649999401532114,20.099699991988018,27.85409998614341,1
2016,d_validation_1920_1080_daylight_2,9.025300008943304,23.05389998946339,1.5863000007811934,0.5510000046342611,25.191199994878843,34.21650000382215,5
2017,d_validation_1920_1080_daylight_2,10.083200002554804,23.045900001307018,1.6871999978320673,0.45349998981691897,25.186599988956004,35.26979999151081,4
2018,d_validation_1920_1080_daylight_2,9.972899992135353,20.53209999576211,1.2753000046359375,0.6821999995736405,22.489599999971688,32.46249999210704,8
2019,d_validation_1920_1080_daylight_2,9.841400009463541,23.795699991751462,1.8964000046253204,0.43539999751374125,26.127499993890524,35.968900003354065,4
2020,d_validation_1920_1080_daylight_2,9.601699988706969,21.99750000727363,1.941800001077354,0.40889999945648015,24.348200007807463,33.94989999651443,4
2021,d_validation_1920_1080_daylight_2,9.630799992009997,23.152599998866208,1.9653000053949654,0.2826999989338219,25.400600003194995,35.03139999520499,2
2022,d_validation_1920_1080_daylight_2,9.658399998443201,23.01889999944251,2.01569999626372,0.4704000020865351,25.504999997792765,35.16339999623597,5
2023,d_validation_1920_1080_daylight_2,9.294799994677305,22.22280000569299,1.3947999977972358,0.22649999300483614,23.84409999649506,33.138899991172366,2
2024,d_validation_1920_1080_daylight_2,8.788000006461516,22.613499997532926,1.375100007862784,0.32300000020768493,24.311600005603395,33.09960001206491,3
2025,d_validation_1920_1080_daylight_2,8.822500007227063,23.940199986100197,1.994400008697994,0.411300003179349,26.34589999797754,35.1684000052046,4
2026,d_validation_1920_1080_daylight_2,8.701200000359677,22.941600007470697,1.909800004796125,0.19619999511633068,25.047600007383153,33.74880000774283,1
2027,d_validation_1920_1080_daylight_2,7.638499999302439,20.844300001044758,1.7946000007214025,0.1990000018849969,22.837900003651157,30.476400002953596,1
2028,d_validation_1920_1080_daylight_2,8.977699995739385,21.56259999901522,1.3085000100545585,0.4591999895637855,23.330299998633564,32.30799999437295,5
2029,d_validation_1920_1080_daylight_2,8.971999995992519,20.372600003611296,1.4285999932326376,0.45030000910628587,22.25150000595022,31.22350000194274,5
2030,d_validation_1920_1080_daylight_2,9.225599991623312,23.020100008579902,1.4174999960232526,0.5237000004854053,24.96130000508856,34.18689999671187,6
2031,d_validation_1920_1080_daylight_2,8.9297000085935,21.592699995380826,2.0013000030303374,0.4622999986167997,24.056299997027963,32.98600000562146,5
2032,d_validation_1920_1080_daylight_2,8.939699997426942,22.841099998913705,1.895099994726479,0.5099000118207186,25.246100005460903,34.185800002887845,5
2033,d_validation_1920_1080_daylight_2,8.877600004780106,20.956499996827915,1.3278000114951283,0.7136999920476228,22.998000000370666,31.875600005150773,6
2034,d_validation_1920_1080_daylight_2,9.15720000921283,22.497300000395626,1.9323999877087772,0.5259000026853755,24.95559999078978,34.11280000000261,6
2035,d_validation_1920_1080_daylight_2,8.719400007976219,19.720299998880364,1.1269999959040433,0.25440000172238797,21.101699996506795,29.821100004483014,2
2036,d_validation_1920_1080_daylight_2,8.59340000897646,23.31979999144096,0.8573000086471438,0.0008999923011288047,24.177999992389232,32.77140000136569,0
2037,d_validation_1920_1080_daylight_2,8.42450000345707,20.7240999880014,0.582600012421608,0.00029998773243278265,21.30699998815544,29.73149999161251,0
2038,d_validation_1920_1080_daylight_2,7.6025999878766015,19.703199999639764,1.0901000059675425,0.39760000072419643,21.190900006331503,28.793499994208105,4
2039,d_validation_1920_1080_daylight_2,9.173599988571368,22.93590000772383,1.6230000037467107,0.3496999997878447,24.908600011258386,34.082199999829754,3
2040,d_validation_1920_1080_daylight_2,8.351699987542816,22.499200000311248,0.8012000034796074,0.0017999991541728377,23.30220000294503,31.653899990487844,0
2041,d_validation_1920_1080_daylight_2,8.286800002679229,23.201000003609806,0.7557999924756587,0.000300002284348011,23.957099998369813,32.24390000104904,0
2042,d_validation_1920_1080_daylight_2,8.157000003848225,22.4817999987863,0.7547999994130805,0.000400003045797348,23.23700000124518,31.394000005093403,0
2043,d_validation_1920_1080_daylight_2,8.046100003411993,19.42919999419246,0.5473000055644661,0.00039998849388211966,19.976899988250807,28.0229999916628,0
2044,d_validation_1920_1080_daylight_2,9.286400003475137,21.12009999109432,0.4972000024281442,0.000300002284348011,21.617599995806813,30.90399999928195,0
2045,d_validation_1920_1080_daylight_2,7.006800005910918,19.388699991395697,0.9455000108573586,0.27889999910257757,20.613100001355633,27.61990000726655,3
2046,d_validation_1920_1080_daylight_2,9.122599993133917,21.063800013507716,0.9855999960564077,0.27540000155568123,22.324800011119805,31.447400004253723,2
2047,d_validation_1920_1080_daylight_2,9.904799997457303,22.998400003416464,0.9522999898763373,0.1723000023048371,24.122999995597638,34.02779999305494,1
2048,d_validation_1920_1080_daylight_2,9.850900009041652,20.07289999164641,1.359700007014908,0.48319999768864363,21.91579999634996,31.766700005391613,5
2049,d_validation_1920_1080_daylight_2,9.747800009790808,22.844199993414804,1.4291999978013337,0.47480000648647547,24.748199997702613,34.49600000749342,5
2050,d_validation_1920_1080_daylight_2,9.773099998710677,21.660099999280646,1.0024999937741086,1.0208000021521002,23.683399995206855,33.45649999391753,7
2051,d_validation_1920_1080_daylight_2,8.8675000006333,20.649300000513904,0.9110999963013455,0.17020000086631626,21.730599997681566,30.598099998314865,1
2052,d_validation_1920_1080_daylight_2,8.104699998511933,20.973599996068515,0.5291000124998391,0.0006999907782301307,21.503399999346584,29.608099997858517,0
2053,d_validation_1920_1080_daylight_2,7.607999999891035,19.77259998966474,0.46609999844804406,0.000200001522898674,20.238899989635684,27.84689998952672,0
2054,d_validation_1920_1080_daylight_2,7.692600003792904,19.40259999537375,0.5936000088695437,0.00029998773243278265,19.996499991975725,27.68909999576863,0
2055,d_validation_1920_1080_daylight_2,8.829800004605204,20.968400000128895,0.7761000015307218,0.20840000070165843,21.952900002361275,30.78270000696648,1
2056,d_validation_1920_1080_daylight_2,8.557599998312071,21.723600002587773,0.7763000030536205,0.22449999232776463,22.724399997969158,31.28199999628123,1
2057,d_validation_1920_1080_daylight_2,9.672500003944151,22.61250000447035,1.0577999928500503,0.41200000850949436,24.082300005829893,33.754800009774044,4
2058,d_validation_1920_1080_daylight_2,8.55549999687355,19.92150000296533,0.4067999980179593,0.0014999968698248267,20.329799997853115,28.885299994726665,0
2059,d_validation_1920_1080_daylight_2,6.7894000094383955,20.24459998938255,0.407600004109554,0.000400003045797348,20.6525999965379,27.442000005976297,0
2060,d_validation_1920_1080_daylight_2,7.819399994332343,22.81280000170227,0.4017000028397888,0.000200001522898674,23.21470000606496,31.034100000397302,0
2061,d_validation_1920_1080_daylight_2,8.375200006412342,20.250799992936663,0.5441000103019178,0.00029998773243278265,20.795199990971014,29.170399997383356,0
2062,d_validation_1920_1080_daylight_2,8.763999998336658,21.166300008189864,0.7610999891767278,0.18130001262761652,22.10870000999421,30.872700008330867,1
2063,d_validation_1920_1080_daylight_2,9.05100000090897,20.20670000638347,0.785099997301586,0.33429999893996865,21.326100002625026,30.377100003533997,3
2064,d_validation_1920_1080_daylight_2,7.942099997308105,22.4168999993708,0.4878000036114827,0.0009999930625781417,22.90569999604486,30.847799993352965,0
2065,d_validation_1920_1080_daylight_2,7.371300001977943,20.654000007198192,0.8452999900327995,0.20570000924635679,21.70500000647735,29.07630000845529,1
2066,d_validation_1920_1080_daylight_2,7.606099999975413,20.632200001273304,0.4670999915106222,0.000600004568696022,21.099899997352622,28.705999997328036,0
2067,d_validation_1920_1080_daylight_2,6.932099990081042,18.446700007189065,0.3651000006357208,0.000300002284348011,18.812100010109134,25.744200000190176,0
2068,d_validation_1920_1080_daylight_2,6.63679999706801,19.32669999951031,0.3668999997898936,0.000300002284348011,19.693900001584552,26.330699998652562,0
2069,d_validation_1920_1080_daylight_2,6.634799996390939,22.10200000263285,0.519900000654161,0.000300002284348011,22.622200005571358,29.257000001962297,0
2070,d_validation_1920_1080_daylight_2,8.572299993829802,20.984600007068366,0.3505000058794394,0.00019998697098344564,21.33529999991879,29.90759999374859,0
2071,d_validation_1920_1080_daylight_2,7.792000003973953,21.41940000001341,0.3259000077378005,0.00019998697098344564,21.745499994722195,29.53749999869615,0
2072,d_validation_1920_1080_daylight_2,8.176800009096041,22.89399999426678,0.44940000225324184,0.000200001522898674,23.34359999804292,31.52040000713896,0
2073,d_validation_1920_1080_daylight_2,8.134999996400438,21.66489999217447,0.32810000993777066,0.000200001522898674,21.99320000363514,30.128200000035577,0
2074,d_validation_1920_1080_daylight_2,7.13980000000447,21.64489999995567,1.2812000059057027,0.3632000007200986,23.28930000658147,30.42910000658594,3
2075,d_validation_1920_1080_daylight_2,8.077699996647425,22.8616999957012,0.6973999988986179,0.16999999934341758,23.729099993943237,31.80679999059066,1
2076,d_validation_1920_1080_daylight_2,7.836599994334392,23.750000007566996,0.6818999972892925,0.1720000000204891,24.603900004876778,32.44049999921117,1
2077,d_validation_1920_1080_daylight_2,7.817100005922839,23.424699989845976,0.6525000062538311,0.17299999308306724,24.250199989182875,32.067299995105714,1
2078,d_validation_1920_1080_daylight_2,7.960700007970445,23.520799994003028,0.9338000090792775,0.26950000028591603,24.72410000336822,32.684800011338666,2
2079,d_validation_1920_1080_daylight_2,8.892500001820736,22.35679999284912,0.8879000088199973,0.27289999707136303,23.51759999874048,32.410100000561215,2
2080,d_validation_1920_1080_daylight_2,8.925000001909211,21.99520000431221,0.43139999615959823,0.001200009137392044,22.4278000096092,31.35280001151841,0
2081,d_validation_1920_1080_daylight_2,9.725800002343021,21.692399997846223,0.2893999917432666,0.000200001522898674,21.98199999111239,31.70779999345541,0
2082,d_validation_1920_1080_daylight_2,8.885100003681146,21.661499995389022,0.4763000033563003,0.18139999883715063,22.319199997582473,31.20430000126362,1
2083,d_validation_1920_1080_daylight_2,8.70210000721272,21.66389999911189,0.24049999774433672,0.000600004568696022,21.905000001424924,30.607100008637644,0
2084,d_validation_1920_1080_daylight_2,7.994400002644397,22.640399998635985,0.6177000032039359,0.20319999021012336,23.461299992050044,31.45569999469444,1
2085,d_validation_1920_1080_daylight_2,8.996600008686073,22.15520000027027,0.6925999914528802,0.1871999993454665,23.034999991068617,32.03159999975469,1
2086,d_validation_1920_1080_daylight_2,8.99189998744987,23.310300006414764,0.7146999996621162,0.19449999672360718,24.219500002800487,33.21139999025036,1
2087,d_validation_1920_1080_daylight_2,9.054100009961985,22.70799998950679,0.6836000102339312,0.19969999266322702,23.591299992403947,32.64540000236593,1
2088,d_validation_1920_1080_daylight_2,8.92379999277182,22.494300006655976,0.6485999911092222,0.18770000315271318,23.33060000091791,32.25439999368973,1
2089,d_validation_1920_1080_daylight_2,9.498300001723692,22.402300004614517,0.5678000015905127,0.20059999951627105,23.1707000057213,32.66900000744499,1
2090,d_validation_1920_1080_daylight_2,9.365400008391589,20.421699999133125,0.4191999905742705,0.17210000078193843,21.012999990489334,30.378399998880923,1
2091,d_validation_1920_1080_daylight_2,9.239500010153279,22.79360000102315,0.5786999972769991,0.18519999866839498,23.557499996968545,32.797000007121824,1
2092,d_validation_1920_1080_daylight_2,9.00530000217259,22.461500004283153,0.5856000061612576,0.18849999469239265,23.235600005136803,32.24090000730939,1
2093,d_validation_1920_1080_daylight_2,8.676799989189021,20.471700001507998,0.30050000350456685,0.000700005330145359,20.77290001034271,29.44969999953173,0
2094,d_validation_1920_1080_daylight_2,7.954999993671663,20.269200002076104,0.22840000747237355,0.000200001522898674,20.497800011071377,28.45280000474304,0
2095,d_validation_1920_1080_daylight_2,7.577999989734963,20.984800008591264,0.4493000014917925,0.27119999867863953,21.705300008761697,29.28329999849666,2
2096,d_validation_1920_1080_daylight_2,8.00879999587778,22.35590000054799,0.6827000033808872,0.384899991331622,23.4234999952605,31.43229999113828,4
2097,d_validation_1920_1080_daylight_2,7.971300001372583,22.27199998742435,0.24390000908169895,0.0011999945854768157,22.517099991091527,30.48839999246411,0
2098,d_validation_1920_1080_daylight_2,7.047899998724461,21.982599995681085,0.3166999958921224,0.000300002284348011,22.299599993857555,29.347499992582016,0
2099,d_validation_1920_1080_daylight_2,7.858700002543628,22.120699999504723,0.49170000420417637,0.27119999867863953,22.88360000238754,30.742300004931167,2
2100,d_validation_1920_1080_daylight_2,9.393300002557226,20.105800009332597,0.32539998937863857,0.00100000761449337,20.43220000632573,29.825500008882955,0
2101,d_validation_1920_1080_daylight_2,8.793000000878237,23.74200000485871,0.33769999572541565,0.000200001522898674,24.079900002107024,32.87290000298526,0
2102,d_validation_1920_1080_daylight_2,9.728599994559772,18.56370001041796,0.5141000001458451,0.189200000022538,19.267000010586344,28.995600005146116,1
2103,d_validation_1920_1080_daylight_2,8.5696000023745,20.762900006957352,0.7257999968715012,0.19540000357665122,21.684100007405505,30.253700009780005,1
2104,d_validation_1920_1080_daylight_2,8.66590000805445,22.67540000320878,0.7360000017797574,0.21489999198820442,23.62629999697674,32.29220000503119,1
2105,d_validation_1920_1080_daylight_2,8.677000005263835,23.152599998866208,0.8701000042492524,0.7755999977234751,24.798300000838935,33.47530000610277,8
2106,d_validation_1920_1080_daylight_2,8.878900000127032,21.602599998004735,0.8777999901212752,0.7252000068547204,23.20559999498073,32.08449999510776,9
2107,d_validation_1920_1080_daylight_2,8.482699995511211,21.190500003285706,0.7280999998329207,0.669100001687184,22.58770000480581,31.070400000317022,8
2108,d_validation_1920_1080_daylight_2,9.018299999297597,23.381399994832464,1.0000000038417056,0.29340000764932483,24.674800006323494,33.69310000562109,2
2109,d_validation_1920_1080_daylight_2,7.8111000038916245,21.864399997866713,0.9867000044323504,0.44589999015443027,23.296999992453493,31.108099996345118,4
2110,d_validation_1920_1080_daylight_2,8.382500003790483,20.833100003073923,0.37229999725241214,0.0011999945854768157,21.206599994911812,29.589099998702295,0
2111,d_validation_1920_1080_daylight_2,7.498300008592196,18.455199999152683,0.3580999909900129,0.000300002284348011,18.813599992427044,26.31190000101924,0
2112,d_validation_1920_1080_daylight_2,5.452900004456751,19.36599999316968,0.3496999997878447,0.000200001522898674,19.715899994480424,25.168799998937175,0
2113,d_validation_1920_1080_daylight_2,5.441100001917221,21.75610000267625,0.42460000258870423,0.00039998849388211966,22.181099993758835,27.622199995676056,0
2114,d_validation_1920_1080_daylight_2,5.3804999915882945,20.773299998836592,0.34690000757109374,0.000300002284348011,21.120500008692034,26.501000000280328,0
2115,d_validation_1920_1080_daylight_2,4.931600007694215,20.7181000005221,0.34649998997338116,0.000400003045797348,21.064999993541278,25.996600001235493,0
2116,d_validation_1920_1080_daylight_2,4.796499997610226,18.710700009251013,0.4464999947231263,0.000400003045797348,19.157600007019937,23.954100004630163,0
2117,d_validation_1920_1080_daylight_2,7.380299997748807,22.095600012107752,0.4748999926960096,0.000300002284348011,22.57080000708811,29.951100004836917,0
2118,d_validation_1920_1080_daylight_2,8.150399997248314,20.61409999441821,0.6550000107381493,0.17889999435283244,21.447999999509193,29.598399996757507,1
2119,d_validation_1920_1080_daylight_2,8.436199990683235,21.591800003079697,0.3605999954743311,0.000900006853044033,21.953300005407073,30.389499996090308,0
2120,d_validation_1920_1080_daylight_2,8.610299992142245,22.513500007335097,0.48439999227412045,0.000200001522898674,22.998100001132116,31.60839999327436,0
2121,d_validation_1920_1080_daylight_2,8.06659999943804,21.421500001451932,0.926900000195019,0.29999999969732016,22.64840000134427,30.71500000078231,2
2122,d_validation_1920_1080_daylight_2,8.937300008255988,21.079099999042228,0.7618999952683225,0.5748000112362206,22.41580000554677,31.35310001380276,5
2123,d_validation_1920_1080_daylight_2,8.79269999859389,22.287500003585592,0.3863000019919127,0.0020000006770715117,22.675800006254576,31.468500004848465,0
2124,d_validation_1920_1080_daylight_2,7.782599990605377,19.198400012101047,0.3708999865921214,0.000200001522898674,19.569500000216067,27.352099990821443,0
2125,d_validation_1920_1080_daylight_2,7.876799994846806,20.119200009503402,0.3698999935295433,0.000300002284348011,20.489400005317293,28.3662000001641,0
2126,d_validation_1920_1080_daylight_2,8.12959999893792,18.324200005736202,0.36720000207424164,0.00029998773243278265,18.691699995542876,26.821299994480796,0
2127,d_validation_1920_1080_daylight_2,5.138299995451234,20.279000003938563,0.35909999860450625,0.000300002284348011,20.638400004827417,25.77670000027865,0
2128,d_validation_1920_1080_daylight_2,6.335400001262315,20.68469999358058,0.331600007484667,0.00019998697098344564,21.01649998803623,27.351899989298545,0
2129,d_validation_1920_1080_daylight_2,7.292299997061491,22.387800010619685,0.6661999941570684,0.3419999993639067,23.39600000414066,30.68830000120215,3
2130,d_validation_1920_1080_daylight_2,7.284799998160452,20.242200000211596,0.6902000022819266,0.16939999477472156,21.101799997268245,28.386599995428696,1
2131,d_validation_1920_1080_daylight_2,6.889100011903793,21.158199990168214,0.709700005245395,0.5388999998103827,22.40679999522399,29.295900007127784,4
2132,d_validation_1920_1080_daylight_2,7.620000003953464,23.02399999462068,0.5073000065749511,0.0016999983927235007,23.532999999588355,31.15300000354182,0
2133,d_validation_1920_1080_daylight_2,7.273800001712516,21.536299987928942,0.7115000043995678,0.25939999613910913,22.50719998846762,29.780999990180135,2
2134,d_validation_1920_1080_daylight_2,7.580300007248297,23.132299989811145,1.021300005959347,0.3794999938691035,24.533099989639595,32.11339999688789,3
2135,d_validation_1920_1080_daylight_2,7.580300007248297,23.742099991068244,1.1697000009007752,0.38690000656060874,25.298699998529628,32.879000005777925,3
2136,d_validation_1920_1080_daylight_2,7.472600002074614,22.10950000153389,0.38299999141599983,0.001300009898841381,22.49380000284873,29.966400004923344,0
2137,d_validation_1920_1080_daylight_2,6.3045999995665625,20.532700000330806,0.38469998980872333,0.000300002284348011,20.917699992423877,27.22229999199044,0
2138,d_validation_1920_1080_daylight_2,6.545799988089129,20.900300005450845,0.43670000741258264,0.00019998697098344564,21.33719999983441,27.88299998792354,0
2139,d_validation_1920_1080_daylight_2,7.626299993717112,19.6773000061512,0.2738999901339412,0.000300002284348011,19.95149999856949,27.5777999922866,0
2140,d_validation_1920_1080_daylight_2,6.144899991340935,21.64920000359416,0.26450000586919487,0.000200001522898674,21.913900010986254,28.05880000232719,0
2141,d_validation_1920_1080_daylight_2,6.874400001834147,21.926500005065463,0.5945000011706725,0.36299999919719994,22.884000005433336,29.758400007267483,3
2142,d_validation_1920_1080_daylight_2,7.776300000841729,21.311799995601177,0.6360999977914616,0.5338000046322122,22.48169999802485,30.25799999886658,4
2143,d_validation_1920_1080_daylight_2,6.898899999214336,22.44500000961125,0.44079999497625977,0.0014999968698248267,22.887300001457334,29.78620000067167,0
2144,d_validation_1920_1080_daylight_2,7.493800003430806,22.529699999722652,0.35269999352749437,0.000300002284348011,22.882699995534495,30.3764999989653,0
2145,d_validation_1920_1080_daylight_2,6.466499995440245,19.734600005904213,0.642999992123805,0.8779000054346398,21.255500003462657,27.721999998902902,11
2146,d_validation_1920_1080_daylight_2,7.553499992354773,22.531599999638274,0.33009999606292695,0.0022000021999701858,22.86389999790117,30.417399990255944,0
2147,d_validation_1920_1080_daylight_2,6.07089999539312,18.650800004252233,0.3259999939473346,0.000300002284348011,18.977100000483915,25.047999995877035,0
2148,d_validation_1920_1080_daylight_2,6.016200000885874,21.159700001589954,0.3403000009711832,0.00019998697098344564,21.50019998953212,27.516399990417995,0
2149,d_validation_1920_1080_daylight_2,6.328800009214319,19.36819999536965,0.33209999673999846,0.000200001522898674,19.700499993632548,26.029300002846867,0
2150,d_validation_1920_1080_daylight_2,6.623699999181554,20.30910000030417,0.6371999916154891,0.2013000048464164,21.147599996766075,27.77129999594763,1
2151,d_validation_1920_1080_daylight_2,7.577800002763979,22.417800006223843,0.683899997966364,0.2759000053629279,23.377600009553134,30.955400012317114,2
2152,d_validation_1920_1080_daylight_2,7.27030000416562,21.638999998685904,0.8898000087356195,0.20599999697878957,22.734800004400313,30.005100008565933,1
2153,d_validation_1920_1080_daylight_2,7.438400003593415,20.897599999443628,0.3448000061325729,0.0007999915396794677,21.24319999711588,28.681600000709295,0
2154,d_validation_1920_1080_daylight_2,6.829000005382113,19.51800000097137,0.6241999944904819,0.2640000020619482,20.4061999975238,27.235200002905913,2
2155,d_validation_1920_1080_daylight_2,7.4757999973371625,22.431100005633198,0.7058000046527013,0.41769999370444566,23.554600003990345,31.030400001327507,4
2156,d_validation_1920_1080_daylight_2,6.642199994530529,21.801299997605383,0.9388000034959987,0.2069000038318336,22.947000004933216,29.589199999463744,1
2157,d_validation_1920_1080_daylight_2,7.080600000335835,22.09729999594856,0.5550000059884042,0.0006999907782301307,22.652999992715195,29.73359999305103,0
2158,d_validation_1920_1080_daylight_2,7.138200002373196,21.15659999253694,0.7818000012775883,0.36249999538995326,22.30089998920448,29.439099991577677,2
2159,d_validation_1920_1080_daylight_2,6.881599998450838,22.396100001060404,0.9932000102708116,0.1894999877549708,23.578799999086186,30.460399997537024,1
2160,d_validation_1920_1080_daylight_2,10.164199993596412,21.628700007568114,0.5175999976927415,0.000800006091594696,22.14710001135245,32.31130000494886,0
2161,d_validation_1920_1080_daylight_2,9.82240001030732,23.40399999229703,0.9733000042615458,0.3913999971700832,24.76869999372866,34.59110000403598,3
2162,d_validation_1920_1080_daylight_2,10.603200003970414,22.99509999284055,1.0980000079143792,0.6703999970341101,24.76349999778904,35.366700001759455,8
2163,d_validation_1920_1080_daylight_2,10.405099994386546,22.37320000131149,1.1904999992111698,0.4958000063197687,24.059500006842427,34.46460000122897,6
2164,d_validation_1920_1080_daylight_2,9.417399996891618,23.107200002414174,0.8646000060252845,0.26709999656304717,24.238900005002506,33.656300001894124,2
2165,d_validation_1920_1080_daylight_2,9.328500003903173,20.54599999974016,0.43649999133776873,0.001200009137392044,20.983700000215322,30.312200004118495,0
2166,d_validation_1920_1080_daylight_2,8.308299991767853,21.687200001906604,0.82230000407435,0.25949999690055847,22.769000002881512,31.077299994649366,2
2167,d_validation_1920_1080_daylight_2,9.976500004995614,21.953200004645623,1.196400000480935,0.2649999951245263,23.414600000251085,33.3911000052467,2
2168,d_validation_1920_1080_daylight_2,10.252799998852424,22.306899991235696,1.137900006142445,0.192299994523637,23.637099991901778,33.8898999907542,1
2169,d_validation_1920_1080_daylight_2,9.967399993911386,22.39759999793023,1.1957000097027048,0.37539999175351113,23.968699999386445,33.93609999329783,3
2170,d_validation_1920_1080_daylight_2,9.881300007691607,23.200800002086908,1.3230000040493906,0.21009999909438193,24.73390000523068,34.61520001292229,1
2171,d_validation_1920_1080_daylight_2,9.202599991112947,22.912800006452017,0.6457999988924712,0.000600004568696022,23.559200009913184,32.76180000102613,0
2172,d_validation_1920_1080_daylight_2,7.915499998489395,21.699200005969033,0.5433999904198572,0.000500003807246685,22.243100000196137,30.15859999868553,0
2173,d_validation_1920_1080_daylight_2,7.735199993476272,20.65200000652112,0.49059999582823366,0.000300002284348011,21.142900004633702,28.878099998109974,0
2174,d_validation_1920_1080_daylight_2,7.470899989129975,20.403500006068498,0.8365999965462834,0.17670000670477748,21.41680000931956,28.887699998449534,1
2175,d_validation_1920_1080_daylight_2,7.848299996112473,20.927699995809235,0.8436000061919913,0.17610000213608146,21.947400004137307,29.79570000024978,1
2176,d_validation_1920_1080_daylight_2,9.802800006582402,21.670400004950352,1.2439999991329387,0.35409998963586986,23.26849999371916,33.07130000030156,2
2177,d_validation_1920_1080_daylight_2,10.42320000124164,20.088000004761852,0.8442999969702214,0.4140000091865659,21.34630001091864,31.76950001216028,4
2178,d_validation_1920_1080_daylight_2,10.122700012288988,19.82109999516979,0.912499992409721,0.3958000015700236,21.129399989149533,31.25210000143852,4
2179,d_validation_1920_1080_daylight_2,10.543999989749864,21.439800009829924,1.3608000008389354,0.5415999912656844,23.342200001934543,33.88619999168441,6
2180,d_validation_1920_1080_daylight_2,10.762200006865896,21.8864000053145,1.013399989460595,0.6539000023622066,23.5536999971373,34.3159000040032,8
2181,d_validation_1920_1080_daylight_2,10.077600003569387,21.524299998418428,1.0745000035967678,0.2598999999463558,22.85870000196155,32.93630000553094,2
2182,d_validation_1920_1080_daylight_2,9.50899999588728,22.499300001072697,1.615100001799874,0.5197999998927116,24.634200002765283,34.14319999865256,6
2183,d_validation_1920_1080_daylight_2,10.063300011097454,21.859699991182424,1.6226000007009134,0.670000008540228,24.152300000423566,34.21560001152102,7
2184,d_validation_1920_1080_daylight_2,10.193800000706688,23.455600006855093,0.6921000021975487,0.0018999999156221747,24.149600008968264,34.34340000967495,0
2185,d_validation_1920_1080_daylight_2,8.532199994078837,19.22980000381358,1.1804999958258122,0.3846000035991892,20.79490000323858,29.32709999731742,4
2186,d_validation_1920_1080_daylight_2,10.167500004172325,21.745599995483644,1.7096999945351854,0.35400000342633575,23.809299993445165,33.97679999761749,3
2187,d_validation_1920_1080_daylight_2,10.071700002299622,22.51819999946747,1.7231999954674393,0.3302999975858256,24.571699992520735,34.643399994820356,3
2188,d_validation_1920_1080_daylight_2,9.700800001155585,22.65359999728389,1.9361000013304874,0.5308999971020967,25.120599995716475,34.82139999687206,6
2189,d_validation_1920_1080_daylight_2,10.17189999402035,23.253700011991896,1.8622999923536554,0.5322000070009381,25.64820001134649,35.82010000536684,5
2190,d_validation_1920_1080_daylight_2,10.069599986309186,20.75450000120327,0.757400004658848,0.0016999983927235007,21.51360000425484,31.583199990564026,0
2191,d_validation_1920_1080_daylight_2,10.197000010521151,19.641899998532608,1.2712999887298793,0.3223000094294548,21.235499996691942,31.432500007213093,3
2192,d_validation_1920_1080_daylight_2,9.512799995718524,21.678499993868172,1.4198999997461215,0.7318999996641651,23.83029999327846,33.34309998899698,9
2193,d_validation_1920_1080_daylight_2,9.55039999098517,21.299500003806315,1.458200000342913,0.331000002915971,23.0887000070652,32.63909999805037,4
2194,d_validation_1920_1080_daylight_2,10.07190000382252,24.63220000208821,1.9617999932961538,0.36330000148154795,26.957299996865913,37.029200000688434,3
2195,d_validation_1920_1080_daylight_2,9.840499988058582,23.3184000098845,2.03200000396464,0.7640999974682927,26.114500011317432,35.954999999376014,8
2196,d_validation_1920_1080_daylight_2,9.853399998974055,21.024100002250634,1.5144000062718987,0.7729999924777076,23.31150000100024,33.164899999974295,10
2197,d_validation_1920_1080_daylight_2,9.794900004635565,19.05439999245573,1.7645000043557957,0.8602000016253442,21.679099998436868,31.474000003072433,11
2198,d_validation_1920_1080_daylight_2,8.827199999359436,19.075300006079488,1.8378999957349151,0.7755999977234751,21.688799999537878,30.515999998897314,10
2199,d_validation_1920_1080_daylight_2,9.647799990489148,21.326500005670823,2.3502999974880368,0.5299000040395185,24.20670000719838,33.854499997687526,5
2200,d_validation_1920_1080_daylight_2,8.455699993646704,21.403000006102957,2.339300001040101,0.37730000622104853,24.119600013364106,32.57530000701081,3
2201,d_validation_1920_1080_daylight_2,9.290499991038814,22.777999998652376,1.6262999997707084,0.3895999980159104,24.793899996438995,34.08439998747781,4
2202,d_validation_1920_1080_daylight_2,9.99630001024343,19.42479998979252,1.6728000045986846,0.5474000063259155,21.64500000071712,31.64130001096055,5
2203,d_validation_1920_1080_daylight_2,10.315100007574074,23.242900002514943,1.7210999940289184,0.6540000031236559,25.617999999667518,35.93310000724159,6
2204,d_validation_1920_1080_daylight_2,9.081099997274578,21.358099998906255,1.738400009344332,0.1728999923216179,23.269400000572205,32.35049999784678,1
2205,d_validation_1920_1080_daylight_2,10.100200001033954,20.121000008657575,1.06969999615103,0.0014999968698248267,21.19220000167843,31.292400002712384,0
2206,d_validation_1920_1080_daylight_2,8.173800000804476,20.800499987672083,2.840700006345287,0.4006999952252954,24.041899989242665,32.21569999004714,3
2207,d_validation_1920_1080_daylight_2,9.16739999956917,22.71689999906812,1.3583999971160665,0.001400010660290718,24.076700006844476,33.244100006413646,0
2208,d_validation_1920_1080_daylight_2,11.348500003805384,23.79099999961909,2.4548999936087057,0.31030000536702573,26.55619999859482,37.904700002400205,2
2209,d_validation_1920_1080_daylight_2,8.47040000371635,22.931900006369688,2.4571999965701252,0.3623999946285039,25.751499997568317,34.221900001284666,3
2210,d_validation_1920_1080_daylight_2,10.143699997570366,22.26100000552833,1.7548000032547861,0.3484999906504527,24.36429999943357,34.507999997003935,3
2211,d_validation_1920_1080_daylight_2,10.112599993590266,21.29879999847617,1.7460000090068206,0.39799998921807855,23.44279999670107,33.555399990291335,4
2212,d_validation_1920_1080_daylight_2,10.494000001926906,19.671699992613867,1.6719000122975558,0.2505999873392284,21.59419999225065,32.08819999417756,2
2213,d_validation_1920_1080_daylight_2,9.517400001641363,20.707699994090945,2.1643000072799623,0.18309999722987413,23.05509999860078,32.572500000242144,1
2214,d_validation_1920_1080_daylight_2,10.458500008098781,22.471000003861263,1.1481999972602352,0.0007999915396794677,23.619999992661178,34.07850000075996,0
2215,d_validation_1920_1080_daylight_2,10.487299994565547,22.98690000316128,0.7671000057598576,0.000100000761449337,23.75410000968259,34.241400004248135,0
2216,d_validation_1920_1080_daylight_2,9.52740000502672,20.92640000046231,0.7863999926485121,0.000300002284348011,21.71309999539517,31.24050000042189,0
2217,d_validation_1920_1080_daylight_2,8.97030001215171,22.314699992421083,0.7273999945027754,0.000300002284348011,23.042399989208207,32.01270000135992,0
2218,d_validation_1920_1080_daylight_2,8.419399993726984,20.37420000124257,0.7075000030454248,0.000300002284348011,21.082000006572343,29.501400000299327,0
2219,d_validation_1920_1080_daylight_2,8.376699988730252,21.115000010468066,0.6971999973757192,0.000200001522898674,21.812400009366684,30.189099998096935,0
2220,d_validation_1920_1080_daylight_2,8.717600008822046,19.619799990323372,0.6596000021090731,0.000200001522898674,20.279599993955344,28.99720000277739,0
2221,d_validation_1920_1080_daylight_2,9.447200005524792,19.099799988907762,0.6207000114955008,0.000300002284348011,19.72080000268761,29.168000008212402,0
2222,d_validation_1920_1080_daylight_2,9.569800007739104,21.84349999879487,1.0504999954719096,0.000400003045797348,22.894399997312576,32.46420000505168,0
2223,d_validation_1920_1080_daylight_2,9.68460000876803,22.669500001939014,0.6152999994810671,0.000300002284348011,23.28510000370443,32.96970001247246,0
2224,d_validation_1920_1080_daylight_2,9.177900006761774,23.95839999371674,1.4592000079574063,0.3767000016523525,25.794300003326498,34.97220001008827,3
2225,d_validation_1920_1080_daylight_2,9.452900005271658,22.771799995098263,1.5607000095769763,0.3713999903993681,24.703899995074607,34.156800000346266,3
2226,d_validation_1920_1080_daylight_2,9.381399999256246,21.070399991003796,1.0610000026645139,0.3330000035930425,22.464399997261353,31.8457999965176,3
2227,d_validation_1920_1080_daylight_2,9.32069998816587,22.103700001025572,0.9958000009646639,0.31790000502951443,23.41740000701975,32.73809999518562,3
2228,d_validation_1920_1080_daylight_2,8.511500011081807,20.490199996856973,0.9400999988429248,0.3397999971639365,21.770099992863834,30.28160000394564,3
2229,d_validation_1920_1080_daylight_2,9.584899991750717,20.637000008719042,0.9083999902941287,0.3311000036774203,21.87650000269059,31.461399994441308,3
2230,d_validation_1920_1080_daylight_2,9.099399991100654,20.1365000102669,0.79929998901207,0.32610000926069915,21.26190000853967,30.361299999640323,3
2231,d_validation_1920_1080_daylight_2,8.317200001329184,21.790200000396,0.9243000095011666,0.3372999926796183,23.051800002576783,31.369000003905967,3
2232,d_validation_1920_1080_daylight_2,8.82820000697393,21.638399994117208,0.6776000082027167,0.3144999936921522,22.630499996012077,31.458700002986006,2
2233,d_validation_1920_1080_daylight_2,8.380399987800047,20.012300010421313,0.606399989919737,0.1973000034922734,20.816000003833324,29.19639999163337,1
2234,d_validation_1920_1080_daylight_2,8.59330000821501,21.59969999047462,0.5704000068362802,0.3463000030023977,22.516400000313297,31.109700008528307,3
2235,d_validation_1920_1080_daylight_2,8.489100000588223,22.92850000958424,0.8553999941796064,0.33039999834727496,24.114300002111122,32.603400002699345,3
2236,d_validation_1920_1080_daylight_2,9.21189998916816,20.26270001078956,0.6547999946633354,0.3288000007160008,21.246300006168894,30.458199995337054,3
2237,d_validation_1920_1080_daylight_2,8.37169999431353,21.127700005308725,1.2663999950746074,0.36830001045018435,22.762400010833517,31.134100005147047,3
2238,d_validation_1920_1080_daylight_2,9.18830001319293,21.742999990237877,0.8786999969743192,0.3744999994523823,22.99619998666458,32.18449999985751,3
2239,d_validation_1920_1080_daylight_2,9.119799986365251,21.27890000701882,1.0206000006292015,0.44160000106785446,22.741100008715875,31.860899995081127,4
2240,d_validation_1920_1080_daylight_2,8.781299999100156,21.725899990997277,0.8698000019649044,0.30440000409726053,22.900099997059442,31.6813999961596,2
2241,d_validation_1920_1080_daylight_2,9.042400008183904,19.539399989298545,0.6246999982977286,0.2523000002838671,20.41639998788014,29.458799996064045,2
2242,d_validation_1920_1080_daylight_2,9.531799994874746,20.779200000106357,0.7250000053318217,0.24850000045262277,21.7527000058908,31.284500000765547,2
2243,d_validation_1920_1080_daylight_2,9.037499999976717,20.52489999914542,0.6884000031277537,0.2531000063754618,21.466400008648634,30.50390000862535,2
2244,d_validation_1920_1080_daylight_2,9.046400009538047,20.69749998918269,0.637100005405955,0.1745000045048073,21.50909999909345,30.555500008631498,1
2245,d_validation_1920_1080_daylight_2,8.33490000513848,20.56780000566505,0.8540999988326803,0.29299999005161226,21.71489999454934,30.04979999968782,2
2246,d_validation_1920_1080_daylight_2,8.4703000029549,20.39849999709986,0.5507000023499131,0.1728999923216179,21.122099991771393,29.592399994726293,1
2247,d_validation_1920_1080_daylight_2,9.059200005140156,21.782199997687712,0.811500009149313,0.18089999502990395,22.77460000186693,31.833800007007085,1
2248,d_validation_1920_1080_daylight_2,9.097399990423582,22.76420000998769,0.7172999903559685,0.20220001169946045,23.68370001204312,32.7811000024667,1
2249,d_validation_1920_1080_daylight_2,9.097400004975498,22.225099994102493,0.5553999944822863,0.15940000594127923,22.93989999452606,32.037299999501556,1
2250,d_validation_1920_1080_daylight_2,9.197599996696226,24.181100001442246,0.8336000028066337,0.19039999460801482,25.205099998856895,34.40269999555312,1
2251,d_validation_1920_1080_daylight_2,8.713899995200336,19.505800009937957,0.3652000013971701,0.0005999900167807937,19.871600001351908,28.585499996552244,0
2252,d_validation_1920_1080_daylight_2,8.278799999970943,20.441499989829026,0.3012000088347122,0.000100000761449337,20.742799999425188,29.02159999939613,0
2253,d_validation_1920_1080_daylight_2,8.099099999526516,19.710299995495006,0.6446000043069944,0.26729999808594584,20.622199997887947,28.721299997414462,2
2254,d_validation_1920_1080_daylight_2,9.307200001785532,21.476699999766424,0.48489999608136714,0.0009999930625781417,21.96259998891037,31.2697999906959,0
2255,d_validation_1920_1080_daylight_2,8.79989999521058,23.47889999509789,0.4031999997096136,0.000300002284348011,23.882399997091852,32.68229999230243,0
2256,d_validation_1920_1080_daylight_2,8.47539999813307,23.619900006451644,0.3995000006398186,0.00029998773243278265,24.019699994823895,32.495099992956966,0
2257,d_validation_1920_1080_daylight_2,8.278199995402247,22.712200006935745,0.7919000054243952,0.21909999486524612,23.723200007225387,32.00140000262763,1
2258,d_validation_1920_1080_daylight_2,8.84070000029169,22.08049999899231,0.5843999970238656,0.17720001051202416,22.8421000065282,31.68280000681989,1
2259,d_validation_1920_1080_daylight_2,8.9185999968322,22.023700003046542,0.6105999927967787,0.26080000679939985,22.89510000264272,31.81369999947492,2
2260,d_validation_1920_1080_daylight_2,8.428999994066544,21.408000000519678,0.32199999259319156,0.000700005330145359,21.730699998443015,30.15969999250956,0
2261,d_validation_1920_1080_daylight_2,7.674599997699261,19.73329999600537,0.3285999991931021,0.000300002284348011,20.06219999748282,27.736799995182082,0
2262,d_validation_1920_1080_daylight_2,7.651199994143099,21.46050000737887,0.3028999926755205,0.000200001522898674,21.763600001577288,29.414799995720387,0
2263,d_validation_1920_1080_daylight_2,7.540899998275563,19.481199997244403,0.2842999965650961,0.000400003045797348,19.765899996855296,27.30679999513086,0
2264,d_validation_1920_1080_daylight_2,7.397099994705059,18.582500008051284,0.27529998624231666,0.000200001522898674,18.8579999958165,26.255099990521558,0
2265,d_validation_1920_1080_daylight_2,7.340399999520741,21.070699993288144,0.3603000077418983,0.00039998849388211966,21.431399989523925,28.771799989044666,0
2266,d_validation_1920_1080_daylight_2,8.922199995140545,22.75230000668671,0.6578999891644344,0.2884999994421378,23.698699995293282,32.62089999043383,2
2267,d_validation_1920_1080_daylight_2,7.239600003231317,20.112199999857694,0.2496999950380996,0.000800006091594696,20.362700000987388,27.602300004218705,0
2268,d_validation_1920_1080_daylight_2,6.612900004256517,20.354199994471855,0.291000003926456,0.000400003045797348,20.64560000144411,27.258500005700625,0
2269,d_validation_1920_1080_daylight_2,7.340999989537522,22.40420000453014,0.5461999971885234,0.27720000070985407,23.227600002428517,30.56859999196604,2
2270,d_validation_1920_1080_daylight_2,7.281899990630336,23.113900009775534,0.5445999995572492,0.1779000012902543,23.836400010623038,31.118300001253374,1
2271,d_validation_1920_1080_daylight_2,7.077700007357635,20.16699999512639,0.20310000400058925,0.000600004568696022,20.370700003695674,27.44840001105331,0
2272,d_validation_1920_1080_daylight_2,6.404900006600656,20.046000005095266,0.19209999300073832,0.000300002284348011,20.238400000380352,26.643300006981008,0
2273,d_validation_1920_1080_daylight_2,7.672000007005408,21.599800005787984,0.5310999986249954,0.26449999131727964,22.39539999573026,30.067400002735667,2
2274,d_validation_1920_1080_daylight_2,9.073199995327741,22.88770000450313,0.37719999090768397,0.00100000761449337,23.26590000302531,32.33909999835305,0
2275,d_validation_1920_1080_daylight_2,9.058000010554679,22.485800000140443,0.5378999921958894,0.26620000426191837,23.28989999659825,32.34790000715293,2
2276,d_validation_1920_1080_daylight_2,9.108199999900535,22.20609999494627,0.5587000050581992,0.3859999997075647,23.150799999712035,32.25899999961257,4
2277,d_validation_1920_1080_daylight_2,9.081799988052808,22.52910000970587,0.7440000044880435,0.32389999250881374,23.59700000670273,32.678799994755536,3
2278,d_validation_1920_1080_daylight_2,9.016199997859076,22.557899996172637,0.8164000028045848,0.4670000053010881,23.84130000427831,32.857500002137385,5
2279,d_validation_1920_1080_daylight_2,9.091200001421385,21.57230000011623,0.6648999988101423,0.450699997600168,22.68789999652654,31.779099997947924,5
2280,d_validation_1920_1080_daylight_2,9.072900007595308,21.159299998544157,0.6587999960174784,0.45059999683871865,22.268699991400354,31.34159999899566,5
2281,d_validation_1920_1080_daylight_2,8.531700004823506,22.70950000092853,0.8228999940911308,0.3268000000389293,23.85919999505859,32.390899999882095,3
2282,d_validation_1920_1080_daylight_2,9.041199999046512,23.417000003973953,0.8484999998472631,0.3749000024981797,24.640400006319396,33.68160000536591,3
2283,d_validation_1920_1080_daylight_2,9.018600001581945,21.84750000014901,0.6519000016851351,0.4606000002240762,22.960000002058223,31.978600003640167,5
2284,d_validation_1920_1080_daylight_2,8.990799993625842,22.322400007396936,0.662000005831942,0.32339998870156705,23.307800001930445,32.29859999555629,3
2285,d_validation_1920_1080_daylight_2,9.06070000200998,23.639799997908995,0.9717000066302717,0.6187999970279634,25.23030000156723,34.29100000357721,6
2286,d_validation_1920_1080_daylight_2,9.088699996937066,21.67889999691397,0.9783999994397163,0.5354000022634864,23.192699998617172,32.28139999555424,6
2287,d_validation_1920_1080_daylight_2,9.149900011834688,22.336999987601303,1.210800008266233,0.606699992204085,24.15449998807162,33.30439999990631,4
2288,d_validation_1920_1080_daylight_2,9.198700005072169,22.326499994960614,0.647299995762296,0.5210000090301037,23.494799999753013,32.69350000482518,6
2289,d_validation_1920_1080_daylight_2,9.127199999056756,20.20020000054501,0.32210000790655613,0.0022999884095042944,20.52459999686107,29.651799995917827,0
2290,d_validation_1920_1080_daylight_2,8.36429999617394,22.62479999626521,0.7899000047473237,0.19069999689236283,23.605399997904897,31.969699994078837,1
2291,d_validation_1920_1080_daylight_2,9.52240001061,23.286499999812804,0.4091000009793788,0.0007999915396794677,23.696399992331862,33.21880000294186,0
2292,d_validation_1920_1080_daylight_2,9.13260001107119,21.33519999915734,0.6215999892447144,0.32240001019090414,22.279199998592958,31.411800009664148,2
2293,d_validation_1920_1080_daylight_2,8.826799996313639,21.326500005670823,0.8345999958692119,0.2749999985098839,22.43610000004992,31.262899996363558,2
2294,d_validation_1920_1080_daylight_2,8.94220000191126,20.349200000055134,0.7074000022839755,0.22259999241214246,21.279199994751252,30.221399996662512,2
2295,d_validation_1920_1080_daylight_2,8.814599990728311,21.968100001686253,0.7144999981392175,0.2564000023994595,22.93900000222493,31.75359999295324,2
2296,d_validation_1920_1080_daylight_2,9.098199996515177,22.722800000337884,0.9630999993532896,0.2868000010494143,23.972700000740588,33.070899997255765,2
2297,d_validation_1920_1080_daylight_2,8.959700004197657,21.394199997303076,0.6081000028643757,0.1706000039121136,22.172900004079565,31.132600008277223,1
2298,d_validation_1920_1080_daylight_2,9.027199994307011,21.44770001177676,0.9067999926628545,0.3735000063898042,22.72800001082942,31.75520000513643,3
2299,d_validation_1920_1080_daylight_2,8.77549999859184,22.023400000762194,0.9802999993553385,0.44450000859797,23.448200008715503,32.22370000730734,4
2300,d_validation_1920_1080_daylight_2,8.278599998448044,20.24530000926461,0.3571999986888841,0.0015999976312741637,20.60410000558477,28.882700004032813,0
2301,d_validation_1920_1080_daylight_2,7.731000005151145,18.5429999983171,0.6643999950028956,0.16399999731220305,19.3713999906322,27.102399995783344,1
2302,d_validation_1920_1080_daylight_2,8.234900000388734,20.852000001468696,0.40950000402517617,0.0005999900167807937,21.262099995510653,29.496999995899387,0
2303,d_validation_1920_1080_daylight_2,8.203000004868954,19.583600005717017,0.7243000000016764,0.5381999944802374,20.84610000019893,29.049100005067885,5
2304,d_validation_1920_1080_daylight_2,9.571399990818463,21.25750000413973,0.458099995739758,0.0015999976312741637,21.71719999751076,31.288599988329224,0
2305,d_validation_1920_1080_daylight_2,8.176200004527345,22.439899999881163,0.9921000018948689,0.2930999908130616,23.725099992589094,31.90129999711644,2
2306,d_validation_1920_1080_daylight_2,9.345300000859424,19.80819999880623,0.8133999945130199,0.32619999547023326,20.947799988789484,30.29309998964891,3
2307,d_validation_1920_1080_daylight_2,8.640900006867014,22.32759998878464,0.5376000044634566,0.0012999953469261527,22.866499988595024,31.507399995462038,0
2308,d_validation_1920_1080_daylight_2,8.21169999835547,21.113399998284876,0.40360000275541097,0.000200001522898674,21.517200002563186,29.728900000918657,0
2309,d_validation_1920_1080_daylight_2,7.753800004138611,20.616900001186877,0.7523999956902117,0.18200000340584666,21.551300000282936,29.305100004421547,1
2310,d_validation_1920_1080_daylight_2,8.558200002880767,21.695399991585873,0.4744000034406781,0.000700005330145359,22.170500000356697,30.728700003237464,0
2311,d_validation_1920_1080_daylight_2,7.808700000168756,22.37510000122711,1.105099989217706,0.42520000715740025,23.905399997602217,31.714099997770973,4
2312,d_validation_1920_1080_daylight_2,8.755700007895939,21.4440999989165,0.8468000014545396,0.3966999938711524,22.68759999424219,31.44330000213813,4
2313,d_validation_1920_1080_daylight_2,7.8169999906094745,20.0030000123661,0.8694999996805564,0.26309999520890415,21.13560000725556,28.952599997865036,2
2314,d_validation_1920_1080_daylight_2,8.926100010285154,20.662800001446158,0.9264999971492216,0.46609999844804406,22.055399997043423,30.981500007328577,5
2315,d_validation_1920_1080_daylight_2,9.07549999828916,20.042000003741123,0.9744999988470227,0.31659999513067305,21.33309999771882,30.40859999600798,4
2316,d_validation_1920_1080_daylight_2,8.900200002244674,22.408299992093816,1.3047000102233142,0.18519999866839498,23.898200000985526,32.7984000032302,1
2317,d_validation_1920_1080_daylight_2,9.426499993423931,21.014500001911074,0.9600000048521906,0.27439999394118786,22.248900000704452,31.675399994128384,3
2318,d_validation_1920_1080_daylight_2,9.155500010820106,22.87239998986479,1.3040000048931688,0.3355999942868948,24.511999989044853,33.66749999986496,3
2319,d_validation_1920_1080_daylight_2,8.953299999120645,22.720199995092116,1.3770000077784061,0.9040000004461035,25.001200003316626,33.95450000243727,9
2320,d_validation_1920_1080_daylight_2,8.831600003759377,21.45209998707287,0.9558000019751489,0.17330000991933048,22.58119999896735,31.412800002726726,1
2321,d_validation_1920_1080_daylight_2,8.861199996317737,21.735500005888753,1.372099999571219,0.40419999277219176,23.511799998232163,32.3729999945499,4
2322,d_validation_1920_1080_daylight_2,8.990600006654859,20.98380000097677,1.5983999910531566,0.6004000024404377,23.182599994470365,32.173200001125224,6
2323,d_validation_1920_1080_daylight_2,8.588400000007823,23.542000009911135,1.1639000003924593,0.5347999976947904,25.240700007998385,33.82910000800621,6
2324,d_validation_1920_1080_daylight_2,8.490000007441267,19.36179999029264,1.2132999981986359,0.6212000007508323,21.196299989242107,29.686299996683374,6
2325,d_validation_1920_1080_daylight_2,8.378099999390543,21.551500001805834,1.6602999967290089,0.6142999918665737,23.826099990401417,32.20419998979196,6
2326,d_validation_1920_1080_daylight_2,8.673500007716939,21.92829998966772,1.6093000012915581,0.6029000069247559,24.140499997884035,32.814000005600974,6
2327,d_validation_1920_1080_daylight_2,8.011800004169345,22.98579999478534,1.5577000012854114,0.4071000003023073,24.950599996373057,32.9624000005424,4
2328,d_validation_1920_1080_daylight_2,9.184199996525422,21.880500004044734,1.5824000001884997,0.49530000251252204,23.958200006745756,33.14240000327118,5
2329,d_validation_1920_1080_daylight_2,9.035999988554977,20.07890000822954,1.264399994397536,0.4957000055583194,21.839000008185394,30.87499999674037,5
2330,d_validation_1920_1080_daylight_2,9.049999993294477,19.51149999513291,1.4795000024605542,0.5823999963467941,21.573399993940257,30.623399987234734,5
2331,d_validation_1920_1080_daylight_2,8.905399998184294,21.917100006248802,1.529299988760613,0.40190000436268747,23.848299999372102,32.753699997556396,4
2332,d_validation_1920_1080_daylight_2,8.53330000245478,22.518500001751818,0.7585999992443249,0.0015999976312741637,23.278699998627417,31.812000001082197,0
2333,d_validation_1920_1080_daylight_2,8.016100007807836,22.59139998932369,0.6871000077808276,0.000200001522898674,23.278699998627417,31.294800006435253,0
2334,d_validation_1920_1080_daylight_2,7.826300003216602,19.93780001066625,1.247799998964183,0.21389999892562628,21.39950000855606,29.225800011772662,1
2335,d_validation_1920_1080_daylight_2,8.403200001339428,20.334700006060302,0.8853999897837639,0.2533000078983605,21.473400003742427,29.876600005081855,2
2336,d_validation_1920_1080_daylight_2,7.633400004124269,21.51150000281632,0.8702000050107017,0.17210000078193843,22.55380000860896,30.18720001273323,1
2337,d_validation_1920_1080_daylight_2,9.369399995193817,20.63050000288058,1.2672000011662021,0.28809999639634043,22.185800000443123,31.55519999563694,2
2338,d_validation_1920_1080_daylight_2,8.893800011719577,22.14629999070894,1.3159000081941485,0.3352999920025468,23.797499990905635,32.69130000262521,3
2339,d_validation_1920_1080_daylight_2,9.177500003715977,22.156599996378645,0.9701000089989975,0.40079999598674476,23.527500001364388,32.705000005080365,4
2340,d_validation_1920_1080_daylight_2,8.96880000072997,23.380400001769885,1.3485999952536076,0.19639999663922936,24.925399993662722,33.89419999439269,1
2341,d_validation_1920_1080_daylight_2,9.393799991812557,21.454200003063306,0.5758000042987987,0.0005999900167807937,22.030599997378886,31.424399989191443,0
2342,d_validation_1920_1080_daylight_2,7.549400004791096,22.45499999844469,0.706600010744296,0.00019998697098344564,23.16179999615997,30.711200000951067,0
2343,d_validation_1920_1080_daylight_2,8.407200002693571,21.605699992505834,0.47650000487919897,0.000200001522898674,22.08239999890793,30.489600001601502,0
2344,d_validation_1920_1080_daylight_2,8.141199999954551,19.99410000280477,0.6335000070976093,0.00019998697098344564,20.627799996873364,28.768999996827915,0
2345,d_validation_1920_1080_daylight_2,8.390100003452972,20.51000000210479,0.440200004959479,0.00019998697098344564,20.95039999403525,29.340499997488223,0
2346,d_validation_1920_1080_daylight_2,7.910300002549775,21.43749999231659,0.5661000031977892,0.000200001522898674,22.003799997037277,29.91409999958705,0
2347,d_validation_1920_1080_daylight_2,9.101100004045293,22.505200002342463,1.0096000041812658,0.19899998733308166,23.71379999385681,32.8148999979021,1
2348,d_validation_1920_1080_daylight_2,9.034999995492399,21.355500008212402,0.8318000036524609,0.3910999948857352,22.5784000067506,31.613400002242997,5
2349,d_validation_1920_1080_daylight_2,8.485400001518428,22.78620000288356,0.5539999983739108,0.0017999991541728377,23.342000000411645,31.827400001930073,0
2350,d_validation_1920_1080_daylight_2,8.869199999026023,22.706599993398413,0.9921000018948689,0.2018999948631972,23.90059999015648,32.7697999891825,1
2351,d_validation_1920_1080_daylight_2,8.162400001310743,21.108300003106706,0.705700003891252,0.40159998752642423,22.215599994524382,30.377999995835125,4
2352,d_validation_1920_1080_daylight_2,8.999700003187172,22.548900000401773,1.0930999997071922,0.5979999987175688,24.239999998826534,33.239700002013706,7
2353,d_validation_1920_1080_daylight_2,7.847399989259429,20.63800000178162,0.8718000026419759,0.24930000654421747,21.759100010967813,29.606500000227243,1
2354,d_validation_1920_1080_daylight_2,8.201299991924316,22.648099999059923,0.48349999997299165,0.000800006091594696,23.13240000512451,31.333699997048825,0
2355,d_validation_1920_1080_daylight_2,6.974999996600673,20.719399995869026,0.3927999932784587,0.000200001522898674,21.112399990670383,28.087399987271056,0
2356,d_validation_1920_1080_daylight_2,7.6240999915171415,21.969499997794628,0.3910000086762011,0.000400003045797348,22.360900009516627,29.985000001033768,0
2357,d_validation_1920_1080_daylight_2,7.404000003589317,23.6700999957975,0.5405999982031062,0.000300002284348011,24.210999996284954,31.61499999987427,0
2358,d_validation_1920_1080_daylight_2,7.357299997238442,21.723700003349222,0.5204000044614077,0.00019998697098344564,22.244299994781613,29.601599992020056,0
2359,d_validation_1920_1080_daylight_2,8.770800006459467,21.509700003662147,0.6759999960195273,0.18259999342262745,22.3682999931043,31.13909999956377,1
2360,d_validation_1920_1080_daylight_2,7.6502000010805205,23.337199992965907,0.49390000640414655,0.0006999907782301307,23.831799990148284,31.481999991228804,0
2361,d_validation_1920_1080_daylight_2,8.2916999963345,22.763699991628528,0.5806000117445365,0.0009999930625781417,23.345299996435642,31.636999992770143,0
2362,d_validation_1920_1080_daylight_2,7.251300005009398,21.328699993318878,0.4732000088552013,0.000300002284348011,21.802200004458427,29.053500009467825,0
2363,d_validation_1920_1080_daylight_2,7.979100002557971,21.645999993779697,0.4445999948075041,0.000300002284348011,22.09089999087155,30.06999999342952,0
2364,d_validation_1920_1080_daylight_2,8.05239999317564,22.959800000535324,0.4369000089354813,0.000200001522898674,23.396900010993704,31.449300004169345,0
2365,d_validation_1920_1080_daylight_2,7.992999991984107,23.385300009977072,0.4476999893086031,0.000300002284348011,23.833300001570024,31.82629999355413,0
2366,d_validation_1920_1080_daylight_2,6.852099992102012,22.690600002533756,0.4346000059740618,0.000300002284348011,23.125500010792166,29.977600002894178,0
2367,d_validation_1920_1080_daylight_2,8.675499993842095,23.86300000944175,0.6604999944102019,0.5258000019239262,25.049300005775876,33.72479999961797,6
2368,d_validation_1920_1080_daylight_2,9.041099998285063,21.884400004637428,0.7445999945048243,0.5176999984541908,23.146699997596443,32.187799995881505,6
2369,d_validation_1920_1080_daylight_2,6.702500002575107,20.244800005457364,0.3664999967440963,0.0016999983927235007,20.613000000594184,27.31550000316929,0
2370,d_validation_1920_1080_daylight_2,5.483600005391054,20.272199995815754,0.46270000166259706,0.000400003045797348,20.73530000052415,26.218900005915202,0
2371,d_validation_1920_1080_daylight_2,6.680799997411668,22.454900012235157,0.4197999951429665,0.000200001522898674,22.874900008901022,29.55570000631269,0
2372,d_validation_1920_1080_daylight_2,6.897800005390309,23.729699998511933,0.41510000301059335,0.000300002284348011,24.145100003806874,31.042900009197183,0
2373,d_validation_1920_1080_daylight_2,6.834400002844632,18.574500005342998,0.30929999775253236,0.000300002284348011,18.884100005379878,25.71850000822451,0
2374,d_validation_1920_1080_daylight_2,5.890000000363216,20.688799995696172,0.3133999998681247,0.000200001522898674,21.002399997087196,26.89239999745041,0
2375,d_validation_1920_1080_daylight_2,6.150099987280555,20.69150000170339,0.8434000046690926,0.29660000291187316,21.831500009284355,27.98159999656491,2
2376,d_validation_1920_1080_daylight_2,7.1884999924805015,21.595500002149493,0.335300006554462,0.0010999938240274787,21.931900002527982,29.120399995008484,0
2377,d_validation_1920_1080_daylight_2,6.441100005758926,23.568400007206947,0.4360999882919714,0.000300002284348011,24.004799997783266,30.445900003542192,0
2378,d_validation_1920_1080_daylight_2,6.868299999041483,23.946700006490573,0.4317999992053956,0.000200001522898674,24.378700007218868,31.24700000626035,0
2379,d_validation_1920_1080_daylight_2,6.57540000975132,23.81319999403786,0.4191000043647364,0.000200001522898674,24.232499999925494,30.807900009676814,0
2380,d_validation_1920_1080_daylight_2,6.260099995415658,20.629200007533655,0.381499994546175,0.000300002284348011,21.011000004364178,27.271099999779835,0
2381,d_validation_1920_1080_daylight_2,7.2029000002657995,20.491800009040162,0.28469999961089343,0.000300002284348011,20.776800010935403,27.979700011201203,0
2382,d_validation_1920_1080_daylight_2,6.098099998780526,19.552600002498366,0.37090000114403665,0.000300002284348011,19.92380000592675,26.021900004707277,0
2383,d_validation_1920_1080_daylight_2,7.667400001082569,22.296000010101125,0.48550000065006316,0.18069999350700527,22.962200004258193,30.629600005340762,1
2384,d_validation_1920_1080_daylight_2,7.871900001191534,19.956100004492328,0.5710999976145104,0.19459999748505652,20.721799999591894,28.59370000078343,1
2385,d_validation_1920_1080_daylight_2,6.467100000008941,22.473799996078014,0.2761000068858266,0.0011999945854768157,22.751099997549318,29.21819999755826,0
2386,d_validation_1920_1080_daylight_2,6.208899998455308,22.054899993236177,0.2733000001171604,0.000200001522898674,22.328399994876236,28.537299993331544,0
2387,d_validation_1920_1080_daylight_2,6.6584000014699996,19.491699989885092,0.21160001051612198,0.000200001522898674,19.703500001924112,26.361900003394112,0
2388,d_validation_1920_1080_daylight_2,6.002900001476519,20.3207000013208,0.20619999850168824,0.000200001522898674,20.52710000134539,26.530000002821907,0
2389,d_validation_1920_1080_daylight_2,6.116500007919967,22.52109999244567,0.26980000257026404,0.000200001522898674,22.791099996538833,28.9076000044588,0
2390,d_validation_1920_1080_daylight_2,6.764599995221943,23.11240001290571,0.27879999834112823,0.00029998773243278265,23.39149999897927,30.156099994201213,0
2391,d_validation_1920_1080_daylight_2,6.752599991159514,19.526899995980784,0.2015000063693151,0.000300002284348011,19.728700004634447,26.48129999579396,0
2392,d_validation_1920_1080_daylight_2,6.119600002421066,22.28770000510849,0.26020000223070383,0.00029998773243278265,22.548199995071627,28.667799997492693,0
2393,d_validation_1920_1080_daylight_2,7.204299996374175,21.844699993380345,0.2049000031547621,0.000200001522898674,22.049799998058006,29.25409999443218,0
2394,d_validation_1920_1080_daylight_2,6.416399992303923,21.83090000471566,0.20049999875482172,0.000200001522898674,22.03160000499338,28.447999997297302,0
2395,d_validation_1920_1080_daylight_2,6.204300007084385,21.024899993790314,0.2609000075608492,0.00029998773243278265,21.286099989083596,27.49039999616798,0
2396,d_validation_1920_1080_daylight_2,7.067500002449378,22.449299998697825,0.2665999927558005,0.000400003045797348,22.716299994499423,29.7837999969488,0
2397,d_validation_1920_1080_daylight_2,6.409800000255927,22.506799999973737,0.26259999140165746,0.000300002284348011,22.769699993659742,29.17949999391567,0
2398,d_validation_1920_1080_daylight_2,7.1773999952711165,23.94040000217501,0.2610000083222985,0.00029998773243278265,24.201699998229742,31.37909999350086,0
2399,d_validation_1920_1080_daylight_2,6.58720001229085,23.049799987347797,0.19880000036209822,0.000300002284348011,23.248899989994243,29.836100002285093,0
2400,d_validation_1920_1080_daylight_2,7.069200000842102,20.24820000224281,0.31790000502951443,0.5681000038748607,21.134200011147186,28.203400011989288,4
2401,d_validation_1920_1080_daylight_2,7.433100006892346,20.54830000270158,0.3625999961514026,0.25800000003073364,21.168899998883717,28.602000005776063,2
2402,d_validation_1920_1080_daylight_2,6.611199991311878,20.336900008260272,0.4290999931981787,0.4141999961575493,21.180199997616,27.79139998892788,6
2403,d_validation_1920_1080_daylight_2,6.623400011449121,21.999699994921684,0.8268999954452738,0.5963000003248453,23.422899990691803,30.046300002140924,7
2404,d_validation_1920_1080_daylight_2,8.166300001903437,19.235300002037548,0.5485000001499429,0.5189999938011169,20.302799995988607,28.469099997892044,5
2405,d_validation_1920_1080_daylight_2,8.064499997999519,20.270099994377233,0.5280000041238964,0.17020000086631626,20.968299999367446,29.032799997366965,1
2406,d_validation_1920_1080_daylight_2,7.745999988401309,20.71080000314396,0.34420000156387687,0.000500003807246685,21.055500008515082,28.80149999691639,0
2407,d_validation_1920_1080_daylight_2,8.256000000983477,22.021799988579005,0.2443000121274963,0.00019998697098344564,22.266299987677485,30.52229998866096,0
2408,d_validation_1920_1080_daylight_2,7.228400005260482,22.414899998693727,0.3188999980920926,0.000300002284348011,22.734099999070168,29.96250000433065,0
2409,d_validation_1920_1080_daylight_2,8.30219998897519,22.05070000491105,0.2491000050213188,0.000300002284348011,22.300100012216717,30.602300001191907,0
2410,d_validation_1920_1080_daylight_2,7.248299996717833,22.19229999172967,0.2699000033317134,0.000200001522898674,22.46239999658428,29.710699993302114,0
2411,d_validation_1920_1080_daylight_2,7.098399990354665,21.01500000571832,0.24720000510569662,0.000100000761449337,21.262300011585467,28.36070000194013,0
2412,d_validation_1920_1080_daylight_2,7.4401000019861385,21.419099997729063,0.5513000069186091,0.5819999933009967,22.55239999794867,29.992499999934807,5
2413,d_validation_1920_1080_daylight_2,8.160900004440919,21.58380000037141,1.1783999943872914,0.4737999988719821,23.235999993630685,31.396899998071603,5
2414,d_validation_1920_1080_daylight_2,8.256200002506375,23.472699991543777,0.5374000029405579,0.16880000475794077,24.178899999242276,32.43510000174865,1
2415,d_validation_1920_1080_daylight_2,8.222700009355322,23.042799992254004,0.8593000093242154,0.5049999890616164,24.407099990639836,32.62979999999516,5
2416,d_validation_1920_1080_daylight_2,8.447200001683086,22.76459999848157,0.8423999970545992,0.38910000876057893,23.99610000429675,32.443300005979836,3
