frame_index,sequence,decode_ms,detect_ms,track_ms,recognize_ms,pipeline_total_ms,with_decode_ms,track_count
0,c_validation_1920_1200_night_1,6.220000010216609,15.201000001979992,0.13989998842589557,0.3302000113762915,15.671100001782179,21.891100011998788,2
1,c_validation_1920_1200_night_1,6.8355999974301085,17.37620000494644,7.712899998296052,0.0013999961083754897,25.090499999350868,31.926099996780977,0
2,c_validation_1920_1200_night_1,6.404800005839206,22.269599998253398,0.12110000534448773,0.000200001522898674,22.390900005120784,28.79570001095999,0
3,c_validation_1920_1200_night_1,6.2978000059956685,18.701199995120987,373.30770000698976,0.2741999924182892,392.28309999452904,398.5809000005247,2
4,c_validation_1920_1200_night_1,7.4806000047829,21.79230000183452,0.4648000031011179,0.31039999157655984,22.567499996512197,30.048100001295097,2
5,c_validation_1920_1200_night_1,7.963999989442527,23.271199999726377,0.16170000890269876,0.0009999930625781417,23.433900001691654,31.39789999113418,0
6,c_validation_1920_1200_night_1,8.040099986828864,24.510500006726943,0.4352999967522919,0.9270000009564683,25.872800004435703,33.91289999126457,1
7,c_validation_1920_1200_night_1,9.760800006915815,21.98869999847375,0.33260000054724514,0.24929999199230224,22.570599991013296,32.33139999792911,1
8,c_validation_1920_1200_night_1,8.86880001053214,22.776299985707738,0.550000011571683,1.1355999886291102,24.46189998590853,33.33069999644067,4
9,c_validation_1920_1200_night_1,7.35910001094453,18.625700002303347,0.38749999657738954,0.19219999376218766,19.205399992642924,26.564500003587455,1
10,c_validation_1920_1200_night_1,6.47680000110995,17.52870000200346,0.5019000091124326,0.2499999973224476,18.28060000843834,24.75740000954829,2
11,c_validation_1920_1200_night_1,8.309999990160577,18.62980000441894,0.4302000015741214,0.21240000205580145,19.272400008048862,27.58239999820944,1
12,c_validation_1920_1200_night_1,8.51630000397563,20.879400006379,0.599599996348843,0.2268999960506335,21.705899998778477,30.222200002754107,1
13,c_validation_1920_1200_night_1,8.875400002580136,21.05409999785479,0.3910999948857352,0.0013999961083754897,21.446599988848902,30.32199999142904,0
14,c_validation_1920_1200_night_1,6.839699999545701,20.991699988371693,0.6868000054964796,0.23469999723602086,21.913199991104193,28.752899990649894,1
15,c_validation_1920_1200_night_1,7.798400009050965,24.014299997361377,0.3434999962337315,0.000900006853044033,24.358700000448152,32.15710000949912,0
16,d_validation_1920_1080_daylight_2,6.857200001832098,20.91659999859985,0.15220000932458788,0.5639999872073531,21.63279999513179,28.48999999696389,3
17,d_validation_1920_1080_daylight_2,8.196199996746145,21.70029999979306,0.5363999953260645,0.5322000070009381,22.768900002120063,30.965099998866208,2
18,d_validation_1920_1080_daylight_2,8.677399993757717,27.861299997312017,0.47480000648647547,0.0017999991541728377,28.337900002952665,37.01529999671038,0
19,d_validation_1920_1080_daylight_2,7.211799995275214,17.257200001040474,0.3161000058753416,0.2514999941922724,17.824800001108088,25.036599996383302,2
20,d_validation_1920_1080_daylight_2,6.915499994647689,16.947399999480695,0.33880000410135835,0.0017999991541728377,17.288000002736226,24.203499997383915,0
21,d_validation_1920_1080_daylight_2,7.217799997306429,16.202200000407174,0.15500000154133886,0.000300002284348011,16.35750000423286,23.57530000153929,0
22,d_validation_1920_1080_daylight_2,8.235799992689863,21.23589999973774,0.3220000071451068,0.19710000196937472,21.75500000885222,29.990800001542084,1
23,d_validation_1920_1080_daylight_2,8.243600008427165,21.258599997963756,0.2542000001994893,0.0007999915396794677,21.513599989702925,29.75719999813009,0
24,d_validation_1920_1080_daylight_2,9.944800010998733,22.367099998518825,0.5013999907532707,0.5326000100467354,23.40109999931883,33.345900010317564,4
25,d_validation_1920_1080_daylight_2,11.549599992576987,23.580199995194562,0.5075000080978498,0.7173999911174178,24.80509999440983,36.354699986986816,5
26,d_validation_1920_1080_daylight_2,17.438000009860843,24.810499991872348,0.5438000080175698,0.2482999989297241,25.60259999881964,43.040600008680485,1
27,d_validation_1920_1080_daylight_2,11.794899997767061,22.003799997037277,0.31400000443682075,0.0011999945854768157,22.318999996059574,34.113899993826635,0
28,d_validation_1920_1080_daylight_2,10.802099990542047,23.172400004114024,0.30610000248998404,0.000300002284348011,23.478800008888356,34.2808999994304,0
29,d_validation_1920_1080_daylight_2,9.95199999306351,20.933899999363348,0.22980000358074903,0.000300002284348011,21.164000005228445,31.115999998291954,0
30,d_validation_1920_1080_daylight_2,9.019799996167421,20.3892999998061,0.5119999987073243,0.3825000021606684,21.28380000067409,30.303599996841513,3
31,d_validation_1920_1080_daylight_2,9.701300004962832,20.0401000038255,0.606399989919737,0.5671000108122826,21.21360000455752,30.914900009520352,6
32,d_validation_1920_1080_daylight_2,12.006899996777065,19.03870000387542,0.6993999995756894,0.3997999883722514,20.13789999182336,32.144799988600425,5
33,d_validation_1920_1080_daylight_2,9.86160000320524,23.349299997789785,0.9751000034157187,0.451600004453212,24.776000005658716,34.637600008863956,4
34,d_validation_1920_1080_daylight_2,11.29660000151489,20.424100002855994,0.7279999990714714,0.21489999198820442,21.36699999391567,32.66359999543056,1
35,d_validation_1920_1080_daylight_2,11.736399988876656,23.228999998536892,0.7736000115983188,0.3556000010576099,24.35820001119282,36.09460000006948,3
36,d_validation_1920_1080_daylight_2,10.733800008893013,19.23689999966882,0.4994999908376485,0.001200009137392044,19.737599999643862,30.471400008536875,0
37,d_validation_1920_1080_daylight_2,9.484800000791438,16.069000004790723,0.756800000090152,0.20640000002458692,17.032200004905462,26.5170000056969,1
38,d_validation_1920_1080_daylight_2,11.348799991537817,17.73720000346657,0.40410000656265765,0.0007999915396794677,18.142100001568906,29.490899993106723,0
39,d_validation_1920_1080_daylight_2,9.050900000147521,18.86969999759458,0.40600000647827983,0.00029998773243278265,19.275999991805293,28.326899991952814,0
40,d_validation_1920_1080_daylight_2,8.862499991664663,19.18820000719279,0.38579999818466604,0.000300002284348011,19.574300007661805,28.436799999326468,0
41,d_validation_1920_1080_daylight_2,8.19410000985954,18.34719999169465,0.8655999990878627,0.000700005330145359,19.21349999611266,27.4076000059722,0
42,d_validation_1920_1080_daylight_2,12.4150999909034,21.651100003509782,1.1858999932883307,0.23290001263376325,23.069900009431876,35.485000000335276,1
43,d_validation_1920_1080_daylight_2,18.99569999659434,23.308899995754473,1.5113999979803339,0.705400001606904,25.52569999534171,44.52139999193605,1
44,d_validation_1920_1080_daylight_2,12.623300004634075,31.473399998503737,1.3067999971099198,0.43650000588968396,33.21670000150334,45.840000006137416,3
45,d_validation_1920_1080_daylight_2,13.819200001307763,25.55669999856036,1.3876000011805445,0.39739999920129776,27.341699998942204,41.16090000024997,2
46,d_validation_1920_1080_daylight_2,9.851199996774085,26.44200000213459,1.2528999941423535,0.519599998369813,28.214499994646758,38.06569999142084,3
47,d_validation_1920_1080_daylight_2,12.363600006210618,22.23319999757223,1.5987000078894198,0.6272999889915809,24.45919999445323,36.82280000066385,3
48,d_validation_1920_1080_daylight_2,10.944900001049973,32.664400001522154,1.4949000033084303,0.9494999976595864,35.10880000249017,46.05370000354014,2
49,d_validation_1920_1080_daylight_2,10.735899995779619,24.470800010021776,0.9069999941857532,0.0020000006770715117,25.3798000048846,36.11570000066422,0
50,d_validation_1920_1080_daylight_2,8.777999988524243,21.69750000757631,0.7295999967027456,0.000500003807246685,22.4276000080863,31.205599996610545,0
51,d_validation_1920_1080_daylight_2,8.37840000167489,22.454699996160343,0.5955999949947,0.000500003807246685,23.05079999496229,31.42919999663718,0
52,d_validation_1920_1080_daylight_2,8.878599997842684,16.811499997857027,0.44829999387729913,0.000500003807246685,17.260299995541573,26.138899993384257,0
53,d_validation_1920_1080_daylight_2,7.721800007857382,16.667699994286522,0.8655999990878627,0.29850000282749534,17.83179999620188,25.553600004059263,2
54,d_validation_1920_1080_daylight_2,9.397400004672818,19.32259999739472,0.9840999991865829,0.5264999927021563,20.833199989283457,30.230599993956275,6
55,d_validation_1920_1080_daylight_2,9.47489999816753,17.898200007039122,1.0722000006353483,0.6484999903477728,19.618899998022243,29.093799996189773,6
56,d_validation_1920_1080_daylight_2,9.7550000064075,18.251999994390644,1.0104999964823946,0.2902999985963106,19.55279998946935,29.30779999587685,2
57,d_validation_1920_1080_daylight_2,8.851499995216727,19.37740000721533,0.567600000067614,0.0012999953469261527,19.94630000262987,28.797799997846596,0
58,d_validation_1920_1080_daylight_2,8.053800003835931,17.440299998270348,0.7217999955173582,0.000600004568696022,18.162699998356402,26.216500002192333,0
59,d_validation_1920_1080_daylight_2,9.090000006835908,16.93640000303276,0.4757999995490536,0.000300002284348011,17.41250000486616,26.502500011702068,0
60,d_validation_1920_1080_daylight_2,8.240699986345135,16.227000000071712,0.47480000648647547,0.000300002284348011,16.702100008842535,24.94279999518767,0
61,d_validation_1920_1080_daylight_2,7.446399991749786,21.159700001589954,0.45780000800732523,0.000300002284348011,21.617800011881627,29.064200003631413,0
62,d_validation_1920_1080_daylight_2,8.158700002240948,17.263200003071688,0.47119999362621456,0.000400003045797348,17.7347999997437,25.89350000198465,0
63,d_validation_1920_1080_daylight_2,7.657100009964779,16.343299997970462,1.0199999960605055,0.20399999630171806,17.567299990332685,25.224400000297464,1
64,d_validation_1920_1080_daylight_2,7.638299997779541,20.048100006533787,0.4555000050459057,0.0009999930625781417,20.50460000464227,28.14290000242181,0
65,d_validation_1920_1080_daylight_2,7.397599998512305,17.55790000606794,0.5397999921115115,0.000600004568696022,18.098300002748147,25.495900001260452,0
66,d_validation_1920_1080_daylight_2,8.301100009703077,23.2391000026837,0.5105000018374994,0.0004999892553314567,23.75009999377653,32.05120000347961,0
67,d_validation_1920_1080_daylight_2,7.3601000040071085,21.903600005316548,0.3285999991931021,0.000300002284348011,22.232500006793998,29.592600010801107,0
68,d_validation_1920_1080_daylight_2,6.8608000001404434,22.391799997421913,0.33930000790860504,0.000300002284348011,22.731400007614866,29.59220000775531,0
69,d_validation_1920_1080_daylight_2,6.937600002856925,21.984699997119606,0.31630000739824027,0.000200001522898674,22.301200006040744,29.23880000889767,0
70,d_validation_1920_1080_daylight_2,7.2032000025501475,22.75030000600964,0.43200000072829425,0.00039998849388211966,23.182699995231815,30.385899997781962,0
71,d_validation_1920_1080_daylight_2,7.92139999975916,22.749099996872246,0.4284000024199486,0.000400003045797348,23.177900002337992,31.099300002097152,0
72,d_validation_1920_1080_daylight_2,7.892900001024827,22.63649999804329,0.5046000005677342,0.000500003807246685,23.141600002418272,31.0345000034431,0
73,d_validation_1920_1080_daylight_2,7.403000010526739,23.417799995513633,0.45449999743141234,0.000400003045797348,23.872699995990843,31.27570000651758,0
74,d_validation_1920_1080_daylight_2,6.850599995232187,22.272500005783513,0.3189999988535419,0.000300002284348011,22.591800006921403,29.44240000215359,0
75,d_validation_1920_1080_daylight_2,6.552000006195158,23.18609999201726,0.3073000116273761,0.000300002284348011,23.493700005928986,30.045700012124144,0
76,d_validation_1920_1080_daylight_2,6.476299997302704,22.884999998495914,0.2938999969046563,0.000300002284348011,23.17919999768492,29.655499994987622,0
77,d_validation_1920_1080_daylight_2,6.345899993903004,17.94990000780672,0.5406999989645556,0.2204999909736216,18.711099997744896,25.0569999916479,1
78,d_validation_1920_1080_daylight_2,7.47689999116119,19.866700007696636,0.6559999892488122,0.2066000015474856,20.729299998492934,28.206199989654124,1
79,d_validation_1920_1080_daylight_2,7.941899995785207,22.265999999945052,0.5496999947354198,0.4208000027574599,23.23649999743793,31.178399993223138,4
80,d_validation_1920_1080_daylight_2,7.731699995929375,22.521999999298714,1.4430000010179356,0.4267000040272251,24.391700004343875,32.12340000027325,4
81,d_validation_1920_1080_daylight_2,7.798499995260499,23.46939999551978,0.8877000072970986,0.4226000019116327,24.77970000472851,32.57819999998901,4
82,d_validation_1920_1080_daylight_2,7.774099998641759,22.75530000042636,0.8835000044200569,0.4341000021668151,24.07290000701323,31.84700000565499,4
83,d_validation_1920_1080_daylight_2,8.278699999209493,23.434899994754232,0.9981000039260834,0.45399999362416565,24.88699999230448,33.165699991513975,4
84,d_validation_1920_1080_daylight_2,7.695499996771105,23.216000001411885,0.826600007712841,0.2869999880203977,24.329599997145124,32.02509999391623,2
85,d_validation_1920_1080_daylight_2,7.986399999936111,20.76369999849703,0.6386000022757798,0.4349999944679439,21.837299995240755,29.823699995176867,4
86,d_validation_1920_1080_daylight_2,7.294399998500012,22.62249999330379,0.43530001130420715,0.34729999606497586,23.405100000672974,30.699499999172986,3
87,d_validation_1920_1080_daylight_2,7.866799991461448,20.061100003658794,0.4837000014958903,0.5099999980302528,21.054800003184937,28.921599994646385,3
88,d_validation_1920_1080_daylight_2,7.817700010491535,16.64590000291355,0.4239999980200082,0.2936999953817576,17.363599996315315,25.18130000680685,2
89,d_validation_1920_1080_daylight_2,7.398900008411147,17.272699988097884,0.43990000267513096,0.2914000069722533,18.003999997745268,25.402900006156415,2
90,d_validation_1920_1080_daylight_2,7.886300008976832,22.967199998674914,0.3732999903149903,0.001300009898841381,23.341799998888746,31.228100007865578,0
91,d_validation_1920_1080_daylight_2,7.458600011887029,20.685399998910725,0.46239999937824905,0.4028999974252656,21.55069999571424,29.00930000760127,3
92,d_validation_1920_1080_daylight_2,7.218999991891906,20.14600000984501,0.5473999917740002,0.24259999918285757,20.93600000080187,28.154999992693774,1
93,d_validation_1920_1080_daylight_2,6.82059999962803,22.469599993200973,0.6726999999955297,0.20080000103916973,23.343099994235672,30.163699993863702,1
94,d_validation_1920_1080_daylight_2,7.455200000549667,23.249599995324388,0.25349999486934394,0.000700005330145359,23.503799995523877,30.958999996073544,0
95,d_validation_1920_1080_daylight_2,6.378899997798726,22.727100003976375,0.3279999946244061,0.000300002284348011,23.05540000088513,29.434299998683855,0
96,d_validation_1920_1080_daylight_2,7.186300004832447,22.736999992048368,0.48149999929592013,0.2091000060318038,23.427599997376092,30.61390000220854,1
97,d_validation_1920_1080_daylight_2,7.4397999997017905,22.87359999900218,0.40530000114813447,0.0012999953469261527,23.28019999549724,30.719999995199032,0
98,d_validation_1920_1080_daylight_2,6.88869999430608,23.034900004859082,0.2859999949578196,0.000600004568696022,23.321500004385598,30.210199998691678,0
99,d_validation_1920_1080_daylight_2,7.467899995390326,15.430500003276393,0.6613000005017966,0.2145999897038564,16.306399993482046,23.77429998887237,1
100,d_validation_1920_1080_daylight_2,7.274299990967847,18.16990000952501,0.33379999513272196,0.0008999923011288047,18.50459999695886,25.778899987926707,0
101,d_validation_1920_1080_daylight_2,6.357599995681085,21.299200001521967,0.6947000074433163,0.28169999131932855,22.275600000284612,28.633199995965697,2
102,d_validation_1920_1080_daylight_2,7.220100000267848,22.604999991017394,0.5650000093737617,0.1858999894466251,23.35589998983778,30.57599999010563,1
103,d_validation_1920_1080_daylight_2,7.180999993579462,22.676599997794256,0.5697000015061349,0.18440000712871552,23.430700006429106,30.611700000008568,1
104,d_validation_1920_1080_daylight_2,7.215099991299212,22.516500001074746,0.5941999988863245,0.2173000102629885,23.32800001022406,30.54310000152327,1
105,d_validation_1920_1080_daylight_2,7.248499998240732,22.005200007697567,0.6175999878905714,0.27940000290982425,22.902199998497963,30.150699996738695,2
106,d_validation_1920_1080_daylight_2,7.277299999259412,22.342299998854287,0.3777000092668459,0.0008999923011288047,22.72090000042226,29.998199999681674,0
107,d_validation_1920_1080_daylight_2,6.289400000241585,22.58859999710694,0.7696000102441758,0.41709998913574964,23.775299996486865,30.06469999672845,1
108,d_validation_1920_1080_daylight_2,6.45680000889115,22.331799991661683,0.8092000061878935,0.20139999105595052,23.342399988905527,29.799199997796677,1
109,d_validation_1920_1080_daylight_2,7.262700004503131,20.135399987339042,0.37259999953676015,0.000700005330145359,20.508699992205948,27.77139999670908,0
110,d_validation_1920_1080_daylight_2,6.543900002725422,22.9752000013832,0.7375999994110316,0.1964999974006787,23.90929999819491,30.453200000920333,1
111,d_validation_1920_1080_daylight_2,8.99560000107158,20.070700003998354,0.3938999871024862,0.000700005330145359,20.465299996430986,29.460899997502565,0
112,d_validation_1920_1080_daylight_2,7.87329999729991,22.625800003879704,0.42559999565128237,0.000200001522898674,23.051600001053885,30.924899998353794,0
113,d_validation_1920_1080_daylight_2,10.179100005188957,22.403800001484342,0.8677000005263835,0.3571999986888841,23.62870000069961,33.807800005888566,3
114,d_validation_1920_1080_daylight_2,9.857299999566749,23.07989999826532,0.8698000019649044,0.275399987003766,24.22509998723399,34.08239998680074,2
115,d_validation_1920_1080_daylight_2,9.597600001143292,21.92759999888949,0.7234999939100817,0.19869999960064888,22.84979999240022,32.44739999354351,1
116,d_validation_1920_1080_daylight_2,9.314400012954138,19.712499997694977,0.7129000005079433,0.2784999960567802,20.7038999942597,30.01830000721384,2
117,d_validation_1920_1080_daylight_2,9.006499996758066,23.57320000010077,0.8723000064492226,0.20300000323913991,24.64850000978913,33.6550000065472,1
118,d_validation_1920_1080_daylight_2,9.206500006257556,21.66179999767337,0.6400999991456047,0.17379999917466193,22.475699995993637,31.682200002251193,1
119,d_validation_1920_1080_daylight_2,8.177900002920069,16.07920000969898,0.6155999872134998,0.2945000014733523,16.98929999838583,25.1672000013059,2
120,d_validation_1920_1080_daylight_2,7.737300009466708,16.822399993543513,0.6732000038027763,0.3426000039326027,17.838200001278892,25.5755000107456,3
121,d_validation_1920_1080_daylight_2,9.368800005177036,17.129200001363643,0.6203999946592376,0.17810000281315297,17.927699998836033,27.29650000401307,1
122,d_validation_1920_1080_daylight_2,10.492000001249835,22.947999997995794,0.5086000019218773,0.000800006091594696,23.457400006009266,33.9494000072591,0
123,d_validation_1920_1080_daylight_2,8.57840001117438,17.773499988834374,0.8006999996723607,0.19480001355987042,18.769000002066605,27.347400013240986,1
124,d_validation_1920_1080_daylight_2,8.018100008484907,22.819799996796064,0.8582000009482726,0.3580000047804788,24.036000002524815,32.05410001100972,3
125,d_validation_1920_1080_daylight_2,8.113899995805696,17.247700001462363,0.9906000050250441,0.42609999945852906,18.664400005945936,26.77830000175163,4
126,d_validation_1920_1080_daylight_2,8.48220000625588,20.783399988431484,0.7552000024588779,0.6553999992320314,22.193999990122393,30.676199996378273,6
127,d_validation_1920_1080_daylight_2,8.915300000808202,19.58230001037009,0.7793999975547194,0.40809999336488545,20.769800001289696,29.685100002097897,4
128,d_validation_1920_1080_daylight_2,10.274599990225397,15.600800004904158,1.2796000082744285,0.45449999743141234,17.33490001061,27.609500000835396,6
129,d_validation_1920_1080_daylight_2,9.18140000430867,21.924499989836477,0.8991000067908317,0.34499999310355633,23.168599989730865,32.349999994039536,3
130,d_validation_1920_1080_daylight_2,10.126699999091215,20.96690000325907,0.9642000077292323,0.49279999802820385,22.423900009016506,32.55060000810772,5
131,d_validation_1920_1080_daylight_2,9.402600000612438,22.957900000619702,1.3204999995650724,0.3116000007139519,24.590000000898726,33.992600001511164,2
132,d_validation_1920_1080_daylight_2,9.366500002215616,16.677099993103184,0.5907000013394281,0.001100008375942707,17.268900002818555,26.63540000503417,0
133,d_validation_1920_1080_daylight_2,8.425600011833012,14.769499990507029,0.8975000091595575,0.16939999477472156,15.836399994441308,24.26200000627432,1
134,d_validation_1920_1080_daylight_2,9.340500007965602,20.369399993796833,1.2165000080130994,0.21109999215696007,21.796999993966892,31.137500001932494,1
135,d_validation_1920_1080_daylight_2,8.83099999919068,20.62689999002032,0.7428000099025667,0.0005999900167807937,21.370299989939667,30.201299989130348,0
136,d_validation_1920_1080_daylight_2,8.444700011750683,19.002699991688132,1.2478999997256324,0.30440000409726053,20.554999995511025,28.99970000726171,2
137,d_validation_1920_1080_daylight_2,9.558699995977804,17.11849999264814,0.9380000119563192,0.27520000003278255,18.33170000463724,27.890400000615045,2
138,d_validation_1920_1080_daylight_2,9.822699998039752,21.70690000639297,1.3710999919567257,0.42410001333337277,23.50210001168307,33.32480000972282,4
139,d_validation_1920_1080_daylight_2,8.891499994206242,21.499199996469542,1.4740000042365864,0.5627999926218763,23.535999993328005,32.42749998753425,6
140,d_validation_1920_1080_daylight_2,8.390900009544566,19.432299988693558,1.4615000109188259,0.2128999913111329,21.106699990923516,29.497600000468083,1
141,d_validation_1920_1080_daylight_2,10.174399998504668,22.456899998360313,1.483700005337596,0.28500000189524144,24.22560000559315,34.40000000409782,2
142,d_validation_1920_1080_daylight_2,8.424100000411272,22.48169999802485,1.1150000063935295,0.3998000029241666,23.996500007342547,32.42060000775382,4
143,d_validation_1920_1080_daylight_2,9.156600004644133,18.660000001545995,1.582800003234297,0.39339999784715474,20.636200002627447,29.79280000727158,3
144,d_validation_1920_1080_daylight_2,8.32079999963753,22.751299999072216,0.6816999957663938,0.0012999953469261527,23.434299990185536,31.755099989823066,0
145,d_validation_1920_1080_daylight_2,7.715600004303269,20.539999997708946,0.5892000044696033,0.000300002284348011,21.129500004462898,28.845100008766167,0
146,d_validation_1920_1080_daylight_2,7.963500000187196,20.96170000731945,1.3137999922037125,0.727800012100488,23.00330001162365,30.966800011810847,8
147,d_validation_1920_1080_daylight_2,9.244900007615797,21.061099992948584,1.44900000304915,0.5477999948197976,23.057899990817532,32.30279999843333,8
148,d_validation_1920_1080_daylight_2,8.605399998486973,22.558099997695535,1.999900006921962,0.7777999999234453,25.335800004540943,33.941200003027916,8
149,d_validation_1920_1080_daylight_2,8.841400005621836,21.856899998965673,1.9462000054772943,0.6992999988142401,24.502400003257208,33.34380000887904,8
150,d_validation_1920_1080_daylight_2,8.590699988417327,21.957700009807013,1.9320999999763444,0.7060999923851341,24.59590000216849,33.18659999058582,8
151,d_validation_1920_1080_daylight_2,8.941000007325783,22.2722999897087,1.3527999981306493,0.672499998472631,24.29759998631198,33.23859999363776,8
152,d_validation_1920_1080_daylight_2,8.450199995422736,22.76779999374412,1.3368000072659925,0.7308999920496717,24.835499993059784,33.28569998848252,8
153,d_validation_1920_1080_daylight_2,8.726000000024214,22.03939999162685,1.8294000037712976,0.7617999945068732,24.630599989905022,33.35659998992924,9
154,d_validation_1920_1080_daylight_2,8.8361999951303,22.770299998228438,2.4181000044336542,1.6785000043455511,26.866900007007644,35.703100002137944,8
155,d_validation_1920_1080_daylight_2,8.880199995473959,22.031900007277727,1.283199992030859,0.6927000067662448,24.00780000607483,32.88800000154879,8
156,d_validation_1920_1080_daylight_2,8.625000002211891,22.18949999951292,1.2618000037036836,0.684200000250712,24.135500003467314,32.760500005679205,7
157,d_validation_1920_1080_daylight_2,8.992799994302914,17.217300002812408,1.2113999982830137,0.3479000006336719,18.776600001729093,27.769399996032007,3
158,d_validation_1920_1080_daylight_2,7.263400009833276,20.87049999681767,0.5863999977009371,0.0014999968698248267,21.458399991388433,28.72180000122171,0
159,d_validation_1920_1080_daylight_2,7.793800003128126,17.932999995537102,0.5653999978676438,0.000400003045797348,18.498799996450543,26.29259999957867,0
160,d_validation_1920_1080_daylight_2,7.988999990629964,22.417800006223843,0.5191999953240156,0.000300002284348011,22.937300003832206,30.92629999446217,0
161,d_validation_1920_1080_daylight_2,7.446000003255904,21.40250000229571,0.6896999984746799,0.000400003045797348,22.092600003816187,29.53860000707209,0
162,d_validation_1920_1080_daylight_2,8.017400003154762,22.74770000076387,1.2497999996412545,0.3652000013971701,24.362700001802295,32.38010000495706,3
163,d_validation_1920_1080_daylight_2,8.099099999526516,21.39159999205731,0.6785000005038455,0.0015999976312741637,22.07169999019243,30.170799989718944,0
164,d_validation_1920_1080_daylight_2,8.253899999544956,21.302499997545965,1.252400004887022,0.295000005280599,22.849900007713586,31.103800007258542,2
165,d_validation_1920_1080_daylight_2,8.05180000315886,22.59770000819117,0.486999997519888,0.0010999938240274787,23.085799999535084,31.137600002693944,0
166,d_validation_1920_1080_daylight_2,7.49540000106208,18.86360000935383,0.6722999969497323,0.000400003045797348,19.53630000934936,27.03170001041144,0
167,d_validation_1920_1080_daylight_2,8.107600006042048,20.56589999119751,0.47759999870322645,0.000400003045797348,21.043899992946535,29.151499998988584,0
168,d_validation_1920_1080_daylight_2,7.162199995946139,20.572299996274523,0.4614000063156709,0.000300002284348011,21.034000004874542,28.19620000082068,0
169,d_validation_1920_1080_daylight_2,7.369599989033304,21.694100010790862,0.8516999951098114,0.19219999376218766,22.73799999966286,30.107599988696165,1
170,d_validation_1920_1080_daylight_2,7.915200010756962,21.827899996424094,0.5894999922020361,0.000800006091594696,22.418199994717725,30.333400005474687,0
171,d_validation_1920_1080_daylight_2,8.46070000261534,21.130599998286925,1.1107000027550384,0.47899999481160194,22.720299995853566,31.180999998468906,3
172,d_validation_1920_1080_daylight_2,7.884800012107007,18.27039998897817,0.40860001172404736,0.0011999945854768157,18.680199995287694,26.5650000073947,0
173,d_validation_1920_1080_daylight_2,7.953899999847636,22.372299994458444,0.5225000058999285,0.000400003045797348,22.89520000340417,30.849100003251806,0
174,d_validation_1920_1080_daylight_2,8.046699993428774,22.552900001755916,0.4869000113103539,0.00029998773243278265,23.040100000798702,31.086799994227476,0
175,d_validation_1920_1080_daylight_2,7.677700006752275,21.169399988139048,0.6806000019423664,0.3445000038482249,22.19449999392964,29.872200000681914,2
176,d_validation_1920_1080_daylight_2,8.215599998948164,17.769800004316494,0.7125999982235953,0.189200000022538,18.671600002562627,26.88720000151079,1
177,d_validation_1920_1080_daylight_2,9.137200002442114,22.712000005412847,0.9267999994335696,0.2179000002797693,23.856700005126186,32.9939000075683,1
178,d_validation_1920_1080_daylight_2,8.63539999409113,20.922499999869615,0.7585999992443249,0.3400999994482845,22.021199998562224,30.656599992653355,2
179,d_validation_1920_1080_daylight_2,8.712299997569062,22.27349999884609,0.7717999978922307,0.42150000808760524,23.466800004825927,32.17910000239499,4
180,d_validation_1920_1080_daylight_2,8.377699996344745,21.258900000248104,0.8323000074597076,0.27969999064225703,22.37089999835007,30.748599994694814,2
181,d_validation_1920_1080_daylight_2,7.8027999988989905,17.725500001688488,0.8923999994294718,0.4208000027574599,19.03870000387542,26.84150000277441,4
182,d_validation_1920_1080_daylight_2,8.515100009390153,19.512300001224503,1.1855999910039827,0.2868000010494143,20.9846999932779,29.499800002668053,2
183,d_validation_1920_1080_daylight_2,8.465699997032061,22.078399997553788,1.2012000079266727,0.19979999342467636,23.479399998905137,31.9450999959372,1
184,d_validation_1920_1080_daylight_2,8.725799998501316,19.500199996400625,1.2263000098755583,0.3136999876005575,21.04019999387674,29.765999992378056,2
185,d_validation_1920_1080_daylight_2,8.272000006400049,22.521599996252917,1.2298000074224547,0.21699999342672527,23.968399997102097,32.240400003502145,1
186,d_validation_1920_1080_daylight_2,8.873200000380166,22.710899997036904,1.1824999965028837,0.2162000018870458,24.109599995426834,32.982799995807,1
187,d_validation_1920_1080_daylight_2,8.152900001732633,17.89469999494031,0.8748999971430749,0.4668000037781894,19.236399995861575,27.389299997594208,5
188,d_validation_1920_1080_daylight_2,8.617600004072301,22.043599994503893,0.5780000064987689,0.0018999999156221747,22.623500000918284,31.241100004990585,0
189,d_validation_1920_1080_daylight_2,8.384200002183206,23.654499993426725,0.8597999985795468,0.23150000197347254,24.745799993979745,33.12999999616295,1
190,d_validation_1920_1080_daylight_2,7.931300002383068,21.146599989151582,0.7459000044036657,0.48940000124275684,22.381899994798005,30.313199997181073,5
191,d_validation_1920_1080_daylight_2,9.571400005370378,15.68579999729991,0.7276999967871234,0.21050000214017928,16.623999996227212,26.19540000159759,1
192,d_validation_1920_1080_daylight_2,9.816199992201291,15.507800009800121,0.7482999935746193,0.17240000306628644,16.428500006441027,26.244699998642318,1
193,d_validation_1920_1080_daylight_2,9.292500006267801,17.104600003222004,0.7721000001765788,0.19899998733308166,18.075699990731664,27.368199996999465,1
194,d_validation_1920_1080_daylight_2,9.536300000036135,22.782600004575215,0.5812999879708514,0.000900006853044033,23.36479999939911,32.901099999435246,0
195,d_validation_1920_1080_daylight_2,9.346999999252148,23.787500002072193,0.9680999937700108,0.1996000064536929,24.955200002295896,34.302200001548044,1
196,d_validation_1920_1080_daylight_2,9.541499995975755,21.62529999623075,0.9563000057823956,0.22499999613501132,22.806599998148158,32.34809999412391,1
197,d_validation_1920_1080_daylight_2,9.038999996846542,21.744900004705414,0.7096000044839457,0.29399999766610563,22.748500006855465,31.787500003702007,1
198,d_validation_1920_1080_daylight_2,8.312799996929243,21.15349999803584,0.7513000018661842,0.20360000780783594,22.10840000770986,30.421200004639104,1
199,d_validation_1920_1080_daylight_2,8.871400001225993,15.83550000214018,0.4717999981949106,0.0008999923011288047,16.30819999263622,25.17959999386221,0
200,d_validation_1920_1080_daylight_2,8.30659999337513,15.421100004459731,0.8011000027181581,0.40520000038668513,16.627400007564574,24.934000000939704,4
201,d_validation_1920_1080_daylight_2,8.31770000513643,18.425100002787076,0.4896000027656555,0.0015999976312741637,18.916300003184006,27.234000008320436,0
202,d_validation_1920_1080_daylight_2,8.846299999277107,22.31299999402836,0.8347999973921105,0.4219000111334026,23.569700002553873,32.41600000183098,4
203,d_validation_1920_1080_daylight_2,9.699899994302541,16.595300010521896,0.8062999986577779,0.17349999689031392,17.575100006069988,27.27500000037253,1
204,d_validation_1920_1080_daylight_2,9.199499996611848,23.044200002914295,0.6817000103183091,0.0009999930625781417,23.726900006295182,32.92640000290703,0
205,d_validation_1920_1080_daylight_2,8.775900001637638,19.21539999602828,0.9962000040104613,0.3471999953035265,20.55879999534227,29.334699996979907,3
206,d_validation_1920_1080_daylight_2,9.457399995881133,19.08430000185035,1.2099000014131889,0.2857000072253868,20.579900010488927,30.03730000637006,1
207,d_validation_1920_1080_daylight_2,8.71470000129193,17.458200003602542,0.4555999912554398,0.000700005330145359,17.914500000188127,26.629200001480058,0
208,d_validation_1920_1080_daylight_2,8.431400012341328,15.349099994637072,0.4307000053813681,0.00039998849388211966,15.780199988512322,24.21160000085365,0
209,d_validation_1920_1080_daylight_2,8.73479999427218,18.18460000504274,0.46660000225529075,0.000300002284348011,18.651500009582378,27.386300003854558,0
210,d_validation_1920_1080_daylight_2,9.081299998797476,18.786499989801086,0.844100009999238,0.43259999074507505,20.0631999905454,29.144499989342876,4
211,d_validation_1920_1080_daylight_2,9.51340000028722,21.71059999091085,1.2133999989600852,0.5161000008229166,23.440099990693852,32.95349999098107,5
212,d_validation_1920_1080_daylight_2,9.314299997640774,20.81640000687912,1.4144000015221536,0.48439999227412045,22.715200000675395,32.02949999831617,5
213,d_validation_1920_1080_daylight_2,9.855299998889677,18.188999994890764,1.2287999998079613,0.4582999972626567,19.876099991961382,29.73139999085106,4
214,d_validation_1920_1080_daylight_2,9.682399992016144,18.618800007971004,0.5105999880470335,0.0017999991541728377,19.13119999517221,28.813599987188354,0
215,d_validation_1920_1080_daylight_2,8.49259999813512,19.677499993122183,0.8227000071201473,0.2793000021483749,20.779500002390705,29.272100000525825,2
216,d_validation_1920_1080_daylight_2,8.799400005955249,20.97199999843724,0.9076999995158985,0.28029999521095306,22.159999993164092,30.95939999911934,2
217,d_validation_1920_1080_daylight_2,9.040699995239265,22.73070000228472,0.5903999990550801,0.001300009898841381,23.322400011238642,32.36310000647791,0
218,d_validation_1920_1080_daylight_2,8.409699992625974,24.23840000119526,0.5764000088674948,0.00029998773243278265,24.815099997795187,33.22479999042116,0
219,d_validation_1920_1080_daylight_2,8.931499993195757,23.25589999963995,0.5330999993020669,0.000300002284348011,23.789300001226366,32.72079999442212,0
220,d_validation_1920_1080_daylight_2,8.07399999757763,21.366500004660338,0.5067000020062551,0.00039998849388211966,21.873599995160475,29.947599992738105,0
221,d_validation_1920_1080_daylight_2,7.908500003395602,14.765599989914335,0.3913000109605491,0.00019998697098344564,15.157099987845868,23.06559999124147,0
222,d_validation_1920_1080_daylight_2,6.241299997782335,20.798300000024028,0.3529999958118424,0.000300002284348011,21.15159999812022,27.392899995902553,0
223,d_validation_1920_1080_daylight_2,6.7343999980948865,20.772999996552244,0.3462000022409484,0.000300002284348011,21.11950000107754,27.853899999172427,0
224,d_validation_1920_1080_daylight_2,7.023900005151518,21.903699991526082,0.34720000985544175,0.000300002284348011,22.251200003665872,29.27510000881739,0
225,d_validation_1920_1080_daylight_2,7.412599996314384,21.386699998402037,0.32750000536907464,0.000300002284348011,21.71450000605546,29.127100002369843,0
226,d_validation_1920_1080_daylight_2,6.56650000018999,17.363400009344332,0.8492999913869426,0.20120000408496708,18.41390000481624,24.98040000500623,1
227,d_validation_1920_1080_daylight_2,7.449899989296682,22.088700003223494,0.8918999956222251,0.19850001262966543,23.179100011475384,30.629000000772066,1
228,d_validation_1920_1080_daylight_2,8.008300006622449,21.520499998587184,0.34020000020973384,0.0008999923011288047,21.861599991098046,29.869899997720495,0
229,d_validation_1920_1080_daylight_2,7.622699995408766,20.98939999996219,0.32360000477638096,0.00029998773243278265,21.313299992471002,28.935999987879768,0
230,d_validation_1920_1080_daylight_2,7.90440000128001,23.233500003698282,0.8146999898599461,0.21330000890884548,24.261500002467074,32.16590000374708,1
231,d_validation_1920_1080_daylight_2,9.054800000740215,22.461999993538484,0.651299997116439,0.1883000077214092,23.301599998376332,32.35639999911655,1
232,d_validation_1920_1080_daylight_2,8.579399989685044,17.802700007450767,0.876499994774349,0.35909999860450625,19.038300000829622,27.617699990514666,3
233,d_validation_1920_1080_daylight_2,8.256500004790723,23.661599989281967,0.4378000012366101,0.0013999961083754897,24.100799986626953,32.357299991417676,0
234,d_validation_1920_1080_daylight_2,7.918800009065308,22.67349998874124,0.39930001366883516,0.00029998773243278265,23.07309999014251,30.991899999207817,0
235,d_validation_1920_1080_daylight_2,8.840399998007342,19.992900008219294,0.28639999800361693,0.000200001522898674,20.27950000774581,29.119900005753152,0
236,d_validation_1920_1080_daylight_2,7.195799989858642,22.6974999968661,0.7756000122753903,0.2970999921672046,23.770200001308694,30.965999991167337,2
237,d_validation_1920_1080_daylight_2,8.409999994910322,20.681299996795133,0.5650000093737617,0.18519999866839498,21.43150000483729,29.84149999974761,1
238,d_validation_1920_1080_daylight_2,7.355699999607168,17.982600009418093,0.2845999988494441,0.0007999915396794677,18.267999999807216,25.623699999414384,0
239,d_validation_1920_1080_daylight_2,6.299200002104044,17.54380000056699,0.5797999911010265,0.2682000049389899,18.391799996607006,24.69099999871105,2
240,d_validation_1920_1080_daylight_2,7.016900010057725,17.146899990621023,0.6570999976247549,0.42039999971166253,18.22439998795744,25.241299998015165,4
241,d_validation_1920_1080_daylight_2,6.546200005686842,23.04329999606125,0.8157000120263547,0.2099999983329326,24.069000006420538,30.61520001210738,1
242,d_validation_1920_1080_daylight_2,6.74500000604894,21.212599996943027,0.3097000007983297,0.0006999907782301307,21.522999988519587,28.267999994568527,0
243,d_validation_1920_1080_daylight_2,6.2803000037092716,21.901800006162375,0.40720000106375664,0.00039998849388211966,22.309399995720014,28.589699999429286,0
244,d_validation_1920_1080_daylight_2,6.204400007845834,20.960699999704957,0.26849999267142266,0.000300002284348011,21.229499994660728,27.43390000250656,0
245,d_validation_1920_1080_daylight_2,6.528999991132878,22.344400000292808,0.5164000031072646,0.2815000043483451,23.142300007748418,29.671299998881295,2
246,d_validation_1920_1080_daylight_2,7.3376999935135245,18.379100001766346,0.5723999929614365,0.411900007748045,19.363400002475828,26.701099995989352,4
247,d_validation_1920_1080_daylight_2,7.473599995137192,16.62209999631159,0.9035000111907721,0.4197999951429665,17.94540000264533,25.41899999778252,4
248,d_validation_1920_1080_daylight_2,7.269399997312576,22.446100003435276,0.6917999999132007,0.4056000034324825,23.54350000678096,30.812900004093535,4
249,d_validation_1920_1080_daylight_2,6.6002000094158575,21.802999995998107,0.9276999917346984,0.3947000077459961,23.1253999954788,29.72560000489466,4
250,d_validation_1920_1080_daylight_2,7.348899991484359,17.174499997054227,0.7146999996621162,0.41590000910218805,18.30510000581853,25.65399999730289,4
251,d_validation_1920_1080_daylight_2,7.16209999518469,17.16600000509061,0.6957999867154285,0.5328000115696341,18.394600003375672,25.55669999856036,4
252,d_validation_1920_1080_daylight_2,6.445199993322603,22.12530000542756,0.9446000040043145,0.8421999955317006,23.912100004963577,30.35729999828618,10
253,d_validation_1920_1080_daylight_2,7.22870000754483,17.766999997547828,0.9851999930106103,0.3176000027451664,19.069799993303604,26.298500000848435,2
254,d_validation_1920_1080_daylight_2,7.00130000768695,17.578899991349317,0.458399998024106,0.001200009137392044,18.038499998510815,25.039800006197765,0
255,d_validation_1920_1080_daylight_2,6.3701000035507604,18.949999997857958,0.3848000051220879,0.00039998849388211966,19.335199991473928,25.70529999502469,0
256,d_validation_1920_1080_daylight_2,5.891900000278838,14.921699999831617,0.3758000093512237,0.00029998773243278265,15.297799996915273,21.18969999719411,0
257,d_validation_1920_1080_daylight_2,6.251899991184473,23.382300001685508,1.0167000000365078,0.39090000791475177,24.789900009636767,31.04180000082124,3
258,d_validation_1920_1080_daylight_2,7.0331000024452806,17.863800007035024,0.3974999999627471,0.0014999968698248267,18.262800003867596,25.295900006312877,0
259,d_validation_1920_1080_daylight_2,6.512899999506772,23.2077999971807,0.3792000061366707,0.000300002284348011,23.58730000560172,30.10020000510849,0
260,d_validation_1920_1080_daylight_2,5.712900005164556,21.549699988099746,0.7364000048255548,0.1903000083984807,22.476400001323782,28.189300006488338,1
261,d_validation_1920_1080_daylight_2,6.632899996475317,22.661800001515076,0.5417000065790489,0.0006999907782301307,23.204199998872355,29.83709999534767,0
262,d_validation_1920_1080_daylight_2,6.3452000031247735,22.58570000412874,0.39230000402312726,0.00029998773243278265,22.9782999958843,29.323499999009073,0
263,d_validation_1920_1080_daylight_2,6.141599995316938,21.953399991616607,0.979500007815659,0.20179999410174787,23.134699993534014,29.27629998885095,1
264,d_validation_1920_1080_daylight_2,6.7306999990250915,17.722499993396923,0.36099999852012843,0.00100000761449337,18.084499999531545,24.815199998556636,0
265,d_validation_1920_1080_daylight_2,5.937399997492321,21.12420000776183,0.49199999193660915,0.000400003045797348,21.616600002744235,27.554000000236556,0
266,d_validation_1920_1080_daylight_2,6.426899999496527,23.177800001576543,0.5009000014979392,0.000300002284348011,23.67900000535883,30.105900004855357,0
267,d_validation_1920_1080_daylight_2,6.537700013723224,21.98409999255091,0.49409999337513,0.000300002284348011,22.478499988210388,29.016200001933612,0
268,d_validation_1920_1080_daylight_2,6.8718999973498285,21.303800007444806,0.35119999665766954,0.000500003807246685,21.655500007909723,28.52740000525955,0
269,d_validation_1920_1080_daylight_2,6.172699999297038,21.792600004118867,0.6626999966101721,0.18990000535268337,22.645200006081723,28.81790000537876,1
270,d_validation_1920_1080_daylight_2,7.470699987607077,22.166700000525452,0.41620001138653606,0.0006999907782301307,22.58360000269022,30.054299990297295,0
271,d_validation_1920_1080_daylight_2,6.311100005405024,19.754599998123012,0.8726999949431047,0.21270000434014946,20.839999997406267,27.15110000281129,1
272,d_validation_1920_1080_daylight_2,6.966800006921403,21.33829999365844,0.4318999999668449,0.000800006091594696,21.770999999716878,28.73780000663828,0
273,d_validation_1920_1080_daylight_2,7.275299998582341,22.611699998378754,0.4160999960731715,0.000400003045797348,23.028199997497723,30.303499996080063,0
274,d_validation_1920_1080_daylight_2,7.149999990360811,22.15760000399314,0.4197999951429665,0.000300002284348011,22.577700001420453,29.727699991781265,0
275,d_validation_1920_1080_daylight_2,7.124700001440942,22.933400003239512,0.4133000038564205,0.00039998849388211966,23.347099995589815,30.471799997030757,0
276,d_validation_1920_1080_daylight_2,7.554499999969266,23.000900007900782,0.4241999995429069,0.000300002284348011,23.425400009728037,30.979900009697303,0
277,d_validation_1920_1080_daylight_2,7.0684999955119565,22.633899992797524,0.3930000093532726,0.000300002284348011,23.027200004435144,30.0956999999471,0
278,d_validation_1920_1080_daylight_2,7.280000005266629,22.356800007401034,0.36929998896084726,0.000300002284348011,22.72639999864623,30.00640000391286,0
279,d_validation_1920_1080_daylight_2,7.412799997837283,23.02560000680387,0.370699999621138,0.00039998849388211966,23.39669999491889,30.809499992756173,0
280,d_validation_1920_1080_daylight_2,6.990399997448549,19.980000011855736,0.2792999875964597,0.000500003807246685,20.259800003259443,27.25020000070799,0
281,d_validation_1920_1080_daylight_2,5.69089999771677,21.347999994759448,0.28410000959411263,0.00019998697098344564,21.632299991324544,27.323199989041314,0
282,d_validation_1920_1080_daylight_2,6.302499998128042,14.950700002373196,0.2663000050233677,0.000400003045797348,15.217400010442361,21.519900008570403,0
283,d_validation_1920_1080_daylight_2,6.237100009457208,22.79959998850245,0.305800000205636,0.000400003045797348,23.105799991753884,29.342900001211092,0
284,d_validation_1920_1080_daylight_2,6.93679999676533,21.18569999583997,0.1981000095838681,0.00029998773243278265,21.38409999315627,28.3208999899216,0
285,d_validation_1920_1080_daylight_2,7.24869999976363,21.41000000119675,0.17639998986851424,0.000300002284348011,21.58669999334961,28.835399993113242,0
286,d_validation_1920_1080_daylight_2,6.954600001336075,22.060599992983043,0.31689999741502106,0.19410000822972506,22.57159999862779,29.526199999963865,1
287,d_validation_1920_1080_daylight_2,7.031399989500642,22.202799998922274,0.44350000098347664,0.19780000729952008,22.84410000720527,29.875499996705912,1
288,d_validation_1920_1080_daylight_2,6.98799999372568,22.851100002299063,0.3462000022409484,0.18180000188294798,23.37910000642296,30.36710000014864,1
289,d_validation_1920_1080_daylight_2,6.921699998201802,22.673800005577505,0.424899990321137,0.20470000163186342,23.303399997530505,30.225099995732307,1
290,d_validation_1920_1080_daylight_2,6.3553999934811145,22.59520000370685,0.18649999401532114,0.000800006091594696,22.782500003813766,29.13789999729488,0
291,d_validation_1920_1080_daylight_2,6.127000000560656,17.22489998792298,0.1548000000184402,0.000200001522898674,17.37989998946432,23.506899990024976,0
292,d_validation_1920_1080_daylight_2,5.762499989941716,14.674200006993487,0.14439999358728528,0.000400003045797348,14.81900000362657,20.581499993568286,0
293,d_validation_1920_1080_daylight_2,6.768499995814636,23.18040000682231,0.17349999689031392,0.000300002284348011,23.354200005996972,30.12270000181161,0
294,d_validation_1920_1080_daylight_2,6.779300005291589,18.749299997580238,0.15550000534858555,0.000300002284348011,18.90510000521317,25.68440001050476,0
295,d_validation_1920_1080_daylight_2,5.917699993005954,15.343200007919222,0.30590000096708536,0.22329999774228781,15.872400006628595,21.79009999963455,1
296,d_validation_1920_1080_daylight_2,7.052100001601502,17.10270000330638,0.34440000308677554,0.28360000578686595,17.730700012180023,24.782800013781525,2
297,d_validation_1920_1080_daylight_2,6.657000005361624,18.74610000231769,0.22819999139755964,0.000900006853044033,18.975200000568293,25.632200005929917,0
298,d_validation_1920_1080_daylight_2,5.785700006526895,22.32999999250751,0.338700003339909,0.18790000467561185,22.85660000052303,28.642300007049926,1
299,d_validation_1920_1080_daylight_2,6.446899991715327,21.87749999575317,0.17769999976735562,0.000800006091594696,22.05600000161212,28.502899993327446,0
300,d_validation_1920_1080_daylight_2,6.0683000046992674,15.195799991488457,0.3473999968264252,0.18570000247564167,15.728899990790524,21.79719999548979,1
301,d_validation_1920_1080_daylight_2,6.99470000108704,22.942700001294725,0.3702000103658065,0.1964999974006787,23.50940000906121,30.50410001014825,1
302,d_validation_1920_1080_daylight_2,7.817099991370924,18.93510000081733,0.22470000840257853,0.0008999923011288047,19.160700001521036,26.97779999289196,0
303,d_validation_1920_1080_daylight_2,7.664900011150166,23.179700001492165,0.21079998987261206,0.000300002284348011,23.390799993649125,31.05570000479929,0
304,d_validation_1920_1080_daylight_2,7.666400008019991,21.911000003456138,0.4656999954022467,0.2972999936901033,22.673999992548488,30.34040000056848,2
305,d_validation_1920_1080_daylight_2,7.449499986250885,22.92610000586137,0.2275000006193295,0.0012999953469261527,23.154900001827627,30.604399988078512,0
306,d_validation_1920_1080_daylight_2,7.411400001728907,16.360900001018308,0.3744999994523823,0.18980000459123403,16.925200005061924,24.33660000679083,1
307,d_validation_1920_1080_daylight_2,7.405399999697693,19.441399999777786,0.5935999943176284,0.447600003099069,20.482599997194484,27.887999996892177,4
308,d_validation_1920_1080_daylight_2,6.705899999360554,17.225500007043593,0.6585999944945797,0.36380000528879464,18.247900006826967,24.95380000618752,3
309,d_validation_1920_1080_daylight_2,6.584200003999285,22.547500004293397,0.4000999906565994,0.001400010660290718,22.949000005610287,29.533200009609573,0
310,d_validation_1920_1080_daylight_2,7.057500013615936,22.505299988551997,0.3234000032534823,0.000300002284348011,22.828999994089827,29.886500007705763,0
311,d_validation_1920_1080_daylight_2,7.095299995853566,22.751600001356564,0.5030000029364601,0.3724999987753108,23.627100003068335,30.7223999989219,3
312,d_validation_1920_1080_daylight_2,7.601599994814023,16.96069999889005,0.6083000043872744,0.5136999971000478,18.082700000377372,25.684299995191395,5
313,d_validation_1920_1080_daylight_2,7.866900006774813,18.26009999786038,0.6137000018497929,0.19189999147783965,19.065699991188012,26.932599997962825,1
314,d_validation_1920_1080_daylight_2,7.735000006505288,22.68319998984225,0.808100012363866,0.32310000096913427,23.81440000317525,31.54940000968054,2
315,d_validation_1920_1080_daylight_2,6.7562000040197745,21.712600006139837,0.4999999946448952,0.0010999938240274787,22.21369999460876,28.969899998628534,0
316,d_validation_1920_1080_daylight_2,9.382399992318824,19.681000005220994,0.6030999938957393,0.19249999604653567,20.47659999516327,29.858999987482093,1
317,d_validation_1920_1080_daylight_2,6.759500000043772,17.925199994351715,0.3173000004608184,0.000700005330145359,18.24320000014268,25.00270000018645,0
318,d_validation_1920_1080_daylight_2,5.9225000004516914,21.111599999130704,0.6020000000717118,0.20170000789221376,21.91530000709463,27.83780000754632,1
319,d_validation_1920_1080_daylight_2,7.15539998782333,23.017400002572685,0.41449999844189733,0.000700005330145359,23.432600006344728,30.587999994168058,0
320,d_validation_1920_1080_daylight_2,7.343000004766509,22.697699998388998,0.40439999429509044,0.000300002284348011,23.102399994968437,30.445399999734946,0
321,d_validation_1920_1080_daylight_2,7.077900008880533,22.57869999448303,0.39590000233147293,0.000200001522898674,22.974799998337403,30.052700007217936,0
322,d_validation_1920_1080_daylight_2,6.9235999981174245,22.600700001930818,0.39339999784715474,0.000300002284348011,22.99440000206232,29.918000000179745,0
323,d_validation_1920_1080_daylight_2,7.439000008162111,23.417199990944937,0.3961000038543716,0.000400003045797348,23.813699997845106,31.252700006007217,0
324,d_validation_1920_1080_daylight_2,7.335600006626919,21.146299986867234,0.29570001061074436,0.000300002284348011,21.442299999762326,28.777900006389245,0
325,d_validation_1920_1080_daylight_2,6.699399993522093,22.14010000170674,0.29379999614320695,0.000400003045797348,22.434300000895746,29.13369999441784,0
326,d_validation_1920_1080_daylight_2,6.652800002484582,22.064000004320405,0.2935999946203083,0.000300002284348011,22.35790000122506,29.010700003709644,0
327,d_validation_1920_1080_daylight_2,5.884500002139248,15.118199997232296,0.2840999950421974,0.000300002284348011,15.402599994558841,21.28709999669809,0
328,d_validation_1920_1080_daylight_2,6.52129999070894,15.069300003233366,0.27269999554846436,0.000200001522898674,15.342200000304729,21.86349999101367,0
329,d_validation_1920_1080_daylight_2,6.106999993789941,21.15780000167433,0.7638000097358599,0.20840000070165843,22.13000001211185,28.23700000590179,1
330,d_validation_1920_1080_daylight_2,7.82729999627918,22.79380000254605,0.7070999999996275,0.2010000025620684,23.701900005107746,31.529200001386926,1
331,d_validation_1920_1080_daylight_2,7.487099996069446,22.530400005052797,0.34279999090358615,0.000600004568696022,22.87380000052508,30.360899996594526,0
332,d_validation_1920_1080_daylight_2,6.244600008358248,20.437399987713434,0.3724000125657767,0.00029998773243278265,20.810099988011643,27.05469999636989,0
333,d_validation_1920_1080_daylight_2,7.964800010086037,22.790100003476255,0.5231999966781586,0.27439999394118786,23.5876999940956,31.55250000418164,1
334,d_validation_1920_1080_daylight_2,6.390499998815358,17.597700003534555,0.28739999106619507,0.000500003807246685,17.885599998407997,24.276099997223355,0
335,d_validation_1920_1080_daylight_2,5.754099998739548,14.950200013117865,0.279099986073561,0.000200001522898674,15.229500000714324,20.983599999453872,0
336,d_validation_1920_1080_daylight_2,6.538499990710989,22.623299999395385,0.34189999860245734,0.000300002284348011,22.96550000028219,29.50399999099318,0
337,d_validation_1920_1080_daylight_2,6.261400005314499,22.598499999730848,0.3437999985180795,0.000400003045797348,22.942700001294725,29.204100006609224,0
338,d_validation_1920_1080_daylight_2,6.580000001122244,23.04429998912383,0.338099998771213,0.000300002284348011,23.38269999017939,29.962699991301633,0
339,d_validation_1920_1080_daylight_2,6.270800004131161,15.568500006338581,0.23489999875891954,0.000300002284348011,15.803700007381849,22.07450001151301,0
340,d_validation_1920_1080_daylight_2,5.703899994841777,19.14000000397209,0.2145000034943223,0.000200001522898674,19.35470000898931,25.05860000383109,0
341,d_validation_1920_1080_daylight_2,6.032599994796328,15.702600008808076,0.27779999072663486,0.000400003045797348,15.980800002580509,22.013399997376837,0
342,d_validation_1920_1080_daylight_2,6.395000003976747,23.39689999644179,0.5268999957479537,0.20330000552348793,24.12709999771323,30.522100001689978,1
343,d_validation_1920_1080_daylight_2,6.594199992832728,17.34720000240486,0.20680000307038426,0.000600004568696022,17.55460001004394,24.14880000287667,0
344,d_validation_1920_1080_daylight_2,6.269499994232319,20.453899996937253,0.16220001270994544,0.00029998773243278265,20.61639999737963,26.88589999161195,0
345,d_validation_1920_1080_daylight_2,5.728100004489534,23.373999996692874,0.18560000171419233,0.000300002284348011,23.559900000691414,29.288000005180947,0
346,d_validation_1920_1080_daylight_2,6.534800006193109,21.36689999315422,0.13580000086221844,0.000300002284348011,21.502999996300787,28.037800002493896,0
347,d_validation_1920_1080_daylight_2,5.607300001429394,22.87149999756366,0.16549999418202788,0.000200001522898674,23.037199993268587,28.64449999469798,0
348,d_validation_1920_1080_daylight_2,6.448200001614168,22.992699989117682,0.15669999993406236,0.000400003045797348,23.14979999209754,29.59799999371171,0
349,d_validation_1920_1080_daylight_2,6.321999986539595,23.563100010505877,0.3687999997055158,0.2916999947046861,24.22360000491608,30.545599991455674,2
350,d_validation_1920_1080_daylight_2,6.769700004952028,20.838399999774992,0.44319999869912863,0.29120000544935465,21.572800003923476,28.342500008875504,2
351,d_validation_1920_1080_daylight_2,7.303799997316673,23.07989999826532,0.19099999917671084,0.00100000761449337,23.271900005056523,30.575700002373196,0
352,d_validation_1920_1080_daylight_2,6.575999999768101,20.913000000291504,0.3828999906545505,0.5105000018374994,21.806399992783554,28.382399992551655,5
353,d_validation_1920_1080_daylight_2,7.500399995478801,20.18609999504406,0.5062999989604577,0.20740000763908029,20.899800001643598,28.4001999971224,1
354,d_validation_1920_1080_daylight_2,7.77169999491889,20.708700001705438,0.6703999970341101,0.6453999958466738,22.024499994586222,29.796199989505112,7
355,d_validation_1920_1080_daylight_2,7.216700003482401,21.79739999701269,0.6441000004997477,0.29680000443477184,22.73830000194721,29.95500000542961,2
356,d_validation_1920_1080_daylight_2,7.06720000016503,22.67760000540875,0.8302999922307208,0.5664000054821372,24.074300003121607,31.141500003286637,6
357,d_validation_1920_1080_daylight_2,6.986599997617304,16.898100002435967,0.6642000080319121,0.3529999958118424,17.915300006279722,24.901900003897026,3
358,d_validation_1920_1080_daylight_2,6.613100005779415,23.13539999886416,1.000199990812689,0.6332000048132613,24.76879999449011,31.381900000269525,6
359,d_validation_1920_1080_daylight_2,7.044099998893216,22.355299995979294,1.014599998597987,0.27489999774843454,23.644799992325716,30.688899991218932,2
360,d_validation_1920_1080_daylight_2,6.880799992359243,22.814600000856444,0.7705000025453046,0.3527999942889437,23.937899997690693,30.818699990049936,3
361,d_validation_1920_1080_daylight_2,7.54729998880066,16.146699999808334,0.789099998655729,0.4191000043647364,17.3549000028288,24.90219999162946,4
362,d_validation_1920_1080_daylight_2,7.38279998768121,22.894699999596924,1.5171999984886497,0.545700007933192,24.957600006018765,32.340399993699975,5
363,d_validation_1920_1080_daylight_2,7.809999995515682,16.116600003442727,1.0118999925907701,0.5480999971041456,17.676599993137643,25.486599988653325,6
364,d_validation_1920_1080_daylight_2,7.917199996882118,23.199999995995313,1.4229000080376863,0.4896999889751896,25.11259999300819,33.02979998989031,5
365,d_validation_1920_1080_daylight_2,8.280499998363666,23.617200000444427,1.2373999925330281,0.47840000479482114,25.332999997772276,33.61349999613594,5
366,d_validation_1920_1080_daylight_2,6.80580000334885,22.062599993660115,0.6102000043028966,0.0016999983927235007,22.674499996355735,29.480299999704584,0
367,d_validation_1920_1080_daylight_2,6.64649999816902,23.287800009711646,0.5681999900843948,0.000600004568696022,23.856600004364736,30.503100002533756,0
368,d_validation_1920_1080_daylight_2,6.233599997358397,22.554099996341392,1.1511000047903508,0.42149999353569,24.126699994667433,30.36029999202583,4
369,d_validation_1920_1080_daylight_2,7.264300002134405,22.354699991410598,0.4420000041136518,0.0013999961083754897,22.798099991632625,30.06239999376703,0
370,d_validation_1920_1080_daylight_2,6.63160000112839,23.799200003850274,0.60299999313429,0.000300002284348011,24.402499999268912,31.034100000397302,0
371,d_validation_1920_1080_daylight_2,7.248500012792647,22.691699996357784,0.610699993558228,0.000600004568696022,23.302999994484708,30.551500007277355,0
372,d_validation_1920_1080_daylight_2,7.264200001372956,18.9059999975143,0.8594000100856647,0.18370000179857016,19.949100009398535,27.21330001077149,1
373,d_validation_1920_1080_daylight_2,6.7740999948000535,20.266999999876134,0.6901000015204772,0.000900006853044033,20.958000008249655,27.73210000304971,0
374,d_validation_1920_1080_daylight_2,7.340399999520741,15.16059999994468,0.8947999886004254,0.29830000130459666,16.3536999898497,23.694099989370443,2
375,d_validation_1920_1080_daylight_2,6.915300007676706,23.088699992513284,0.6395000091288239,0.0013999961083754897,23.729599997750483,30.64490000542719,0
376,d_validation_1920_1080_daylight_2,6.809400001657195,23.13430000504013,0.6235000037122518,0.00039998849388211966,23.758199997246265,30.56759999890346,0
377,d_validation_1920_1080_daylight_2,7.020999997621402,22.666500008199364,0.6271000020205975,0.00029998773243278265,23.293899997952394,30.314899995573796,0
378,d_validation_1920_1080_daylight_2,6.901000000652857,23.401399987051263,1.1744000075850636,0.20399999630171806,24.779799990938045,31.680799991590902,1
379,d_validation_1920_1080_daylight_2,6.828999990830198,20.75570001034066,0.8312999998452142,0.0008999923011288047,21.587900002487004,28.4168999933172,0
380,d_validation_1920_1080_daylight_2,6.8738999980269,23.599300009664148,0.6439999997382984,0.000300002284348011,24.243600011686794,31.117500009713694,0
381,d_validation_1920_1080_daylight_2,6.5239000105066225,23.7693999952171,0.6270000012591481,0.000500003807246685,24.396900000283495,30.920800010790117,0
382,d_validation_1920_1080_daylight_2,9.09640001191292,21.73739999125246,0.60450000455603,0.000300002284348011,22.342199998092838,31.438600010005757,0
383,d_validation_1920_1080_daylight_2,9.28379999822937,22.98910000536125,1.1541999992914498,0.2930999908130616,24.436399995465763,33.72019999369513,2
384,d_validation_1920_1080_daylight_2,9.241799998562783,21.49509999435395,1.112400001147762,0.21949999791104347,22.826999993412755,32.06879999197554,1
385,d_validation_1920_1080_daylight_2,9.249199996702373,22.37320000131149,0.8431000023847446,0.2831999881891534,23.499499991885386,32.74869998858776,2
386,d_validation_1920_1080_daylight_2,9.307700005592778,16.144499997608364,0.8221000025514513,0.2764999953797087,17.243099995539524,26.550800001132302,2
387,d_validation_1920_1080_daylight_2,9.672000000136904,21.194000000832602,0.8208000072045252,0.43569999979808927,22.450500007835217,32.12250000797212,4
388,d_validation_1920_1080_daylight_2,8.94739999785088,23.327500006416813,1.0449999972479418,0.39909999759402126,24.771600001258776,33.718999999109656,3
389,d_validation_1920_1080_daylight_2,9.00309999997262,19.73559999896679,0.942600003327243,0.20719999156426638,20.8853999938583,29.88849999383092,1
390,d_validation_1920_1080_daylight_2,9.09469999896828,22.587499988730997,0.5357000045478344,0.000700005330145359,23.123899998608977,32.21859999757726,0
391,d_validation_1920_1080_daylight_2,8.630600001197308,16.33399999991525,0.8381999941775575,0.20460000087041408,17.37679999496322,26.00739999616053,1
392,d_validation_1920_1080_daylight_2,9.023100006743334,22.693899998557754,0.49249999574385583,0.000700005330145359,23.187099999631755,32.21020000637509,0
393,d_validation_1920_1080_daylight_2,9.219800005666912,20.152600001893006,0.31429999216925353,0.000400003045797348,20.467299997108057,29.68710000277497,0
394,d_validation_1920_1080_daylight_2,8.080300001893193,22.531800001161173,0.5935000081080943,0.19069999689236283,23.31600000616163,31.396300008054823,1
395,d_validation_1920_1080_daylight_2,8.786999998847023,22.94760000950191,0.8671999967191368,0.3544999926816672,24.169299998902716,32.95629999774974,3
396,d_validation_1920_1080_daylight_2,8.630500000435859,22.30129999225028,0.8204000041587278,0.1984999980777502,23.320199994486757,31.950699994922616,1
397,d_validation_1920_1080_daylight_2,8.941200008848682,22.2071999887703,0.5976000102236867,0.1846999948611483,22.989499993855134,31.930700002703816,1
398,d_validation_1920_1080_daylight_2,8.437600001343526,21.021299995481968,0.3728000010596588,0.000600004568696022,21.394700001110323,29.83230000245385,0
399,d_validation_1920_1080_daylight_2,7.750500008114614,22.36119999724906,0.7061999931465834,0.47559999802615494,23.542999988421798,31.29349999653641,5
400,d_validation_1920_1080_daylight_2,9.232199998223223,22.279899989371188,0.9424000018043444,0.43510000978130847,23.65740000095684,32.889599999180064,4
401,d_validation_1920_1080_daylight_2,8.26729999971576,22.289100001216866,0.42860000394284725,0.0015999976312741637,22.719300002790987,30.986600002506748,0
402,d_validation_1920_1080_daylight_2,7.732199999736622,22.69829998840578,0.6742000114172697,0.34610000147949904,23.718600001302548,31.45080000103917,3
403,d_validation_1920_1080_daylight_2,8.652000004076399,21.102799990330823,0.7681999995838851,0.2826999989338219,22.15369998884853,30.80569999292493,2
404,d_validation_1920_1080_daylight_2,8.0790999927558,18.3277000032831,1.0526999976718798,0.3225999971618876,19.702999998116866,27.782099990872666,2
405,d_validation_1920_1080_daylight_2,8.782500008237548,22.411599988117814,1.077300010365434,0.29399999766610563,23.782899996149354,32.5654000043869,2
406,d_validation_1920_1080_daylight_2,8.269999991171062,22.43579999776557,1.1307000095257536,0.4628000024240464,24.02930000971537,32.29930000088643,4
407,d_validation_1920_1080_daylight_2,8.836799999698997,22.289699991233647,1.217900004121475,0.6190999993123114,24.126699994667433,32.96349999436643,6
408,d_validation_1920_1080_daylight_2,8.972999989055097,22.448100004112348,0.6157000025268644,0.0025000044843181968,23.06630001112353,32.03930000017863,0
409,d_validation_1920_1080_daylight_2,8.626599999843165,24.10300000337884,1.1795999889727682,0.2869000018108636,25.56949999416247,34.196099994005635,2
410,d_validation_1920_1080_daylight_2,8.765299993683584,19.243599992478266,0.9427000040886924,0.40070000977721065,20.58700000634417,29.352300000027753,4
411,d_validation_1920_1080_daylight_2,8.574299994506873,17.73200000752695,0.9539999882690609,0.1888000115286559,18.874800007324666,27.44910000183154,1
412,d_validation_1920_1080_daylight_2,8.520299990777858,23.17149999726098,1.348999998299405,0.3576000017346814,24.878099997295067,33.398399988072924,3
413,d_validation_1920_1080_daylight_2,8.825500000966713,21.960099998977967,1.3953000016044825,0.31210000452119857,23.667500005103648,32.49300000607036,2
414,d_validation_1920_1080_daylight_2,9.23260000126902,22.151600001961924,1.0971000010613352,0.6350000039674342,23.883700006990694,33.116300008259714,7
415,d_validation_1920_1080_daylight_2,9.04830000945367,15.931899994029664,1.0784000041894615,0.18590000399854034,17.196200002217665,26.244500011671335,1
416,d_validation_1920_1080_daylight_2,9.199500011163764,21.029799987445585,1.524600011180155,0.35999999090563506,22.914399989531375,32.11390000069514,3
417,d_validation_1920_1080_daylight_2,9.347300001536496,23.69600000383798,0.8856999920681119,0.0013999961083754897,24.583099992014468,33.930399993550964,0
418,d_validation_1920_1080_daylight_2,8.754800001042895,15.328599998611026,0.5447000003186986,0.000300002284348011,15.873600001214072,24.628400002256967,0
419,d_validation_1920_1080_daylight_2,8.585599993239157,21.708400003262796,0.7257999968715012,0.000300002284348011,22.434500002418645,31.0200999956578,0
420,d_validation_1920_1080_daylight_2,9.70890000462532,23.44809999340214,0.6964000058360398,0.00039998849388211966,24.14489998773206,33.85379999235738,0
421,d_validation_1920_1080_daylight_2,9.217099999659695,21.06310000817757,0.9579000034136698,0.2738999901339412,22.294900001725182,31.512000001384877,2
422,d_validation_1920_1080_daylight_2,7.498499995563179,21.55309999943711,1.4783999940846115,0.589100003708154,23.620599997229874,31.119099992793053,6
423,d_validation_1920_1080_daylight_2,8.307099997182377,22.30060000147205,1.486499997554347,0.21569999807979912,24.002799997106194,32.30989999428857,1
424,d_validation_1920_1080_daylight_2,8.924899986595847,22.49060000758618,1.5332000039052218,0.47790000098757446,24.501700012478977,33.426599999074824,4
425,d_validation_1920_1080_daylight_2,8.884800001396798,22.553799994057044,1.5574999997625127,0.42949999624397606,24.540799990063533,33.42559999146033,4
426,d_validation_1920_1080_daylight_2,9.110300001339056,22.4506999948062,1.5779999957885593,0.20120000408496708,24.229899994679727,33.34019999601878,1
427,d_validation_1920_1080_daylight_2,9.062099998118356,22.12330000475049,0.5945000011706725,0.0006999907782301307,22.718499996699393,31.78059999481775,0
428,d_validation_1920_1080_daylight_2,8.162599988281727,22.50120000098832,1.1067000014008954,0.34720000985544175,23.955100012244657,32.11770000052638,3
429,d_validation_1920_1080_daylight_2,9.203900001011789,22.29809999698773,1.1510000040289015,0.2789999998640269,23.72810000088066,32.93200000189245,2
430,d_validation_1920_1080_daylight_2,7.932499996968545,22.631900006672367,1.599099996383302,0.2717000024858862,24.502700005541556,32.4352000025101,2
431,d_validation_1920_1080_daylight_2,9.016800002427772,22.387399993021972,1.5610000118613243,0.4377000004751608,24.386100005358458,33.40290000778623,4
432,d_validation_1920_1080_daylight_2,8.736100004171021,16.534199996385723,0.5803999956697226,0.0014999968698248267,17.11609998892527,25.852199993096292,0
433,d_validation_1920_1080_daylight_2,7.471200005966239,15.420600000652485,1.0685999877750874,0.18570000247564167,16.674899990903214,24.146099996869452,1
434,d_validation_1920_1080_daylight_2,8.284700001240708,22.023300000000745,1.1384999961592257,0.47709999489597976,23.63889999105595,31.92359999229666,5
435,d_validation_1920_1080_daylight_2,8.275100000901148,23.08189999894239,0.8188000065274537,0.0018999999156221747,23.902600005385466,32.177700006286614,0
436,d_validation_1920_1080_daylight_2,8.789200001046993,22.899699994013645,0.8164000028045848,0.000300002284348011,23.716399999102578,32.50560000014957,0
437,d_validation_1920_1080_daylight_2,9.17699999990873,22.42929999192711,1.5098000003490597,0.4707000043708831,24.409799996647052,33.58679999655578,4
438,d_validation_1920_1080_daylight_2,8.199500007322058,21.648199995979667,0.6276000058278441,0.0013999961083754897,22.277199997915886,30.476700005237944,0
439,d_validation_1920_1080_daylight_2,8.727699998416938,22.649600010481663,0.7182999979704618,0.000300002284348011,23.368200010736473,32.09590000915341,0
440,d_validation_1920_1080_daylight_2,8.981099992524832,22.33840001281351,1.4673999976366758,0.414399997680448,24.220200008130632,33.201300000655465,3
441,d_validation_1920_1080_daylight_2,8.922700013499707,22.337999995215796,0.8304999937536195,0.001300009898841381,23.169799998868257,32.092500012367964,0
442,d_validation_1920_1080_daylight_2,8.297299995319918,21.410300003481098,0.989699998172,0.4101000085938722,22.81010001024697,31.107400005566888,4
443,d_validation_1920_1080_daylight_2,8.407799992710352,23.097299999790266,1.0892999998759478,0.1905999961309135,24.377199995797127,32.78499998850748,1
444,d_validation_1920_1080_daylight_2,8.870100005879067,21.542799993767403,0.9659000061219558,0.1863999932538718,22.69509999314323,31.565199999022298,1
445,d_validation_1920_1080_daylight_2,10.310000012395903,21.082699997350574,0.5010000022593886,0.0007999915396794677,21.58449999114964,31.894500003545545,0
446,d_validation_1920_1080_daylight_2,10.22009999724105,21.636100005707704,1.177699989057146,0.20930000755470246,23.023100002319552,33.2431999995606,1
447,d_validation_1920_1080_daylight_2,10.723400002461858,23.042000000714324,1.2089999945601448,0.2049000031547621,24.45589999842923,35.17930000089109,1
448,d_validation_1920_1080_daylight_2,10.956500002066605,16.172200004803017,0.4884999943897128,0.000600004568696022,16.661300003761426,27.61780000582803,0
449,d_validation_1920_1080_daylight_2,8.042500005103648,21.40769999823533,1.172100004623644,0.2891999902203679,22.868999993079342,30.91149999818299,2
450,d_validation_1920_1080_daylight_2,8.532000007107854,22.512399998959154,1.2294000043766573,0.4157999937888235,24.157599997124635,32.68960000423249,3
451,d_validation_1920_1080_daylight_2,9.330700006103143,16.84189999650698,1.0042000067187473,0.5536999960895628,18.39979999931529,27.730500005418435,6
452,d_validation_1920_1080_daylight_2,9.38819999282714,18.677400003070943,1.4072000049054623,0.311999989207834,20.39659999718424,29.78479999001138,2
453,d_validation_1920_1080_daylight_2,8.699799989699386,18.438300001434982,0.9980000031646341,0.265199996647425,19.70150000124704,28.401299990946427,2
454,d_validation_1920_1080_daylight_2,9.715599997434765,16.688999996404164,0.9380000119563192,0.2680999896256253,17.895099997986108,27.610699995420873,2
455,d_validation_1920_1080_daylight_2,9.952499996870756,22.906099999090657,1.6368000069633126,1.0596999927656725,25.60259999881964,35.5550999956904,13
456,d_validation_1920_1080_daylight_2,9.254500007955357,20.77629999257624,1.6059000045061111,0.5289999971864745,22.911199994268827,32.165700002224185,5
457,d_validation_1920_1080_daylight_2,9.301199999754317,21.563699992839247,1.2912000092910603,0.7007999956840649,23.555699997814372,32.85689999756869,8
458,d_validation_1920_1080_daylight_2,8.966900000814348,21.434300011605956,2.0572999928845093,0.6559000030392781,24.147500007529743,33.11440000834409,7
459,d_validation_1920_1080_daylight_2,8.922499997424893,16.881300005479716,1.3465999945765361,0.6384000007528812,18.866300000809133,27.788799998234026,7
460,d_validation_1920_1080_daylight_2,8.994399991934188,19.804299998213537,1.2783000129275024,0.8304999937536195,21.91310000489466,30.907499996828847,10
461,d_validation_1920_1080_daylight_2,9.016199997859076,22.802899999078363,0.7803000044077635,0.0037999998312443495,23.58700000331737,32.60320000117645,0
462,d_validation_1920_1080_daylight_2,8.583999995607883,22.08999999857042,0.5416000058175996,0.000400003045797348,22.632000007433817,31.2160000030417,0
463,d_validation_1920_1080_daylight_2,8.043900001212023,21.34019999357406,0.5184000037843361,0.000300002284348011,21.858899999642745,29.902800000854768,0
464,d_validation_1920_1080_daylight_2,8.115100004943088,21.0328999964986,1.365600008284673,0.2810000005410984,22.67950000532437,30.79460001026746,2
465,d_validation_1920_1080_daylight_2,10.221999997156672,16.33179999771528,1.0819000017363578,0.5987000040477142,18.01240000349935,28.234400000656024,5
466,d_validation_1920_1080_daylight_2,8.584700000938028,21.10549999633804,1.554500006022863,0.6634000019403175,23.32340000430122,31.90810000523925,7
467,d_validation_1920_1080_daylight_2,9.831899995333515,23.41399999568239,1.7632000090088695,0.9110999963013455,26.088300000992604,35.92019999632612,10
468,d_validation_1920_1080_daylight_2,8.891999998013489,17.208899997058325,1.6783000028226525,0.2209999947808683,19.108199994661845,28.000199992675334,1
469,d_validation_1920_1080_daylight_2,8.831800005282275,15.38799999980256,1.1455000058049336,0.1832999987527728,16.716800004360266,25.54860000964254,1
470,d_validation_1920_1080_daylight_2,8.730500005185604,16.821600002003834,1.2520000018412247,0.5586999905062839,18.632299994351342,27.362799999536946,6
471,d_validation_1920_1080_daylight_2,10.069900003145449,22.923399999854155,1.3447999954223633,0.7027000101516023,24.97090000542812,35.04080000857357,8
472,d_validation_1920_1080_daylight_2,9.731399986776523,22.191200012457557,1.2885999894933775,0.18610000552143902,23.665900007472374,33.3972999942489,1
473,d_validation_1920_1080_daylight_2,8.992499992018566,17.62800000142306,0.797100001364015,0.000800006091594696,18.42590000887867,27.418400000897236,0
474,d_validation_1920_1080_daylight_2,8.267900004284456,18.71190000383649,0.9621999925002456,0.000300002284348011,19.674399998621084,27.94230000290554,0
475,d_validation_1920_1080_daylight_2,9.109100006753579,17.567799994139932,0.9353000059491023,0.000400003045797348,18.503500003134832,27.61260000988841,0
476,d_validation_1920_1080_daylight_2,9.28070000372827,23.13289999437984,1.7854000034276396,0.37090000114403665,25.289199998951517,34.56990000267979,3
477,d_validation_1920_1080_daylight_2,9.275100004742853,16.82520000031218,1.3813999976264313,0.47729999641887844,18.68389999435749,27.958999999100342,5
478,d_validation_1920_1080_daylight_2,9.286399988923222,16.644000002997927,1.5983000048436224,0.5027000006521121,18.745000008493662,28.031399997416884,5
479,d_validation_1920_1080_daylight_2,9.155299994745292,19.60880000842735,1.5247999981511384,0.42379999649710953,21.5574000030756,30.71269999782089,3
480,d_validation_1920_1080_daylight_2,9.115499997278675,18.47249999991618,1.3922999933129176,0.19040000915993005,20.05520000238903,29.170699999667704,1
481,d_validation_1920_1080_daylight_2,9.213099998305552,21.846799994818866,0.753100001020357,0.000800006091594696,22.600700001930818,31.81380000023637,0
482,d_validation_1920_1080_daylight_2,8.561700000427663,14.506100007565692,1.3402999902609736,0.19580000662244856,16.042200004449114,24.603900004876778,1
483,d_validation_1920_1080_daylight_2,9.011999994982034,22.38930000748951,1.3651999906869605,0.35280000884085894,24.10730000701733,33.11930000199936,3
484,d_validation_1920_1080_daylight_2,8.182599995052442,15.460800001164898,0.717400005669333,0.0015999976312741637,16.179800004465505,24.362399999517947,0
485,d_validation_1920_1080_daylight_2,8.310200006235391,18.31109999329783,0.7118000066839159,0.000500003807246685,19.023400003788993,27.333600010024384,0
486,d_validation_1920_1080_daylight_2,7.208199996966869,19.442799995886162,0.673100003041327,0.000200001522898674,20.116100000450388,27.324299997417256,0
487,d_validation_1920_1080_daylight_2,6.37540000025183,22.52250000310596,0.822600006358698,0.000400003045797348,23.345500012510456,29.720900012762286,0
488,d_validation_1920_1080_daylight_2,8.709099987754598,22.653400010312907,0.8264999923994765,0.000400003045797348,23.48030000575818,32.18939999351278,0
489,d_validation_1920_1080_daylight_2,9.218200008035637,22.81829999992624,1.6035000007832423,0.3728000010596588,24.79460000176914,34.01280000980478,3
490,d_validation_1920_1080_daylight_2,8.828500009258278,21.25730000261683,0.97339999047108,0.0013999961083754897,22.232099989196286,31.060599998454563,0
491,d_validation_1920_1080_daylight_2,9.992299994337372,21.157399998628534,1.5591999981552362,0.2049000031547621,22.921499999938533,32.913799994275905,1
492,d_validation_1920_1080_daylight_2,9.28080000448972,17.130699998233467,1.1206999915884808,0.46890000521671027,18.72029999503866,28.00109999952838,5
493,d_validation_1920_1080_daylight_2,9.136799999396317,17.94099999824539,1.2757000076817349,0.3878999996231869,19.60460000555031,28.741400004946627,5
494,d_validation_1920_1080_daylight_2,9.677699999883771,16.588700003921986,1.2090999953215942,0.440200004959479,18.23800000420306,27.91570000408683,6
495,d_validation_1920_1080_daylight_2,9.425399999599904,16.528400010429323,1.2712999887298793,0.4411999980220571,18.24089999718126,27.666299996781163,6
496,d_validation_1920_1080_daylight_2,10.632500008796342,21.431699991808273,1.7687000072328374,0.46779999684076756,23.668199995881878,34.30070000467822,4
497,d_validation_1920_1080_daylight_2,10.683899992727675,22.551100002601743,1.829800006817095,0.5832999886479229,24.96419999806676,35.648099990794435,6
498,d_validation_1920_1080_daylight_2,11.028799999621697,16.610599996056408,1.327100006164983,0.5445999995572492,18.48230000177864,29.511100001400337,6
499,d_validation_1920_1080_daylight_2,11.379200004739687,22.552599999471568,1.8020999996224418,0.36750000435858965,24.7222000034526,36.101400008192286,3
500,d_validation_1920_1080_daylight_2,9.672100000898354,15.410399995744228,0.7040000054985285,0.0012999953469261527,16.115699996589683,25.787799997488037,0
501,d_validation_1920_1080_daylight_2,9.91480000084266,21.088099994813092,1.6276999958790839,0.4721000004792586,23.187899991171435,33.102699992014095,4
502,d_validation_1920_1080_daylight_2,10.303200004273094,21.823599992785603,1.1912000045413151,0.34529999538790435,23.360099992714822,33.66329999698792,4
503,d_validation_1920_1080_daylight_2,9.167600001092069,15.378700001747347,1.1150000063935295,0.33769999572541565,16.831400003866293,25.99900000495836,4
504,d_validation_1920_1080_daylight_2,9.768999996595085,15.305900000385009,1.1336000025039539,0.2764999953797087,16.71599999826867,26.484999994863756,2
505,d_validation_1920_1080_daylight_2,10.345500006224029,18.636799999512732,1.2212000001454726,0.5106000025989488,20.368600002257153,30.714100008481182,5
506,d_validation_1920_1080_daylight_2,10.37870001164265,23.23029999388382,1.8463000014889985,0.6655000033788383,25.742099998751655,36.120800010394305,6
507,d_validation_1920_1080_daylight_2,9.954699999070726,21.87709999270737,1.3703000004170462,0.43060000461991876,23.677999997744337,33.63269999681506,4
508,d_validation_1920_1080_daylight_2,10.001899994676933,21.75349999743048,1.9358999998075888,0.4318999999668449,24.121299997204915,34.12319999188185,4
509,d_validation_1920_1080_daylight_2,9.965699995518662,15.380700002424419,2.0828999986406416,0.4304000030970201,17.89400000416208,27.859699999680743,4
510,d_validation_1920_1080_daylight_2,9.828800000832416,21.631800002069212,1.8683999951463193,0.36920000275131315,23.869399999966845,33.69820000079926,3
511,d_validation_1920_1080_daylight_2,9.985800003050826,21.485099990968592,1.29420000303071,0.3510000096866861,23.13030000368599,33.116100006736815,3
512,d_validation_1920_1080_daylight_2,9.747300005983561,15.5910000030417,0.6486999918706715,0.0014999968698248267,16.241199991782196,25.988499997765757,0
513,d_validation_1920_1080_daylight_2,8.483100013108924,21.087399989482947,1.2509000080171973,0.4309999931138009,22.769299990613945,31.25240000372287,4
514,d_validation_1920_1080_daylight_2,8.780899996054359,21.817300003021955,0.7399999885819852,0.001400010660290718,22.55870000226423,31.33959999831859,0
515,d_validation_1920_1080_daylight_2,8.974299998953938,21.262399997795,1.2092999968444929,0.2834000042639673,22.75509999890346,31.7293999978574,2
516,d_validation_1920_1080_daylight_2,10.166399995796382,22.70130001124926,1.7788999975891784,0.44249999336898327,24.92270000220742,35.0890999980038,4
517,d_validation_1920_1080_daylight_2,8.460699988063425,18.45329999923706,1.305300000240095,0.40780000563245267,20.166400005109608,28.627099993173033,4
518,d_validation_1920_1080_daylight_2,9.314999988419004,18.777600009343587,2.077500001178123,0.8792000007815659,21.734300011303276,31.04929999972228,9
519,d_validation_1920_1080_daylight_2,8.683899999596179,22.484600005554967,1.4983000000938773,0.35539999953471124,24.338300005183555,33.022200004779734,3
520,d_validation_1920_1080_daylight_2,9.17469999694731,22.604500001762062,2.134099995600991,0.2567000046838075,24.99530000204686,34.16999999899417,1
521,d_validation_1920_1080_daylight_2,9.58600000012666,22.004099999321625,1.4771999994991347,0.27400000544730574,23.755300004268065,33.341300004394725,2
522,d_validation_1920_1080_daylight_2,9.343500001705252,16.66530000511557,1.4761999918846413,0.3125000075669959,18.454000004567206,27.797500006272458,1
523,d_validation_1920_1080_daylight_2,8.71259999985341,21.674000003258698,2.1007000032113865,0.22929999977350235,24.004000006243587,32.716600006096996,1
524,d_validation_1920_1080_daylight_2,9.207499999320135,21.067599998787045,0.7985000120243058,0.0007999915396794677,21.86690000235103,31.074400001671165,0
525,d_validation_1920_1080_daylight_2,8.25759999861475,20.71669998986181,1.4147000038065016,0.2825999981723726,22.413999991840683,30.671599990455434,2
526,d_validation_1920_1080_daylight_2,8.985499996924773,21.94479999889154,1.3621999969473109,0.17040000238921493,23.477399998228066,32.46289999515284,1
527,d_validation_1920_1080_daylight_2,8.875200001057237,21.18690000497736,1.3007999950787053,0.2784999960567802,22.766199996112846,31.641399997170083,2
528,d_validation_1920_1080_daylight_2,9.057699993718415,22.20770000712946,1.4107000024523586,0.6999999895924702,24.31839999917429,33.376099992892705,8
529,d_validation_1920_1080_daylight_2,9.289299996453337,17.130699998233467,1.3806000060867518,0.4048999981023371,18.916200002422556,28.205499998875894,4
530,d_validation_1920_1080_daylight_2,9.306899999501184,20.840199998929165,1.2700000079348683,0.2226999931735918,22.332900000037625,31.63979999953881,1
531,d_validation_1920_1080_daylight_2,8.99339999887161,20.257399999536574,0.6743999983882532,0.000700005330145359,20.932500003254972,29.925900002126582,0
532,d_validation_1920_1080_daylight_2,7.789399998728186,22.737499995855615,0.6806000019423664,0.000300002284348011,23.41840000008233,31.207799998810515,0
533,d_validation_1920_1080_daylight_2,7.674499996937811,20.965899995644577,0.9153999999398366,0.000400003045797348,21.88169999863021,29.556199995568022,0
534,d_validation_1920_1080_daylight_2,9.567799992510118,14.783799997530878,1.256100003956817,0.1984999980777502,16.238399999565445,25.806199992075562,1
535,d_validation_1920_1080_daylight_2,8.473399997456,16.58510000561364,1.2352999910945073,0.44770000386051834,18.268100000568666,26.741499998024665,6
536,d_validation_1920_1080_daylight_2,8.217800001148134,17.51170000352431,1.2066999915987253,0.35149999894201756,19.069899994065054,27.28769999521319,4
537,d_validation_1920_1080_daylight_2,9.260799997719005,19.39190000121016,0.9605999948689714,0.0016999983927235007,20.354199994471855,29.61499999219086,0
538,d_validation_1920_1080_daylight_2,9.152499987976626,19.332100011524744,1.1003999970853329,0.4495000030146912,20.88200001162477,30.034499999601394,3
539,d_validation_1920_1080_daylight_2,9.092799999052659,15.922299993690103,1.6373999969800934,0.4793999978573993,18.039099988527596,27.131899987580255,5
540,d_validation_1920_1080_daylight_2,8.408300011069514,22.478200000477955,0.9266999986721203,0.0017999991541728377,23.406699998304248,31.81500000937376,0
541,d_validation_1920_1080_daylight_2,8.09540000045672,24.101400005747564,1.5884999884292483,0.367900007404387,26.0578000015812,34.15320000203792,3
542,d_validation_1920_1080_daylight_2,9.442599999601953,23.35069999389816,1.5779000095790252,0.2997999981744215,25.228400001651607,34.67100000125356,2
543,d_validation_1920_1080_daylight_2,9.556399993016385,21.64610000909306,0.8329999982379377,0.004999994416721165,22.48410000174772,32.040499994764104,0
544,d_validation_1920_1080_daylight_2,8.56880001083482,20.888699989882298,0.8385000110138208,0.0004999892553314567,21.72769999015145,30.29650000098627,0
545,d_validation_1920_1080_daylight_2,8.116800003335811,22.482400003354996,1.6020999901229516,0.3243000101065263,24.408800003584474,32.525600006920286,2
546,d_validation_1920_1080_daylight_2,8.975999997346662,22.894199995789677,1.6384000045945868,0.5597999988822266,25.09239999926649,34.06839999661315,5
547,d_validation_1920_1080_daylight_2,8.747200001380406,22.38349999242928,0.6759000098099932,0.0017999991541728377,23.061200001393445,31.80840000277385,0
548,d_validation_1920_1080_daylight_2,7.9203000059351325,20.787499990547076,1.0468000109540299,0.18939998699352145,22.023699988494627,29.94399999442976,1
549,d_validation_1920_1080_daylight_2,8.741599987843074,21.9372999999905,0.7843000057619065,0.000900006853044033,22.72250001260545,31.464100000448525,0
550,d_validation_1920_1080_daylight_2,8.285100004286505,22.91949999926146,0.49619999481365085,0.000200001522898674,23.41589999559801,31.700999999884516,0
551,d_validation_1920_1080_daylight_2,7.333000001381151,21.029699986684136,0.47140000970102847,0.000400003045797348,21.501499999430962,28.834500000812113,0
552,d_validation_1920_1080_daylight_2,7.126700002118014,20.843099991907366,0.4641000123228878,0.00029998773243278265,21.307499991962686,28.4341999940807,0
553,d_validation_1920_1080_daylight_2,7.159300002967939,20.669299992732704,1.1240000021643937,0.1973000034922734,21.99059999838937,29.14990000135731,1
554,d_validation_1920_1080_daylight_2,8.406699998886324,21.62920001137536,0.8981999999377877,0.2803999959724024,22.80780000728555,31.214500006171875,2
555,d_validation_1920_1080_daylight_2,8.301300011225976,21.98309999948833,1.0055999882752076,0.6290000019362196,23.61769998969976,31.919000000925735,7
556,d_validation_1920_1080_daylight_2,7.702000002609566,21.65499998955056,1.5607000095769763,0.28979999478906393,23.5054999939166,31.207499996526167,2
557,d_validation_1920_1080_daylight_2,7.932799999252893,21.391799993580207,0.9630999993532896,0.27970000519417226,22.63459999812767,30.567399997380562,2
558,d_validation_1920_1080_daylight_2,7.902900004410185,22.10950000153389,0.5902999982936308,0.0008999923011288047,22.700699992128648,30.603599996538833,0
559,d_validation_1920_1080_daylight_2,6.62269999156706,20.758400001795962,0.7513000018661842,0.000600004568696022,21.510300008230843,28.132999999797903,0
560,d_validation_1920_1080_daylight_2,6.7636000021593645,22.654300002614036,0.6117999873822555,0.000500003807246685,23.26659999380354,30.030199995962903,0
561,d_validation_1920_1080_daylight_2,7.8551000042352825,22.83980000356678,0.977999996393919,0.19210000755265355,24.00990000751335,31.865000011748634,1
562,d_validation_1920_1080_daylight_2,8.102499996311963,21.841599998879246,0.43080000614281744,0.0008999923011288047,22.273299997323193,30.375799993635155,0
563,d_validation_1920_1080_daylight_2,6.600600012461655,20.887199993012473,0.4165999998804182,0.000400003045797348,21.30419999593869,27.904800008400343,0
564,d_validation_1920_1080_daylight_2,6.78429999970831,21.347400004742667,0.8009999874047935,0.22270000772550702,22.371099999872968,29.155399999581277,1
565,d_validation_1920_1080_daylight_2,7.569399997009896,22.286000006715767,0.4259999986970797,0.0006999907782301307,22.712699996191077,30.282099993200973,0
566,d_validation_1920_1080_daylight_2,7.021599987638183,20.74820001143962,0.4175999929429963,0.000300002284348011,21.166100006666966,28.18769999430515,0
567,d_validation_1920_1080_daylight_2,6.554899999173358,20.9677999955602,0.7539000071119517,0.3036999987671152,22.025400001439266,28.580300000612624,2
568,d_validation_1920_1080_daylight_2,7.535699987784028,22.980900001130067,0.6043000030331314,0.001200009137392044,23.58640001330059,31.12210000108462,0
569,d_validation_1920_1080_daylight_2,7.886099992902018,20.39800000784453,0.7311999943340197,0.36619999445974827,21.495399996638298,29.381499989540316,2
570,d_validation_1920_1080_daylight_2,8.295999999972992,22.970600010012276,0.497499990160577,0.001100008375942707,23.469200008548796,31.765200008521788,0
571,d_validation_1920_1080_daylight_2,7.515200006309897,22.58869999786839,0.43759999971371144,0.000400003045797348,23.026700000627898,30.541900006937794,0
572,d_validation_1920_1080_daylight_2,6.414600007701665,23.445700004231185,0.44720000005327165,0.00039998849388211966,23.89329999277834,30.307900000480004,0
573,d_validation_1920_1080_daylight_2,6.372799995006062,15.054799994686618,0.3164000081596896,0.000400003045797348,15.371600005892105,21.744400000898167,0
574,d_validation_1920_1080_daylight_2,6.330599993816577,18.91280000563711,0.298400002066046,0.00029998773243278265,19.211499995435588,25.542099989252165,0
575,d_validation_1920_1080_daylight_2,5.775600002380088,21.991400004480965,0.39000000106170774,0.000300002284348011,22.38170000782702,28.15730001020711,0
576,d_validation_1920_1080_daylight_2,6.221599993295968,22.740100001101382,0.3935999993700534,0.000400003045797348,23.134100003517233,29.3556999968132,0
577,d_validation_1920_1080_daylight_2,6.37240000651218,22.994900005869567,0.3307999868411571,0.000200001522898674,23.325899994233623,29.698300000745803,0
578,d_validation_1920_1080_daylight_2,6.407900000340305,15.687500010244548,0.49249999574385583,0.17610000213608146,16.356100008124486,22.76400000846479,1
579,d_validation_1920_1080_daylight_2,6.071799987694249,22.496700010378845,0.3349999897181988,0.000800006091594696,22.83250000618864,28.904299993882887,0
580,d_validation_1920_1080_daylight_2,6.530800004838966,16.656200008583255,0.3226999979233369,0.00039998849388211966,16.979299995000474,23.51009999983944,0
581,d_validation_1920_1080_daylight_2,6.281099995248951,15.557799997623079,0.24870000197552145,0.000400003045797348,15.806900002644397,22.08799999789335,0
582,d_validation_1920_1080_daylight_2,5.629999999655411,20.993300000554882,0.32210000790655613,0.00039998849388211966,21.31579999695532,26.94579999661073,0
583,d_validation_1920_1080_daylight_2,6.499600000097416,21.82770000945311,0.3218999918317422,0.000400003045797348,22.15000000433065,28.649600004428066,0
584,d_validation_1920_1080_daylight_2,5.8976000000257045,22.477100006653927,0.2573999954620376,0.000400003045797348,22.734900005161762,28.632500005187467,0
585,d_validation_1920_1080_daylight_2,5.578099997364916,21.240600006422028,0.2539999986765906,0.000300002284348011,21.494900007382967,27.073000004747882,0
586,d_validation_1920_1080_daylight_2,5.928700004005805,22.480799991171807,0.22850000823382288,0.000300002284348011,22.709600001689978,28.638300005695783,0
587,d_validation_1920_1080_daylight_2,6.389399990439415,23.041300009936094,0.2263999922433868,0.000300002284348011,23.26800000446383,29.657399994903244,0
588,d_validation_1920_1080_daylight_2,7.694600004469976,20.577599992975593,0.3567000094335526,0.2852999896276742,21.21959999203682,28.914199996506795,2
589,d_validation_1920_1080_daylight_2,7.824900007108226,21.73299998685252,0.16390001110266894,0.0010999938240274787,21.897999991779216,29.722899998887442,0
590,d_validation_1920_1080_daylight_2,7.133000006433576,15.381899997009896,0.4786000063177198,0.21349999587982893,16.073999999207444,23.20700000564102,1
591,d_validation_1920_1080_daylight_2,7.717200001934543,19.818500004475936,0.24789999588392675,0.000800006091594696,20.067200006451458,27.784400008386,0
592,d_validation_1920_1080_daylight_2,6.647400005022064,22.981100002652965,0.17179999849759042,0.000300002284348011,23.153200003434904,29.800600008456968,0
593,d_validation_1920_1080_daylight_2,6.881599998450838,16.29460000549443,0.2119999990100041,0.000300002284348011,16.506900006788783,23.38850000523962,0
594,d_validation_1920_1080_daylight_2,7.891199988080189,23.322000008192845,0.47449998965021223,0.288200011709705,24.084700009552762,31.97589999763295,2
595,d_validation_1920_1080_daylight_2,7.705700001679361,22.671700004138984,0.2241000038338825,0.0011999945854768157,22.897000002558343,30.602700004237704,0
596,d_validation_1920_1080_daylight_2,7.568300003185868,22.930799997993745,0.45149998913984746,0.2010000025620684,23.58329998969566,31.15159999288153,1
597,d_validation_1920_1080_daylight_2,7.397499997750856,18.614100001286715,0.40499999886378646,0.189200000022538,19.20830000017304,26.605799997923896,1
598,d_validation_1920_1080_daylight_2,7.349799998337403,22.175200007040985,0.23379999038297683,0.000700005330145359,22.409700002754107,29.75950000109151,0
599,d_validation_1920_1080_daylight_2,7.529700000304729,22.836400006781332,0.17610000213608146,0.00039998849388211966,23.012899997411296,30.542599997716025,0
600,d_validation_1920_1080_daylight_2,6.830599988461472,22.654400003375486,0.17169999773614109,0.000300002284348011,22.826400003395975,29.656999991857447,0
601,d_validation_1920_1080_daylight_2,6.040499996743165,22.454599995398894,0.1548000000184402,0.000300002284348011,22.609699997701682,28.650199994444847,0
602,d_validation_1920_1080_daylight_2,6.844599993200973,23.27069999591913,0.48070000775624067,0.567299997783266,24.318700001458637,31.16329999465961,5
603,d_validation_1920_1080_daylight_2,7.300999990548007,22.001100005581975,0.5073999927844852,0.552500001504086,23.060999999870546,30.361999990418553,6
604,d_validation_1920_1080_daylight_2,6.806299992604181,22.478500002762303,0.767599995015189,0.5806999979540706,23.826799995731562,30.633099988335744,6
605,d_validation_1920_1080_daylight_2,7.092899992130697,22.218600002815947,0.3586000093491748,0.0023999891709536314,22.579600001336075,29.672499993466772,0
606,d_validation_1920_1080_daylight_2,6.768899998860434,20.901199997751974,0.5174999969312921,0.18480001017451286,21.60350000485778,28.372400003718212,1
607,d_validation_1920_1080_daylight_2,7.090299986884929,17.4881999992067,0.288500013994053,0.0006999907782301307,17.777400003978983,24.867699990863912,0
608,d_validation_1920_1080_daylight_2,6.333299999823794,21.498300004168414,0.585700006922707,0.43319999531377107,22.51720000640489,28.850500006228685,3
609,d_validation_1920_1080_daylight_2,7.263299994519912,19.670900001074187,0.8364000095752999,0.3074999985983595,20.814800009247847,28.07810000376776,2
610,d_validation_1920_1080_daylight_2,7.477299994206987,22.515500008012168,0.8219000010285527,0.28309998742770404,23.620499996468425,31.097799990675412,2
611,d_validation_1920_1080_daylight_2,7.539800004451536,22.705999988829717,0.7372000109171495,0.24389999452978373,23.68709999427665,31.226899998728186,2
612,d_validation_1920_1080_daylight_2,6.728899999870919,21.275500010233372,1.042899995809421,0.39289999403990805,22.7113000000827,29.44019999995362,3
613,d_validation_1920_1080_daylight_2,6.857200001832098,22.574200003873557,0.9772000048542395,0.2849000011337921,23.83630000986159,30.693500011693686,2
614,d_validation_1920_1080_daylight_2,7.4179000075673684,23.178499992354773,0.9673000022303313,0.27299999783281237,24.418799992417917,31.836699999985285,2
615,d_validation_1920_1080_daylight_2,7.559100005892105,22.51159999286756,0.7125999982235953,0.2710999979171902,23.495299989008345,31.05439999490045,2
616,d_validation_1920_1080_daylight_2,7.332299996051006,17.76810000592377,0.7405999931506813,0.27290001162327826,18.78160001069773,26.113900006748736,2
617,d_validation_1920_1080_daylight_2,7.352899992838502,18.760400009341538,0.7412999984808266,0.2767999976640567,19.77850000548642,27.131399998324923,2
618,d_validation_1920_1080_daylight_2,6.874400001834147,17.27319999190513,0.9400000126333907,0.2994999958900735,18.512700000428595,25.38710000226274,2
619,d_validation_1920_1080_daylight_2,7.453800004441291,18.816700001480058,0.8514999935869128,0.28839999868068844,19.95659999374766,27.41039999818895,2
620,d_validation_1920_1080_daylight_2,6.346599999233149,22.67089999804739,0.4133000038564205,0.0010999938240274787,23.085299995727837,29.431899994960986,0
621,d_validation_1920_1080_daylight_2,6.181199991260655,23.859500011894852,0.8016999927349389,0.22420000459533185,24.885400009225123,31.066600000485778,1
622,d_validation_1920_1080_daylight_2,6.32719999703113,22.874200003570877,0.39770000148564577,0.000700005330145359,23.272600010386668,29.599800007417798,0
623,d_validation_1920_1080_daylight_2,5.397700006142259,15.306799992686138,0.632800001767464,0.3817000106209889,16.32130000507459,21.71900001121685,3
624,d_validation_1920_1080_daylight_2,6.215299988980405,18.524500002968125,0.752499996451661,0.5501999985426664,19.827199997962452,26.042499986942858,6
625,d_validation_1920_1080_daylight_2,6.148500004201196,19.25489999121055,0.7212000055005774,0.2710999979171902,20.247199994628318,26.395699998829514,2
626,d_validation_1920_1080_daylight_2,6.267899996601045,22.325600002659485,0.4989000008208677,0.00100000761449337,22.825500011094846,29.09340000769589,0
627,d_validation_1920_1080_daylight_2,6.330299991532229,16.206900007091463,0.4957000055583194,0.00029998773243278265,16.702900000382215,23.033199991914444,0
628,d_validation_1920_1080_daylight_2,6.797399997594766,21.95449999999255,0.7292999944183975,0.3485000052023679,23.032299999613315,29.82969999720808,3
629,d_validation_1920_1080_daylight_2,6.65830000070855,17.135500005679205,0.7650999905308709,0.4130000015720725,18.31359999778215,24.9718999984907,4
630,d_validation_1920_1080_daylight_2,7.287900007213466,23.00509999622591,1.116700004786253,0.19890000112354755,24.32070000213571,31.608600009349175,1
631,d_validation_1920_1080_daylight_2,6.943700005649589,17.077600001357496,0.41700000292621553,0.0006999907782301307,17.49529999506194,24.43900000071153,0
632,d_validation_1920_1080_daylight_2,5.61089999973774,22.81510000466369,0.5510000046342611,0.000300002284348011,23.3664000115823,28.97730001132004,0
633,d_validation_1920_1080_daylight_2,5.966900003841147,21.58610000333283,1.0433999996166676,0.20110000332351774,22.830600006273016,28.797500010114163,1
634,d_validation_1920_1080_daylight_2,6.998400000156835,16.064600000390783,0.8226999925682321,0.3961000038543716,17.283399996813387,24.28179999697022,5
635,d_validation_1920_1080_daylight_2,6.557000000611879,18.251100002089515,0.5098999972688034,0.0020000006770715117,18.76300000003539,25.32000000064727,0
636,d_validation_1920_1080_daylight_2,5.412400001659989,23.46199999738019,0.9497999999439344,0.42979999852832407,24.841599995852448,30.253999997512437,4
637,d_validation_1920_1080_daylight_2,5.702499998733401,21.340699997381307,1.0332000092603266,0.370699999621138,22.744600006262772,28.447100004996173,3
638,d_validation_1920_1080_daylight_2,5.677799999830313,22.17450000171084,0.8708999957889318,0.3465000045252964,23.391900002025068,29.06970000185538,3
639,d_validation_1920_1080_daylight_2,5.6640999973751605,21.916600002441555,1.1606000043684617,0.34980000054929405,23.42700000735931,29.09110000473447,3
640,d_validation_1920_1080_daylight_2,6.520100010675378,22.456799997598864,1.122599991504103,0.7771000091452152,24.356499998248182,30.87660000892356,8
641,d_validation_1920_1080_daylight_2,6.2403000047197565,17.824800001108088,0.8199000003514811,0.483600000734441,19.12830000219401,25.368600006913766,5
642,d_validation_1920_1080_daylight_2,5.934300002991222,16.91049999499228,0.4419000033522025,0.0020000006770715117,17.354399999021553,23.288700002012774,0
643,d_validation_1920_1080_daylight_2,5.429899989394471,15.457200002856553,0.43149999692104757,0.000300002284348011,15.889000002061948,21.31889999145642,0
644,d_validation_1920_1080_daylight_2,5.585199993220158,20.672500002547167,0.8272999984910712,0.2826999989338219,21.78249999997206,27.36769999319222,2
645,d_validation_1920_1080_daylight_2,6.317999999737367,22.205399989616126,0.4389000096125528,0.0007999915396794677,22.645099990768358,28.963099990505725,0
646,d_validation_1920_1080_daylight_2,5.6653000065125525,20.72990000306163,0.6020000000717118,0.000300002284348011,21.33220000541769,26.997500011930242,0
647,d_validation_1920_1080_daylight_2,6.254899999476038,22.977100001298822,0.43900001037400216,0.0005999900167807937,23.416700001689605,29.671600001165643,0
648,d_validation_1920_1080_daylight_2,5.677699999068864,21.46970000467263,1.266599996597506,0.2734000008786097,23.009700002148747,28.68740000121761,1
649,d_validation_1920_1080_daylight_2,5.058399998233654,19.16219999839086,0.4358000005595386,0.0006999907782301307,19.59869998972863,24.657099987962283,0
650,d_validation_1920_1080_daylight_2,5.189700008486398,20.596099988324568,0.8378000056836754,0.1908999984152615,21.624799992423505,26.814500000909902,1
651,d_validation_1920_1080_daylight_2,6.0132999933557585,18.12649999919813,0.46720000682398677,0.000700005330145359,18.594400011352263,24.607700004708022,0
652,d_validation_1920_1080_daylight_2,4.940099999657832,14.849500003037974,0.8352000004379079,0.20640000002458692,15.891100003500469,20.8312000031583,1
653,d_validation_1920_1080_daylight_2,5.4029000020818785,19.016199992620386,1.1659000010695308,0.2784000098472461,20.460500003537163,25.86340000561904,2
654,d_validation_1920_1080_daylight_2,5.564799997955561,22.834899995359592,0.6151999987196177,0.001100008375942707,23.451200002455153,29.016000000410713,0
655,d_validation_1920_1080_daylight_2,5.810799993923865,22.77880000474397,0.43289999302942306,0.000400003045797348,23.21210000081919,29.022899994743057,0
656,d_validation_1920_1080_daylight_2,5.017200004658662,15.75599999341648,0.7695999956922606,0.3404000017326325,16.865999990841374,21.883199995500036,3
657,d_validation_1920_1080_daylight_2,5.518500009202398,17.421799988369457,0.8052000048337504,0.3353999927639961,18.562399985967204,24.080899995169602,3
658,d_validation_1920_1080_daylight_2,5.514199991011992,19.325500004924834,0.9304999985033646,0.43289999302942306,20.68889999645762,26.203099987469614,3
659,d_validation_1920_1080_daylight_2,5.1955999952042475,18.505200001527555,0.890900002559647,0.29009999707341194,19.686200001160614,24.88179999636486,3
660,d_validation_1920_1080_daylight_2,5.272900001727976,19.43549999850802,1.1728999961633235,0.3862000012304634,20.994599995901808,26.267499997629784,3
661,d_validation_1920_1080_daylight_2,5.9265000018058345,22.69539999542758,1.0097999911522493,0.3060000017285347,24.011199988308363,29.937699990114197,2
662,d_validation_1920_1080_daylight_2,6.4598000026308,17.21720000205096,0.7803999906172976,0.338700003339909,18.336299996008165,24.796099998638965,2
663,d_validation_1920_1080_daylight_2,5.752500001108274,18.090700003085658,0.6161999917821959,0.00100000761449337,18.707900002482347,24.46040000359062,0
664,d_validation_1920_1080_daylight_2,6.011200006469153,17.045099986717105,0.7810000097379088,0.3392999933566898,18.165399989811704,24.176599996280856,3
665,d_validation_1920_1080_daylight_2,6.235900000319816,21.739300005719997,0.5619000003207475,0.0012999953469261527,22.30250000138767,28.538400001707487,0
666,d_validation_1920_1080_daylight_2,5.745799993746914,24.106400000164285,0.5072000058135018,0.000400003045797348,24.614000009023584,30.3598000027705,0
667,d_validation_1920_1080_daylight_2,5.894799993257038,21.25279999745544,0.371600006474182,0.000400003045797348,21.62480000697542,27.519600000232458,0
668,d_validation_1920_1080_daylight_2,5.680599992047064,23.563800001284108,0.6600000051548705,0.19279999833088368,24.41660000476986,30.097199996816926,1
669,d_validation_1920_1080_daylight_2,6.357999998726882,22.169599993503653,0.7015000010142103,0.19060001068282872,23.06170000520069,29.419700003927574,1
670,d_validation_1920_1080_daylight_2,5.973900013486855,22.45099999709055,0.9399999980814755,0.3015999973285943,23.692599992500618,29.666500005987473,2
671,d_validation_1920_1080_daylight_2,6.486600002972409,16.568600010941736,0.34449998929630965,0.001100008375942707,16.91420000861399,23.400800011586398,0
672,d_validation_1920_1080_daylight_2,5.327499995473772,19.52739999978803,0.295000005280599,0.000300002284348011,19.822700007352978,25.15020000282675,0
673,d_validation_1920_1080_daylight_2,4.985999999917112,15.23099999758415,0.2573000092525035,0.000400003045797348,15.48870000988245,20.474700009799562,0
674,d_validation_1920_1080_daylight_2,5.488499999046326,22.607400009292178,0.7885999948484823,0.5721000052290037,23.968100009369664,29.45660000841599,6
675,d_validation_1920_1080_daylight_2,6.233599997358397,15.796500010765158,0.31259999377653,0.0018999999156221747,16.11100000445731,22.344600001815706,0
676,d_validation_1920_1080_daylight_2,5.638100003125146,18.0158000002848,0.2918999962275848,0.000200001522898674,18.307899998035282,23.946000001160428,0
677,d_validation_1920_1080_daylight_2,4.4935000041732565,20.847399995545857,0.2919000107795,0.000300002284348011,21.139600008609705,25.63310001278296,0
678,d_validation_1920_1080_daylight_2,6.292299993219785,21.76869999675546,0.2877000079024583,0.000300002284348011,22.056700006942265,28.34900000016205,0
679,d_validation_1920_1080_daylight_2,5.677900000591762,20.736399994348176,0.2894000062951818,0.00029998773243278265,21.02609998837579,26.703999988967553,0
680,d_validation_1920_1080_daylight_2,5.987600001390092,23.227900004712865,0.767299992730841,0.28360000578686595,24.27880000323057,30.266400004620664,2
681,d_validation_1920_1080_daylight_2,7.2139999974751845,22.83519999764394,0.8136999967973679,0.20190000941511244,23.85080000385642,31.064800001331605,1
682,d_validation_1920_1080_daylight_2,6.36500000837259,22.22829998936504,0.3929000085918233,0.0006999907782301307,22.621899988735095,28.986899997107685,0
683,d_validation_1920_1080_daylight_2,5.642999996780418,22.634200009633787,0.3941000031773001,0.0004999892553314567,23.02880000206642,28.671799998846836,0
684,d_validation_1920_1080_daylight_2,6.7123999906471,22.625300000072457,0.3938000008929521,0.000400003045797348,23.019500004011206,29.731899994658306,0
685,d_validation_1920_1080_daylight_2,5.638800008455291,21.391100002801977,0.27829999453388155,0.000200001522898674,21.669599998858757,27.30840000731405,0
686,d_validation_1920_1080_daylight_2,4.916599995340221,21.396300013293512,0.28059999749530107,0.000300002284348011,21.67720001307316,26.593800008413382,0
687,d_validation_1920_1080_daylight_2,4.850199999054894,21.072300005471334,0.2753000007942319,0.00029998773243278265,21.347899993998,26.198099993052892,0
688,d_validation_1920_1080_daylight_2,9.237300007953309,20.85040000383742,0.5043999990448356,0.1900999923236668,21.544899995205924,30.782200003159232,1
689,d_validation_1920_1080_daylight_2,9.549299997161143,22.61939999880269,0.8503999997628853,0.7848999957786873,24.254699994344264,33.80399999150541,7
690,d_validation_1920_1080_daylight_2,9.40959999570623,23.332600001594983,0.945099993259646,0.4258999979356304,24.70359999279026,34.11319998849649,4
691,d_validation_1920_1080_daylight_2,8.21779998659622,23.124200000893325,0.9847000037552789,0.48080000851769,24.589700013166294,32.80749999976251,4
692,d_validation_1920_1080_daylight_2,8.324999987962656,22.559200006071478,0.5547000037040561,0.0017999991541728377,23.115700008929707,31.440699996892363,0
693,d_validation_1920_1080_daylight_2,9.132200008025393,22.986899988609366,0.331600007484667,0.000200001522898674,23.318699997616932,32.450900005642325,0
694,d_validation_1920_1080_daylight_2,8.161100005963817,22.65070000430569,0.6916999991517514,0.6144999933894724,23.956899996846914,32.11800000281073,6
695,d_validation_1920_1080_daylight_2,9.177800006000325,16.321799994329922,0.8651999960420653,0.5366999976104125,17.7236999879824,26.901499993982725,6
696,d_validation_1920_1080_daylight_2,9.060500000487082,16.78900000115391,0.9609999979147688,0.6089000089559704,18.358900008024648,27.41940000851173,7
697,d_validation_1920_1080_daylight_2,8.446500010904856,16.332799990777858,0.8470000029774383,0.1998999941861257,17.37969998794142,25.826199998846278,1
698,d_validation_1920_1080_daylight_2,8.179500000551343,20.689600001787767,0.6439999997382984,0.000900006853044033,21.33450000837911,29.514000008930452,0
699,d_validation_1920_1080_daylight_2,9.467600000789389,23.630599986063316,0.4219000111334026,0.000200001522898674,24.052699998719618,33.52029999950901,0
700,d_validation_1920_1080_daylight_2,8.770000000367872,14.860099996440113,0.8411000017076731,0.48990000505000353,16.19110000319779,24.96110000356566,5
701,d_validation_1920_1080_daylight_2,9.889900000416674,18.66400000290014,1.2123000051360577,0.20640000002458692,20.082700008060783,29.972600008477457,1
702,d_validation_1920_1080_daylight_2,10.339200001908466,23.097600002074614,1.181300001917407,0.36759999056812376,24.646499994560145,34.98569999646861,3
703,d_validation_1920_1080_daylight_2,9.824599997955374,22.412100006476976,1.0048999974969774,0.41619999683462083,23.833200000808574,33.65779999876395,4
704,d_validation_1920_1080_daylight_2,8.47539999813307,17.286000002059154,0.4726000042865053,0.0013999961083754897,17.760000002454035,26.235400000587106,0
705,d_validation_1920_1080_daylight_2,7.877299998654053,14.8821000038879,0.47790000098757446,0.000200001522898674,15.360200006398372,23.237500005052425,0
706,d_validation_1920_1080_daylight_2,7.7449999953387305,21.57870000519324,0.43829999049194157,0.000300002284348011,22.01729999796953,29.76229999330826,0
707,d_validation_1920_1080_daylight_2,8.022599999094382,14.838000002782792,0.41739999142009765,0.000400003045797348,15.255799997248687,23.27839999634307,0
708,d_validation_1920_1080_daylight_2,9.093999993638135,18.358200002694502,1.1598999990383163,0.4028999974252656,19.920999999158084,29.01499999279622,3
709,d_validation_1920_1080_daylight_2,8.79259999783244,17.586999994819053,0.8808999991742894,0.18230000569019467,18.650199999683537,27.442799997515976,1
710,d_validation_1920_1080_daylight_2,8.888199998182245,16.136799997184426,0.6224999960977584,0.000800006091594696,16.76009999937378,25.648299997556023,0
711,d_validation_1920_1080_daylight_2,9.226100009982474,22.05129999492783,0.45730000420007855,0.000300002284348011,22.508900001412258,31.73500001139473,0
712,d_validation_1920_1080_daylight_2,7.537099998444319,21.49529999587685,0.4422000056365505,0.00029998773243278265,21.937799989245832,29.47489998769015,0
713,d_validation_1920_1080_daylight_2,8.127799999783747,22.4990999995498,0.8464000129606575,0.21139999444130808,23.556900006951764,31.68470000673551,1
714,d_validation_1920_1080_daylight_2,5.803499996545725,19.473499996820465,0.8550000056857243,0.2829000004567206,20.61140000296291,26.414899999508634,2
715,d_validation_1920_1080_daylight_2,5.262099992251024,23.24100000259932,0.6338999955914915,0.001200009137392044,23.876100007328205,29.13819999957923,0
716,d_validation_1920_1080_daylight_2,6.152800007839687,22.572799993213266,0.6271000020205975,0.000400003045797348,23.20029999827966,29.353100006119348,0
717,d_validation_1920_1080_daylight_2,5.986800009850413,22.904299999936484,0.6335999933071434,0.000300002284348011,23.538199995527975,29.525000005378388,0
718,d_validation_1920_1080_daylight_2,5.809800000861287,22.843400001875125,0.45479999971576035,0.000300002284348011,23.298500003875233,29.10830000473652,0
719,d_validation_1920_1080_daylight_2,5.004499995266087,22.652999992715195,0.8890000026440248,0.2860000095097348,23.828000004868954,28.83250000013504,2
720,d_validation_1920_1080_daylight_2,5.633799999486655,21.97510001133196,0.8487000013701618,0.19579999207053334,23.019600004772656,28.65340000425931,1
721,d_validation_1920_1080_daylight_2,5.8911000087391585,21.951799993985333,0.41730000521056354,0.000700005330145359,22.36980000452604,28.2609000132652,0
722,d_validation_1920_1080_daylight_2,4.962199993315153,22.80869999958668,0.4180000105407089,0.000300002284348011,23.227000012411736,28.18920000572689,0
723,d_validation_1920_1080_daylight_2,5.119199995533563,22.645099990768358,0.6936000136192888,0.19269999756943434,23.53140000195708,28.650599997490644,1
724,d_validation_1920_1080_daylight_2,5.68570000177715,22.207999994861893,0.37480000173673034,0.000900006853044033,22.583700003451668,28.269400005228817,0
725,d_validation_1920_1080_daylight_2,5.059900009655394,20.949999990989454,0.6977000011829659,0.19500000053085387,21.842699992703274,26.902600002358668,1
726,d_validation_1920_1080_daylight_2,5.47309999819845,22.88980000594165,0.47509999421890825,0.0009999930625781417,23.365899993223138,28.838999991421588,0
727,d_validation_1920_1080_daylight_2,5.817400000523776,21.59340000071097,0.3220000071451068,0.00019998697098344564,21.915599994827062,27.732999995350838,0
728,d_validation_1920_1080_daylight_2,5.095400003483519,20.70589999493677,0.2852000034181401,0.000300002284348011,20.99140000063926,26.08680000412278,0
729,d_validation_1920_1080_daylight_2,6.794400003855117,22.62499999778811,0.6943000043975189,0.2077999961329624,23.52709999831859,30.321500002173707,1
730,d_validation_1920_1080_daylight_2,5.796600002213381,17.5081999914255,0.5415000050561503,0.2043999993475154,18.254099995829165,24.050699998042546,1
731,d_validation_1920_1080_daylight_2,7.1546999970451,22.511100003612228,0.3819999983534217,0.0008999923011288047,22.89399999426678,30.048699991311878,0
732,d_validation_1920_1080_daylight_2,6.743700010702014,22.739499996532686,0.32559999090153724,0.000300002284348011,23.06539998971857,29.809100000420585,0
733,d_validation_1920_1080_daylight_2,7.1666000003460795,22.59069999854546,0.3173000004608184,0.00029998773243278265,22.90829998673871,30.07489998708479,0
734,d_validation_1920_1080_daylight_2,6.983300001593307,22.488899994641542,0.28700000257231295,0.000400003045797348,22.776300000259653,29.75960000185296,0
735,d_validation_1920_1080_daylight_2,7.198499995865859,22.18840000568889,0.1973000034922734,0.000200001522898674,22.385900010704063,29.584400006569922,0
736,d_validation_1920_1080_daylight_2,6.448700005421415,21.496899993508123,0.5028000014135614,0.2066000015474856,22.20629999646917,28.655000001890585,1
737,d_validation_1920_1080_daylight_2,6.683700004941784,21.362500003306195,0.4192999913357198,0.182400006451644,21.96420000109356,28.647900006035343,1
738,d_validation_1920_1080_daylight_2,6.733000001986511,18.53500001016073,0.2077999961329624,0.0010999938240274787,18.74390000011772,25.47690000210423,0
739,d_validation_1920_1080_daylight_2,6.891700002597645,21.012999990489334,0.436800008174032,0.40530000114813447,21.8550999998115,28.746800002409145,2
740,d_validation_1920_1080_daylight_2,7.320499993511476,17.63060000666883,0.40919998718891293,0.19489999976940453,18.234699993627146,25.55519998713862,1
741,d_validation_1920_1080_daylight_2,7.4354999960632995,16.60230000561569,0.4393999988678843,0.1799000019673258,17.2216000064509,24.6571000025142,1
742,d_validation_1920_1080_daylight_2,7.5819000048795715,22.11869999882765,0.5747999966843054,0.20429999858606607,22.897799994098023,30.479699998977594,1
743,d_validation_1920_1080_daylight_2,7.397100009256974,19.847099989419803,0.5768000119132921,0.3023999888682738,20.72629999020137,28.123399999458343,2
744,d_validation_1920_1080_daylight_2,7.566999993287027,22.60989999922458,0.717700007953681,0.3102000046055764,23.63780001178384,31.204800005070865,2
745,d_validation_1920_1080_daylight_2,7.668299993383698,15.154499997152016,0.5311000131769106,0.23919998784549534,15.924799998174421,23.59309999155812,2
746,d_validation_1920_1080_daylight_2,7.467800009180792,20.96680000249762,0.35930000012740493,0.0011999945854768157,21.327299997210503,28.795100006391294,0
747,d_validation_1920_1080_daylight_2,7.385100005194545,23.351900003035553,0.5955999949947,0.417499992181547,24.3649999902118,31.750099995406345,3
748,d_validation_1920_1080_daylight_2,7.737500010989606,23.26360000006389,0.7378000009339303,0.5053999921074137,24.506799993105233,32.24430000409484,5
749,d_validation_1920_1080_daylight_2,7.724199997028336,23.143500002333894,0.9430000063730404,0.48859999515116215,24.575100003858097,32.29930000088643,5
750,d_validation_1920_1080_daylight_2,7.764800000586547,21.200999995926395,0.7543999963672832,0.9790000040084124,22.93439999630209,30.699199996888638,6
751,d_validation_1920_1080_daylight_2,7.424899988109246,20.686700008809566,0.7237999961944297,0.47640000411774963,21.886900009121746,29.31179999723099,5
752,d_validation_1920_1080_daylight_2,7.120499998563901,23.305200011236593,0.6993999995756894,0.3136999876005575,24.31829999841284,31.43879999697674,2
753,d_validation_1920_1080_daylight_2,7.179600012023002,23.09129999775905,0.3530999965732917,0.0011999945854768157,23.44559998891782,30.625200000940822,0
754,d_validation_1920_1080_daylight_2,6.641799991484731,21.63660000951495,0.5384999967645854,0.2808999997796491,22.456000006059185,29.097799997543916,2
755,d_validation_1920_1080_daylight_2,6.475100002717227,22.556799987796694,0.35900001239497215,0.0009999930625781417,22.916799993254244,29.39189999597147,0
756,d_validation_1920_1080_daylight_2,6.940899998880923,23.10099999886006,0.36700000055134296,0.00029998773243278265,23.468299987143837,30.40919998602476,0
757,d_validation_1920_1080_daylight_2,6.903300003614277,22.814099997049198,0.3436999977566302,0.000300002284348011,23.158099997090176,30.061400000704452,0
758,d_validation_1920_1080_daylight_2,6.773400004021823,23.17129999573808,0.3530999965732917,0.000400003045797348,23.52479999535717,30.298199999378994,0
759,d_validation_1920_1080_daylight_2,6.27389999863226,22.988299999269657,1.1501999979373068,0.19940000493079424,24.337900002137758,30.611800000770018,1
760,d_validation_1920_1080_daylight_2,6.383100000675768,16.820300006656907,0.6083000043872744,0.4186000005574897,17.84720001160167,24.23030001227744,4
761,d_validation_1920_1080_daylight_2,6.58050000492949,18.779699996230192,0.28870000096503645,0.0013999961083754897,19.069799993303604,25.650299998233095,0
762,d_validation_1920_1080_daylight_2,5.860899997060187,21.132000008947216,0.5485000001499429,0.18819999240804464,21.868700001505204,27.72959999856539,1
763,d_validation_1920_1080_daylight_2,6.737800009432249,18.017199996393174,0.6188999977894127,0.1951000012923032,18.83119999547489,25.56900000490714,1
764,d_validation_1920_1080_daylight_2,6.7236000031698495,18.601300005684607,0.6128999957581982,0.18740000086836517,19.40160000231117,26.12520000548102,1
765,d_validation_1920_1080_daylight_2,6.700300000375137,22.935600005439483,0.8119999984046444,0.21739999647252262,23.96500000031665,30.665300000691786,1
766,d_validation_1920_1080_daylight_2,6.753599998774007,22.783599997637793,0.7517000049119815,0.20119998953305185,23.736499992082827,30.490099990856834,1
767,d_validation_1920_1080_daylight_2,6.777699993108399,15.137700000195764,0.8195999980671331,0.20340000628493726,16.160700004547834,22.938399997656234,1
768,d_validation_1920_1080_daylight_2,6.729500004439615,17.27789999858942,0.6228999991435558,0.18770000315271318,18.088500000885688,24.818000005325302,1
769,d_validation_1920_1080_daylight_2,6.79610000224784,21.91599999787286,0.7825000066077337,0.231999991228804,22.930499995709397,29.726599997957237,1
770,d_validation_1920_1080_daylight_2,6.865899995318614,20.746499998494983,0.6031999946571887,0.19090001296717674,21.540600006119348,28.406500001437962,1
771,d_validation_1920_1080_daylight_2,6.695400006719865,16.253499998128973,0.7686000026296824,0.2086999884340912,17.230799989192747,23.92619999591261,1
772,d_validation_1920_1080_daylight_2,6.287800002610311,20.056200010003522,0.3460000007180497,0.0008999923011288047,20.4031000030227,26.69090000563301,0
773,d_validation_1920_1080_daylight_2,6.502000003820285,22.15809999324847,0.26679999427869916,0.000300002284348011,22.425199989811517,28.927199993631802,0
774,d_validation_1920_1080_daylight_2,6.422799997380935,22.090300000854768,0.2482999989297241,0.000300002284348011,22.33890000206884,28.761699999449775,0
775,d_validation_1920_1080_daylight_2,5.572300011408515,15.051199996378273,0.24219999613706023,0.000300002284348011,15.293699994799681,20.866000006208196,0
776,d_validation_1920_1080_daylight_2,6.209099999978207,20.704400012618862,0.5756999889854342,0.5627000064123422,21.84280000801664,28.051900007994846,6
777,d_validation_1920_1080_daylight_2,6.828999990830198,16.875000001164153,0.2779000060399994,0.0018999999156221747,17.154800007119775,23.983799997949973,0
778,d_validation_1920_1080_daylight_2,5.479900006321259,22.40699999674689,0.37989999691490084,0.000300002284348011,22.78719999594614,28.267100002267398,0
779,d_validation_1920_1080_daylight_2,7.247799992910586,23.13760000106413,0.34100000630132854,0.000400003045797348,23.479000010411255,30.72680000332184,0
780,d_validation_1920_1080_daylight_2,7.008100001257844,23.248299999977462,0.734600005671382,0.4425999941304326,24.425499999779277,31.43360000103712,3
781,d_validation_1920_1080_daylight_2,7.187900002463721,20.088499994017184,0.37599999632220715,0.001300009898841381,20.465800000238232,27.653700002701953,0
782,d_validation_1920_1080_daylight_2,6.896299993968569,22.51010001054965,0.36049999471288174,0.000300002284348011,22.87090000754688,29.767200001515448,0
783,d_validation_1920_1080_daylight_2,6.65830000070855,22.13270000356715,0.4575000057229772,0.19269999756943434,22.782900006859563,29.441200007568114,1
784,d_validation_1920_1080_daylight_2,7.175799997639842,22.245800006203353,0.29680000443477184,0.00039998849388211966,22.542999999132007,29.71879999677185,0
785,d_validation_1920_1080_daylight_2,5.81679999595508,22.745400012354366,0.6233999883988872,0.31600000511389226,23.684800005867146,29.501600001822226,2
786,d_validation_1920_1080_daylight_2,6.500099989352748,22.855100003653206,0.3929999948013574,0.001200009137392044,23.249300007591955,29.749399996944703,0
787,d_validation_1920_1080_daylight_2,6.4501000015297905,15.047299995785579,0.23010000586509705,0.000300002284348011,15.277700003935024,21.727800005464815,0
788,d_validation_1920_1080_daylight_2,5.829400004586205,21.549099998082966,0.2967000036733225,0.000300002284348011,21.846100004040636,27.67550000862684,0
789,d_validation_1920_1080_daylight_2,6.736299998010509,23.080900005879812,0.5910999898333102,0.20340000628493726,23.87540000199806,30.611700000008568,1
790,d_validation_1920_1080_daylight_2,6.824199997936375,22.215299992240034,0.4084000102011487,0.0006999907782301307,22.624399993219413,29.44859999115579,0
791,d_validation_1920_1080_daylight_2,6.3802999939071015,22.37990000867285,0.23609999334439635,0.000400003045797348,22.616400005063042,28.996699998970143,0
792,d_validation_1920_1080_daylight_2,6.521099989186041,22.39230000122916,0.3989000106230378,0.18759998783934861,22.978799999691546,29.499899988877587,1
793,d_validation_1920_1080_daylight_2,6.63749998784624,20.021200005430728,0.42640000174287707,0.0009999930625781417,20.448600000236183,27.086099988082424,0
794,d_validation_1920_1080_daylight_2,5.919699993683025,20.15399999800138,0.2714000002015382,0.000300002284348011,20.425700000487268,26.345399994170293,0
795,d_validation_1920_1080_daylight_2,6.599400003324263,22.836300006019883,0.2700999903026968,0.000300002284348011,23.106699998606928,29.70610000193119,0
796,d_validation_1920_1080_daylight_2,7.373400003416464,23.64319999469444,0.581799991778098,0.6652000010944903,24.89019998756703,32.263599990983494,3
797,d_validation_1920_1080_daylight_2,6.817900008172728,22.200399995199405,0.7502999942516908,0.38720000884495676,23.337899998296052,30.15580000646878,3
798,d_validation_1920_1080_daylight_2,7.299499993678182,21.84050000505522,0.5972999933874235,0.4191000043647364,22.85690000280738,30.15639999648556,4
799,d_validation_1920_1080_daylight_2,7.337200004258193,22.45499999844469,0.6636000034632161,0.4104999970877543,23.52909999899566,30.866300003253855,4
800,d_validation_1920_1080_daylight_2,7.165400005760603,20.11129999300465,0.899500009836629,0.37850000080652535,21.389300003647804,28.554700009408407,3
801,d_validation_1920_1080_daylight_2,7.420800000545569,22.862800004077144,0.9340999968117103,0.4597999941324815,24.256699995021336,31.677499995566905,3
802,d_validation_1920_1080_daylight_2,7.54580000648275,17.35979999648407,0.5208999937167391,0.2845999988494441,18.165299989050254,25.711099995533004,2
803,d_validation_1920_1080_daylight_2,6.906399998115376,22.914100001798943,0.6919000006746501,0.28909998945891857,23.89509999193251,30.801499990047887,2
804,d_validation_1920_1080_daylight_2,6.60200000857003,22.357099995133467,0.44600000546779484,0.0011999945854768157,22.80429999518674,29.40630000375677,0
805,d_validation_1920_1080_daylight_2,7.064099991112016,22.53140001266729,0.7576999923912808,0.36550000368151814,23.65460000874009,30.718699999852106,3
806,d_validation_1920_1080_daylight_2,6.645100002060644,18.75690001179464,0.2941999991890043,0.0011999945854768157,19.052300005569123,25.697400007629767,0
807,d_validation_1920_1080_daylight_2,5.667000004905276,22.236999997403473,0.29379999614320695,0.000300002284348011,22.531099995831028,28.198100000736304,0
808,d_validation_1920_1080_daylight_2,5.873600006452762,20.854100002907217,0.32759999157860875,0.000400003045797348,21.182099997531623,27.055700003984384,0
809,d_validation_1920_1080_daylight_2,6.8765000032726675,22.6319999928819,0.41170000622514635,0.000500003807246685,23.044200002914295,29.920700006186962,0
810,d_validation_1920_1080_daylight_2,6.836700005806051,22.509699992951937,0.32980000833049417,0.000200001522898674,22.83970000280533,29.67640000861138,0
811,d_validation_1920_1080_daylight_2,6.000099994707853,21.24230000481475,0.32900000223889947,0.000300002284348011,21.571600009338,27.57170000404585,0
812,d_validation_1920_1080_daylight_2,6.532300001708791,15.078900003572926,0.2390000008745119,0.000400003045797348,15.318300007493235,21.850600009202026,0
813,d_validation_1920_1080_daylight_2,5.6367000070167705,14.651599994977005,0.4709000058937818,0.17299999308306724,15.295499993953854,20.932200000970624,1
814,d_validation_1920_1080_daylight_2,6.40640000347048,22.281600002315827,0.23530000180471689,0.0005999900167807937,22.517499994137324,28.923899997607805,0
815,d_validation_1920_1080_daylight_2,5.645700002787635,20.78230000915937,0.570699994568713,0.21389999892562628,21.56690000265371,27.212600005441345,1
816,d_validation_1920_1080_daylight_2,6.214900000486523,21.515500004170462,0.49869999929796904,0.19489999976940453,22.209100003237836,28.42400000372436,1
817,d_validation_1920_1080_daylight_2,5.848300002980977,18.81350000621751,0.2987999905599281,0.000700005330145359,19.113000002107583,24.96130000508856,0
818,d_validation_1920_1080_daylight_2,6.019899999955669,14.806399994995445,0.2347999979974702,0.000300002284348011,15.041499995277263,21.061399995232932,0
819,d_validation_1920_1080_daylight_2,5.521500002942048,20.499199992627837,0.50230001215823,0.3460000007180497,21.347500005504116,26.869000008446164,3
820,d_validation_1920_1080_daylight_2,5.753599994932301,22.22569999867119,0.24920000578276813,0.0011999945854768157,22.476099999039434,28.229699993971735,0
821,d_validation_1920_1080_daylight_2,5.669499994837679,22.428800002671778,0.643599996692501,0.20680000307038426,23.279200002434663,28.948699997272342,1
822,d_validation_1920_1080_daylight_2,5.697700005839579,18.58689999789931,0.34699999378062785,0.000800006091594696,18.93469999777153,24.63240000361111,0
823,d_validation_1920_1080_daylight_2,6.051799995475449,16.864000004716218,0.2592999953776598,0.000400003045797348,17.123700003139675,23.175499998615123,0
824,d_validation_1920_1080_daylight_2,5.823200001032092,23.012699995888397,0.6680000078631565,0.40639999497216195,24.087099998723716,29.910299999755807,3
825,d_validation_1920_1080_daylight_2,6.2181000103009865,21.6933999909088,0.3415000101085752,0.0008999923011288047,22.035799993318506,28.253900003619492,0
826,d_validation_1920_1080_daylight_2,5.967299992335029,21.358099998906255,0.3448000061325729,0.000400003045797348,21.703300008084625,27.670600000419654,0
827,d_validation_1920_1080_daylight_2,5.586899991612881,20.57290000084322,0.2773000014713034,0.000300002284348011,20.85050000459887,26.437399996211752,0
828,d_validation_1920_1080_daylight_2,5.873600006452762,20.751499992911704,0.5390000005718321,0.3539000026648864,21.644399996148422,27.518000002601184,3
829,d_validation_1920_1080_daylight_2,7.444200004101731,21.691899994038977,0.34410000080242753,0.0013999961083754897,22.03739999094978,29.48159999505151,0
830,d_validation_1920_1080_daylight_2,6.057799997506663,22.956300002988428,0.34669999149627984,0.000300002284348011,23.303299996769056,29.36109999427572,0
831,d_validation_1920_1080_daylight_2,7.0435000088764355,21.345000001019798,0.3375999949639663,0.000400003045797348,21.682999999029562,28.726500007905997,0
832,d_validation_1920_1080_daylight_2,7.166999988839962,22.616300004301593,0.3355000080773607,0.00029998773243278265,22.952100000111386,30.119099988951348,0
833,d_validation_1920_1080_daylight_2,6.90730000496842,14.900599999236874,0.2347999979974702,0.000400003045797348,15.135800000280142,22.04310000524856,0
834,d_validation_1920_1080_daylight_2,5.789800008642487,23.16419999988284,0.28839999868068844,0.000400003045797348,23.453000001609325,29.242800010251813,0
835,d_validation_1920_1080_daylight_2,5.729600001359358,22.16490000137128,0.2082999999402091,0.000300002284348011,22.373500003595836,28.103100004955195,0
836,d_validation_1920_1080_daylight_2,5.013300004065968,21.006700000725687,0.2623000036692247,0.000400003045797348,21.26940000744071,26.282700011506677,0
837,d_validation_1920_1080_daylight_2,5.766200003563426,21.937700003036298,0.19389999215491116,0.000300002284348011,22.131899997475557,27.898100001038983,0
838,d_validation_1920_1080_daylight_2,4.933400006848387,17.350599999190308,0.18799999088514596,0.000200001522898674,17.538799991598353,22.47219999844674,0
839,d_validation_1920_1080_daylight_2,6.248800011235289,14.767299988307059,0.19010000687558204,0.000300002284348011,14.957699997466989,21.206500008702278,0
840,d_validation_1920_1080_daylight_2,5.0608000019565225,17.86819999688305,0.2364999963901937,0.000300002284348011,18.10499999555759,23.165799997514114,0
841,d_validation_1920_1080_daylight_2,5.852800008142367,21.03220000572037,0.1849999971454963,0.000300002284348011,21.217500005150214,27.07030001329258,0
842,d_validation_1920_1080_daylight_2,4.916400008369237,21.483899996383116,0.18620000628288835,0.00029998773243278265,21.670399990398437,26.586799998767674,0
843,d_validation_1920_1080_daylight_2,4.914300006930716,14.819099989836104,0.4065000102855265,0.2420999953756109,15.467699995497242,20.382000002427958,2
844,d_validation_1920_1080_daylight_2,5.305800004862249,21.89019999059383,0.673400005325675,0.3012999950442463,22.86489999096375,28.170699995826,2
845,d_validation_1920_1080_daylight_2,5.547699998714961,19.658999997773208,0.6591999990632758,0.476800007163547,20.79500000400003,26.34270000271499,3
846,d_validation_1920_1080_daylight_2,5.693300001439638,23.06999999564141,0.7228000031318516,0.38189999759197235,24.174699996365234,29.867999997804873,3
847,d_validation_1920_1080_daylight_2,5.708900003810413,22.4447000073269,0.5287999956635758,0.5440999957500026,23.51759999874048,29.226500002550893,4
848,d_validation_1920_1080_daylight_2,5.614800000330433,22.408299992093816,0.7562000100733712,0.4351999959908426,23.59969999815803,29.214499998488463,4
849,d_validation_1920_1080_daylight_2,6.9128000031923875,18.402099987724796,0.20460000087041408,0.0015999976312741637,18.608299986226484,25.52109998941887,0
850,d_validation_1920_1080_daylight_2,6.183900011819787,20.72539999790024,0.4317999992053956,0.2801999944495037,21.43739999155514,27.621300003374927,2
851,d_validation_1920_1080_daylight_2,6.502000003820285,20.013899993500672,0.4828000091947615,0.3505999920889735,20.847299994784407,27.349299998604693,3
852,d_validation_1920_1080_daylight_2,5.493499993463047,22.38049999868963,0.6199000054039061,0.43620000360533595,23.43660000769887,28.930100001161918,4
853,d_validation_1920_1080_daylight_2,5.473900004290044,22.422399997594766,0.8490000036545098,0.4341000021668151,23.70550000341609,29.179400007706136,4
854,d_validation_1920_1080_daylight_2,6.814000007580034,22.27879999554716,0.6521000032080337,0.36449999606702477,23.29539999482222,30.109400002402253,3
855,d_validation_1920_1080_daylight_2,6.407599998055957,18.609100006869994,0.26059999072458595,0.001100008375942707,18.870800005970523,25.27840000402648,0
856,d_validation_1920_1080_daylight_2,5.8172999997623265,14.723200001753867,0.22590000298805535,0.000400003045797348,14.94950000778772,20.766800007550046,0
857,d_validation_1920_1080_daylight_2,4.645200009690598,22.841899990453385,0.30110000807326287,0.000300002284348011,23.143300000810996,27.788500010501593,0
858,d_validation_1920_1080_daylight_2,6.578399988939054,22.59829999820795,0.3057000139961019,0.00039998849388211966,22.904400000697933,29.482799989636987,0
859,d_validation_1920_1080_daylight_2,5.231800008914433,21.29189998959191,0.23720000172033906,0.000400003045797348,21.529499994358048,26.76130000327248,0
860,d_validation_1920_1080_daylight_2,5.953500003670342,14.966499991714954,0.21320000814739615,0.000200001522898674,15.17990000138525,21.13340000505559,0
861,d_validation_1920_1080_daylight_2,5.273600007058121,15.05679999536369,0.2175999979954213,0.000300002284348011,15.27469999564346,20.54830000270158,0
862,d_validation_1920_1080_daylight_2,5.764400004409254,22.20489998580888,0.21350001043174416,0.000500003807246685,22.41890000004787,28.183300004457124,0
863,d_validation_1920_1080_daylight_2,5.954100008239038,22.401399997761473,0.27639999461825937,0.000300002284348011,22.67809999466408,28.63220000290312,0
864,d_validation_1920_1080_daylight_2,6.17160000547301,20.435900005395524,0.21099999139551073,0.000200001522898674,20.647099998313934,26.818700003786944,0
865,d_validation_1920_1080_daylight_2,5.128299992065877,20.26560000376776,0.2094000083161518,0.00029998773243278265,20.475299999816343,25.60359999188222,0
866,d_validation_1920_1080_daylight_2,5.211399999097921,14.854900000500493,0.24120000307448208,0.00019998697098344564,15.096299990545958,20.30769998964388,0
867,d_validation_1920_1080_daylight_2,4.861100009293295,20.585699996445328,0.21139999444130808,0.000300002284348011,20.797399993170984,25.65850000246428,0
868,d_validation_1920_1080_daylight_2,5.165300011867657,20.872499997494742,0.21430000197142363,0.000200001522898674,21.087000000989065,26.252300012856722,0
869,d_validation_1920_1080_daylight_2,5.893399997148663,16.82520000031218,0.46520000614691526,0.35859999479725957,17.649000001256354,23.542399998405017,3
870,d_validation_1920_1080_daylight_2,5.412800004705787,21.055699995486066,0.23950000468175858,0.0012999953469261527,21.29649999551475,26.709300000220537,0
871,d_validation_1920_1080_daylight_2,3.9484000008087605,22.57169999938924,0.30330001027323306,0.0004999892553314567,22.875499998917803,26.823899999726564,0
872,d_validation_1920_1080_daylight_2,4.915400000754744,22.652200001175515,0.23720000172033906,0.000300002284348011,22.889700005180202,27.805100005934946,0
873,d_validation_1920_1080_daylight_2,5.796599987661466,19.55770001222845,0.23079999664332718,0.000300002284348011,19.788800011156127,25.585399998817593,0
874,d_validation_1920_1080_daylight_2,5.476499994983897,21.39490000263322,0.304899993352592,0.000400003045797348,21.70019999903161,27.176699994015507,0
875,d_validation_1920_1080_daylight_2,5.924199998844415,22.592599998461083,0.6391000060830265,0.32380000629927963,23.55550001084339,29.479700009687804,2
876,d_validation_1920_1080_daylight_2,5.546400003368035,22.492100004456006,0.32479999936185777,0.0009999930625781417,22.817899996880442,28.364300000248477,0
877,d_validation_1920_1080_daylight_2,5.4872000036993995,22.715200000675395,0.3225999971618876,0.000400003045797348,23.03820000088308,28.52540000458248,0
878,d_validation_1920_1080_daylight_2,5.5195000022649765,16.10639999853447,0.31069999386090785,0.000400003045797348,16.417499995441176,21.936999997706152,0
879,d_validation_1920_1080_daylight_2,5.084100004751235,22.49949998804368,0.31210000452119857,0.000300002284348011,22.811899994849227,27.895999999600463,0
880,d_validation_1920_1080_daylight_2,4.917099999147467,17.712200002279133,0.21549999655690044,0.000300002284348011,17.92800000112038,22.84510000026785,0
881,d_validation_1920_1080_daylight_2,4.158299998380244,22.172800003318116,0.2776000037556514,0.000300002284348011,22.450700009358115,26.60900000773836,0
882,d_validation_1920_1080_daylight_2,4.84929999220185,22.470399999292567,0.21540001034736633,0.000200001522898674,22.686000011162832,27.535300003364682,0
883,d_validation_1920_1080_daylight_2,4.326700000092387,14.81170000624843,0.18059999274555594,0.000300002284348011,14.992600001278333,19.31930000137072,0
884,d_validation_1920_1080_daylight_2,4.680500001995824,21.240800007944927,0.18509999790694565,0.000200001522898674,21.42610000737477,26.106600009370595,0
885,d_validation_1920_1080_daylight_2,4.617700004018843,20.60920000076294,0.1996000064536929,0.00029998773243278265,20.809099994949065,25.42679999896791,0
886,d_validation_1920_1080_daylight_2,5.13959999079816,20.78980000806041,0.1297999988310039,0.000300002284348011,20.919900009175763,26.059499999973923,0
887,d_validation_1920_1080_daylight_2,4.502499999944121,17.18599999730941,0.13519999629352242,0.000300002284348011,17.32149999588728,21.8239999958314,0
888,d_validation_1920_1080_daylight_2,5.087400000775233,22.76799999526702,0.156299996888265,0.000400003045797348,22.92469999520108,28.012099995976314,0
889,d_validation_1920_1080_daylight_2,5.123800001456402,22.730500000761822,0.27809999301098287,0.185500000952743,23.194099994725548,28.31789999618195,1
890,d_validation_1920_1080_daylight_2,4.796199995325878,17.92610000120476,0.14269999519456178,0.000800006091594696,18.069600002490915,22.865799997816794,0
891,d_validation_1920_1080_daylight_2,4.358999998657964,16.918499997700565,0.13760000001639128,0.000200001522898674,17.056299999239855,21.41529999789782,0
892,d_validation_1920_1080_daylight_2,4.232500010402873,21.578899992164224,0.36360000376589596,0.20199999562464654,22.144499991554767,26.37700000195764,1
893,d_validation_1920_1080_daylight_2,5.162799992831424,22.677000000840053,0.15249999705702066,0.000800006091594696,22.83030000398867,27.993099996820092,0
894,d_validation_1920_1080_daylight_2,5.034200003137812,22.754299992811866,0.18899999849963933,0.000300002284348011,22.943599993595853,27.977799996733665,0
895,d_validation_1920_1080_daylight_2,5.6822999904397875,18.458999998983927,0.14740000187885016,0.000200001522898674,18.606600002385676,24.288899992825463,0
896,d_validation_1920_1080_daylight_2,5.3112999885343015,14.81890000286512,0.31709999893791974,0.19200000679120421,15.328000008594245,20.639299997128546,1
897,d_validation_1920_1080_daylight_2,5.569000000832602,19.814300001598895,0.4743000026792288,0.39089999336283654,20.67949999764096,26.248499998473562,3
898,d_validation_1920_1080_daylight_2,4.971200003637932,15.57909999974072,0.4963999963365495,0.4057000041939318,16.4812000002712,21.452400003909133,4
899,d_validation_1920_1080_daylight_2,6.3747000094735995,17.76199998857919,0.4830000107176602,0.5248999950708821,18.769899994367734,25.144600003841333,4
900,d_validation_1920_1080_daylight_2,5.362800002330914,17.2216000064509,0.28730000485666096,0.0015999976312741637,17.510500008938834,22.873300011269748,0
901,d_validation_1920_1080_daylight_2,4.656999997678213,21.377299999585375,0.3991999983554706,0.19260001135990024,21.969100009300746,26.62610000697896,1
902,d_validation_1920_1080_daylight_2,5.749999996623956,19.36440001009032,0.5271999980323017,0.5861999961780384,20.47780000430066,26.227800000924617,6
903,d_validation_1920_1080_daylight_2,5.527699991944246,22.181299995281734,0.3296000068075955,0.0017999991541728377,22.512700001243502,28.040399993187748,0
904,d_validation_1920_1080_daylight_2,5.996699997922406,23.393099996610545,0.33090000215452164,0.000400003045797348,23.724400001810864,29.72109999973327,0
905,d_validation_1920_1080_daylight_2,5.934699991485104,15.893600007984787,0.2443999983370304,0.000300002284348011,16.138300008606166,22.07300000009127,0
906,d_validation_1920_1080_daylight_2,4.339799997978844,19.236599997384474,0.24480000138282776,0.000300002284348011,19.48170000105165,23.821499999030493,0
907,d_validation_1920_1080_daylight_2,4.449400003068149,20.151099990471266,0.22870000975672156,0.000200001522898674,20.380000001750886,24.829400004819036,0
908,d_validation_1920_1080_daylight_2,4.957299999659881,22.27820000553038,0.23530000180471689,0.000400003045797348,22.513900010380894,27.471200010040775,0
909,d_validation_1920_1080_daylight_2,5.060399998910725,22.50949999142904,0.2367999986745417,0.000200001522898674,22.74649999162648,27.806899990537204,0
910,d_validation_1920_1080_daylight_2,4.299699998227879,23.230500009958632,0.29719999292865396,0.000400003045797348,23.528100005933084,27.827800004160963,0
911,d_validation_1920_1080_daylight_2,5.044000005000271,15.449300000909716,0.23419999342877418,0.000200001522898674,15.683699995861389,20.72770000086166,0
912,d_validation_1920_1080_daylight_2,5.3669000044465065,22.490000003017485,0.49059999582823366,0.3622999938670546,23.342899992712773,28.70979999715928,2
913,d_validation_1920_1080_daylight_2,5.027999999583699,23.134099988965318,0.25100000493694097,0.000800006091594696,23.385899999993853,28.413899999577552,0
914,d_validation_1920_1080_daylight_2,4.706100007751957,22.219199992832728,0.2533000078983605,0.00029998773243278265,22.47279998846352,27.178899996215478,0
915,d_validation_1920_1080_daylight_2,4.81969999964349,16.62939999368973,0.24049999774433672,0.000300002284348011,16.870199993718415,21.689899993361905,0
916,d_validation_1920_1080_daylight_2,4.667500004870817,21.031399999628775,0.24850000045262277,0.000200001522898674,21.280100001604296,25.947600006475113,0
917,d_validation_1920_1080_daylight_2,5.40049999835901,21.313400007784367,0.6864999886602163,0.39169999945443124,22.391599995899014,27.792099994258024,3
918,d_validation_1920_1080_daylight_2,5.570999986957759,22.50580000691116,0.4363000043667853,0.0011999945854768157,22.94330000586342,28.51429999282118,0
919,d_validation_1920_1080_daylight_2,4.453200002899393,22.55739999236539,0.3502000035950914,0.000300002284348011,22.90789999824483,27.361100001144223,0
920,d_validation_1920_1080_daylight_2,5.47750000259839,22.804599997471087,0.7231000054161996,0.2953999937744811,23.823099996661767,29.300599999260157,2
921,d_validation_1920_1080_daylight_2,5.757799997809343,19.13030000287108,0.7040000054985285,0.4036999889649451,20.237999997334555,25.995799995143898,4
922,d_validation_1920_1080_daylight_2,5.670600003213622,21.01879999099765,0.28750000637955964,0.0015999976312741637,21.307899995008484,26.978499998222105,0
923,d_validation_1920_1080_daylight_2,4.191800006083213,19.340799990459345,0.3902000025846064,0.000300002284348011,19.7312999953283,23.923100001411512,0
924,d_validation_1920_1080_daylight_2,4.727599996840581,20.008399995276704,0.5567000043811277,0.2125000028172508,20.777600002475083,25.505199999315664,1
925,d_validation_1920_1080_daylight_2,4.963700004736893,16.74159998947289,0.29409999842755497,0.000700005330145359,17.03639999323059,22.00009999796748,0
926,d_validation_1920_1080_daylight_2,4.967500004568137,23.11169999302365,0.3831000067293644,0.012100004823878407,23.50690000457689,28.47440000914503,0
927,d_validation_1920_1080_daylight_2,5.113000006531365,23.141500001656823,0.3896999987773597,0.000300002284348011,23.53150000271853,28.644500009249896,0
928,d_validation_1920_1080_daylight_2,4.812800005311146,21.643200001562946,0.3834999952232465,0.000300002284348011,22.02699999907054,26.839800004381686,0
929,d_validation_1920_1080_daylight_2,4.72339999396354,22.77440000034403,0.37120000342838466,0.000300002284348011,23.145900006056763,27.869300000020303,0
930,d_validation_1920_1080_daylight_2,4.997299998649396,22.04530000744853,0.39119999564718455,0.000400003045797348,22.436900006141514,27.43420000479091,0
931,d_validation_1920_1080_daylight_2,4.565499999444,21.55640001001302,0.27720000070985407,0.000300002284348011,21.833900013007224,26.399400012451224,0
932,d_validation_1920_1080_daylight_2,4.737899987958372,22.2492000029888,0.4265000025043264,0.189200000022538,22.864900005515665,27.602799993474036,1
933,d_validation_1920_1080_daylight_2,4.990400004317053,22.337000002153218,0.2823999966494739,0.000900006853044033,22.620300005655736,27.61070000997279,0
934,d_validation_1920_1080_daylight_2,4.780500006745569,16.052699997089803,0.17290000687353313,0.00029998773243278265,16.22589999169577,21.00639999844134,0
935,d_validation_1920_1080_daylight_2,4.914100005407818,14.658100000815466,0.17869999282993376,0.000400003045797348,14.837199996691197,19.751300002099015,0
936,d_validation_1920_1080_daylight_2,5.357000001822598,17.954299997654743,0.18149999959859997,0.000300002284348011,18.13609999953769,23.49310000136029,0
937,d_validation_1920_1080_daylight_2,6.837199995061383,14.853300002869219,0.18119999731425196,0.000200001522898674,15.03470000170637,21.871899996767752,0
938,d_validation_1920_1080_daylight_2,6.138700002338737,14.547700004186481,0.1762000028975308,0.000300002284348011,14.72420000936836,20.862900011707097,0
939,d_validation_1920_1080_daylight_2,7.129399993573315,21.97050000540912,0.455000001238659,0.20229999790899456,22.627800004556775,29.75719999813009,1
940,d_validation_1920_1080_daylight_2,6.812000006902963,23.014799997326918,0.22879999596625566,0.000700005330145359,23.24429999862332,30.056300005526282,0
941,d_validation_1920_1080_daylight_2,7.382399999187328,22.56640000268817,0.47199999971780926,0.20349999249447137,23.24189999490045,30.624299994087778,1
942,d_validation_1920_1080_daylight_2,7.609099993715063,17.045400003553368,0.46740000834688544,0.4140999953961,17.926900007296354,25.536000001011416,4
943,d_validation_1920_1080_daylight_2,7.971200000611134,17.088499997043982,0.22080000780988485,0.0010999938240274787,17.310399998677894,25.28159999928903,0
944,d_validation_1920_1080_daylight_2,6.04790000943467,20.439499989151955,0.40440000884700567,0.19130000146105886,21.03519999946002,27.08310000889469,1
945,d_validation_1920_1080_daylight_2,7.0570999960182235,16.98240000405349,0.48919999971985817,0.7374999986495823,18.20910000242293,25.266199998441152,4
946,d_validation_1920_1080_daylight_2,7.140400004573166,17.941999991307966,0.5257000011624768,0.2762000076472759,18.74390000011772,25.884300004690886,2
947,d_validation_1920_1080_daylight_2,7.2432000015396625,16.498900004080497,0.2482999989297241,0.00100000761449337,16.748200010624714,23.991400012164377,0
948,d_validation_1920_1080_daylight_2,6.56870000238996,21.80489999591373,0.3335000074002892,0.000400003045797348,22.138800006359816,28.707500008749776,0
949,d_validation_1920_1080_daylight_2,8.301199995912611,23.121799997170456,0.23070001043379307,0.000300002284348011,23.352800009888597,31.65400000580121,0
950,d_validation_1920_1080_daylight_2,7.05309999466408,21.652100011124276,0.2268999960506335,0.000200001522898674,21.879200008697808,28.93230000336189,0
951,d_validation_1920_1080_daylight_2,6.619400010094978,22.444799993536435,0.2381000085733831,0.00029998773243278265,22.68319998984225,29.30259999993723,0
952,d_validation_1920_1080_daylight_2,7.010200002696365,22.444100002758205,0.6135999865364283,0.25490000552963465,23.312599994824268,30.322799997520633,1
953,d_validation_1920_1080_daylight_2,7.401499999104999,22.14060000551399,0.20559999393299222,0.000600004568696022,22.346800004015677,29.748300003120676,0
954,d_validation_1920_1080_daylight_2,7.747199997538701,22.9070000059437,0.7862999918870628,0.49730000318959355,24.190600001020357,31.937799998559058,2
955,d_validation_1920_1080_daylight_2,6.78580001113005,19.424899990553968,0.3048000071430579,0.0009999930625781417,19.730699990759604,26.516500001889654,0
956,d_validation_1920_1080_daylight_2,6.68059999588877,21.019599997089244,0.27740000223275274,0.000400003045797348,21.297400002367795,27.977999998256564,0
957,d_validation_1920_1080_daylight_2,6.8325000029290095,23.211199993966147,0.28049999673385173,0.000400003045797348,23.492099993745796,30.324599996674806,0
958,d_validation_1920_1080_daylight_2,6.953399992198683,23.126100000808947,0.2722000062931329,0.000300002284348011,23.398600009386428,30.35200000158511,0
959,d_validation_1920_1080_daylight_2,7.21759999578353,22.35349999682512,0.2749999985098839,0.000400003045797348,22.628899998380803,29.846499994164333,0
960,d_validation_1920_1080_daylight_2,7.226300003821962,22.98349999182392,0.2747000107774511,0.000300002284348011,23.25850000488572,30.48480000870768,0
961,d_validation_1920_1080_daylight_2,6.849099998362362,22.44020000216551,0.27820000832434744,0.00039998849388211966,22.71879999898374,29.567899997346103,0
962,d_validation_1920_1080_daylight_2,7.555100004537962,23.047899987432174,0.58230001013726,0.29669998912140727,23.92689998669084,31.481999991228804,2
963,d_validation_1920_1080_daylight_2,7.517099991673604,22.64110000396613,0.6004000024404377,0.23009999131318182,23.47159999771975,30.988699989393353,1
964,d_validation_1920_1080_daylight_2,7.3647000099299476,22.212799987755716,0.2945000014733523,0.000900006853044033,22.508199996082112,29.87290000601206,0
965,d_validation_1920_1080_daylight_2,7.08870000380557,22.459300002083182,0.2263999922433868,0.000300002284348011,22.685999996610917,29.774700000416487,0
966,d_validation_1920_1080_daylight_2,6.317099992884323,22.800900012953207,0.2978999982587993,0.000300002284348011,23.099100013496354,29.416200006380677,0
967,d_validation_1920_1080_daylight_2,7.155200000852346,15.542499997536652,0.22289999469649047,0.000200001522898674,15.765599993756041,22.920799994608387,0
968,d_validation_1920_1080_daylight_2,7.186599992564879,22.745099995518103,0.29570001061074436,0.000200001522898674,23.041000007651746,30.227600000216626,0
969,d_validation_1920_1080_daylight_2,7.641100004548207,18.74359999783337,0.2297000028192997,0.000300002284348011,18.97360000293702,26.614700007485226,0
970,d_validation_1920_1080_daylight_2,6.597799991141073,14.559100003680214,0.21889999334234744,0.000200001522898674,14.77819999854546,21.375999989686534,0
971,d_validation_1920_1080_daylight_2,6.651999996392988,20.965699994121678,0.22440000611823052,0.000400003045797348,21.190500003285706,27.842499999678694,0
972,d_validation_1920_1080_daylight_2,6.1812000058125705,20.956199994543567,0.2939000114565715,0.00029998773243278265,21.25039999373257,27.431599999545142,0
973,d_validation_1920_1080_daylight_2,7.187700000940822,22.6461999991443,0.6044000037945807,0.3635000030044466,23.614100005943328,30.80180000688415,3
974,d_validation_1920_1080_daylight_2,6.730299995979294,22.21300000383053,0.5578999989666045,0.29320000612642616,23.06410000892356,29.794400004902855,2
975,d_validation_1920_1080_daylight_2,6.460799995693378,15.888900001300499,0.524800008861348,0.21329999435693026,16.627000004518777,23.087800000212155,1
976,d_validation_1920_1080_daylight_2,6.461299999500625,21.908199996687472,0.48660000902600586,0.4430999979376793,22.837900003651157,29.299200003151782,4
977,d_validation_1920_1080_daylight_2,6.223800010047853,21.060400002170354,0.48949998745229095,0.2826999989338219,21.832599988556467,28.05639999860432,2
978,d_validation_1920_1080_daylight_2,6.664100001216866,21.535099993343465,0.4820000031031668,0.20569999469444156,22.222799991141073,28.88689999235794,1
979,d_validation_1920_1080_daylight_2,7.053299996186979,22.50949999142904,0.6457999988924712,0.2931000053649768,23.448399995686486,30.501699991873465,2
980,d_validation_1920_1080_daylight_2,7.247000001370907,22.300799988443032,0.6069000082788989,0.3581000055419281,23.26580000226386,30.512800003634766,3
981,d_validation_1920_1080_daylight_2,7.781500011333264,18.12009999412112,0.5549000052269548,0.3383999865036458,19.01339998585172,26.794899997184984,3
982,d_validation_1920_1080_daylight_2,6.976000004215166,17.43349999014754,0.5881999968551099,0.27540000155568123,18.29709998855833,25.273099992773496,2
983,d_validation_1920_1080_daylight_2,7.425099989632145,22.473100005299784,0.4641999985324219,0.000900006853044033,22.93820001068525,30.363300000317395,0
984,d_validation_1920_1080_daylight_2,7.774099998641759,22.31519999622833,0.38440000207629055,0.000300002284348011,22.69990000058897,30.473999999230728,0
985,d_validation_1920_1080_daylight_2,7.71099999838043,22.064699995098636,0.5884999991394579,0.3470000083325431,23.000200002570637,30.711200000951067,3
986,d_validation_1920_1080_daylight_2,7.4905999936163425,22.039600007701665,0.6396999960998073,0.4140000091865659,23.09330001298804,30.58390000660438,4
987,d_validation_1920_1080_daylight_2,7.387400008155964,22.284899998339824,0.9165999945253134,0.3147000097669661,23.516200002632104,30.903600010788068,2
988,d_validation_1920_1080_daylight_2,7.751400000415742,16.56659999571275,0.3293000045232475,0.0008999923011288047,16.896799992537126,24.64819999295287,0
989,d_validation_1920_1080_daylight_2,4.512500003329478,14.567699996405281,0.3412999940337613,0.000300002284348011,14.90929999272339,19.42179999605287,0
990,d_validation_1920_1080_daylight_2,5.208700007642619,15.251499993610196,0.3328000020701438,0.000200001522898674,15.584499997203238,20.793200004845858,0
991,d_validation_1920_1080_daylight_2,5.546700005652383,21.627299996907823,0.6966000073589385,0.5067000020062551,22.830600006273016,28.3773000119254,5
992,d_validation_1920_1080_daylight_2,5.793200005427934,21.59639999445062,0.5616000125883147,0.0014999968698248267,22.15950000390876,27.952700009336695,0
993,d_validation_1920_1080_daylight_2,5.073599997558631,22.69230000092648,0.4977000062353909,0.000300002284348011,23.19030000944622,28.26390000700485,0
994,d_validation_1920_1080_daylight_2,6.0768000112148,22.329399987938814,0.975500006461516,0.450699997600168,23.755599992000498,29.832400003215298,4
995,d_validation_1920_1080_daylight_2,6.672000003163703,22.587300001760013,0.5946000019321218,0.0014999968698248267,23.18340000056196,29.855400003725663,0
996,d_validation_1920_1080_daylight_2,6.197399998200126,22.47199999692384,0.519900000654161,0.000300002284348011,22.99219999986235,29.189599998062477,0
997,d_validation_1920_1080_daylight_2,6.157199997687712,22.614800007431768,0.5234999989625067,0.000400003045797348,23.138700009440072,29.295900007127784,0
998,d_validation_1920_1080_daylight_2,5.904000005102716,22.801299986895174,0.4937000048812479,0.000200001522898674,23.29519999329932,29.199199998402037,0
999,d_validation_1920_1080_daylight_2,6.455700000515208,15.001499996287748,0.35770000249613076,0.000300002284348011,15.359500001068227,21.815200001583435,0
1000,d_validation_1920_1080_daylight_2,5.464500005473383,14.72720000310801,0.3625999961514026,0.000300002284348011,15.09010000154376,20.554600007017143,0
1001,d_validation_1920_1080_daylight_2,5.198599988943897,15.041600010590628,0.36449999606702477,0.000200001522898674,15.406300008180551,20.60489999712445,0
1002,d_validation_1920_1080_daylight_2,5.932000000029802,22.558099997695535,0.5099999980302528,0.000300002284348011,23.068399998010136,29.00039999803994,0
1003,d_validation_1920_1080_daylight_2,5.804699991131201,22.89520000340417,0.49590000708121806,0.00039998849388211966,23.39149999897927,29.196199990110472,0
1004,d_validation_1920_1080_daylight_2,6.011500008753501,22.774899989599362,1.0130000009667128,0.3761999978451058,24.16409998841118,30.17559999716468,3
1005,d_validation_1920_1080_daylight_2,6.489000006695278,22.822699989774264,1.0346000053687021,0.29579999682027847,24.153099991963245,30.642099998658523,2
1006,d_validation_1920_1080_daylight_2,6.193599998368882,21.258000007946976,0.37119998887646943,0.00100000761449337,21.63020000443794,27.82380000280682,0
1007,d_validation_1920_1080_daylight_2,5.163199995877221,20.77139999892097,0.3576000017346814,0.000300002284348011,21.12930000294,26.29249999881722,0
1008,d_validation_1920_1080_daylight_2,5.343299999367446,20.921300005284138,0.3333999920869246,0.000300002284348011,21.25499999965541,26.598299999022856,0
1009,d_validation_1920_1080_daylight_2,5.329000006895512,22.49229999142699,0.43560001358855516,0.00029998773243278265,22.928199992747977,28.25719999964349,0
1010,d_validation_1920_1080_daylight_2,7.210000010672957,22.703999988152646,0.43480000749696046,0.000300002284348011,23.139099997933954,30.34910000860691,0
1011,d_validation_1920_1080_daylight_2,6.125400002929382,15.573500000755303,0.29779999749735,0.000300002284348011,15.871600000537,21.997000003466383,0
1012,d_validation_1920_1080_daylight_2,5.9422000049380586,17.82749999256339,0.2880000101868063,0.00029998773243278265,18.11579999048263,24.057999995420687,0
1013,d_validation_1920_1080_daylight_2,5.12410000374075,15.025099986814894,0.2631000097608194,0.000200001522898674,15.288399998098612,20.412500001839362,0
1014,d_validation_1920_1080_daylight_2,5.945899989455938,22.378300011041574,0.33460000122431666,0.00039998849388211966,22.713300000759773,28.65919999021571,0
1015,d_validation_1920_1080_daylight_2,4.624199995305389,21.213200001511723,0.3389000048628077,0.00029998773243278265,21.552399994106963,26.176599989412352,0
1016,d_validation_1920_1080_daylight_2,5.4681000037817284,22.60019999812357,0.2562000008765608,0.000300002284348011,22.85670000128448,28.32480000506621,0
1017,d_validation_1920_1080_daylight_2,4.883400004473515,21.362900006351992,0.30359999800566584,0.000300002284348011,21.666800006642006,26.55020001111552,0
1018,d_validation_1920_1080_daylight_2,5.433599988464266,22.236000004340895,0.2648000081535429,0.00039998849388211966,22.50120000098832,27.934799989452586,0
1019,d_validation_1920_1080_daylight_2,5.497799997101538,22.51730000716634,0.2482999989297241,0.000400003045797348,22.766000009141862,28.2638000062434,0
1020,d_validation_1920_1080_daylight_2,6.5765999897848815,15.550700001767837,0.25800000003073364,0.000300002284348011,15.809000004082918,22.3855999938678,0
1021,d_validation_1920_1080_daylight_2,6.760299991583452,22.98270000028424,0.24550000671297312,0.00039998849388211966,23.228599995491095,29.988899987074547,0
1022,d_validation_1920_1080_daylight_2,6.868399999802932,22.638099995674565,0.2482999989297241,0.000400003045797348,22.886799997650087,29.75519999745302,0
1023,d_validation_1920_1080_daylight_2,6.867000003694557,15.216900006635115,0.1640999980736524,0.000300002284348011,15.381300006993115,22.24830001068767,0
1024,d_validation_1920_1080_daylight_2,6.022600005962886,23.286299998289905,0.19489999976940453,0.000200001522898674,23.48139999958221,29.504000005545095,0
1025,d_validation_1920_1080_daylight_2,6.844900010037236,21.239099995000288,0.1672000071266666,0.00019998697098344564,21.406499989097938,28.251399999135174,0
1026,d_validation_1920_1080_daylight_2,6.2350999942282215,21.462000004248694,0.374399998690933,0.31970000418368727,22.156100007123314,28.391200001351535,2
1027,d_validation_1920_1080_daylight_2,7.1373999962816015,22.652799991192296,0.1816000003600493,0.000900006853044033,22.83529999840539,29.97269999468699,0
1028,d_validation_1920_1080_daylight_2,7.47689999116119,23.09510001214221,0.3063999902224168,0.18760000239126384,23.589100004755892,31.065999995917082,1
1029,d_validation_1920_1080_daylight_2,7.104699994670227,22.06010000372771,0.39799998921807855,0.21290000586304814,22.67099999880884,29.775699993479066,1
1030,d_validation_1920_1080_daylight_2,7.695099993725307,22.81020001100842,0.4222999996272847,0.19979999342467636,23.43230000406038,31.127399997785687,1
1031,d_validation_1920_1080_daylight_2,7.459800006472506,18.58429999265354,0.1745000045048073,0.000600004568696022,18.759400001727045,26.21920000819955,0
1032,d_validation_1920_1080_daylight_2,7.444700007908978,18.26989999972284,0.16959999629762024,0.000300002284348011,18.439799998304807,25.884500006213784,0
1033,d_validation_1920_1080_daylight_2,6.7673000012291595,14.674899997771718,0.5193000106373802,0.21069998911116272,15.40489999752026,22.17219999874942,1
1034,d_validation_1920_1080_daylight_2,7.507700007408857,22.280399993178435,0.1748000067891553,0.000700005330145359,22.455900005297735,29.963600012706593,0
1035,d_validation_1920_1080_daylight_2,6.4171999983955175,20.94980000401847,0.17379999917466193,0.000400003045797348,21.12400000623893,27.541200004634447,0
1036,d_validation_1920_1080_daylight_2,6.790899991756305,20.159300009254366,0.3884999896399677,0.2082999999402091,20.756099998834543,27.546999990590848,1
1037,d_validation_1920_1080_daylight_2,6.726199993863702,22.15540000179317,0.1500999933341518,0.000700005330145359,22.306200000457466,29.032399994321167,0
1038,d_validation_1920_1080_daylight_2,6.855900006485172,20.814099989365786,0.14740000187885016,0.000200001522898674,20.961699992767535,27.817599999252707,0
1039,d_validation_1920_1080_daylight_2,6.561699992744252,21.736400012741797,0.388299988117069,0.19920000340789557,22.32390000426676,28.885599997011013,1
1040,d_validation_1920_1080_daylight_2,7.352800006628968,22.59520000370685,0.18699999782256782,0.0005999900167807937,22.7827999915462,30.135599998175167,0
1041,d_validation_1920_1080_daylight_2,7.313399997656234,16.520400007721037,0.15139998868107796,0.000300002284348011,16.672099998686463,23.985499996342696,0
1042,d_validation_1920_1080_daylight_2,7.069300001603551,22.522900006151758,0.39770000148564577,0.2089000045089051,23.12950001214631,30.19880001374986,1
1043,d_validation_1920_1080_daylight_2,7.096900008036755,22.825899999588728,0.26760000037029386,0.000700005330145359,23.094200005289167,30.191100013325922,0
1044,d_validation_1920_1080_daylight_2,6.901500004460104,23.35319999838248,0.45780000800732523,0.3171999996993691,24.128200006089173,31.029700010549277,2
1045,d_validation_1920_1080_daylight_2,6.7156000004615635,22.52050000242889,0.21980000019539148,0.0010999938240274787,22.74139999644831,29.45699999690987,0
1046,d_validation_1920_1080_daylight_2,6.4168999961111695,22.258099997998215,0.17850000585895032,0.000200001522898674,22.436800005380064,28.853700001491234,0
1047,d_validation_1920_1080_daylight_2,5.639900002279319,21.79959999921266,0.17379999917466193,0.000300002284348011,21.97370000067167,27.61360000295099,0
1048,d_validation_1920_1080_daylight_2,5.864199993084185,20.896100002573803,0.18200000340584666,0.000300002284348011,21.078400008263998,26.942600001348183,0
1049,d_validation_1920_1080_daylight_2,6.073899989132769,22.726600000169128,0.5803000094601884,0.5789999995613471,23.885900009190664,29.959799998323433,6
1050,d_validation_1920_1080_daylight_2,6.696500000543892,22.405299998354167,0.6750000029569492,0.3677000058814883,23.448000007192604,30.144500007736497,3
1051,d_validation_1920_1080_daylight_2,7.048600004054606,22.54469999752473,0.5281999910948798,0.28070001280866563,23.353600001428276,30.402200005482882,2
1052,d_validation_1920_1080_daylight_2,7.381699993857183,22.347300007822923,0.6785000005038455,0.19540000357665122,23.22120001190342,30.602900005760603,1
1053,d_validation_1920_1080_daylight_2,6.9481999962590635,20.82689999951981,0.49849999777507037,0.18529999942984432,21.510699996724725,28.45889999298379,1
1054,d_validation_1920_1080_daylight_2,6.9774000003235415,23.27730000251904,0.6664999964414164,0.21529999503400177,24.15909999399446,31.136499994318,1
1055,d_validation_1920_1080_daylight_2,5.907300001126714,22.49009998922702,0.7240000122692436,0.29489998996723443,23.508999991463497,29.41629999259021,2
1056,d_validation_1920_1080_daylight_2,6.370399991283193,22.79380000254605,0.37680000241380185,0.0010999938240274787,23.17169999878388,29.542099990067072,0
1057,d_validation_1920_1080_daylight_2,6.724799997755326,20.01330000348389,0.6009999924572185,0.3536000003805384,20.96789999632165,27.692699994076975,3
1058,d_validation_1920_1080_daylight_2,6.649599992670119,19.989400010672398,0.3878999996231869,0.0013999961083754897,20.37870000640396,27.02829999907408,0
1059,d_validation_1920_1080_daylight_2,6.63160000112839,23.1569000025047,0.7805999921401963,0.29710000671911985,24.234600001364015,30.866200002492405,2
1060,d_validation_1920_1080_daylight_2,6.6752999991877005,21.87650000269059,0.5883999983780086,0.1779000012902543,22.642800002358854,29.318100001546554,1
1061,d_validation_1920_1080_daylight_2,6.8352999951457605,23.760299998684786,0.7610000029671937,0.19700000120792538,24.718300002859905,31.553599998005666,1
1062,d_validation_1920_1080_daylight_2,6.964400003198534,22.352400003001094,0.6726999999955297,0.4126999992877245,23.437800002284348,30.402200005482882,4
1063,d_validation_1920_1080_daylight_2,7.360600007814355,22.0052999939071,0.9890000073937699,0.5529999907594174,23.54729999206029,30.907899999874644,5
1064,d_validation_1920_1080_daylight_2,7.530000002589077,18.465800007106736,0.8859999943524599,0.552199999219738,19.904000000678934,27.43400000326801,6
1065,d_validation_1920_1080_daylight_2,7.543100000475533,22.85519998986274,1.2873000086983666,0.6788000027881935,24.8213000013493,32.36440000182483,7
1066,d_validation_1920_1080_daylight_2,7.432199985487387,22.390300000552088,1.3168000004952773,0.5606000049738213,24.267700006021187,31.699899991508573,6
1067,d_validation_1920_1080_daylight_2,7.994500003405847,22.4166999978479,1.078299988876097,0.3651000006357208,23.860099987359717,31.854599990765564,3
1068,d_validation_1920_1080_daylight_2,7.932900000014342,20.521099999314174,1.1142000003019348,0.29240000003483146,21.92769999965094,29.860599999665283,2
1069,d_validation_1920_1080_daylight_2,7.990199999767356,20.731700002215803,0.7879999902797863,0.21379999816417694,21.733499990659766,29.72369999042712,1
1070,d_validation_1920_1080_daylight_2,7.943500007968396,16.7168999905698,0.7848000095691532,0.19039999460801482,17.692099994746968,25.635600002715364,1
1071,d_validation_1920_1080_daylight_2,8.078200000454672,17.01870000397321,0.41140000394079834,0.0005999900167807937,17.430699997930788,25.50889999838546,0
1072,d_validation_1920_1080_daylight_2,7.128600002033636,23.66400000755675,0.4047999973408878,0.000300002284348011,24.069100007181987,31.197700009215623,0
1073,d_validation_1920_1080_daylight_2,7.24869999976363,22.953299994696863,0.40689999877940863,0.000300002284348011,23.36049999576062,30.60919999552425,0
1074,d_validation_1920_1080_daylight_2,6.362300002365373,14.846199992462061,0.8964000007836148,0.000300002284348011,15.742899995530024,22.105199997895397,0
1075,d_validation_1920_1080_daylight_2,7.010800007265061,15.866899993852712,0.4023000074084848,0.000300002284348011,16.269500003545545,23.280300010810606,0
1076,d_validation_1920_1080_daylight_2,7.615000009536743,16.203899998799898,0.9959999879356474,0.1945000112755224,17.394399998011068,25.00940000754781,1
1077,d_validation_1920_1080_daylight_2,8.708599998499267,21.222299998044036,0.5387999990489334,0.000600004568696022,21.761700001661666,30.470300000160933,0
1078,d_validation_1920_1080_daylight_2,7.048100000247359,22.811899994849227,0.7438000029651448,0.18889999773819,23.744599995552562,30.79269999579992,1
1079,d_validation_1920_1080_daylight_2,8.564100004150532,15.572000003885478,0.41319998854305595,0.000800006091594696,15.985999998520128,24.55010000267066,0
1080,d_validation_1920_1080_daylight_2,7.132899991120212,18.45040000625886,0.742000003810972,0.1745999907143414,19.367000000784174,26.499899991904385,1
1081,d_validation_1920_1080_daylight_2,7.976900000358,19.798299996182323,0.6987999950069934,0.17710000975057483,20.67420000093989,28.65110000129789,1
1082,d_validation_1920_1080_daylight_2,7.21019999764394,22.70620000490453,0.9847000037552789,0.48099999548867345,24.171900004148483,31.382100001792423,4
1083,d_validation_1920_1080_daylight_2,7.23019998986274,17.156600006273948,0.8537999965483323,0.40940000326372683,18.419800006086007,25.649999995948747,4
1084,d_validation_1920_1080_daylight_2,6.622499990044162,16.610600010608323,0.8550999918952584,0.3453999961493537,17.811099998652935,24.433599988697097,4
1085,d_validation_1920_1080_daylight_2,7.365299999946728,18.336399996769615,0.6717000069329515,0.1917999907163903,19.199899994418956,26.565199994365685,1
1086,d_validation_1920_1080_daylight_2,7.422299997415394,18.615300010424107,0.7175999926403165,0.27469999622553587,19.60759999928996,27.029899996705353,2
1087,d_validation_1920_1080_daylight_2,7.126500000595115,19.671100002597086,0.7042999932309613,0.1838000025600195,20.559199998388067,27.685699998983182,1
1088,d_validation_1920_1080_daylight_2,7.470800002920441,22.29069999884814,0.7105999975465238,0.182400006451644,23.183700002846308,30.65450000576675,1
1089,d_validation_1920_1080_daylight_2,7.189900003140792,21.99500000278931,0.7266000029630959,0.2862999972421676,23.007900002994575,30.197800006135367,2
1090,d_validation_1920_1080_daylight_2,7.590799999888986,22.81569999468047,0.9166000090772286,0.2111999929184094,23.94349999667611,31.534299996565096,1
1091,d_validation_1920_1080_daylight_2,7.7705000003334135,20.293199995649047,0.47730001097079366,0.0009999930625781417,20.77149999968242,28.542000000015832,0
1092,d_validation_1920_1080_daylight_2,8.423300008871593,24.145499992300756,0.4751000087708235,0.000300002284348011,24.620900003355928,33.04420001222752,0
1093,d_validation_1920_1080_daylight_2,7.833699986804277,22.901600008481182,0.4676999960793182,0.000200001522898674,23.3695000060834,31.203199992887676,0
1094,d_validation_1920_1080_daylight_2,6.881499997689389,22.557000003871508,0.8817999914754182,0.4398000019136816,23.878599997260608,30.760099994949996,4
1095,d_validation_1920_1080_daylight_2,8.06820001162123,22.51799999794457,0.41149999015033245,0.001500011421740055,22.930999999516644,30.999200011137873,0
1096,d_validation_1920_1080_daylight_2,7.227200010675006,22.54259999608621,0.44889999844599515,0.000300002284348011,22.991799996816553,30.21900000749156,0
1097,d_validation_1920_1080_daylight_2,8.178999996744096,23.198700000648387,0.8104000007733703,0.2158999996026978,24.225000001024455,32.40399999776855,1
1098,d_validation_1920_1080_daylight_2,6.733299989718944,21.705899998778477,0.39310001011472195,0.0005999900167807937,22.09959999890998,28.832899988628924,0
1099,d_validation_1920_1080_daylight_2,6.8738999980269,21.877200008020736,0.5609999934677035,0.3440000000409782,22.782200001529418,29.656099999556318,3
1100,d_validation_1920_1080_daylight_2,6.7156000004615635,19.95070000702981,0.7687000033911318,0.23879999935161322,20.958200009772554,27.673800010234118,1
1101,d_validation_1920_1080_daylight_2,7.581199999549426,16.43230000627227,0.5762000073445961,0.2446999860694632,17.25319999968633,24.834399999235757,2
1102,d_validation_1920_1080_daylight_2,7.1886999940034,21.61970001179725,0.6256999913603067,0.41540000529494137,22.660800008452497,29.849500002455898,4
1103,d_validation_1920_1080_daylight_2,7.4354999960632995,17.087600004742853,0.7667999889235944,0.5167000053916126,18.37109999905806,25.80659999512136,5
1104,d_validation_1920_1080_daylight_2,7.373200001893565,22.55729999160394,1.123800000641495,0.487600002088584,24.16869999433402,31.541899996227585,5
1105,d_validation_1920_1080_daylight_2,7.236199991893955,20.021300006192178,0.7003999926382676,0.4123000107938424,21.134000009624287,28.370200001518242,4
1106,d_validation_1920_1080_daylight_2,7.238200007122941,22.207699992577545,1.004700010525994,0.19619999511633068,23.40859999821987,30.64680000534281,1
1107,d_validation_1920_1080_daylight_2,7.129599995096214,22.273199996561743,0.7593000045744702,0.34309999318793416,23.375599994324148,30.505199989420362,3
1108,d_validation_1920_1080_daylight_2,7.044099998893216,22.338599999784492,1.0220000112894922,0.199399990378879,23.560000001452863,30.60410000034608,1
1109,d_validation_1920_1080_daylight_2,7.151199999498203,22.047999998903833,0.40020000596996397,0.000600004568696022,22.448800009442493,29.600000008940697,0
1110,d_validation_1920_1080_daylight_2,6.29599999228958,19.498199995723553,1.012400010949932,0.19949999114032835,20.710099997813813,27.006099990103394,1
1111,d_validation_1920_1080_daylight_2,7.8400000056717545,17.326200002571568,0.457499991171062,0.000600004568696022,17.784299998311326,25.62430000398308,0
1112,d_validation_1920_1080_daylight_2,6.797299996833317,14.723700005561113,0.4047999973408878,0.000300002284348011,15.12880000518635,21.926100002019666,0
1113,d_validation_1920_1080_daylight_2,6.659799997578375,20.82989999325946,0.37900000461377203,0.000300002284348011,21.20920000015758,27.868999997735955,0
1114,d_validation_1920_1080_daylight_2,6.661500010523014,19.697700001415797,1.0596999927656725,0.42860000394284725,21.185999998124316,27.84750000864733,4
1115,d_validation_1920_1080_daylight_2,7.479299994884059,20.968700002413243,0.7955000037327409,0.35170000046491623,22.1159000066109,29.59520000149496,3
1116,d_validation_1920_1080_daylight_2,7.118499997886829,17.61650000116788,0.8564000017940998,0.4044999950565398,18.877399998018518,25.995899995905347,4
1117,d_validation_1920_1080_daylight_2,6.541999988257885,15.81020001322031,0.883299988345243,0.556200000573881,17.249700002139434,23.79169999039732,6
1118,d_validation_1920_1080_daylight_2,6.421099998988211,17.772899998817593,1.4460000093095005,0.6048999930499122,19.823800001177005,26.244900000165217,6
1119,d_validation_1920_1080_daylight_2,6.808899997849949,16.895900000235997,1.0711000068113208,0.5447000003186986,18.511700007366017,25.320600005215965,6
1120,d_validation_1920_1080_daylight_2,7.146000003558584,23.368900001514703,1.294500005315058,0.4415000003064051,25.104900007136166,32.25090001069475,4
1121,d_validation_1920_1080_daylight_2,7.314600006793626,15.617099998053163,0.9870000067166984,0.5570999928750098,17.16119999764487,24.475800004438497,5
1122,d_validation_1920_1080_daylight_2,6.5116999903693795,18.197900004452094,0.41739999142009765,0.001800013706088066,18.61710000957828,25.12879999994766,0
1123,d_validation_1920_1080_daylight_2,6.515000000945292,21.520499998587184,0.4093000025022775,0.000400003045797348,21.93020000413526,28.44520000508055,0
1124,d_validation_1920_1080_daylight_2,6.543600000441074,20.972399986931123,0.8083000138867646,0.27829999453388155,22.05899999535177,28.602599995792843,2
1125,d_validation_1920_1080_daylight_2,7.623199999216013,22.111699989181943,1.153600009274669,0.3104999923380092,23.57579999079462,31.198999990010634,2
1126,d_validation_1920_1080_daylight_2,7.2791999991750345,17.610499999136664,0.9027000050991774,0.3426000039326027,18.855800008168444,26.13500000734348,3
1127,d_validation_1920_1080_daylight_2,7.545700005721301,21.9063999975333,1.1845999979414046,0.35339999885763973,23.444399994332343,30.990100000053644,3
1128,d_validation_1920_1080_daylight_2,7.634699999471195,23.423000006005168,0.6920000014360994,0.0010999938240274787,24.116100001265295,31.75080000073649,0
1129,d_validation_1920_1080_daylight_2,7.423500006552786,16.08970000233967,0.8470000029774383,0.34309999318793416,17.27979999850504,24.703300005057827,3
1130,d_validation_1920_1080_daylight_2,6.559800007380545,18.336399996769615,0.45479999971576035,0.0010999938240274787,18.792299990309402,25.352099997689947,0
1131,d_validation_1920_1080_daylight_2,5.707400006940588,20.00180000322871,0.4293999954825267,0.000300002284348011,20.431500000995584,26.138900007936172,0
1132,d_validation_1920_1080_daylight_2,6.4796000078786165,20.716300001367927,0.5547999899135903,0.000400003045797348,21.271499994327314,27.75110000220593,0
1133,d_validation_1920_1080_daylight_2,6.608399999095127,16.54229999985546,0.40129999979399145,0.000200001522898674,16.94380000117235,23.552200000267476,0
1134,d_validation_1920_1080_daylight_2,7.2546000010333955,22.557100004632957,0.9962999902199954,0.21380001271609217,23.767200007569045,31.02180000860244,1
1135,d_validation_1920_1080_daylight_2,7.114199994248338,20.55530001234729,0.5393999890657142,0.000800006091594696,21.095500007504597,28.209700001752935,0
1136,d_validation_1920_1080_daylight_2,7.335899994359352,22.74539999780245,0.4985999985365197,0.000400003045797348,23.24439999938477,30.58029999374412,0
1137,d_validation_1920_1080_daylight_2,7.077900008880533,22.52030000090599,0.33659998734947294,0.000300002284348011,22.85719999053981,29.935099999420345,0
1138,d_validation_1920_1080_daylight_2,6.526299999677576,20.71010001236573,0.36859999818261713,0.000300002284348011,21.079000012832694,27.60530001251027,0
1139,d_validation_1920_1080_daylight_2,6.1953999975230545,20.270900000468828,0.3152999997837469,0.000300002284348011,20.586500002536923,26.781900000059977,0
1140,d_validation_1920_1080_daylight_2,6.26639999973122,20.69590000610333,0.30220000189729035,0.000200001522898674,20.99830000952352,27.26470000925474,0
1141,d_validation_1920_1080_daylight_2,7.169199991039932,22.32459999504499,0.5809000140288845,0.19489999976940453,23.10040000884328,30.269599999883212,1
1142,d_validation_1920_1080_daylight_2,7.869399996707216,22.064899996621534,0.6369000038830563,0.1849999971454963,22.886799997650087,30.756199994357303,1
1143,d_validation_1920_1080_daylight_2,7.307500010938384,21.057999998447485,0.6275999912759289,0.19150000298395753,21.87709999270737,29.184600003645755,1
1144,d_validation_1920_1080_daylight_2,6.706000000122003,21.256299995002337,0.30250000418163836,0.000800006091594696,21.55960000527557,28.265600005397573,0
1145,d_validation_1920_1080_daylight_2,6.185899997944944,21.810100006405264,0.4107999993721023,0.000300002284348011,22.221200008061714,28.407100006006658,0
1146,d_validation_1920_1080_daylight_2,6.283100010477938,22.001399993314408,0.2739000046858564,0.000400003045797348,22.27570000104606,28.558800011524,0
1147,d_validation_1920_1080_daylight_2,6.638399994699284,21.97869999508839,0.6584000075235963,0.21009999909438193,22.84720000170637,29.485599996405654,1
1148,d_validation_1920_1080_daylight_2,7.6791999890701845,20.50009999948088,0.23850001161918044,0.0006999907782301307,20.73930000187829,28.418499990948476,0
1149,d_validation_1920_1080_daylight_2,6.716199990478344,20.35190000606235,0.6305999995674938,0.22610000451095402,21.2086000101408,27.924800000619143,1
1150,d_validation_1920_1080_daylight_2,7.2899999941000715,21.36100000643637,0.5208999937167391,0.3542000049492344,22.236100005102344,29.526099999202415,3
1151,d_validation_1920_1080_daylight_2,7.8618999978061765,17.438299997593276,0.531600002432242,0.3539999888744205,18.32389998889994,26.185799986706115,3
1152,d_validation_1920_1080_daylight_2,8.079500010353513,22.696799991535954,0.8754000009503216,0.39509999623987824,23.967299988726154,32.04679999907967,3
1153,d_validation_1920_1080_daylight_2,6.847499986179173,21.207200014032423,0.4957999917678535,0.3708000003825873,22.073800006182864,28.921299992362037,2
1154,d_validation_1920_1080_daylight_2,7.541700004367158,23.262000002432615,0.7339000003412366,0.487299999804236,24.483200002578087,32.024900006945245,4
1155,d_validation_1920_1080_daylight_2,8.27690000005532,21.995599992806092,0.5502999993041158,0.18420000560581684,22.730099997716025,31.006999997771345,1
1156,d_validation_1920_1080_daylight_2,6.948200010810979,22.1017000003485,0.3318999952170998,0.000700005330145359,22.434300000895746,29.382500011706725,0
1157,d_validation_1920_1080_daylight_2,6.922300002770498,14.860299997963011,0.2745000092545524,0.00029998773243278265,15.135099994949996,22.057399997720495,0
1158,d_validation_1920_1080_daylight_2,7.50289999996312,22.44309999514371,0.33200001053046435,0.00029998773243278265,22.77539999340661,30.27829999336973,0
1159,d_validation_1920_1080_daylight_2,6.801499999710359,20.952800012310036,0.2314999874215573,0.000300002284348011,21.18460000201594,27.9861000017263,0
1160,d_validation_1920_1080_daylight_2,5.840300000272691,14.566400001058355,0.3222999948775396,0.000300002284348011,14.888999998220243,20.729299998492934,0
1161,d_validation_1920_1080_daylight_2,6.357600010233,16.71609999903012,0.4692999937105924,0.2426999999443069,17.42809999268502,23.78570000291802,2
1162,d_validation_1920_1080_daylight_2,6.902099994476885,18.16770000732504,0.30139999580569565,0.0010999938240274787,18.47019999695476,25.372299991431646,0
1163,d_validation_1920_1080_daylight_2,7.026700011920184,22.55089998652693,0.29260000155773014,0.000200001522898674,22.843699989607558,29.87040000152774,0
1164,d_validation_1920_1080_daylight_2,7.227000009152107,22.8108000010252,0.29399999766610563,0.000300002284348011,23.105100000975654,30.33210001012776,0
1165,d_validation_1920_1080_daylight_2,7.263699997565709,22.950200000195764,0.29510000604204834,0.000200001522898674,23.24550000776071,30.50920000532642,0
1166,d_validation_1920_1080_daylight_2,7.6662000064970925,16.033299994887784,0.22139999782666564,0.000300002284348011,16.254999994998798,23.92120000149589,0
1167,d_validation_1920_1080_daylight_2,6.742999990819953,15.864800006966107,0.2840999950421974,0.000300002284348011,16.149200004292652,22.892199995112605,0
1168,d_validation_1920_1080_daylight_2,7.164399998146109,22.70279999356717,0.2840999950421974,0.000400003045797348,22.987299991655163,30.151699989801273,0
1169,d_validation_1920_1080_daylight_2,7.4727000028360635,22.7141999930609,0.28649999876506627,0.000300002284348011,23.000999994110316,30.47369999694638,0
1170,d_validation_1920_1080_daylight_2,7.352600005106069,23.04389998607803,0.2855000057024881,0.000300002284348011,23.329699994064867,30.682299999170937,0
1171,d_validation_1920_1080_daylight_2,7.502199994632974,23.613400000613183,0.218400004087016,0.000300002284348011,23.832100006984547,31.33430000161752,0
1172,d_validation_1920_1080_daylight_2,6.393999996362254,20.78839999740012,0.2195999986724928,0.000200001522898674,21.00819999759551,27.402199993957765,0
1173,d_validation_1920_1080_daylight_2,6.460700009483844,20.804699990549125,0.2275000006193295,0.000200001522898674,21.032399992691353,27.493100002175197,0
1174,d_validation_1920_1080_daylight_2,6.8060999910812825,22.72760000778362,0.2834000042639673,0.00029998773243278265,23.01129999978002,29.817399990861304,0
1175,d_validation_1920_1080_daylight_2,6.992599999648519,22.7424000040628,0.4520999937085435,0.29290000384207815,23.487400001613423,30.480000001261942,2
1176,d_validation_1920_1080_daylight_2,7.690699989325367,21.177900009206496,0.4530000005615875,0.18529999942984432,21.816200009197928,29.506899998523295,1
1177,d_validation_1920_1080_daylight_2,7.718499997281469,22.008400002960116,0.23729998792987317,0.000900006853044033,22.246599997743033,29.965099995024502,0
1178,d_validation_1920_1080_daylight_2,6.574600003659725,20.65049999509938,0.23770000552758574,0.000400003045797348,20.888600003672764,27.46320000733249,0
1179,d_validation_1920_1080_daylight_2,5.197000005864538,22.255699994275346,0.5215999990468845,0.4364000051282346,23.213699998450466,28.410700004315004,4
1180,d_validation_1920_1080_daylight_2,6.071499999961816,21.74719999311492,0.25969999842345715,0.001500011421740055,22.008400002960116,28.07990000292193,0
1181,d_validation_1920_1080_daylight_2,5.842999991727993,14.720800012582913,0.2488999889465049,0.000200001522898674,14.969900003052317,20.81289999478031,0
1182,d_validation_1920_1080_daylight_2,5.712500002118759,21.999699994921684,0.2941000129794702,0.00029998773243278265,22.294099995633587,28.006599997752346,0
1183,d_validation_1920_1080_daylight_2,6.6802000073948875,22.490699993795715,0.2969000051962212,0.000300002284348011,22.787900001276284,29.468100008671172,0
1184,d_validation_1920_1080_daylight_2,6.773200002498925,22.859999997308478,0.524500006577,0.2094999945256859,23.593999998411164,30.36720000091009,1
1185,d_validation_1920_1080_daylight_2,6.633999990299344,21.735000002081506,0.20209999638609588,0.000600004568696022,21.937700003036298,28.571699993335642,0
1186,d_validation_1920_1080_daylight_2,5.980300004011951,14.513400004943833,0.35679999564308673,0.17510000907350332,15.045300009660423,21.025600013672374,1
1187,d_validation_1920_1080_daylight_2,6.501700001535937,16.706099995644763,0.37790001078974456,0.3023000026587397,17.386300009093247,23.888000010629185,1
1188,d_validation_1920_1080_daylight_2,6.616400001803413,21.61049999995157,0.23230000806506723,0.0006999907782301307,21.84349999879487,28.45990000059828,0
1189,d_validation_1920_1080_daylight_2,5.5877999984659255,18.864199999370612,0.1799000019673258,0.000300002284348011,19.044400003622286,24.63220000208821,0
1190,d_validation_1920_1080_daylight_2,5.846899992320687,14.56410001264885,0.18029999046120793,0.000200001522898674,14.744600004632957,20.591499996953644,0
1191,d_validation_1920_1080_daylight_2,5.789499991806224,14.6524000010686,0.1799000019673258,0.000300002284348011,14.832600005320273,20.622099997126497,0
1192,d_validation_1920_1080_daylight_2,6.004499999107793,22.549600005731918,0.38019999919924885,0.20290000247769058,23.132700007408857,29.13720000651665,1
1193,d_validation_1920_1080_daylight_2,6.5697999962139875,19.54880000266712,0.17919999663718045,0.000600004568696022,19.728600003872998,26.298400000086986,0
1194,d_validation_1920_1080_daylight_2,5.963900010101497,18.756799996481277,0.17159999697469175,0.000300002284348011,18.928699995740317,24.892600005841814,0
1195,d_validation_1920_1080_daylight_2,5.927599995629862,14.819200005149469,0.17949999892152846,0.000300002284348011,14.999000006355345,20.926600001985207,0
1196,d_validation_1920_1080_daylight_2,5.309000000124797,22.670299993478693,0.17640000442042947,0.000400003045797348,22.84710000094492,28.156100001069717,0
1197,d_validation_1920_1080_daylight_2,5.034899993916042,23.23400000750553,0.23259999579750001,0.000300002284348011,23.466900005587377,28.50179999950342,0
1198,d_validation_1920_1080_daylight_2,5.6324000033782795,22.76690000144299,0.22170000011101365,0.000300002284348011,22.988900003838353,28.621300007216632,0
1199,d_validation_1920_1080_daylight_2,6.309599993983284,23.117100005038083,0.44829999387729913,0.2060999977402389,23.77149999665562,30.081099990638904,1
1200,d_validation_1920_1080_daylight_2,6.021499997586943,22.638499998720363,0.23079999664332718,0.000800006091594696,22.870100001455285,28.891599999042228,0
1201,d_validation_1920_1080_daylight_2,6.155600000056438,23.118600001907907,0.633100004051812,0.8035000064410269,24.555200012400746,30.710800012457184,8
1202,d_validation_1920_1080_daylight_2,5.968800003756769,23.24650000082329,0.6772999913664535,0.1993000041693449,24.123099996359088,30.091900000115857,1
1203,d_validation_1920_1080_daylight_2,5.928499987930991,17.424000005121343,0.5345999961718917,0.19120000069960952,18.149800001992844,24.078299989923835,1
1204,d_validation_1920_1080_daylight_2,6.080599996494129,22.06419999129139,0.6864000024506822,0.2106000029016286,22.9611999966437,29.04179999313783,1
1205,d_validation_1920_1080_daylight_2,6.447299994761124,18.747900001471862,0.3171999996993691,0.000700005330145359,19.065800006501377,25.5131000012625,0
1206,d_validation_1920_1080_daylight_2,6.64649999816902,21.787800011225045,0.32359999022446573,0.000400003045797348,22.111800004495308,28.758300002664328,0
1207,d_validation_1920_1080_daylight_2,7.024899998214096,21.804399992106482,0.2933000068878755,0.000400003045797348,22.098100002040155,29.12300000025425,0
1208,d_validation_1920_1080_daylight_2,6.673399999272078,23.26990000437945,0.23829999554436654,0.000400003045797348,23.508600002969615,30.182000002241693,0
1209,d_validation_1920_1080_daylight_2,6.279199995333329,14.832600005320273,0.21909999486524612,0.000400003045797348,15.052100003231317,21.331299998564646,0
1210,d_validation_1920_1080_daylight_2,6.1157000018283725,22.337900009006262,0.28619999648071826,0.000300002284348011,22.624400007771328,28.7401000095997,0
1211,d_validation_1920_1080_daylight_2,7.027600004221313,22.440599990659393,0.2463000128045678,0.00029998773243278265,22.687199991196394,29.714799995417707,0
1212,d_validation_1920_1080_daylight_2,7.226300003821962,22.94619999884162,0.19439999596215785,0.000300002284348011,23.140899997088127,30.36720000091009,0
1213,d_validation_1920_1080_daylight_2,6.1123000050429255,22.016399991116486,0.43670000741258264,0.4154999915044755,22.868599990033545,28.98089999507647,4
1214,d_validation_1920_1080_daylight_2,7.22660000610631,22.642500000074506,0.526999996509403,0.47810000251047313,23.647599999094382,30.87420000520069,4
1215,d_validation_1920_1080_daylight_2,7.047599996440113,16.81480000843294,0.49900000158231705,0.189200000022538,17.503000010037795,24.550600006477907,1
1216,d_validation_1920_1080_daylight_2,7.103700001607649,17.059700010577217,0.25349999486934394,0.0007999915396794677,17.31399999698624,24.41769999859389,0
1217,d_validation_1920_1080_daylight_2,6.645899993600324,22.43060000182595,0.63340000633616,0.20549999317154288,23.269500001333654,29.915399994933978,1
1218,d_validation_1920_1080_daylight_2,7.453799989889376,21.057600009953603,0.30279999191407114,0.000700005330145359,21.36110000719782,28.814899997087196,0
1219,d_validation_1920_1080_daylight_2,6.495200010249391,20.558999996865168,0.5398999928729609,0.5182000022614375,21.617099991999567,28.112300002248958,5
1220,d_validation_1920_1080_daylight_2,7.6108000066597015,21.699699995224364,0.5482999986270443,0.2032000047620386,22.451199998613447,30.06200000527315,1
1221,d_validation_1920_1080_daylight_2,7.312199988518842,21.696399999200366,0.5808999994769692,0.18670001009013504,22.46400000876747,29.776199997286312,1
1222,d_validation_1920_1080_daylight_2,7.528500005719252,22.550499998033047,0.38440000207629055,0.000900006853044033,22.93580000696238,30.464300012681633,0
1223,d_validation_1920_1080_daylight_2,7.494999998016283,22.861099991132505,0.756800000090152,0.2651000104378909,23.883000001660548,31.37799999967683,1
1224,d_validation_1920_1080_daylight_2,7.588899999973364,19.596099999034777,0.6436999974539503,0.6699000077787787,20.909700004267506,28.49860000424087,6
1225,d_validation_1920_1080_daylight_2,7.420499998261221,22.40410000376869,0.9492999961366877,0.29779999749735,23.651199997402728,31.07169999566395,2
1226,d_validation_1920_1080_daylight_2,8.03690000611823,21.345000001019798,0.6777999951737002,0.1914000022225082,22.214199998416007,30.251100004534237,1
1227,d_validation_1920_1080_daylight_2,6.888599993544631,22.504400010802783,0.4702000005636364,0.0006999907782301307,22.97530000214465,29.86389999568928,0
1228,d_validation_1920_1080_daylight_2,7.4841000023297966,23.23429999523796,0.4667000030167401,0.000300002284348011,23.70130000053905,31.185400002868846,0
1229,d_validation_1920_1080_daylight_2,6.855100000393577,21.208599995588884,0.46370000927709043,0.00039998849388211966,21.672699993359856,28.527799993753433,0
1230,d_validation_1920_1080_daylight_2,6.974899995839223,20.796099997824058,0.3507000074023381,0.00029998773243278265,21.14709999295883,28.121999988798052,0
1231,d_validation_1920_1080_daylight_2,7.12059999932535,22.924499993678182,0.8861000096658245,0.2108999906340614,24.02149999397807,31.142099993303418,1
1232,d_validation_1920_1080_daylight_2,7.293300004675984,23.084600004949607,0.46719999227207154,0.000700005330145359,23.552500002551824,30.84580000722781,0
1233,d_validation_1920_1080_daylight_2,7.535600001574494,22.67279999796301,0.28900000324938446,0.000300002284348011,22.962100003496744,30.497700005071238,0
1234,d_validation_1920_1080_daylight_2,7.155100000090897,20.967300006304868,0.5778000049758703,0.1883999939309433,21.73350000521168,28.888600005302578,1
1235,d_validation_1920_1080_daylight_2,7.371400002739392,22.41439999488648,0.6055000121705234,0.18459999409969896,23.204500001156703,30.575900003896095,1
1236,d_validation_1920_1080_daylight_2,6.8355999974301085,20.888999992166646,0.8980000129668042,0.9483999892836437,22.735399994417094,29.570999991847202,5
1237,d_validation_1920_1080_daylight_2,7.08199999644421,22.536299991770647,0.7116000051610172,0.4214000073261559,23.66930000425782,30.75130000070203,4
1238,d_validation_1920_1080_daylight_2,7.7855999988969415,22.27370000036899,0.3652000013971701,0.0014999968698248267,22.640399998635985,30.425999997532926,0
1239,d_validation_1920_1080_daylight_2,6.893900004797615,22.00759999686852,0.7390999962808564,0.3837000112980604,23.130400004447438,30.024300009245053,3
1240,d_validation_1920_1080_daylight_2,7.821099992725067,22.177300008479506,0.5225999921094626,0.0012999953469261527,22.701199995935895,30.52229998866096,0
1241,d_validation_1920_1080_daylight_2,7.882400008384138,21.39679998799693,0.37560000782832503,0.000300002284348011,21.7726999981096,29.65510000649374,0
1242,d_validation_1920_1080_daylight_2,6.6353999864077196,15.69990000280086,0.7624999998370185,0.4087999986950308,16.87120000133291,23.50659998774063,3
1243,d_validation_1920_1080_daylight_2,7.058700008201413,20.035099994856864,1.072099999873899,0.36609999369829893,21.473299988429062,28.531999996630475,3
1244,d_validation_1920_1080_daylight_2,7.37239999580197,21.897800004808232,0.41959999362006783,0.001100008375942707,22.318500006804243,29.690900002606213,0
1245,d_validation_1920_1080_daylight_2,6.69460000062827,20.856700008152984,0.785399999585934,0.351999988197349,21.994099995936267,28.688699996564537,3
1246,d_validation_1920_1080_daylight_2,6.998700002441183,22.8309999947669,1.075199994374998,0.28870000096503645,24.194899990106933,31.193599992548116,2
1247,d_validation_1920_1080_daylight_2,7.398600006126799,17.138900002464652,0.4778000002261251,0.0006999907782301307,17.617399993469007,25.015999999595806,0
1248,d_validation_1920_1080_daylight_2,5.721699999412522,19.505199990817346,0.54600001021754,0.000200001522898674,20.051400002557784,25.773100001970306,0
1249,d_validation_1920_1080_daylight_2,6.923300010384992,17.683300000499003,1.00449999445118,0.20500000391621143,18.892799998866394,25.816100009251386,1
1250,d_validation_1920_1080_daylight_2,7.554800002253614,23.17060000495985,1.1808999988716096,0.26679999427869916,24.61829999811016,32.173100000363775,1
1251,d_validation_1920_1080_daylight_2,7.6548000070033595,21.9059999944875,0.7771999953547493,0.42490000487305224,23.108099994715303,30.762900001718663,4
1252,d_validation_1920_1080_daylight_2,7.027000014204532,22.234199990634806,0.5447000003186986,0.0012999953469261527,22.78019998630043,29.807200000504963,0
1253,d_validation_1920_1080_daylight_2,7.2647999913897365,15.10430000780616,0.7452999998349696,0.17389999993611127,16.02350000757724,23.288299998966977,1
1254,d_validation_1920_1080_daylight_2,7.371900006546639,17.942399994353764,0.8345000096596777,0.4130999877816066,19.189999991795048,26.561899998341687,4
1255,d_validation_1920_1080_daylight_2,7.670599996345118,23.144700011471286,1.0983999964082614,0.4898999904980883,24.732999998377636,32.403599994722754,3
1256,d_validation_1920_1080_daylight_2,7.436300002154894,23.113400005968288,1.1598999990383163,0.3645999968284741,24.637900001835078,32.07420000398997,3
1257,d_validation_1920_1080_daylight_2,6.617399994865991,20.838299999013543,0.6208000122569501,0.0012999953469261527,21.46040000661742,28.07780000148341,0
1258,d_validation_1920_1080_daylight_2,6.1615999875357375,23.096500008250587,0.9983000054489821,0.29839998751413077,24.3932000012137,30.554799988749437,2
1259,d_validation_1920_1080_daylight_2,6.760999996913597,22.499899991089478,1.1583000014070421,0.30339999648276716,23.961599988979287,30.722599985892884,2
1260,d_validation_1920_1080_daylight_2,7.149900004151277,19.36289999866858,1.142200009780936,0.29889999132137746,20.803999999770895,27.953900003922172,2
1261,d_validation_1920_1080_daylight_2,7.402799994451925,23.33179999550339,0.8511000050930306,0.2862999972421676,24.469199997838587,31.87199999229051,2
1262,d_validation_1920_1080_daylight_2,6.688299996312708,23.397199998726137,1.1457000073278323,0.2941999991890043,24.837100005242974,31.52540000155568,2
1263,d_validation_1920_1080_daylight_2,6.753800000296906,21.617499995045364,1.1209000076632947,0.2933999930974096,23.031799995806068,29.785599996102974,2
1264,d_validation_1920_1080_daylight_2,6.451299996115267,22.014799993485212,0.7924000092316419,0.19419999443925917,23.001399997156113,29.45269999327138,1
1265,d_validation_1920_1080_daylight_2,6.734199996571988,22.055600013118237,1.0529999999562278,0.20549999317154288,23.314100006246008,30.048300002817996,1
1266,d_validation_1920_1080_daylight_2,6.742600002326071,22.461400003521703,0.7687999896006659,0.20530000620055944,23.43549999932293,30.178100001649,1
1267,d_validation_1920_1080_daylight_2,6.526800003484823,18.09460000367835,1.0023999930126593,0.19120000069960952,19.28819999739062,25.815000000875443,1
1268,d_validation_1920_1080_daylight_2,6.681499988189898,22.168100011185743,0.9104999917326495,0.20029999723192304,23.278900000150315,29.960399988340214,1
1269,d_validation_1920_1080_daylight_2,6.501099996967241,22.488599992357194,0.6519000016851351,0.18840000848285854,23.328900002525188,29.82999999949243,1
1270,d_validation_1920_1080_daylight_2,6.528900004923344,22.635200002696365,0.7667999889235944,0.20780001068487763,23.609800002304837,30.13870000722818,1
1271,d_validation_1920_1080_daylight_2,6.664300002739765,21.928400004981086,0.71929999103304,0.294700002996251,22.942399999010377,29.60670000175014,3
1272,d_validation_1920_1080_daylight_2,6.894799997098744,23.012700010440312,0.6863000016892329,0.4236999957356602,24.122700007865205,31.01750000496395,4
1273,d_validation_1920_1080_daylight_2,6.903200002852827,22.548699998878874,0.4385999927762896,0.001400010660290718,22.988700002315454,29.89190000516828,0
1274,d_validation_1920_1080_daylight_2,6.792599990149029,22.666800010483712,0.3249000001233071,0.00039998849388211966,22.9920999991009,29.78469998924993,0
1275,d_validation_1920_1080_daylight_2,8.326500013936311,21.20749998721294,0.3017000126419589,0.00029998773243278265,21.509499987587333,29.836000001523644,0
1276,d_validation_1920_1080_daylight_2,8.374800003366545,23.398299992550164,0.5765999958384782,0.17660000594332814,24.15149999433197,32.526299997698516,1
1277,d_validation_1920_1080_daylight_2,8.566200005589053,22.89100000052713,0.8258000016212463,0.2891999902203679,24.005999992368743,32.572199997957796,2
1278,d_validation_1920_1080_daylight_2,8.452199996099807,22.827399996458553,0.8311999990837649,0.298099999781698,23.956699995324016,32.40889999142382,2
1279,d_validation_1920_1080_daylight_2,8.142400009091944,23.00689999538008,0.7456000021193177,0.2784999960567802,24.03099999355618,32.17340000264812,2
1280,d_validation_1920_1080_daylight_2,7.66880001174286,21.7448999901535,0.3723999980138615,0.001300009898841381,22.118599998066202,29.787400009809062,0
1281,d_validation_1920_1080_daylight_2,6.834899992099963,19.93800001218915,0.2862999972421676,0.000400003045797348,20.224700012477115,27.059600004577078,0
1282,d_validation_1920_1080_daylight_2,6.794100001570769,22.86630000162404,0.2798000059556216,0.00029998773243278265,23.146399995312095,29.940499996882863,0
1283,d_validation_1920_1080_daylight_2,6.477900009485893,23.13599998888094,0.33229999826289713,0.000400003045797348,23.468699990189634,29.946599999675527,0
1284,d_validation_1920_1080_daylight_2,7.347699996898882,23.49829999729991,0.3265000123064965,0.00019998697098344564,23.82499999657739,31.17269999347627,0
1285,d_validation_1920_1080_daylight_2,7.40139999834355,22.263399994699284,0.3152999997837469,0.000300002284348011,22.57899999676738,29.98039999511093,0
1286,d_validation_1920_1080_daylight_2,6.9810999993933365,23.017500003334135,0.2891999902203679,0.000300002284348011,23.30699999583885,30.288099995232187,0
1287,d_validation_1920_1080_daylight_2,7.384199998341501,23.178500006906688,0.2756000030785799,0.000400003045797348,23.454500013031065,30.838700011372566,0
1288,d_validation_1920_1080_daylight_2,7.303999998839572,22.482300002593547,0.2479999966453761,0.000400003045797348,22.73070000228472,30.034700001124293,0
1289,d_validation_1920_1080_daylight_2,7.764100009808317,22.739599997294135,0.5571999936364591,0.34520000917837024,23.642000000108965,31.40610000991728,3
1290,d_validation_1920_1080_daylight_2,7.928199993330054,23.133599999709986,0.6837000109953806,0.5022999976063147,24.31960000831168,32.247800001641735,5
1291,d_validation_1920_1080_daylight_2,7.478600004105829,22.81649998622015,0.5875000060768798,0.49170000420417637,23.895699996501207,31.374300000607036,5
1292,d_validation_1920_1080_daylight_2,8.227899990743026,23.648500005947426,0.7908999978099018,0.20219999714754522,24.641600000904873,32.8694999916479,1
1293,d_validation_1920_1080_daylight_2,7.814600001438521,19.652699993457645,0.6261999951675534,0.35310001112520695,20.631999999750406,28.446600001188926,3
1294,d_validation_1920_1080_daylight_2,7.715699990512803,23.08770001400262,0.8909999887691811,0.4292000085115433,24.407900011283346,32.12360000179615,4
1295,d_validation_1920_1080_daylight_2,8.278299996163696,23.71839999977965,1.0286000033374876,0.5005999992135912,25.247600002330728,33.525899998494424,5
1296,d_validation_1920_1080_daylight_2,8.586399999330752,23.876799998106435,1.1092999920947477,0.454399996669963,25.440499986871146,34.0268999862019,4
1297,d_validation_1920_1080_daylight_2,7.886000006692484,21.707299994886853,1.1649999942164868,0.6169000116642565,23.489200000767596,31.37520000746008,6
1298,d_validation_1920_1080_daylight_2,7.571200010715984,20.40149999083951,1.1357000039424747,0.3053999971598387,21.842599991941825,29.41380000265781,2
1299,d_validation_1920_1080_daylight_2,7.644299999810755,22.34419999876991,1.1855000047944486,0.28560000646393746,23.815300010028295,31.45960000983905,2
1300,d_validation_1920_1080_daylight_2,8.2918999978574,18.65860000543762,1.2404999870341271,0.28390000807121396,20.18300000054296,28.47489999840036,2
1301,d_validation_1920_1080_daylight_2,8.26299999607727,20.653800005675294,1.2839999981224537,0.3836999967461452,22.321500000543892,30.58449999662116,3
1302,d_validation_1920_1080_daylight_2,8.950699993874878,24.78640001208987,1.4118999970378354,0.6916999991517514,26.890000008279458,35.840700002154335,5
1303,d_validation_1920_1080_daylight_2,8.046599992667325,23.685200008912943,1.4295000000856817,0.5878999945707619,25.702600003569387,33.74919999623671,5
1304,d_validation_1920_1080_daylight_2,7.937999995192513,18.55630001227837,1.3021999911870807,0.5050000036135316,20.363500007078983,28.301500002271496,5
1305,d_validation_1920_1080_daylight_2,7.352900007390417,23.964499996509403,1.8952999962493777,0.6954999989829957,26.555299991741776,33.908199999132194,5
1306,d_validation_1920_1080_daylight_2,8.472400004393421,25.59109999856446,1.716600003419444,0.570099990000017,27.87779999198392,36.35019999637734,6
1307,d_validation_1920_1080_daylight_2,7.987499993760139,25.058900006115437,1.7520999972475693,0.5694999999832362,27.380500003346242,35.36799999710638,6
1308,d_validation_1920_1080_daylight_2,7.690899990848266,22.985200004768558,1.5551999968010932,0.2906000008806586,24.83100000245031,32.521899993298575,2
1309,d_validation_1920_1080_daylight_2,7.429100005538203,22.97169998928439,1.8270000000484288,0.3189999988535419,25.11769998818636,32.54679999372456,2
1310,d_validation_1920_1080_daylight_2,7.015099996351637,22.555400006240234,1.2036999978590757,0.18889999773819,23.9480000018375,30.963099998189136,1
1311,d_validation_1920_1080_daylight_2,7.047299994155765,23.911299998871982,1.0289000056218356,0.0007999915396794677,24.940999996033497,31.98829999018926,0
1312,d_validation_1920_1080_daylight_2,7.443599999533035,22.949699996388517,1.582199998665601,0.49190000572707504,25.023800000781193,32.46740000031423,5
1313,d_validation_1920_1080_daylight_2,7.423000002745539,24.931200008722953,1.3256999955046922,0.20840000070165843,26.465300004929304,33.88830000767484,1
1314,d_validation_1920_1080_daylight_2,7.783799999742769,23.992000002181157,1.0744999890448526,0.000600004568696022,25.067099995794706,32.850899995537475,0
1315,d_validation_1920_1080_daylight_2,6.534899992402643,21.416900010081008,1.3534999889088795,0.20900000527035445,22.979400004260242,29.514299996662885,1
1316,d_validation_1920_1080_daylight_2,6.9075999927008525,19.65070000733249,1.3107999984640628,0.35409998963586986,21.31559999543242,28.223199988133274,2
1317,d_validation_1920_1080_daylight_2,7.300500001292676,20.353800005977973,0.7299999997485429,0.0011999945854768157,21.085000000311993,28.38550000160467,0
1318,d_validation_1920_1080_daylight_2,6.437999996705912,15.323500003432855,1.3773999962722883,0.28450001263991,16.985400012345053,23.423400009050965,2
1319,d_validation_1920_1080_daylight_2,6.688599998597056,20.944100004271604,1.0235999943688512,0.00100000761449337,21.96870000625495,28.657300004852004,0
1320,d_validation_1920_1080_daylight_2,5.637800000840798,16.004699995392002,1.0577000066405162,0.000300002284348011,17.062700004316866,22.700500005157664,0
1321,d_validation_1920_1080_daylight_2,7.94809999933932,22.74040000338573,1.908599995658733,0.21120000747032464,24.860200006514788,32.80830000585411,1
1322,d_validation_1920_1080_daylight_2,8.869800003594719,22.70469999348279,0.6831000064266846,0.0007999915396794677,23.388599991449155,32.258399995043874,0
1323,d_validation_1920_1080_daylight_2,6.710200002999045,23.740899996482767,1.6781000012997538,0.2111000067088753,25.630100004491396,32.34030000749044,1
1324,d_validation_1920_1080_daylight_2,7.839300000341609,23.092000003089197,1.2492999958340079,0.447300000814721,24.788599999737926,32.627900000079535,3
1325,d_validation_1920_1080_daylight_2,7.59470000048168,21.218299996689893,1.2115999998059124,0.19789999350905418,22.62779999000486,30.22249999048654,1
1326,d_validation_1920_1080_daylight_2,7.440899993525818,22.615600013523363,1.254599992535077,0.19069999689236283,24.060900002950802,31.50179999647662,1
1327,d_validation_1920_1080_daylight_2,7.548900000983849,20.179200000711717,1.1841999948956072,0.4175000067334622,21.780900002340786,29.329800003324635,4
1328,d_validation_1920_1080_daylight_2,7.472900004358962,20.479099999647588,1.1866999993799254,0.20300000323913991,21.868800002266653,29.341700006625615,1
1329,d_validation_1920_1080_daylight_2,7.665800003451295,21.428499996545725,1.1464999988675117,0.42240000038873404,22.99739999580197,30.663199999253266,3
1330,d_validation_1920_1080_daylight_2,7.161500005167909,23.94879999337718,1.6650000034132972,0.2111999929184094,25.824999989708886,32.986499994876795,1
1331,d_validation_1920_1080_daylight_2,7.987200006027706,24.33619998919312,1.1403000098653138,0.28339998971205205,25.759899988770485,33.74709999479819,2
1332,d_validation_1920_1080_daylight_2,9.015100004035048,26.727099990239367,2.3944000131450593,0.7746999908704311,29.896199994254857,38.911299998289905,4
1333,d_validation_1920_1080_daylight_2,9.943799988832325,26.429200006532483,0.8807999984128401,0.0016999983927235007,27.311700003338046,37.25549999217037,0
1334,d_validation_1920_1080_daylight_2,9.151100006420165,22.875700000440702,0.8107000030577183,0.000400003045797348,23.686800006544217,32.83790001296438,0
1335,d_validation_1920_1080_daylight_2,8.594700004323386,22.340700001223013,0.526099989656359,0.000300002284348011,22.86709999316372,31.461799997487105,0
1336,d_validation_1920_1080_daylight_2,7.0217000029515475,20.75440000044182,0.9545999928377569,1.1478000087663531,22.85680000204593,29.878500004997477,6
1337,d_validation_1920_1080_daylight_2,6.2498999905074015,22.875700000440702,1.3481000059982762,0.564200003282167,24.788000009721145,31.037900000228547,6
1338,d_validation_1920_1080_daylight_2,7.023099999059923,22.61650000582449,1.0812999971676618,0.4304000030970201,24.128200006089173,31.151300005149096,4
1339,d_validation_1920_1080_daylight_2,7.18280000728555,17.428599996492267,0.9214000019710511,0.4985999985365197,18.848599996999837,26.031400004285388,4
1340,d_validation_1920_1080_daylight_2,6.908700001076795,15.635899995686486,1.0514000023249537,0.4862999921897426,17.173599990201183,24.082299991277978,4
1341,d_validation_1920_1080_daylight_2,6.796700006816536,20.1394000032451,0.9894999966491014,0.30279999191407114,21.431699991808273,28.22839999862481,3
1342,d_validation_1920_1080_daylight_2,6.640000006882474,19.630199996754527,0.861399996210821,0.001400010660290718,20.49300000362564,27.133000010508113,0
1343,d_validation_1920_1080_daylight_2,5.954099993687123,18.935500003863126,0.9104000055231154,0.21899999410379678,20.064900003490038,26.01899999717716,1
1344,d_validation_1920_1080_daylight_2,6.853899991256185,19.502199997077696,0.9151000122074038,0.304599991068244,20.721900000353344,27.57579999160953,2
1345,d_validation_1920_1080_daylight_2,6.872600002679974,23.21430000301916,1.2506999919423833,0.35770000249613076,24.822699997457676,31.69530000013765,3
1346,d_validation_1920_1080_daylight_2,7.906500002718531,23.200099996756762,1.441000000340864,0.4645000008167699,25.105599997914396,33.01210000063293,4
1347,d_validation_1920_1080_daylight_2,8.09399998979643,20.90620000672061,1.1128000041935593,0.4157999937888235,22.434800004702993,30.528799994499423,4
1348,d_validation_1920_1080_daylight_2,7.440999994287267,23.239600006490946,1.4819999923929572,0.3522000042721629,25.073800003156066,32.51479999744333,3
1349,d_validation_1920_1080_daylight_2,7.106200006091967,22.68549999280367,1.1233000113861635,0.4563999973470345,24.26520000153687,31.371400007628836,4
1350,d_validation_1920_1080_daylight_2,6.933800003025681,17.585499997949228,1.1667999933706596,0.29200001154094934,19.044300002860837,25.978100005886517,2
1351,d_validation_1920_1080_daylight_2,7.552299997769296,21.79529999557417,1.5968000079737976,0.2066000015474856,23.598700005095452,31.15100000286475,1
1352,d_validation_1920_1080_daylight_2,8.221099997172132,20.683299997472204,1.5884000022197142,0.3581999917514622,22.62989999144338,30.850999988615513,3
1353,d_validation_1920_1080_daylight_2,7.686199998715892,22.82910000940319,1.633299994864501,0.3865000035148114,24.848900007782504,32.535100006498396,3
1354,d_validation_1920_1080_daylight_2,7.793800003128126,19.15999999619089,1.2859999987995252,0.4349000082584098,20.880900003248826,28.674700006376952,4
1355,d_validation_1920_1080_daylight_2,7.135300009394996,22.45509999920614,1.6945999959716573,0.31289999606087804,24.462599991238676,31.597900000633672,2
1356,d_validation_1920_1080_daylight_2,7.44499999564141,18.638200010173023,0.63929999305401,0.00100000761449337,19.278500010841526,26.723500006482936,0
1357,d_validation_1920_1080_daylight_2,6.834899992099963,20.509099995251745,1.6824000049382448,0.4104999970877543,22.601999997277744,29.436899989377707,4
1358,d_validation_1920_1080_daylight_2,6.894099991768599,16.729100010707043,0.7440999906975776,0.001200009137392044,17.474400010542013,24.36850000231061,0
1359,d_validation_1920_1080_daylight_2,6.237699999473989,22.18909999646712,1.4566000027116388,0.41649999911896884,24.06219999829773,30.299899997771718,3
1360,d_validation_1920_1080_daylight_2,7.3278000054415315,23.08709999488201,1.3916000025346875,0.2779000060399994,24.756600003456697,32.08440000889823,2
1361,d_validation_1920_1080_daylight_2,6.875100007164292,16.92199999524746,1.2018999987049028,0.2710999979171902,18.394999991869554,25.270099999033846,2
1362,d_validation_1920_1080_daylight_2,7.025600003544241,23.590600001625717,1.7220000008819625,0.3819999983534217,25.6946000008611,32.72020000440534,3
1363,d_validation_1920_1080_daylight_2,7.321600001887418,20.171900003333576,1.2587999954121187,0.6095999997342005,22.040299998479895,29.361900000367314,6
1364,d_validation_1920_1080_daylight_2,6.847099997685291,22.445300011895597,1.8859999981941655,0.7031999994069338,25.034500009496696,31.881600007181987,7
1365,d_validation_1920_1080_daylight_2,7.504199995310046,20.768799993675202,1.5551000105915591,0.6169999978737906,22.940900002140552,30.445099997450598,7
1366,d_validation_1920_1080_daylight_2,7.447399999364279,23.895599995739758,1.75350000790786,0.6046999915270135,26.25379999517463,33.70119999453891,7
1367,d_validation_1920_1080_daylight_2,7.016400006250478,22.186699992744252,1.8328000005567446,0.5080999981146306,24.527599991415627,31.543999997666106,5
1368,d_validation_1920_1080_daylight_2,8.25250000343658,21.917099991696887,1.996500010136515,0.629100002697669,24.54270000453107,32.79520000796765,6
1369,d_validation_1920_1080_daylight_2,8.321700006490573,22.80189999146387,2.039000013610348,0.5597999988822266,25.400700003956445,33.72240001044702,5
1370,d_validation_1920_1080_daylight_2,8.501899996190332,22.949799997149967,1.89200000022538,0.5629000079352409,25.404700005310588,33.90660000150092,5
1371,d_validation_1920_1080_daylight_2,7.100300004822202,22.38779999606777,1.3615000061690807,0.34729999606497586,24.096599998301826,31.19690000312403,3
1372,d_validation_1920_1080_daylight_2,7.641099989996292,21.125100000062957,1.8856999959098175,0.2043000131379813,23.215100009110756,30.856199999107048,1
1373,d_validation_1920_1080_daylight_2,7.253000003402121,22.082199997385032,1.3349000073503703,0.2860999957192689,23.70320000045467,30.956200003856793,2
1374,d_validation_1920_1080_daylight_2,7.353699998930097,22.45579998998437,1.365000003715977,0.3488000074867159,24.169600001187064,31.52330000011716,3
1375,d_validation_1920_1080_daylight_2,7.400800008326769,19.765599994570948,1.338200003374368,0.19799999427050352,21.30179999221582,28.70260000054259,1
1376,d_validation_1920_1080_daylight_2,7.354899993515573,19.342800005688332,1.3591000024462119,0.19019999308511615,20.89210000121966,28.246999994735233,1
1377,d_validation_1920_1080_daylight_2,7.3272000008728355,18.78180001222063,1.9121999939670786,0.2879999956348911,20.9820000018226,28.309200002695434,2
1378,d_validation_1920_1080_daylight_2,7.767500006593764,20.467499998630956,1.4965000009397045,0.4152999899815768,22.379299989552237,30.146799996146,4
1379,d_validation_1920_1080_daylight_2,7.675500004552305,16.691099997842684,1.4279000024544075,0.3988999960711226,18.517899996368214,26.19340000092052,4
1380,d_validation_1920_1080_daylight_2,7.463200003257953,23.049099996569566,1.7988000035984442,0.27910000062547624,25.127000000793487,32.59020000405144,2
1381,d_validation_1920_1080_daylight_2,7.53400000394322,16.707400005543604,1.5182999923126772,0.41730000521056354,18.643000003066845,26.177000007010065,4
1382,d_validation_1920_1080_daylight_2,7.533800002420321,22.04679998976644,1.4247000071918592,0.5776999896625057,24.049199986620806,31.582999989041127,6
1383,d_validation_1920_1080_daylight_2,7.4438000010559335,20.03649999096524,1.4915000065229833,0.19530000281520188,21.723300000303425,29.16710000135936,1
1384,d_validation_1920_1080_daylight_2,7.65549999778159,22.977200002060272,1.839699994889088,0.36380000528879464,25.180700002238154,32.836200000019744,3
1385,d_validation_1920_1080_daylight_2,7.639100003871135,17.546999995829538,1.3465999945765361,0.2435000060359016,19.137099996441975,26.77620000031311,2
1386,d_validation_1920_1080_daylight_2,7.332599998335354,16.01029999437742,0.7693000079598278,0.0010999938240274787,16.780699996161275,24.11329999449663,0
1387,d_validation_1920_1080_daylight_2,7.101499999407679,16.583400007220916,1.7888999864226207,0.39400000241585076,18.766299996059388,25.867799995467067,3
1388,d_validation_1920_1080_daylight_2,7.53689999692142,22.464199995738454,1.0565000120550394,0.0012999953469261527,23.52200000314042,31.05890000006184,0
1389,d_validation_1920_1080_daylight_2,7.787800001096912,23.40790000744164,1.2156000011600554,0.3097000007983297,24.933200009400025,32.72100001049694,1
1390,d_validation_1920_1080_daylight_2,7.9916999966371804,17.124699996202253,1.2772000045515597,0.21139999444130808,18.61329999519512,26.6049999918323,1
1391,d_validation_1920_1080_daylight_2,7.583099999465048,21.798400004627183,0.9740999958012253,0.000800006091594696,22.773300006520003,30.35640000598505,0
1392,d_validation_1920_1080_daylight_2,7.852499998989515,22.678900000755675,1.7080999969039112,0.33999999868683517,24.72699999634642,32.57949999533594,3
1393,d_validation_1920_1080_daylight_2,7.983999996213242,21.643300002324395,1.2275000044610351,0.2393000031588599,23.11010000994429,31.094100006157532,2
1394,d_validation_1920_1080_daylight_2,7.696700005908497,22.286100007477216,1.748599999700673,0.2795999898808077,24.314299997058697,32.011000002967194,2
1395,d_validation_1920_1080_daylight_2,8.010699995793402,23.070700000971556,1.650199992582202,0.19890000112354755,24.919799994677305,32.93049999047071,1
1396,d_validation_1920_1080_daylight_2,7.939999995869584,17.058099998394027,0.6210999999893829,0.000700005330145359,17.679900003713556,25.61989999958314,0
1397,d_validation_1920_1080_daylight_2,6.369299997459166,15.477099994313903,1.143200002843514,0.19120000069960952,16.811499997857027,23.180799995316193,1
1398,d_validation_1920_1080_daylight_2,7.22880000830628,16.971499993815087,1.1248999944655225,0.28610001027118415,18.382499998551793,25.611300006858073,2
1399,d_validation_1920_1080_daylight_2,7.272699993336573,17.228099997737445,1.2231000000610948,0.29350000841077417,18.744700006209314,26.017399999545887,2
1400,d_validation_1920_1080_daylight_2,7.721999994828366,16.967800009297207,1.1547000030986965,0.6681999948341399,18.790700007230043,26.51270000205841,7
1401,d_validation_1920_1080_daylight_2,7.049000007100403,23.383299994748086,1.6613000043435022,0.7043999939924106,25.748999993084,32.7980000001844,8
1402,d_validation_1920_1080_daylight_2,7.32209999114275,16.840700001921505,1.1858000070787966,0.4751999949803576,18.50170000398066,25.82379999512341,5
1403,d_validation_1920_1080_daylight_2,7.5136000086786225,23.16430000064429,1.821199999540113,0.6927999929757789,25.67829999316018,33.1919000018388,7
1404,d_validation_1920_1080_daylight_2,6.758000003173947,22.392800005036406,1.3709999911952764,0.5705000075977296,24.334300003829412,31.09230000700336,6
1405,d_validation_1920_1080_daylight_2,7.165700008044951,18.25759999337606,1.883999997517094,0.7634000066900626,20.904999997583218,28.07070000562817,8
1406,d_validation_1920_1080_daylight_2,7.2281999891856685,16.60880001145415,1.8357999942963943,0.5770999996457249,19.02170000539627,26.249899994581938,7
1407,d_validation_1920_1080_daylight_2,7.336700000450946,22.746799993910827,1.9582999957492575,0.6599000043934211,25.364999994053505,32.70169999450445,8
1408,d_validation_1920_1080_daylight_2,7.530700007919222,22.484499990241602,1.410199998645112,0.6974999996600673,24.59219998854678,32.122899996466,8
1409,d_validation_1920_1080_daylight_2,7.755400001769885,21.17569999245461,1.3716000103158876,0.687899999320507,23.235200002091005,30.99060000386089,8
1410,d_validation_1920_1080_daylight_2,7.551600006991066,21.768099992186762,1.164100001915358,0.4811999970115721,23.413399991113693,30.96499999810476,5
1411,d_validation_1920_1080_daylight_2,7.770099997287616,20.129199998336844,1.1861000093631446,0.4743999888887629,21.78969999658875,29.559799993876368,5
1412,d_validation_1920_1080_daylight_2,7.298399999854155,16.45529999223072,1.7153000080725178,0.606999994488433,18.77759999479167,26.075999994645827,7
1413,d_validation_1920_1080_daylight_2,6.557600005180575,22.35600000130944,0.6083999905968085,0.0020000006770715117,22.96639999258332,29.523999997763894,0
1414,d_validation_1920_1080_daylight_2,6.040100008249283,21.15590000175871,1.5565999929094687,0.43650000588968396,23.149000000557862,29.189100008807145,4
1415,d_validation_1920_1080_daylight_2,7.575299998279661,22.22470000560861,1.155499994638376,0.34329999471083283,23.72349999495782,31.29879999323748,3
1416,d_validation_1920_1080_daylight_2,6.535699998494238,17.680000004475005,1.6407999937655404,0.3434000100241974,19.664200008264743,26.19990000675898,3
1417,d_validation_1920_1080_daylight_2,8.025699993595481,20.462899992708117,1.6226000007009134,0.2800000074785203,22.36550000088755,30.39119999448303,2
1418,d_validation_1920_1080_daylight_2,7.714300008956343,21.431199988001026,1.6521000070497394,0.2815000043483451,23.36479999939911,31.079100008355454,2
1419,d_validation_1920_1080_daylight_2,7.084700002451427,16.543099991395138,1.160700005129911,0.18059999274555594,17.884399989270605,24.969099991722032,1
1420,d_validation_1920_1080_daylight_2,8.012400008738041,23.294899991014972,1.7019000079017133,0.4361999890534207,25.432999987970106,33.44539999670815,4
1421,d_validation_1920_1080_daylight_2,7.500499996240251,19.327600006363355,1.2274000036995858,0.18909999926108867,20.74410000932403,28.24460000556428,1
1422,d_validation_1920_1080_daylight_2,7.192899996880442,20.12739999918267,0.7268000044859946,0.000700005330145359,20.85490000899881,28.047800005879253,0
1423,d_validation_1920_1080_daylight_2,6.696600001305342,14.784400002099574,1.2127999943913892,0.5099999980302528,16.507199994521216,23.203799995826557,4
1424,d_validation_1920_1080_daylight_2,7.66289999592118,22.564800005056895,2.0662999886553735,0.4391000111354515,25.07020000484772,32.7331000007689,4
1425,d_validation_1920_1080_daylight_2,7.677200002945028,17.64389999152627,1.301900003454648,0.41090000013355166,19.356699995114468,27.033899998059496,4
1426,d_validation_1920_1080_daylight_2,7.168199997977354,15.484800009289756,1.2713000032817945,0.30399998649954796,17.0600999990711,24.228299997048452,3
1427,d_validation_1920_1080_daylight_2,7.423999995808117,17.394700000295416,1.0723000013967976,0.0015999976312741637,18.468599999323487,25.892599995131604,0
1428,d_validation_1920_1080_daylight_2,7.581500001833774,22.515499993460253,1.2894999963464215,0.33650000113993883,24.141499990946613,31.722999992780387,3
1429,d_validation_1920_1080_daylight_2,7.288599997991696,17.1760999946855,1.4132000069366768,0.6430999928852543,19.232399994507432,26.520999992499128,6
1430,d_validation_1920_1080_daylight_2,7.115800006431527,22.11659999738913,1.9829999946523458,0.31880001188255847,24.418400003924035,31.534200010355562,2
1431,d_validation_1920_1080_daylight_2,7.259400008479133,22.56620000116527,1.3402999902609736,0.1917000045068562,24.0981999959331,31.357600004412234,1
1432,d_validation_1920_1080_daylight_2,7.400699993013404,22.508300011395477,1.2894999963464215,0.24140000459738076,24.03920001233928,31.439900005352683,2
1433,d_validation_1920_1080_daylight_2,8.076400001300499,16.194600000744686,1.2075999984517694,0.17810000281315297,17.580300002009608,25.656700003310107,1
1434,d_validation_1920_1080_daylight_2,7.605300008435734,18.088800003170036,1.1905999999726191,0.21299999207258224,19.492399995215237,27.09770000365097,1
1435,d_validation_1920_1080_daylight_2,7.249100002809428,22.527499997522682,0.717700007953681,0.0005999900167807937,23.245799995493144,30.49489999830257,0
1436,d_validation_1920_1080_daylight_2,6.795699999202043,22.853200003737584,1.65789999300614,0.21499999274965376,24.726099989493378,31.52179998869542,1
1437,d_validation_1920_1080_daylight_2,7.723500006250106,20.533499991870485,1.643700001295656,0.195999993593432,22.373199986759573,30.09669999300968,1
1438,d_validation_1920_1080_daylight_2,7.607399995322339,22.93150000332389,1.6848999948706478,0.31800000579096377,24.934400003985502,32.54179999930784,2
1439,d_validation_1920_1080_daylight_2,8.149000001139939,20.4401999944821,1.738100007059984,0.27609999233391136,22.454399993875995,30.603399995015934,2
1440,d_validation_1920_1080_daylight_2,8.510900006513111,16.747000001487322,1.2523999903351068,0.24190000840462744,18.241300000227056,26.752200006740168,2
1441,d_validation_1920_1080_daylight_2,8.029499993426725,22.199900005944073,1.1439999943831936,0.2736000024015084,23.617500002728775,31.6469999961555,2
1442,d_validation_1920_1080_daylight_2,7.797500002197921,22.24720000231173,1.1417999921832234,0.2747000107774511,23.663700005272403,31.461200007470325,2
1443,d_validation_1920_1080_daylight_2,7.575199997518212,22.217700010514818,1.573599991388619,0.3910000086762011,24.182300010579638,31.75750000809785,3
1444,d_validation_1920_1080_daylight_2,7.61689999490045,22.26840000366792,1.564699996379204,0.48750000132713467,24.32060000137426,31.93749999627471,5
1445,d_validation_1920_1080_daylight_2,7.738900007097982,22.095799999078736,1.1143000010633841,0.348299989127554,23.558399989269674,31.297299996367656,3
1446,d_validation_1920_1080_daylight_2,7.2583000001031905,21.802899995236658,1.099800007068552,0.18529999942984432,23.088000001735054,30.346300001838244,1
1447,d_validation_1920_1080_daylight_2,6.76720000046771,21.70549999573268,1.130800010287203,0.6558999884873629,23.492199994507246,30.259399994974956,5
1448,d_validation_1920_1080_daylight_2,8.145100000547245,20.816000003833324,1.1314000003039837,0.2823999966494739,22.22980000078678,30.374900001334026,2
1449,d_validation_1920_1080_daylight_2,7.526300003519282,15.797300002304837,0.5852000031154603,0.0009999930625781417,16.383499998482876,23.909800002002157,0
1450,d_validation_1920_1080_daylight_2,6.59829999494832,14.812599998549558,0.5581000004895031,0.000200001522898674,15.37090000056196,21.96919999551028,0
1451,d_validation_1920_1080_daylight_2,6.608299998333678,14.88489999610465,1.3117000053171068,0.29769999673590064,16.494299998157658,23.102599996491335,2
1452,d_validation_1920_1080_daylight_2,7.31979998818133,23.11500000359956,1.0936000035144389,0.19160000374540687,24.400200010859407,31.719999999040738,1
1453,d_validation_1920_1080_daylight_2,7.50510000216309,22.619299998041242,1.441000000340864,0.308899994706735,24.36919999308884,31.87429999525193,2
1454,d_validation_1920_1080_daylight_2,7.723199989413843,16.480000005685724,1.1248999944655225,0.4309000069042668,18.035800007055514,25.758999996469356,4
1455,d_validation_1920_1080_daylight_2,7.269299996551126,21.645400003762916,0.629400004982017,0.0011999945854768157,22.27600000333041,29.545299999881536,0
1456,d_validation_1920_1080_daylight_2,6.839000008767471,18.78509999369271,0.9963000047719106,0.27940000290982425,20.060800001374446,26.899800010141917,2
1457,d_validation_1920_1080_daylight_2,7.484200003091246,20.870200009085238,0.9494999976595864,0.1900999923236668,22.00979999906849,29.494000002159737,1
1458,d_validation_1920_1080_daylight_2,7.081899995682761,22.725100003299303,1.4673999976366758,0.5739999905927107,24.76649999152869,31.84839998721145,5
1459,d_validation_1920_1080_daylight_2,7.8431000001728535,17.748400001437403,0.5462999979499727,0.0017999991541728377,18.29649999854155,26.139599998714402,0
1460,d_validation_1920_1080_daylight_2,7.002899990766309,23.351800002274103,1.3180999958422035,0.20330000552348793,24.873200003639795,31.876099994406104,1
1461,d_validation_1920_1080_daylight_2,8.227600003010593,22.803800005931407,1.455499994335696,0.7842000050004572,25.04350000526756,33.271100008278154,9
1462,d_validation_1920_1080_daylight_2,8.032199999433942,20.69900000060443,1.0544999968260527,0.3007000050274655,22.054200002457947,30.08640000189189,2
1463,d_validation_1920_1080_daylight_2,7.950499988510273,18.011500011198223,1.1030999885406345,0.407300001825206,19.521900001564063,27.472399990074337,4
1464,d_validation_1920_1080_daylight_2,7.172300000092946,21.732699999120086,1.0446000087540597,0.20179999410174787,22.979100001975894,30.15140000206884,1
1465,d_validation_1920_1080_daylight_2,7.351699998253025,18.177199992351234,1.106600000639446,0.3502000035950914,19.63399999658577,26.985699994838797,3
1466,d_validation_1920_1080_daylight_2,7.824500004062429,22.22780000010971,1.4537999959429726,0.20400001085363328,23.885600006906316,31.710100010968745,1
1467,d_validation_1920_1080_daylight_2,7.679699992877431,17.126200007623993,1.1393999884603545,0.30870000773575157,18.5743000038201,26.25399999669753,2
1468,d_validation_1920_1080_daylight_2,7.652399988728575,22.35730001120828,1.8051999941235408,0.724199999240227,24.88670000457205,32.539099993300624,5
1469,d_validation_1920_1080_daylight_2,8.096599995042197,21.563000002061017,1.1550000053830445,0.3564999933587387,23.0745000008028,31.171099995844997,2
1470,d_validation_1920_1080_daylight_2,10.092900003655814,23.27950000471901,1.5544999914709479,0.22139999782666564,25.055399994016625,35.14829999767244,1
1471,d_validation_1920_1080_daylight_2,8.322199995745905,20.85869999427814,1.578800001880154,0.3212000010535121,22.758699997211806,31.08089999295771,2
1472,d_validation_1920_1080_daylight_2,8.041000008233823,22.687399992719293,0.9085000056074932,0.0009999930625781417,23.596899991389364,31.637899999623187,0
1473,d_validation_1920_1080_daylight_2,8.25260000419803,22.793299998738803,1.4960999978939071,0.2150999935111031,24.504499990143813,32.75709999434184,1
1474,d_validation_1920_1080_daylight_2,8.031999997911043,22.311599997919984,1.5100000018719584,0.20290000247769058,24.024500002269633,32.05650000018068,1
1475,d_validation_1920_1080_daylight_2,8.023300004424527,17.89019998977892,1.0936000035144389,0.18279999494552612,19.166599988238886,27.189899992663413,1
1476,d_validation_1920_1080_daylight_2,8.075499994447455,21.449699997901917,1.0328000062145293,0.28920000477228314,22.77170000888873,30.847200003336184,2
1477,d_validation_1920_1080_daylight_2,7.844499996281229,22.37510000122711,0.7393999985652044,0.001400010660290718,23.115900010452606,30.960400006733835,0
1478,d_validation_1920_1080_daylight_2,8.212800006731413,22.7625999978045,0.7271999929798767,0.000400003045797348,23.490199993830174,31.703000000561588,0
1479,d_validation_1920_1080_daylight_2,8.574999999837019,22.908300001290627,1.3598000077763572,0.43909999658353627,24.70720000565052,33.28220000548754,4
1480,d_validation_1920_1080_daylight_2,7.260800004587509,22.507299989229068,1.404399998136796,0.5926000012550503,24.504299988620915,31.765099993208423,2
1481,d_validation_1920_1080_daylight_2,7.207700007711537,20.55359999940265,0.8172999951057136,0.001200009137392044,21.372100003645755,28.579800011357293,0
1482,d_validation_1920_1080_daylight_2,7.170400000177324,20.72230000339914,1.0323000024072826,0.4782999894814566,22.23289999528788,29.403299995465204,5
1483,d_validation_1920_1080_daylight_2,7.746599992970005,22.911000007297844,1.5241999935824424,0.5616999987978488,24.996899999678135,32.74349999264814,5
1484,d_validation_1920_1080_daylight_2,8.084800007054582,21.965099993394688,0.567299997783266,0.001500011421740055,22.533900002599694,30.618700009654276,0
1485,d_validation_1920_1080_daylight_2,7.249300004332326,21.111099995323457,1.068400000804104,0.2961999998660758,22.475699995993637,29.725000000325963,2
1486,d_validation_1920_1080_daylight_2,7.68360000802204,18.36679999541957,1.0786000057123601,0.338099998771213,19.783499999903142,27.467100007925183,2
1487,d_validation_1920_1080_daylight_2,7.584799997857772,17.68879999872297,1.0498000046936795,0.22869999520480633,18.967299998621456,26.552099996479228,1
1488,d_validation_1920_1080_daylight_2,7.106100005330518,17.46979999006726,0.720199997886084,0.000900006853044033,18.190899994806387,25.297000000136904,0
1489,d_validation_1920_1080_daylight_2,6.482500000856817,21.862199995666742,0.7384000055026263,0.000500003807246685,22.601100004976615,29.083600005833432,0
1490,d_validation_1920_1080_daylight_2,7.204500012448989,22.08339999197051,0.719899995601736,0.000300002284348011,22.803599989856593,30.008100002305582,0
1491,d_validation_1920_1080_daylight_2,8.34220000251662,22.39499999268446,0.9438999986741692,0.19750000501517206,23.536399996373802,31.878599998890422,1
1492,d_validation_1920_1080_daylight_2,8.254000000306405,22.32910000020638,0.5046000005677342,0.0008999923011288047,22.834599993075244,31.08859999338165,0
1493,d_validation_1920_1080_daylight_2,7.199400002718903,22.658599991700612,1.5262000088114291,0.3156000020680949,24.500400002580136,31.69980000529904,2
1494,d_validation_1920_1080_daylight_2,8.018100008484907,22.75159998680465,0.4487000114750117,0.0009999930625781417,23.20129999134224,31.219399999827147,0
1495,d_validation_1920_1080_daylight_2,6.0904999991180375,21.437899995362386,1.113699996494688,0.29540000832639635,22.84700000018347,28.937499999301508,2
1496,d_validation_1920_1080_daylight_2,6.9887999998172745,22.580599994398654,0.4315999976824969,0.00100000761449337,23.013199999695644,30.00199999951292,0
1497,d_validation_1920_1080_daylight_2,7.133200007956475,23.233100000652485,0.5489999894052744,0.000300002284348011,23.782399992342107,30.915600000298582,0
1498,d_validation_1920_1080_daylight_2,7.25169999350328,22.541400001500733,0.40180000360123813,0.000300002284348011,22.94350000738632,30.1952000008896,0
1499,d_validation_1920_1080_daylight_2,7.978499997989275,21.415800001705065,1.0183999984292313,0.2851000026566908,22.719300002790987,30.697800000780262,2
1500,d_validation_1920_1080_daylight_2,7.664200005820021,22.4335999955656,0.9674000029917806,0.21389999892562628,23.614899997483008,31.27910000330303,1
1501,d_validation_1920_1080_daylight_2,8.3712000050582,22.139799999422394,0.9907999919960275,0.20740000763908029,23.3379999990575,31.7092000041157,1
1502,d_validation_1920_1080_daylight_2,8.163300008163787,22.7005999913672,0.4852000129176304,0.0007999915396794677,23.18659999582451,31.349900003988296,0
1503,d_validation_1920_1080_daylight_2,7.384600001387298,23.31400000548456,0.45769999269396067,0.000300002284348011,23.772000000462867,31.156600001850165,0
1504,d_validation_1920_1080_daylight_2,7.310100001632236,16.715799996745773,0.6719000084558502,0.17649999062996358,17.564199995831586,24.874299997463822,1
1505,d_validation_1920_1080_daylight_2,8.211299995309673,22.01509999576956,0.661700003547594,0.2170000079786405,22.893800007295795,31.105100002605468,1
1506,d_validation_1920_1080_daylight_2,8.290600002510473,18.977100000483915,0.6564000068465248,0.18849999469239265,19.822000002022833,28.112600004533306,1
1507,d_validation_1920_1080_daylight_2,8.530899998731911,18.33459999761544,0.6664999964414164,0.18620000628288835,19.187300000339746,27.718199999071658,1
1508,d_validation_1920_1080_daylight_2,7.903300007455982,20.330200000898913,0.40839999564923346,0.000600004568696022,20.739200001116842,28.642500008572824,0
1509,d_validation_1920_1080_daylight_2,6.957400008104742,22.223899999517016,0.7186000002548099,0.39629999082535505,23.33879999059718,30.296199998701923,5
1510,d_validation_1920_1080_daylight_2,6.753599998774007,17.473900006734766,0.454699998954311,0.0016999983927235007,17.9303000040818,24.683900002855808,0
1511,d_validation_1920_1080_daylight_2,6.446300001698546,21.895999991102144,0.6422000005841255,0.18740000086836517,22.725599992554635,29.17189999425318,1
1512,d_validation_1920_1080_daylight_2,7.859299992560409,18.19650000834372,0.7551999879069626,0.5451000033644959,19.496799999615178,27.356099992175587,6
1513,d_validation_1920_1080_daylight_2,7.655599998543039,21.13229999667965,0.7337999995797873,0.18820000695995986,22.054300003219396,29.709900001762435,1
1514,d_validation_1920_1080_daylight_2,7.76439999754075,21.115800002007745,0.8781000069575384,0.19619999511633068,22.190100004081614,29.954500001622364,1
1515,d_validation_1920_1080_daylight_2,7.492200005799532,22.5782000052277,0.8589999924879521,0.21040000137872994,23.647599999094382,31.139800004893914,1
1516,d_validation_1920_1080_daylight_2,7.494199991924688,21.03960000385996,0.6624000088777393,0.2677999873412773,21.969800000078976,29.463999992003664,2
1517,d_validation_1920_1080_daylight_2,7.555300006060861,20.659899993916042,0.6742000114172697,0.4278999986127019,21.762000003946014,29.317300010006875,4
1518,d_validation_1920_1080_daylight_2,7.780200001434423,20.714199999929406,0.7604000129504129,0.2789999998640269,21.753600012743846,29.53380001417827,2
1519,d_validation_1920_1080_daylight_2,7.466700000804849,22.53719999862369,0.41229999624192715,0.000900006853044033,22.950400001718663,30.41710000252351,0
1520,d_validation_1920_1080_daylight_2,6.4928999927360564,22.67540000320878,0.6692000024486333,0.18619999173097312,23.530799997388385,30.02369999012444,1
1521,d_validation_1920_1080_daylight_2,6.933099997695535,23.071100004017353,0.9525000059511513,0.19890000112354755,24.222500011092052,31.155600008787587,1
1522,d_validation_1920_1080_daylight_2,7.612400004290976,23.423200007528067,0.7774999976390973,0.20080000103916973,24.401500006206334,32.01390001049731,1
1523,d_validation_1920_1080_daylight_2,7.781199994497001,20.44370000658091,0.35859999479725957,0.000800006091594696,20.803100007469766,28.584300001966767,0
1524,d_validation_1920_1080_daylight_2,6.574799990630709,15.171699997154064,0.35539999953471124,0.000400003045797348,15.527499999734573,22.10229999036528,0
1525,d_validation_1920_1080_daylight_2,6.9595999957527965,16.86340000014752,0.6526000070152804,0.18699999782256782,17.70300000498537,24.662600000738166,1
1526,d_validation_1920_1080_daylight_2,7.456099992850795,16.994300007354468,0.7722999871475622,0.2845999988494441,18.051199993351474,25.50729998620227,2
1527,d_validation_1920_1080_daylight_2,7.127400007448159,17.685400001937523,0.6977000011829659,0.2049999893642962,18.588099992484786,25.715499999932945,1
1528,d_validation_1920_1080_daylight_2,8.085699999355711,23.211599997011945,0.9824000007938594,0.3073000116273761,24.50130000943318,32.58700000878889,2
1529,d_validation_1920_1080_daylight_2,7.618300005560741,22.25670000188984,0.5810000002384186,0.0010999938240274787,22.838799995952286,30.457100001513027,0
1530,d_validation_1920_1080_daylight_2,7.390699989628047,16.534600013983436,0.7028999971225858,0.1905999961309135,17.428100007236935,24.818799996864982,1
1531,d_validation_1920_1080_daylight_2,7.380600000033155,22.91289999266155,0.5222000036155805,0.000700005330145359,23.435800001607276,30.81640000164043,0
1532,d_validation_1920_1080_daylight_2,6.982400009292178,15.224999995552935,0.3549999964889139,0.000300002284348011,15.580299994326197,22.562700003618374,0
1533,d_validation_1920_1080_daylight_2,6.522299998323433,22.70909999788273,0.4704000020865351,0.000200001522898674,23.179700001492165,29.701999999815598,0
1534,d_validation_1920_1080_daylight_2,6.780000010621734,19.23779999196995,0.3510000096866861,0.00039998849388211966,19.58919999015052,26.369200000772253,0
1535,d_validation_1920_1080_daylight_2,6.325599999399856,23.04700000968296,0.4887999966740608,0.000400003045797348,23.53620000940282,29.861800008802675,0
1536,d_validation_1920_1080_daylight_2,7.208499999251217,23.724500002572313,0.45599999430123717,0.000300002284348011,24.180799999157898,31.389299998409115,0
1537,d_validation_1920_1080_daylight_2,7.107199999154545,23.22719999938272,0.45619999582413584,0.000200001522898674,23.683599996729754,30.7907999958843,0
1538,d_validation_1920_1080_daylight_2,7.770700001856312,23.53219999349676,0.862900007632561,0.20969999604858458,24.604799997177906,32.37549999903422,1
1539,d_validation_1920_1080_daylight_2,7.459000000380911,22.268399989116006,0.4420000041136518,0.000600004568696022,22.710999997798353,30.169999998179264,0
1540,d_validation_1920_1080_daylight_2,7.400499991490506,20.928700003423728,0.34640000376384705,0.000300002284348011,21.275400009471923,28.67590000096243,0
1541,d_validation_1920_1080_daylight_2,6.953099989914335,21.140199998626485,0.407900006393902,0.000400003045797348,21.548500008066185,28.50159999798052,0
1542,d_validation_1920_1080_daylight_2,7.386400000541471,15.093800000613555,0.5808999994769692,0.1849999971454963,15.85969999723602,23.246099997777492,1
1543,d_validation_1920_1080_daylight_2,7.5204000022495165,20.227300003170967,0.39739999920129776,0.000700005330145359,20.62540000770241,28.145800009951927,0
1544,d_validation_1920_1080_daylight_2,7.282200007466599,17.175699991639704,0.7388000085484236,0.48750000132713467,18.402000001515262,25.68420000898186,5
1545,d_validation_1920_1080_daylight_2,7.324899997911416,23.071200004778802,0.2835000050254166,0.0012999953469261527,23.356000005151145,30.68090000306256,0
1546,d_validation_1920_1080_daylight_2,6.524199998239055,20.59420000296086,0.28389999351929873,0.000300002284348011,20.878399998764507,27.402599997003563,0
1547,d_validation_1920_1080_daylight_2,7.29539999156259,15.346000000135973,0.5392000020947307,0.21640000340994447,16.10160000564065,23.39699999720324,1
1548,d_validation_1920_1080_daylight_2,8.106100009172224,22.242999999434687,0.3603999939514324,0.000800006091594696,22.604199999477714,30.710300008649938,0
1549,d_validation_1920_1080_daylight_2,8.381799998460338,22.994900005869567,0.308899994706735,0.000300002284348011,23.30410000286065,31.685900001320988,0
1550,d_validation_1920_1080_daylight_2,7.822300001862459,22.182900007464923,0.2952999930130318,0.000300002284348011,22.478500002762303,30.30080000462476,0
1551,d_validation_1920_1080_daylight_2,7.859200006350875,22.607299993978813,0.2882999979192391,0.000400003045797348,22.89599999494385,30.755200001294725,0
1552,d_validation_1920_1080_daylight_2,7.969199999934062,23.05519999936223,0.2776000037556514,0.00039998849388211966,23.333199991611764,31.302399991545826,0
1553,d_validation_1920_1080_daylight_2,7.876200004830025,22.931299987249076,0.5422000103862956,0.2158999996026978,23.68939999723807,31.565600002068095,1
1554,d_validation_1920_1080_daylight_2,7.571599999209866,22.9098999989219,0.5402999959187582,0.20559999393299222,23.65579998877365,31.227399987983517,1
1555,d_validation_1920_1080_daylight_2,7.717100001173094,18.17060000030324,0.22020000324118882,0.0006999907782301307,18.391499994322658,26.10859999549575,0
1556,d_validation_1920_1080_daylight_2,7.123000003048219,19.297099992400035,0.4481000069063157,0.2739000046858564,20.019100003992207,27.142100007040426,2
1557,d_validation_1920_1080_daylight_2,7.86290000542067,20.009500003652647,0.5063999997219071,0.3708000003825873,20.88670000375714,28.74960000917781,3
1558,d_validation_1920_1080_daylight_2,8.051199998590164,22.22549999714829,0.2958999975817278,0.001500011421740055,22.522900006151758,30.574100004741922,0
1559,d_validation_1920_1080_daylight_2,7.846900000004098,22.83980000356678,0.567600000067614,0.20460000087041408,23.612000004504807,31.458900004508905,1
1560,d_validation_1920_1080_daylight_2,5.972000013571233,23.3072999981232,0.2808999997796491,0.0008999923011288047,23.589099990203977,29.56110000377521,0
1561,d_validation_1920_1080_daylight_2,5.77299999713432,22.325500001898035,0.21610000112559646,0.000300002284348011,22.54190000530798,28.3149000024423,0
1562,d_validation_1920_1080_daylight_2,7.357399997999892,21.440500000608154,0.21050000214017928,0.000300002284348011,21.65130000503268,29.008700003032573,0
1563,d_validation_1920_1080_daylight_2,7.141199996112846,15.254400001140311,0.42440000106580555,0.18230000569019467,15.861100007896312,23.002300004009157,1
1564,d_validation_1920_1080_daylight_2,8.234499997342937,20.691800003987737,0.5700000037904829,0.21179999748710543,21.473600005265325,29.708100002608262,1
1565,d_validation_1920_1080_daylight_2,7.671200000913814,22.438800006057136,0.5986000032862648,0.2882999979192391,23.32570000726264,30.996900008176453,2
1566,d_validation_1920_1080_daylight_2,8.014599996386096,20.604700010153465,0.3108999953838065,0.000800006091594696,20.916400011628866,28.931000008014962,0
1567,d_validation_1920_1080_daylight_2,6.892799996421672,14.808299994911067,0.5476000078488141,0.5502999993041158,15.906200002063997,22.79899999848567,6
1568,d_validation_1920_1080_daylight_2,7.505700006731786,17.078699995181523,0.6126999942352995,0.2702000056160614,17.961599995032884,25.46730000176467,2
1569,d_validation_1920_1080_daylight_2,6.889600001159124,19.396100004087202,0.6260999944061041,0.3358999965712428,20.35809999506455,27.247699996223673,3
1570,d_validation_1920_1080_daylight_2,7.549799993284978,21.413499998743646,0.6609999982174486,0.4064999957336113,22.480999992694706,30.030799985979684,4
1571,d_validation_1920_1080_daylight_2,7.772600001771934,21.93740000075195,0.9976000001188368,0.6157000025268644,23.55070000339765,31.323300005169585,6
1572,d_validation_1920_1080_daylight_2,8.249699996667914,17.26090000011027,0.7787000067764893,0.20300000323913991,18.242600010125898,26.492300006793812,1
1573,d_validation_1920_1080_daylight_2,7.314899994526058,20.438799998373725,1.0729000059654936,0.410699998610653,21.92240000294987,29.23729999747593,4
1574,d_validation_1920_1080_daylight_2,7.774700003210455,22.71209999162238,1.1280000035185367,0.363900006050244,24.20400000119116,31.978700004401617,3
1575,d_validation_1920_1080_daylight_2,7.68729999253992,17.02090000617318,0.8103000000119209,0.19579999207053334,18.026999998255633,25.714299990795553,1
1576,d_validation_1920_1080_daylight_2,7.197300001280382,18.456100006005727,0.7804000051692128,0.2910999901359901,19.52760000131093,26.724900002591312,3
1577,d_validation_1920_1080_daylight_2,6.795799999963492,21.448100000270642,1.16379999963101,0.42039999971166253,23.032299999613315,29.828099999576807,4
1578,d_validation_1920_1080_daylight_2,7.650799991097301,21.36100000643637,0.880199993844144,0.28110000130254775,22.522300001583062,30.173099992680363,2
1579,d_validation_1920_1080_daylight_2,7.614300004206598,23.77159999741707,1.2814000074286014,0.23049999435897917,25.28349999920465,32.89780000341125,1
1580,d_validation_1920_1080_daylight_2,9.256399993319064,19.540799999958836,1.1709000100381672,0.2199000009568408,20.931600010953844,30.188000004272908,1
1581,d_validation_1920_1080_daylight_2,7.673200001590885,19.959299999754876,0.548800002434291,0.0005999900167807937,20.508699992205948,28.181899993796833,0
1582,d_validation_1920_1080_daylight_2,6.8715999950654805,21.1435000092024,0.8757999894442037,0.3564000071492046,22.375700005795807,29.247300000861287,3
1583,d_validation_1920_1080_daylight_2,7.774099998641759,22.766699999920093,0.977099989540875,0.4305000038584694,24.174299993319437,31.948399991961196,4
1584,d_validation_1920_1080_daylight_2,6.670100003248081,21.457299997564405,0.9685999975772575,0.2762000076472759,22.70210000278894,29.37220000603702,2
1585,d_validation_1920_1080_daylight_2,7.510599985835142,23.218500005896203,1.382500006002374,0.20139999105595052,24.802400002954528,32.31299998878967,1
1586,d_validation_1920_1080_daylight_2,7.754599995678291,24.01819999795407,1.3878000027034432,0.3723999980138615,25.778399998671375,33.532999994349666,3
1587,d_validation_1920_1080_daylight_2,7.88509999983944,22.22649999021087,1.447100003133528,0.3668999997898936,24.04049999313429,31.92559999297373,3
1588,d_validation_1920_1080_daylight_2,7.932699998491444,17.2076000017114,1.1478999949758872,0.3400999994482845,18.69559999613557,26.628299994627014,3
1589,d_validation_1920_1080_daylight_2,7.848299996112473,20.33359999768436,1.0342000023229048,0.43230000301264226,21.800100003019907,29.64839999913238,4
1590,d_validation_1920_1080_daylight_2,7.2567999886814505,23.18290001130663,1.52009999146685,0.3876999981002882,25.090700000873767,32.34749998955522,3
1591,d_validation_1920_1080_daylight_2,7.858299999497831,20.647199999075383,1.1300000041956082,0.531300000147894,22.308500003418885,30.166800002916716,6
1592,d_validation_1920_1080_daylight_2,7.603999998536892,22.50580000691116,1.687099997070618,0.4400999896461144,24.63299999362789,32.23699999216478,4
1593,d_validation_1920_1080_daylight_2,7.444899994879961,20.273900008760393,1.2482000020099804,0.19579999207053334,21.717900002840906,29.162799997720867,1
1594,d_validation_1920_1080_daylight_2,8.074800003669225,18.043999996734783,0.6229999999050051,0.0007999915396794677,18.667799988179468,26.742599991848692,0
1595,d_validation_1920_1080_daylight_2,7.196299993665889,21.125700004631653,1.2495999981183559,0.5462999979499727,22.921600000699982,30.11789999436587,6
1596,d_validation_1920_1080_daylight_2,7.479400010197423,22.09980000043288,0.6603999936487526,0.0013999961083754897,22.761599990190007,30.24100000038743,0
1597,d_validation_1920_1080_daylight_2,7.261899998411536,21.19939999829512,1.2663999950746074,0.4853999998886138,22.951199993258342,30.21309999166988,5
1598,d_validation_1920_1080_daylight_2,7.450100005371496,17.616700002690777,1.3346999912755564,0.42550000944174826,19.376900003408082,26.827000008779578,4
1599,d_validation_1920_1080_daylight_2,7.506099995225668,23.043799999868497,1.800300000468269,0.22200000239536166,25.066100002732128,32.572199997957796,1
1600,d_validation_1920_1080_daylight_2,7.507500005885959,22.483299995656125,0.9986999939428642,0.000700005330145359,23.482699994929135,30.990200000815094,0
1601,d_validation_1920_1080_daylight_2,7.9280000063590705,21.991200002958067,1.5660999924875796,0.29579999682027847,23.853099992265925,31.781099998624995,2
1602,d_validation_1920_1080_daylight_2,7.073499989928678,15.701399999670684,0.7078000053297728,0.000900006853044033,16.4101000118535,23.48360000178218,0
1603,d_validation_1920_1080_daylight_2,7.021199999144301,22.725000002537854,1.6192999901250005,0.6843000010121614,25.028599993675016,32.04979999281932,6
1604,d_validation_1920_1080_daylight_2,7.9919999989215285,21.506599994609132,1.687099997070618,0.40690001333132386,23.600600005011074,31.592600003932603,3
1605,d_validation_1920_1080_daylight_2,7.975200001965277,23.034800004097633,1.6192999901250005,0.25690000620670617,24.91100000042934,32.88620000239462,1
1606,d_validation_1920_1080_daylight_2,6.715800001984462,19.06310000049416,1.5780999965500087,0.40699999954085797,21.048199996585026,27.76399999856949,3
1607,d_validation_1920_1080_daylight_2,7.62879999820143,18.159300001570955,1.600600007805042,0.20689998927991837,19.966799998655915,27.595599996857345,1
1608,d_validation_1920_1080_daylight_2,7.958299989695661,21.606300011626445,1.1876999924425036,0.523599999723956,23.317600003792904,31.275899993488565,2
1609,d_validation_1920_1080_daylight_2,7.850599999073893,22.693699997034855,1.5527000068686903,0.2040999970631674,24.450500000966713,32.301100000040606,1
1610,d_validation_1920_1080_daylight_2,7.852199996705167,17.876000012620352,1.1233999975956976,0.26950000028591603,19.268900010501966,27.121100007207133,2
1611,d_validation_1920_1080_daylight_2,7.649199993466027,19.962100006523542,1.1503999994602054,0.33819999953266233,21.45070000551641,29.099899998982437,3
1612,d_validation_1920_1080_daylight_2,7.578099990496412,17.46610000554938,1.2150999973528087,0.44499999785330147,19.12620000075549,26.7042999912519,4
1613,d_validation_1920_1080_daylight_2,7.526800007326528,21.87049998610746,1.2058000138495117,0.2702999918255955,23.34659999178257,30.873399999109097,2
1614,d_validation_1920_1080_daylight_2,7.578000004286878,22.428099997341633,1.7164000018965453,0.2845999988494441,24.429099998087622,32.0071000023745,2
1615,d_validation_1920_1080_daylight_2,7.636299997102469,22.577299998374656,1.6533000016352162,0.47590000031050295,24.706500000320375,32.342799997422844,5
1616,d_validation_1920_1080_daylight_2,7.268400004249997,17.394399998011068,1.6543000092497095,0.3592999855754897,19.407999992836267,26.676399997086264,3
1617,d_validation_1920_1080_daylight_2,7.77100000414066,22.44539999810513,0.8726000087335706,0.0011999945854768157,23.31920000142418,31.09020000556484,0
1618,d_validation_1920_1080_daylight_2,8.008600008906797,22.50099999946542,1.2119000020902604,0.49369999032933265,24.206599991885014,32.21520000079181,5
1619,d_validation_1920_1080_daylight_2,7.815500008291565,17.2444999916479,1.3360000011743978,0.36279999767430127,18.943299990496598,26.758799998788163,3
1620,d_validation_1920_1080_daylight_2,7.4259000102756545,20.831100002396852,0.8923999994294718,0.0012999953469261527,21.72479999717325,29.150700007448904,0
1621,d_validation_1920_1080_daylight_2,7.071400003042072,22.796999997808598,0.8490000036545098,0.00029998773243278265,23.64629998919554,30.717699992237613,0
1622,d_validation_1920_1080_daylight_2,7.802500011166558,17.0767999952659,1.1147000041091815,0.2707999956328422,18.462299995007925,26.264800006174482,2
1623,d_validation_1920_1080_daylight_2,7.095299995853566,21.829799996339716,1.1611000081757084,0.5857999931322411,23.576699997647665,30.67199999350123,6
1624,d_validation_1920_1080_daylight_2,7.252399998833425,22.490400006063282,0.7996000058483332,0.0021000014385208488,23.292100013350137,30.544500012183562,0
1625,d_validation_1920_1080_daylight_2,5.960299997241236,21.042899999883957,0.800499998149462,0.000400003045797348,21.843800001079217,27.804099998320453,0
1626,d_validation_1920_1080_daylight_2,7.254999989527278,22.812700000940822,0.7879000040702522,0.000400003045797348,23.60100000805687,30.85599999758415,0
1627,d_validation_1920_1080_daylight_2,6.988599998294376,22.81300000322517,1.3799000007566065,0.20139999105595052,24.394299995037727,31.382899993332103,1
1628,d_validation_1920_1080_daylight_2,6.963699997868389,22.04760001040995,1.0251999920001253,0.295300007564947,23.368100009975024,30.331800007843412,2
1629,d_validation_1920_1080_daylight_2,7.129099991288967,22.512499999720603,1.3386000064201653,0.23049999435897917,24.081600000499748,31.210699991788715,1
1630,d_validation_1920_1080_daylight_2,8.401800005231053,20.533899994916283,0.6735000060871243,0.0007999915396794677,21.208199992543086,29.60999999777414,0
1631,d_validation_1920_1080_daylight_2,8.36659999913536,15.305600012652576,0.6763999990653247,0.000300002284348011,15.982300014002249,24.34890001313761,0
1632,d_validation_1920_1080_daylight_2,6.739300006302074,22.735299993655644,0.6732000038027763,0.000300002284348011,23.40879999974277,30.148100006044842,0
1633,d_validation_1920_1080_daylight_2,8.335899998201057,22.497100013424642,0.4817999870283529,0.000200001522898674,22.979100001975894,31.31500000017695,0
1634,d_validation_1920_1080_daylight_2,7.106099990778603,20.135900005698204,1.211499999044463,0.25150000874418765,21.598900013486855,28.705000004265457,1
1635,d_validation_1920_1080_daylight_2,8.222299991757609,17.070999994757585,0.891800009412691,0.24710000434424728,18.209900008514524,26.432200000272132,2
1636,d_validation_1920_1080_daylight_2,7.736499988823198,19.366900000022724,0.8847999997669831,0.4793999978573993,20.731099997647107,28.467599986470304,5
1637,d_validation_1920_1080_daylight_2,7.499400002416223,17.001699990942143,1.2329000019235536,0.28819999715778977,18.522799990023486,26.02219999243971,2
1638,d_validation_1920_1080_daylight_2,7.2475000051781535,17.15239998884499,0.45870000030845404,0.001100008375942707,17.612199997529387,24.85970000270754,0
1639,d_validation_1920_1080_daylight_2,7.230300005176105,22.580399992875755,1.142500012065284,0.2027000009547919,23.92560000589583,31.155900011071935,1
1640,d_validation_1920_1080_daylight_2,6.963300009374507,23.174099987954833,0.6088000081945211,0.000700005330145359,23.7836000014795,30.746900010854006,0
1641,d_validation_1920_1080_daylight_2,5.572699999902397,18.072999999276362,0.6022000015946105,0.00029998773243278265,18.675499988603406,24.248199988505803,0
1642,d_validation_1920_1080_daylight_2,6.534200001624413,22.903200006112456,0.5931999912718311,0.000300002284348011,23.496699999668635,30.03090000129305,0
1643,d_validation_1920_1080_daylight_2,7.088400001521222,22.487399997771718,0.5502999993041158,0.000300002284348011,23.03799999936018,30.126400000881404,0
1644,d_validation_1920_1080_daylight_2,7.47100000444334,20.418500003870577,0.3690000012284145,0.000400003045797348,20.78790000814479,28.25890001258813,0
1645,d_validation_1920_1080_daylight_2,6.082600011723116,20.868899999186397,0.3809999907389283,0.000300002284348011,21.250199992209673,27.33280000393279,0
1646,d_validation_1920_1080_daylight_2,5.7813000021269545,21.078199992189184,0.36190000537317246,0.000300002284348011,21.440399999846704,27.22170000197366,0
1647,d_validation_1920_1080_daylight_2,5.928099999437109,20.860499993432313,0.334399999701418,0.000200001522898674,21.19509999465663,27.12319999409374,0
1648,d_validation_1920_1080_daylight_2,5.911100000957958,20.774699994944967,0.3062000032514334,0.000300002284348011,21.08120000048075,26.992300001438707,0
1649,d_validation_1920_1080_daylight_2,5.814300006022677,20.808200002647936,0.305800000205636,0.000200001522898674,21.11420000437647,26.928500010399148,0
1650,d_validation_1920_1080_daylight_2,5.931399995461106,19.639099991763942,0.27380000392440706,0.000200001522898674,19.913099997211248,25.844499992672354,0
1651,d_validation_1920_1080_daylight_2,6.420999998226762,23.252099999808706,0.6730000022798777,0.2049000031547621,24.130000005243346,30.551000003470108,1
1652,d_validation_1920_1080_daylight_2,6.625299996812828,17.46659999480471,0.5119999987073243,0.1829000102588907,18.161500003770925,24.786800000583753,1
1653,d_validation_1920_1080_daylight_2,7.099599999492057,16.696599996066652,0.334399999701418,0.000600004568696022,17.031600000336766,24.131199999828823,0
1654,d_validation_1920_1080_daylight_2,5.8616000023903325,14.735999997355975,0.4979000077582896,0.1736999984132126,15.407600003527477,21.26920000591781,1
1655,d_validation_1920_1080_daylight_2,6.662300002062693,17.347499990137294,0.4571000026771799,0.1976000057766214,18.002199998591095,24.66450000065379,1
1656,d_validation_1920_1080_daylight_2,6.5771999943535775,22.250900001381524,0.5909000028623268,0.27439999394118786,23.11619999818504,29.693399992538616,1
1657,d_validation_1920_1080_daylight_2,7.983100003912114,20.42559999972582,0.526099989656359,0.3449000068940222,21.2965999962762,29.279700000188313,3
1658,d_validation_1920_1080_daylight_2,7.184400004916824,20.525700005237013,0.8281999907922,0.5310999986249954,21.88499999465421,29.069399999571033,6
1659,d_validation_1920_1080_daylight_2,7.483100009267218,22.02709999983199,0.37549999251496047,0.0016999983927235007,22.404299990739673,29.887400000006892,0
1660,d_validation_1920_1080_daylight_2,6.636600010097027,15.055700001539662,0.5715000006603077,0.35439999192021787,15.981599994120188,22.618200004217215,3
1661,d_validation_1920_1080_daylight_2,7.021599987638183,22.570500004803762,0.7480000058421865,0.20319999021012336,23.52170000085607,30.543299988494255,1
1662,d_validation_1920_1080_daylight_2,7.274899995536543,23.731799999950454,0.6423000013455749,0.44299999717622995,24.81709999847226,32.0919999940088,3
1663,d_validation_1920_1080_daylight_2,7.098800007952377,22.698599990690127,0.694900008966215,0.44809999235440046,23.841599992010742,30.94039999996312,4
1664,d_validation_1920_1080_daylight_2,7.290800000191666,15.636399999493733,0.34229998709633946,0.001300009898841381,15.979999996488914,23.27079999668058,0
1665,d_validation_1920_1080_daylight_2,6.524700002046302,20.736499995109625,0.6620999920414761,0.19460001203697175,21.593199999188073,28.117900001234375,1
1666,d_validation_1920_1080_daylight_2,7.3081999871646985,17.897600002470426,0.6758000090485439,0.27549998776521534,18.848899999284185,26.157099986448884,2
1667,d_validation_1920_1080_daylight_2,7.182400004239753,23.230699996929616,0.8680000028107315,0.21189999824855477,24.310599997988902,31.493000002228655,1
1668,d_validation_1920_1080_daylight_2,7.338499999605119,17.59899999888148,0.6717000069329515,0.36499999987427145,18.635700005688705,25.974200005293824,3
1669,d_validation_1920_1080_daylight_2,7.28279999748338,16.96799999626819,0.6122000049799681,0.17299999308306724,17.753199994331226,25.035999991814606,1
1670,d_validation_1920_1080_daylight_2,7.9587999935029075,22.63900000252761,0.8786999969743192,0.28330000350251794,23.801000003004447,31.759799996507354,2
1671,d_validation_1920_1080_daylight_2,7.364200006122701,22.355399996740744,0.9116000001085922,0.28399999428074807,23.550999991130084,30.915199997252785,2
1672,d_validation_1920_1080_daylight_2,6.710100002237596,22.31420000316575,0.5549999914364889,0.001100008375942707,22.870300002978183,29.58040000521578,0
1673,d_validation_1920_1080_daylight_2,6.762599994544871,20.788300011190586,0.6701999955112115,0.19409999367780983,21.652600000379607,28.41519999492448,1
1674,d_validation_1920_1080_daylight_2,6.785999998101033,23.0203000101028,0.4879999905824661,0.000700005330145359,23.509000006015413,30.295000004116446,0
1675,d_validation_1920_1080_daylight_2,7.099399997969158,20.78530000289902,0.6774999928893521,0.1866999955382198,21.649499991326593,28.74889998929575,1
1676,d_validation_1920_1080_daylight_2,6.621900000027381,22.83049999095965,0.49530000251252204,0.000900006853044033,23.326700000325218,29.9486000003526,0
1677,d_validation_1920_1080_daylight_2,7.066100006341003,22.991199992247857,0.9307000000262633,0.21850000484846532,24.140399997122586,31.20650000346359,1
1678,d_validation_1920_1080_daylight_2,6.614999991143122,22.46950000699144,1.0332999954698607,0.29399999766610563,23.796800000127405,30.411799991270527,2
1679,d_validation_1920_1080_daylight_2,7.40879999648314,22.538499993970618,1.0674000077415258,0.2820999943651259,23.88799999607727,31.29679999256041,2
1680,d_validation_1920_1080_daylight_2,6.867900010547601,22.351999999955297,0.5433999904198572,0.00100000761449337,22.896399997989647,29.764300008537248,0
1681,d_validation_1920_1080_daylight_2,6.5137999918079,22.93890000146348,1.0363000037614256,0.20149999181739986,24.176699997042306,30.690499988850206,1
1682,d_validation_1920_1080_daylight_2,7.298500000615604,21.962700004223734,1.1036999931093305,0.2869000018108636,23.35329999914393,30.651799999759533,2
1683,d_validation_1920_1080_daylight_2,6.775500005460344,22.74639999086503,1.068099998519756,0.20510000467766076,24.019599994062446,30.79509999952279,1
1684,d_validation_1920_1080_daylight_2,6.403499995940365,20.8682999946177,0.5683000053977594,0.000700005330145359,21.437300005345605,27.84080000128597,0
1685,d_validation_1920_1080_daylight_2,6.331299999146722,21.74130000639707,0.4115999909117818,0.000300002284348011,22.1531999995932,28.48449999873992,0
1686,d_validation_1920_1080_daylight_2,6.382399995345622,16.6598000068916,0.4081999941263348,0.000200001522898674,17.068200002540834,23.450599997886457,0
1687,d_validation_1920_1080_daylight_2,6.079899991163984,20.83670000138227,0.39850000757724047,0.000300002284348011,21.235500011243857,27.31540000240784,0
1688,d_validation_1920_1080_daylight_2,5.6724000023677945,21.55299999867566,0.3895999980159104,0.000400003045797348,21.942999999737367,27.61540000210516,0
1689,d_validation_1920_1080_daylight_2,6.304000009549782,20.762000000104308,0.3664999967440963,0.000300002284348011,21.128799999132752,27.432800008682534,0
1690,d_validation_1920_1080_daylight_2,6.738400014000945,16.19629999913741,0.3332999913254753,0.000200001522898674,16.529799991985783,23.268200005986728,0
1691,d_validation_1920_1080_daylight_2,6.336800011922605,20.968099997844547,0.4608000017469749,0.00029998773243278265,21.429199987323955,27.76599999924656,0
1692,d_validation_1920_1080_daylight_2,5.687199998646975,20.227400003932416,0.604800006840378,0.18679999629966915,21.019000007072464,26.706200005719438,1
1693,d_validation_1920_1080_daylight_2,7.018200005404651,17.818899999838322,0.3169999981764704,0.000700005330145359,18.136600003344938,25.15480000874959,0
1694,d_validation_1920_1080_daylight_2,7.048800005577505,18.742699990980327,0.5563000013353303,0.17940001271199435,19.478400005027652,26.527200010605156,1
1695,d_validation_1920_1080_daylight_2,8.384500004467554,19.11639999889303,0.5325999954948202,0.17610000213608146,19.82509999652393,28.209600000991486,1
1696,d_validation_1920_1080_daylight_2,7.550599999376573,22.661599999992177,0.35969998862128705,0.000900006853044033,23.022199995466508,30.57279999484308,0
1697,d_validation_1920_1080_daylight_2,7.922600008896552,22.889599989866838,0.3527000080794096,0.000300002284348011,23.242600000230595,31.165200009127147,0
1698,d_validation_1920_1080_daylight_2,6.637800004682504,23.795700006303377,0.33409999741706997,0.000300002284348011,24.130100006004795,30.7679000106873,0
1699,d_validation_1920_1080_daylight_2,7.162800000514835,23.12490000622347,0.6326000002445653,0.2072000061161816,23.964700012584217,31.127500013099052,1
1700,d_validation_1920_1080_daylight_2,7.971600003656931,23.663999993004836,0.6565000076079741,0.4124999977648258,24.732999998377636,32.70460000203457,3
1701,d_validation_1920_1080_daylight_2,7.36279999546241,22.558099997695535,0.4279000131646171,0.0011999945854768157,22.98720000544563,30.35000000090804,0
1702,d_validation_1920_1080_daylight_2,7.295100003830157,23.204999990412034,0.6703999970341101,0.4302000015741214,24.305599989020266,31.600699992850423,4
1703,d_validation_1920_1080_daylight_2,6.666600005701184,22.805000000516884,0.8012999896891415,0.4837000014958903,24.089999991701916,30.7565999974031,5
1704,d_validation_1920_1080_daylight_2,6.95760000962764,21.510599995963275,0.28530000417958945,0.0013999961083754897,21.79729999625124,28.75490000587888,0
1705,d_validation_1920_1080_daylight_2,6.117299999459647,20.909900005790405,0.3074999985983595,0.000300002284348011,21.217700006673113,27.33500000613276,0
1706,d_validation_1920_1080_daylight_2,6.677800003672019,20.644999996875413,0.2789999998640269,0.000300002284348011,20.924299999023788,27.602100002695806,0
1707,d_validation_1920_1080_daylight_2,6.56130000425037,20.1256000000285,0.3617000038502738,0.00029998773243278265,20.487599991611205,27.048899995861575,0
1708,d_validation_1920_1080_daylight_2,6.56429999799002,17.36309999250807,0.36469999758992344,0.000300002284348011,17.72809999238234,24.29239999037236,0
1709,d_validation_1920_1080_daylight_2,6.896499995491467,22.497800004202873,0.34949999826494604,0.000300002284348011,22.847600004752167,29.744100000243634,0
1710,d_validation_1920_1080_daylight_2,6.947000001673587,23.261499998625368,0.6806999881519005,0.2989000058732927,24.24109999265056,31.188099994324148,2
1711,d_validation_1920_1080_daylight_2,7.329800006118603,22.2152000060305,0.6913999968674034,0.1998999941861257,23.10649999708403,30.436300003202632,1
1712,d_validation_1920_1080_daylight_2,7.811699993908405,22.584400008781813,0.3400999994482845,0.0007999915396794677,22.925299999769777,30.736999993678182,0
1713,d_validation_1920_1080_daylight_2,6.7528000072343275,22.91809998860117,0.32469999860040843,0.000200001522898674,23.242999988724478,29.995799995958805,0
1714,d_validation_1920_1080_daylight_2,6.8906999949831516,20.965900010196492,0.2491999912308529,0.000400003045797348,21.215500004473142,28.106199999456294,0
1715,d_validation_1920_1080_daylight_2,5.840800004079938,21.196300003794022,0.447900005383417,0.1973999897018075,21.841599998879246,27.682400002959184,1
1716,d_validation_1920_1080_daylight_2,6.716999996569939,17.05270000093151,0.3158000035909936,0.0006999907782301307,17.369199995300733,24.08619999187067,0
1717,d_validation_1920_1080_daylight_2,5.791100003989413,14.881900002365,0.2386999985901639,0.000200001522898674,15.120800002478063,20.911900006467476,0
1718,d_validation_1920_1080_daylight_2,5.8828000037465245,22.802299994509667,0.23100001271814108,0.00029998773243278265,23.03359999496024,28.916399998706765,0
1719,d_validation_1920_1080_daylight_2,6.592100005946122,21.144500002264977,0.3139999898849055,0.000300002284348011,21.45879999443423,28.050900000380352,0
1720,d_validation_1920_1080_daylight_2,6.873499994981103,22.150500008137897,0.23239999427460134,0.000300002284348011,22.383200004696846,29.25669999967795,0
1721,d_validation_1920_1080_daylight_2,5.146800001966767,23.10570000554435,0.23530000180471689,0.00029998773243278265,23.3412999950815,28.488099997048266,0
1722,d_validation_1920_1080_daylight_2,5.044399993494153,21.858200008864515,0.23530000180471689,0.00029998773243278265,22.093799998401664,27.138199991895817,0
1723,d_validation_1920_1080_daylight_2,4.978999990271404,21.004300011554733,0.6488999933935702,0.1981999957934022,21.851400000741705,26.83039999101311,1
1724,d_validation_1920_1080_daylight_2,5.773500000941567,21.195699999225326,0.23389999114442617,0.000700005330145359,21.430299995699897,27.203799996641465,0
1725,d_validation_1920_1080_daylight_2,5.608899999060668,22.925500001292676,0.30699999479111284,0.000300002284348011,23.232799998368137,28.841699997428805,0
1726,d_validation_1920_1080_daylight_2,6.101700011640787,22.97149998776149,0.291300006210804,0.000200001522898674,23.262999995495193,29.36470000713598,0
1727,d_validation_1920_1080_daylight_2,5.523100000573322,15.130300002056174,0.21430000197142363,0.00029998773243278265,15.34489999176003,20.867999992333353,0
1728,d_validation_1920_1080_daylight_2,5.390899998019449,17.091400004574098,0.2776000037556514,0.00029998773243278265,17.369299996062182,22.76019999408163,0
1729,d_validation_1920_1080_daylight_2,5.9056000027339906,22.515099990414456,0.21930001094006002,0.000300002284348011,22.734700003638864,28.640300006372854,0
1730,d_validation_1920_1080_daylight_2,5.311500004609115,16.17229999101255,0.21670000569429249,0.000300002284348011,16.38929999899119,21.700800003600307,0
1731,d_validation_1920_1080_daylight_2,7.088900005328469,16.27369999187067,0.5949000042164698,0.40469999657943845,17.27329999266658,24.36219999799505,3
1732,d_validation_1920_1080_daylight_2,7.493800003430806,15.98809999995865,0.4565999988699332,0.18289999570697546,16.627599994535558,24.121399997966364,1
1733,d_validation_1920_1080_daylight_2,7.635700007085688,21.490600003744476,0.44889999844599515,0.19160000374540687,22.131100005935878,29.766800013021566,1
1734,d_validation_1920_1080_daylight_2,8.201699994970113,23.034100013319403,0.46609999844804406,0.43289999302942306,23.93310000479687,32.13479999976698,4
1735,d_validation_1920_1080_daylight_2,6.930000003194436,20.89929999783635,0.4724999889731407,0.3470000083325431,21.718799995142035,28.64879999833647,3
1736,d_validation_1920_1080_daylight_2,7.551999995484948,22.81840000068769,0.6513999978778884,0.3648999991128221,23.8346999976784,31.386699993163347,3
1737,d_validation_1920_1080_daylight_2,7.4210999882780015,17.708700004732236,0.47959999938029796,0.2747999969869852,18.46310000109952,25.88419998937752,2
1738,d_validation_1920_1080_daylight_2,7.935300003737211,16.267999992123805,0.25240000104531646,0.00100000761449337,16.521400000783615,24.456700004520826,0
1739,d_validation_1920_1080_daylight_2,6.8322000006446615,14.630199992097914,0.24960000882856548,0.000200001522898674,14.880000002449378,21.71220000309404,0
1740,d_validation_1920_1080_daylight_2,7.2462999960407615,22.783100008382462,0.3403000009711832,0.000400003045797348,23.123800012399442,30.370100008440204,0
1741,d_validation_1920_1080_daylight_2,8.078700004261918,20.923199990647845,0.32360000477638096,0.000300002284348011,21.247099997708574,29.325800001970492,0
1742,d_validation_1920_1080_daylight_2,7.774300000164658,20.904199991491623,0.4685000021709129,0.18699999782256782,21.559699991485104,29.333999991649762,1
1743,d_validation_1920_1080_daylight_2,7.695699998294003,22.945899996557273,0.6935000128578395,0.3361999988555908,23.975600008270703,31.671300006564707,3
1744,d_validation_1920_1080_daylight_2,7.674899999983609,20.07230000162963,0.7724000024609268,0.3561999910743907,21.200899995164946,28.875799995148554,3
1745,d_validation_1920_1080_daylight_2,7.314200003747828,23.148199994466268,0.7105000113369897,0.2074999938486144,24.06619999965187,31.3804000033997,1
1746,d_validation_1920_1080_daylight_2,7.35470000654459,15.962499994202517,0.5295000009937212,0.000900006853044033,16.492900002049282,23.847600008593872,0
1747,d_validation_1920_1080_daylight_2,9.508399991318583,23.10649999708403,0.2722000062931329,0.000300002284348011,23.37900000566151,32.88739999698009,0
1748,d_validation_1920_1080_daylight_2,8.909500000299886,22.07289999932982,0.2832999889506027,0.000300002284348011,22.35649999056477,31.265999990864657,0
1749,d_validation_1920_1080_daylight_2,8.85480000579264,20.981999987270683,0.7231000054161996,0.19940000493079424,21.904499997617677,30.759300003410317,1
1750,d_validation_1920_1080_daylight_2,11.239800005569123,22.40799998980947,0.5690000107279047,0.1905999961309135,23.167599996668287,34.40740000223741,1
1751,d_validation_1920_1080_daylight_2,7.830699993064627,16.925500007346272,0.28809999639634043,0.000600004568696022,17.21420000831131,25.044900001375936,0
1752,d_validation_1920_1080_daylight_2,6.590000004507601,18.46550000482239,0.28500000189524144,0.00029998773243278265,18.750799994450063,25.340799998957664,0
1753,d_validation_1920_1080_daylight_2,6.3378000049851835,20.964299998013303,0.2840000088326633,0.00029998773243278265,21.2485999945784,27.586399999563582,0
1754,d_validation_1920_1080_daylight_2,6.196299989824183,23.140000004786998,0.3949999954784289,0.000300002284348011,23.535300002549775,29.73159999237396,0
1755,d_validation_1920_1080_daylight_2,7.598299998790026,23.096199991414323,0.7305000035557896,0.18930000078398734,24.0159999957541,31.614299994544126,1
1756,d_validation_1920_1080_daylight_2,7.3158000013791025,22.196200006874278,0.8089999901130795,0.2803000097628683,23.285500006750226,30.60130000812933,2
1757,d_validation_1920_1080_daylight_2,7.434400002239272,23.294900005566888,0.912799994694069,0.40360000275541097,24.611300003016368,32.04570000525564,4
1758,d_validation_1920_1080_daylight_2,7.421499991323799,16.455100005259737,0.32920000376179814,0.0013999961083754897,16.78570000512991,24.20719999645371,0
1759,d_validation_1920_1080_daylight_2,6.484600002295338,21.69750000757631,0.41039999632630497,0.000500003807246685,22.10840000770986,28.5930000100052,0
1760,d_validation_1920_1080_daylight_2,6.825999997090548,22.656999994069338,0.7544000109191984,0.00039998849388211966,23.41179999348242,30.237799990572967,0
1761,d_validation_1920_1080_daylight_2,6.435700008296408,22.679100002278574,0.5023999983677641,0.000400003045797348,23.181900003692135,29.617600011988543,0
1762,d_validation_1920_1080_daylight_2,6.962900006328709,22.535500000230968,0.3397999971639365,0.000200001522898674,22.875499998917803,29.838400005246513,0
1763,d_validation_1920_1080_daylight_2,6.6076000075554475,15.22050000494346,0.5936999950790778,0.18200000340584666,15.996200003428385,22.603800010983832,1
1764,d_validation_1920_1080_daylight_2,7.276899996213615,20.79510000476148,0.6130999972810969,0.27380000392440706,21.682000005966984,28.9589000021806,2
1765,d_validation_1920_1080_daylight_2,7.096000001183711,20.91680000012275,0.6675999902654439,0.29660000291187316,21.880999993300065,28.976999994483776,3
1766,d_validation_1920_1080_daylight_2,7.1376999985659495,21.40040000085719,0.7049999985611066,0.47080000513233244,22.57620000455063,29.713900003116578,5
1767,d_validation_1920_1080_daylight_2,7.1346000040648505,16.40350000525359,0.8338999905390665,0.4062000080011785,17.643600003793836,24.778200007858686,5
1768,d_validation_1920_1080_daylight_2,7.0536999992327765,22.42040001146961,1.085699987015687,0.47360001190099865,23.979700010386296,31.033400009619072,5
1769,d_validation_1920_1080_daylight_2,7.378900001640432,22.183099994435906,0.6021000008331612,0.19180000526830554,22.977000000537373,30.355900002177805,1
1770,d_validation_1920_1080_daylight_2,6.8500999914249405,21.978500008117408,0.2958999975817278,0.000700005330145359,22.27510001102928,29.12520000245422,0
1771,d_validation_1920_1080_daylight_2,6.3452000031247735,20.839199991314672,0.29960001120343804,0.00029998773243278265,21.139099990250543,27.484299993375316,0
1772,d_validation_1920_1080_daylight_2,6.338899998809211,22.598100011236966,0.3947999939555302,0.000400003045797348,22.993300008238293,29.332200007047504,0
1773,d_validation_1920_1080_daylight_2,6.997499993303791,22.943100004340522,0.3939000016544014,0.000300002284348011,23.33730000827927,30.334800001583062,0
1774,d_validation_1920_1080_daylight_2,7.3668999975780025,23.348800008534454,0.38619998667854816,0.000200001522898674,23.7351999967359,31.102099994313903,0
1775,d_validation_1920_1080_daylight_2,7.299900011275895,23.856499989051372,0.3583000070648268,0.000300002284348011,24.215099998400547,31.51500000967644,0
1776,d_validation_1920_1080_daylight_2,6.461099997977726,15.026200009742752,0.2482999989297241,0.000200001522898674,15.274700010195374,21.7358000081731,0
1777,d_validation_1920_1080_daylight_2,6.3113999931374565,15.198100009001791,0.24169999232981354,0.000300002284348011,15.440100003615953,21.75149999675341,0
1778,d_validation_1920_1080_daylight_2,6.218900001840666,22.134700004244223,0.32029999420046806,0.000400003045797348,22.45540000149049,28.674300003331155,0
1779,d_validation_1920_1080_daylight_2,9.71640000352636,22.80409999366384,0.6835000094724819,0.3598999901441857,23.847499993280508,33.56389999680687,3
1780,d_validation_1920_1080_daylight_2,9.970499988412485,22.409200013498776,0.7910999993328005,0.3536999865900725,23.55399999942165,33.52449998783413,3
1781,d_validation_1920_1080_daylight_2,9.945599987986498,17.660299999988638,0.5551000067498535,0.19150000298395753,18.40690000972245,28.352499997708946,1
1782,d_validation_1920_1080_daylight_2,9.541099992929958,16.25820000481326,0.27709999994840473,0.000700005330145359,16.53600001009181,26.07710000302177,0
1783,d_validation_1920_1080_daylight_2,8.472000001347624,20.44710000336636,0.2753000007942319,0.000300002284348011,20.72270000644494,29.194700007792562,0
1784,d_validation_1920_1080_daylight_2,7.005899999057874,16.823500001919456,0.26780000189319253,0.000300002284348011,17.091600006096996,24.09750000515487,0
1785,d_validation_1920_1080_daylight_2,8.631300006527454,22.6632999983849,0.7125999982235953,0.19780000729952008,23.573700003908016,32.20500001043547,1
1786,d_validation_1920_1080_daylight_2,10.194200003752485,23.035499994875863,0.7618000090587884,0.47039998753461987,24.26769999146927,34.461899995221756,2
1787,d_validation_1920_1080_daylight_2,8.280000009108335,16.77259999269154,0.6003000016789883,0.3476999991107732,17.7205999934813,26.000600002589636,3
1788,d_validation_1920_1080_daylight_2,8.97419999819249,18.096800005878322,0.30139999580569565,0.0013999961083754897,18.399599997792393,27.373799995984882,0
1789,d_validation_1920_1080_daylight_2,8.05249999393709,23.513899999670684,0.35230000503361225,0.000300002284348011,23.866500006988645,31.919000000925735,0
1790,d_validation_1920_1080_daylight_2,9.11709999490995,22.46730000479147,0.36190000537317246,0.000300002284348011,22.82950001244899,31.94660000735894,0
1791,d_validation_1920_1080_daylight_2,8.64220000221394,20.99370000360068,0.7029999978840351,0.20260000019334257,21.899300001678057,30.541500003891997,1
1792,d_validation_1920_1080_daylight_2,8.822699994198047,22.905300007550977,0.37480000173673034,0.0009999930625781417,23.281100002350286,32.10379999654833,0
1793,d_validation_1920_1080_daylight_2,6.244699994567782,22.958800007472746,0.3631999861681834,0.000300002284348011,23.322299995925277,29.56699999049306,0
1794,d_validation_1920_1080_daylight_2,7.70879999618046,23.37660000193864,0.36419999378267676,0.000300002284348011,23.741099998005666,31.449899994186126,0
1795,d_validation_1920_1080_daylight_2,7.801800005836412,16.516799994860776,0.35519999801181257,0.000300002284348011,16.872299995156936,24.67410000099335,0
1796,d_validation_1920_1080_daylight_2,5.851399997482076,15.66060000914149,0.2570999931776896,0.000300002284348011,15.918000004603527,21.769400002085604,0
1797,d_validation_1920_1080_daylight_2,7.254099997226149,23.300600005313754,0.31450000824406743,0.00039998849388211966,23.615500002051704,30.869599999277852,0
1798,d_validation_1920_1080_daylight_2,7.93320000229869,18.773300005705096,0.23379999038297683,0.000400003045797348,19.00749999913387,26.94070000143256,0
1799,d_validation_1920_1080_daylight_2,6.6808000119635835,22.008300002198666,0.5871999892406166,0.2201000024797395,22.815599993919022,29.496400005882606,1
1800,d_validation_1920_1080_daylight_2,6.346699999994598,20.097400003578514,0.21610000112559646,0.0008999923011288047,20.31439999700524,26.661099996999837,0
1801,d_validation_1920_1080_daylight_2,6.148700005724095,20.268100008252077,0.2531999925849959,0.000200001522898674,20.52150000235997,26.670200008084066,0
1802,d_validation_1920_1080_daylight_2,7.140400004573166,17.42730000114534,0.20349999249447137,0.000300002284348011,17.63109999592416,24.771500000497326,0
1803,d_validation_1920_1080_daylight_2,6.741000004694797,22.664999996777624,0.5171999946469441,0.21180001203902066,23.39400000346359,30.135000008158386,1
1804,d_validation_1920_1080_daylight_2,7.874000002630055,22.94580001034774,0.2700999903026968,0.000800006091594696,23.21670000674203,31.090700009372085,0
1805,d_validation_1920_1080_daylight_2,7.526999994297512,22.694200000842102,0.27570000384002924,0.00039998849388211966,22.970299993176013,30.497299987473525,0
1806,d_validation_1920_1080_daylight_2,7.6951000082772225,23.354699995252304,0.2666999935172498,0.000300002284348011,23.6216999910539,31.316799999331124,0
1807,d_validation_1920_1080_daylight_2,7.763299989164807,20.15600001323037,0.2091999922413379,0.000300002284348011,20.365500007756054,28.12879999692086,0
1808,d_validation_1920_1080_daylight_2,6.509400001959875,21.119899989571422,0.2106000029016286,0.000200001522898674,21.33069999399595,27.840099995955825,0
1809,d_validation_1920_1080_daylight_2,6.181199991260655,21.325500012608245,0.2103000006172806,0.00019998697098344564,21.53600000019651,27.717199991457164,0
1810,d_validation_1920_1080_daylight_2,6.490200001280755,21.239699999568984,0.2690999972401187,0.000300002284348011,21.50909999909345,27.999300000374205,0
1811,d_validation_1920_1080_daylight_2,6.455499998992309,22.136300001875497,0.18930000078398734,0.000300002284348011,22.325900004943833,28.78140000393614,0
1812,d_validation_1920_1080_daylight_2,6.650800001807511,22.42100000148639,0.20450000010896474,0.000300002284348011,22.625800003879704,29.276600005687214,0
1813,d_validation_1920_1080_daylight_2,6.969200010644272,20.961599992006086,0.20029999723192304,0.000300002284348011,21.162199991522357,28.13140000216663,0
1814,d_validation_1920_1080_daylight_2,7.305299994186498,22.615000008954667,0.16149999282788485,0.000300002284348011,22.7768000040669,30.082099998253398,0
1815,d_validation_1920_1080_daylight_2,6.459299998823553,22.66560000134632,0.19979999342467636,0.000300002284348011,22.865699997055344,29.324999995878898,0
1816,d_validation_1920_1080_daylight_2,7.3390999896219,20.922900002915412,0.331300005200319,0.2133999951183796,21.46760000323411,28.80669999285601,1
1817,d_validation_1920_1080_daylight_2,6.3805999961914495,22.54569999058731,0.23610000789631158,0.000600004568696022,22.782400003052317,29.162999999243766,0
1818,d_validation_1920_1080_daylight_2,6.602299996302463,23.560799992992543,0.15180000627879053,0.000300002284348011,23.71290000155568,30.315199997858144,0
1819,d_validation_1920_1080_daylight_2,6.679099999018945,22.887300001457334,0.27319999935571104,0.1762000028975308,23.336700003710575,30.01580000272952,1
1820,d_validation_1920_1080_daylight_2,7.194899997557513,22.90190001076553,0.16119999054353684,0.000800006091594696,23.06390000740066,30.258800004958175,0
1821,d_validation_1920_1080_daylight_2,7.653499997104518,22.27459999267012,0.3429000062169507,0.1959000073838979,22.813400006270967,30.466900003375486,1
1822,d_validation_1920_1080_daylight_2,7.381200004601851,16.969299991615117,0.32279999868478626,0.1905000099213794,17.482600000221282,24.863800004823133,1
1823,d_validation_1920_1080_daylight_2,7.028800013358705,16.289899998810142,0.1711999939288944,0.000900006853044033,16.46199999959208,23.490800012950785,0
1824,d_validation_1920_1080_daylight_2,7.2798000037437305,22.95280000544153,0.16769999638199806,0.000300002284348011,23.120800004107878,30.400600007851608,0
1825,d_validation_1920_1080_daylight_2,7.448899996234104,22.976200008997694,0.16309999045915902,0.000300002284348011,23.1396000017412,30.588499997975305,0
1826,d_validation_1920_1080_daylight_2,7.151199999498203,22.834899995359592,0.16789999790489674,0.000400003045797348,23.003199996310286,30.15439999580849,0
1827,d_validation_1920_1080_daylight_2,6.9186999899102375,23.16560001054313,0.16289998893626034,0.000300002284348011,23.32880000176374,30.247499991673976,0
1828,d_validation_1920_1080_daylight_2,7.059400013531558,22.71989999280777,0.1621999981580302,0.000300002284348011,22.882399993250147,29.941800006781705,0
1829,d_validation_1920_1080_daylight_2,6.972299990593456,16.39640000939835,0.14239999291021377,0.000200001522898674,16.53900000383146,23.511299994424917,0
1830,d_validation_1920_1080_daylight_2,7.354800007306039,15.815199993085116,0.14540000120177865,0.000500003807246685,15.961099998094141,23.31590000540018,0
1831,d_validation_1920_1080_daylight_2,5.607700004475191,20.65500000026077,0.1303000026382506,0.000300002284348011,20.78560000518337,26.39330000965856,0
1832,d_validation_1920_1080_daylight_2,7.806999987224117,20.79300000332296,0.1326000055996701,0.000300002284348011,20.925900011206977,28.732899998431094,0
1833,d_validation_1920_1080_daylight_2,6.862299997010268,20.675500010838732,0.13229998876340687,0.000400003045797348,20.808200002647936,27.670499999658205,0
1834,d_validation_1920_1080_daylight_2,6.015899998601526,20.849699998507276,0.13210000179242343,0.000300002284348011,20.982100002584048,26.998000001185574,0
1835,d_validation_1920_1080_daylight_2,6.379699989338405,20.67880000686273,0.12450000212993473,0.00029998773243278265,20.803599996725097,27.183299986063503,0
1836,d_validation_1920_1080_daylight_2,5.856300005689263,14.805500002694316,0.2808999997796491,0.19219999376218766,15.278599996236153,21.134900001925416,1
1837,d_validation_1920_1080_daylight_2,6.676999997580424,21.633900003507733,0.19120000069960952,0.0005999900167807937,21.825699994224124,28.502699991804548,0
1838,d_validation_1920_1080_daylight_2,6.175700007588603,15.598899990436621,0.1317000132985413,0.00029998773243278265,15.730899991467595,21.906599999056198,0
1839,d_validation_1920_1080_daylight_2,6.901200002175756,23.377099991193973,0.15110000094864517,0.000400003045797348,23.528599995188415,30.42979999736417,0
1840,d_validation_1920_1080_daylight_2,7.50359999074135,23.18030000606086,0.15749999147374183,0.000200001522898674,23.3379999990575,30.84159998979885,0
1841,d_validation_1920_1080_daylight_2,7.830799993826076,22.811800008639693,0.16290000348817557,0.000300002284348011,22.975000014412217,30.805800008238293,0
1842,d_validation_1920_1080_daylight_2,6.910399999469519,18.403900001430884,0.1281000004382804,0.000200001522898674,18.532200003392063,25.44260000286158,0
1843,d_validation_1920_1080_daylight_2,6.906399998115376,23.046400005114265,0.33409999741706997,0.1939000067068264,23.57440000923816,30.480800007353537,1
1844,d_validation_1920_1080_daylight_2,7.80950000626035,17.98419999249745,0.35709999792743474,0.19380000594537705,18.535099996370263,26.344600002630614,1
1845,d_validation_1920_1080_daylight_2,7.360299990978092,21.91230001335498,0.1855999871622771,0.000800006091594696,22.09870000660885,29.458999997586943,0
1846,d_validation_1920_1080_daylight_2,7.861500009312294,21.309100004145876,0.3338999958941713,0.27770000451710075,21.920700004557148,29.782200013869442,2
1847,d_validation_1920_1080_daylight_2,7.87770000169985,21.55789999233093,0.17210000078193843,0.00100000761449337,21.731000000727363,29.608700002427213,0
1848,d_validation_1920_1080_daylight_2,6.9829000130994245,23.213699998450466,0.3693999897222966,0.000600004568696022,23.583699992741458,30.566600005840883,0
1849,d_validation_1920_1080_daylight_2,7.247499990626238,20.612399996025488,0.3176000027451664,0.1900000061141327,21.120000004884787,28.367499995511025,1
1850,d_validation_1920_1080_daylight_2,7.966900011524558,22.15269999578595,0.20029999723192304,0.000700005330145359,22.35369999834802,30.320600009872578,0
1851,d_validation_1920_1080_daylight_2,7.458499996573664,20.938900008331984,0.1829999964684248,0.000300002284348011,21.122200007084757,28.58070000365842,0
1852,d_validation_1920_1080_daylight_2,8.74879999901168,22.60759999626316,0.18309999722987413,0.000300002284348011,22.790999995777383,31.539799994789064,0
1853,d_validation_1920_1080_daylight_2,7.873800001107156,21.057699996163137,0.14439999358728528,0.000200001522898674,21.20229999127332,29.076099992380477,0
1854,d_validation_1920_1080_daylight_2,7.15689999924507,14.936000006855465,0.30109999352134764,0.19600000814534724,15.43310000852216,22.59000000776723,1
1855,d_validation_1920_1080_daylight_2,6.950299997697584,16.337900000507943,0.31039999157655984,0.18899999849963933,16.837299990584143,23.787599988281727,1
1856,d_validation_1920_1080_daylight_2,7.217899998067878,16.941800000495277,0.1542999962111935,0.000800006091594696,17.096900002798066,24.314800000865944,0
1857,d_validation_1920_1080_daylight_2,6.555400002980605,20.830800000112504,0.32449999707750976,0.19279999833088368,21.348099995520897,27.903499998501502,1
1858,d_validation_1920_1080_daylight_2,7.631999993463978,21.88110000861343,0.20009999570902437,0.000700005330145359,22.0819000096526,29.713900003116578,0
1859,d_validation_1920_1080_daylight_2,7.38660000206437,22.5951000029454,0.41739999142009765,0.2158999996026978,23.228399993968196,30.614999996032566,1
1860,d_validation_1920_1080_daylight_2,7.704000003286637,21.899600003962405,0.8329999982379377,0.6276999920373783,23.36029999423772,31.06429999752436,7
1861,d_validation_1920_1080_daylight_2,8.031499994103797,22.47429999988526,0.5579000135185197,0.43679999362211674,23.469000007025898,31.500500001129694,6
1862,d_validation_1920_1080_daylight_2,8.096499994280748,16.71080000232905,0.64820000261534,0.61779998941347,17.97679999435786,26.07329998863861,7
1863,d_validation_1920_1080_daylight_2,7.979299989528954,20.393900005728938,0.7409999961964786,0.6702000100631267,21.805100011988543,29.784400001517497,8
1864,d_validation_1920_1080_daylight_2,7.992099999682978,22.396900007152,1.0718999983510002,0.34670000604819506,23.815500011551194,31.80760001123417,3
1865,d_validation_1920_1080_daylight_2,7.825699998647906,22.810499998740852,1.0531000007176772,0.6071000098017976,24.470700009260327,32.29640000790823,3
1866,d_validation_1920_1080_daylight_2,7.3299999930895865,22.20130000205245,0.4726000042865053,0.0011999945854768157,22.67510000092443,30.005099994014017,0
1867,d_validation_1920_1080_daylight_2,8.22879999759607,22.505499990074895,1.0957000049529597,0.29569999605882913,23.896899991086684,32.125699988682754,2
1868,d_validation_1920_1080_daylight_2,8.346000002347864,22.77739999408368,0.8501000120304525,0.41689998761285096,24.044399993726984,32.39039999607485,4
1869,d_validation_1920_1080_daylight_2,7.9968999925768,19.468400001642294,1.1630000080913305,0.20149999181739986,20.832900001551025,28.829799994127825,1
1870,d_validation_1920_1080_daylight_2,8.013600003323518,17.34589999250602,0.8309000113513321,0.20519999088719487,18.381999994744547,26.395599998068064,1
1871,d_validation_1920_1080_daylight_2,7.180399989010766,22.100400005001575,1.218200006405823,0.2751999854808673,23.593799996888265,30.77419998589903,2
1872,d_validation_1920_1080_daylight_2,7.703700001002289,17.175200002384372,0.8934000070439652,0.34610000147949904,18.414700010907836,26.118400011910126,3
1873,d_validation_1920_1080_daylight_2,8.820400005788542,16.593699998338707,1.4127000031294301,0.5212999967625365,18.527699998230673,27.348100004019216,6
1874,d_validation_1920_1080_daylight_2,8.961999992607161,23.462600001948886,1.0448000102769583,0.4241999995429069,24.93160001176875,33.89360000437591,4
1875,d_validation_1920_1080_daylight_2,8.8675000006333,22.10909999848809,1.4855999907013029,0.3454000107012689,23.940099999890663,32.80760000052396,3
1876,d_validation_1920_1080_daylight_2,10.22759999614209,21.490900006028824,1.1431000020820647,0.5574999959208071,23.191500004031695,33.419100000173785,6
1877,d_validation_1920_1080_daylight_2,9.22310000169091,17.055799995432608,1.1857000063173473,0.34220000088680536,18.58370000263676,27.80680000432767,3
1878,d_validation_1920_1080_daylight_2,8.041299995966256,16.19599999685306,0.6679000071017072,0.0011999945854768157,16.865099998540245,24.9063999945065,0
1879,d_validation_1920_1080_daylight_2,7.982499999343418,21.10749999701511,0.5873999907635152,0.000400003045797348,21.695299990824424,29.67779999016784,0
1880,d_validation_1920_1080_daylight_2,7.680399998207577,22.301999997580424,1.1282000050414354,0.27010000485461205,23.70030000747647,31.380700005684048,2
1881,d_validation_1920_1080_daylight_2,8.213499997509643,17.04970000719186,0.8709999965503812,0.0015999976312741637,17.922300001373515,26.135799998883158,0
1882,d_validation_1920_1080_daylight_2,8.78059999377001,16.422400003648363,1.1175999970873818,0.1942999952007085,17.734299995936453,26.514899989706464,1
1883,d_validation_1920_1080_daylight_2,8.414299998548813,22.687499993480742,1.604300006874837,0.31289999606087804,24.604699996416457,33.01899999496527,2
1884,d_validation_1920_1080_daylight_2,8.115799995721318,17.06729999568779,1.2298000074224547,0.35010000283364207,18.647200005943887,26.763000001665205,3
1885,d_validation_1920_1080_daylight_2,8.461400007945485,17.08150000195019,1.186599998618476,0.1849999971454963,18.453099997714162,26.914500005659647,1
1886,d_validation_1920_1080_daylight_2,9.278199999243952,19.905699999071658,1.1800000065704808,0.18429999181535095,21.26999999745749,30.54819999670144,1
1887,d_validation_1920_1080_daylight_2,9.585000007064082,21.108699991600588,0.6902000022819266,0.000600004568696022,21.79949999845121,31.384500005515292,0
1888,d_validation_1920_1080_daylight_2,7.17389999772422,23.50480000313837,0.9045999904628843,0.000400003045797348,24.409799996647052,31.583699994371273,0
1889,d_validation_1920_1080_daylight_2,8.17030000325758,20.139799991738982,1.1636999988695607,0.1996000064536929,21.503099997062236,29.673400000319816,1
1890,d_validation_1920_1080_daylight_2,8.492399996612221,18.565000005764887,0.8873999904608354,0.000700005330145359,19.453100001555867,27.94549999816809,0
1891,d_validation_1920_1080_daylight_2,8.380399987800047,21.268299999064766,0.6259000074351206,0.000300002284348011,21.894500008784235,30.27489999658428,0
1892,d_validation_1920_1080_daylight_2,7.678200010559522,22.87159999832511,1.5199000044958666,0.20589999621734023,24.597399999038316,32.27560000959784,1
1893,d_validation_1920_1080_daylight_2,9.204400004819036,21.861100001842715,1.0242999996989965,0.18999999156221747,23.07539999310393,32.279799997922964,1
1894,d_validation_1920_1080_daylight_2,8.708200010005385,22.786599991377443,0.5228000081842765,0.0007999915396794677,23.3101999911014,32.018400001106784,0
1895,d_validation_1920_1080_daylight_2,8.165699997334741,21.040799998445436,0.6413000082829967,0.000300002284348011,21.68240000901278,29.848100006347522,0
1896,d_validation_1920_1080_daylight_2,8.854999992763624,23.74620000773575,1.2161999911768362,0.3808000037679449,25.343200002680533,34.198199995444156,3
1897,d_validation_1920_1080_daylight_2,9.284799991291948,22.092500003054738,1.1380000069038942,0.20479998784139752,23.43529999780003,32.72009998909198,1
1898,d_validation_1920_1080_daylight_2,8.723699997062795,22.715099999913946,1.4246000064304098,0.20090000180061907,24.340600008144975,33.06430000520777,1
1899,d_validation_1920_1080_daylight_2,8.18069999513682,17.06150000973139,0.5171999946469441,0.000700005330145359,17.57940000970848,25.7601000048453,0
1900,d_validation_1920_1080_daylight_2,7.489400013582781,15.296399986254983,0.4233000072417781,0.000300002284348011,15.719999995781109,23.20940000936389,0
1901,d_validation_1920_1080_daylight_2,7.096400004229508,21.395500007201917,0.40699999954085797,0.000300002284348011,21.802800009027123,28.899200013256632,0
1902,d_validation_1920_1080_daylight_2,8.038899992243387,22.712700010742992,0.4090000002179295,0.00019998697098344564,23.121899997931905,31.160799990175292,0
1903,d_validation_1920_1080_daylight_2,8.242600000812672,22.76269999856595,0.5288999964250252,0.000200001522898674,23.291799996513873,31.534399997326545,0
1904,d_validation_1920_1080_daylight_2,8.54750000871718,22.442899993620813,0.5034000059822574,0.000300002284348011,22.94660000188742,31.494100010604598,0
1905,d_validation_1920_1080_daylight_2,9.032999994815327,23.197000002255663,0.44219999108463526,0.000300002284348011,23.639499995624647,32.672499990439974,0
1906,d_validation_1920_1080_daylight_2,8.451300003798679,15.389599997433834,0.7213999924715608,0.2106000029016286,16.321599992807023,24.7728999966057,1
1907,d_validation_1920_1080_daylight_2,8.590899989940226,21.915800010901876,0.37379999412223697,0.000700005330145359,22.290300010354258,30.881200000294484,0
1908,d_validation_1920_1080_daylight_2,7.143299997551367,21.038699997006916,0.6446000043069944,0.2077999961329624,21.891099997446872,29.03439999499824,1
1909,d_validation_1920_1080_daylight_2,8.76290000451263,22.532399991177954,0.7162999972933903,0.21969999943394214,23.468399987905286,32.23129999241792,1
1910,d_validation_1920_1080_daylight_2,9.21419999212958,22.903999997652136,0.3200000064680353,0.000600004568696022,23.224600008688867,32.438800000818446,0
1911,d_validation_1920_1080_daylight_2,7.9929000057745725,21.926999994320795,0.25320000713691115,0.00029998773243278265,22.18049998919014,30.17339999496471,0
1912,d_validation_1920_1080_daylight_2,7.406400007312186,21.74169999489095,0.338099998771213,0.000200001522898674,22.079999995185062,29.48640000249725,0
1913,d_validation_1920_1080_daylight_2,7.288500011782162,16.250899992883205,0.2347999979974702,0.000300002284348011,16.485999993165024,23.774500004947186,0
1914,d_validation_1920_1080_daylight_2,6.837099994299933,22.978300010436215,0.5699999892385677,0.20220001169946045,23.750500011374243,30.587600005674176,1
1915,d_validation_1920_1080_daylight_2,7.759800006169826,22.50419999472797,0.2792000013869256,0.000700005330145359,22.78410000144504,30.543900007614866,0
1916,d_validation_1920_1080_daylight_2,7.95250000373926,19.782699993811548,0.2021000109380111,0.000300002284348011,19.985100007033907,27.937600010773167,0
1917,d_validation_1920_1080_daylight_2,7.166399998823181,22.108599994680844,0.24049999774433672,0.000200001522898674,22.34929999394808,29.51569999277126,0
1918,d_validation_1920_1080_daylight_2,8.416399999987334,22.396899992600083,0.3715000057127327,0.19269999756943434,22.96109999588225,31.377499995869584,1
1919,d_validation_1920_1080_daylight_2,8.470499989925884,22.588100007851608,0.2347999979974702,0.0008999923011288047,22.823799998150207,31.29429998807609,0
1920,d_validation_1920_1080_daylight_2,8.902499990654178,20.66380000906065,0.4082999948877841,0.27469999622553587,21.34680000017397,30.24929999082815,2
1921,d_validation_1920_1080_daylight_2,7.752600009553134,22.795700002461672,0.2519999979995191,0.0008999923011288047,23.04859999276232,30.801200002315454,0
1922,d_validation_1920_1080_daylight_2,7.218999991891906,21.781500006909482,0.5238000012468547,0.2886999864131212,22.593999994569458,29.812999986461364,2
1923,d_validation_1920_1080_daylight_2,7.71399999212008,20.702800000435673,0.27600000612437725,0.0011999945854768157,20.980000001145527,28.693999993265606,0
1924,d_validation_1920_1080_daylight_2,7.947899997816421,15.747999990708195,0.21410000044852495,0.000200001522898674,15.962299992679618,23.91019999049604,0
1925,d_validation_1920_1080_daylight_2,6.753900001058355,22.623400000156835,0.25100000493694097,0.000300002284348011,22.874700007378124,29.62860000843648,0
1926,d_validation_1920_1080_daylight_2,7.43319999310188,22.591500004637055,0.49819999549072236,0.20230001246090978,23.292000012588687,30.725200005690567,1
1927,d_validation_1920_1080_daylight_2,8.151600006385706,17.967899999348447,0.5131999932928011,0.2013000048464164,18.682399997487664,26.83400000387337,1
1928,d_validation_1920_1080_daylight_2,7.799099999829195,21.297300001606345,0.24459999985992908,0.000700005330145359,21.54260000679642,29.341700006625615,0
1929,d_validation_1920_1080_daylight_2,7.659800001420081,21.47450001211837,0.3887999919243157,0.2792000013869256,22.14250000542961,29.80230000684969,2
1930,d_validation_1920_1080_daylight_2,7.791299998643808,22.55009999498725,0.38830000266898423,0.19550000433810055,23.133900001994334,30.925200000638142,1
1931,d_validation_1920_1080_daylight_2,7.618799994816072,19.69140001165215,0.21179999748710543,0.0008999923011288047,19.904100001440383,27.522899996256456,0
1932,d_validation_1920_1080_daylight_2,6.073900003684685,20.709599994006567,0.24429999757558107,0.000300002284348011,20.954199993866496,27.02809999755118,0
1933,d_validation_1920_1080_daylight_2,7.746700008283369,22.761400003219023,0.5270999972708523,0.31599999056197703,23.604499991051853,31.351199999335222,2
1934,d_validation_1920_1080_daylight_2,7.928400009404868,22.20530000340659,0.4563999973470345,0.25009999808389693,22.911799998837523,30.84020000824239,1
1935,d_validation_1920_1080_daylight_2,7.315099996048957,17.45610000216402,0.2283000067109242,0.0007999915396794677,17.685200000414625,25.000299996463582,0
1936,d_validation_1920_1080_daylight_2,7.4942000064766034,23.382199986372143,0.2717000024858862,0.000400003045797348,23.654299991903827,31.14849999838043,0
1937,d_validation_1920_1080_daylight_2,9.124700009124354,15.180100002908148,0.4462999932002276,0.19829999655485153,15.824699992663227,24.94940000178758,1
1938,d_validation_1920_1080_daylight_2,9.681199997430667,22.643100004643202,0.6270000012591481,0.2902999985963106,23.56040000449866,33.24160000192933,2
1939,d_validation_1920_1080_daylight_2,9.070000000065193,17.34940000460483,0.515899999300018,0.2865999995265156,18.151900003431365,27.221900003496557,3
1940,d_validation_1920_1080_daylight_2,9.330200002295896,16.63620000181254,0.6769000028725713,0.35849999403581023,17.67159999872092,27.001800001016818,3
1941,d_validation_1920_1080_daylight_2,9.679200011305511,22.328899998683482,0.7006999949226156,0.7355999987339601,23.765199992340058,33.44440000364557,9
1942,d_validation_1920_1080_daylight_2,10.22170000942424,20.185299988952465,0.7042000070214272,0.6199999916134402,21.509499987587333,31.731199997011572,7
1943,d_validation_1920_1080_daylight_2,10.17639999918174,17.1929999924032,0.7034000009298325,0.18950000230688602,18.08589999563992,28.26229999482166,1
1944,d_validation_1920_1080_daylight_2,10.334999999031425,15.305900000385009,0.43790000199805945,0.000600004568696022,15.744400006951764,26.07940000598319,0
1945,d_validation_1920_1080_daylight_2,9.034199989400804,20.600100004230626,0.9557000012136996,0.2027000009547919,21.758500006399117,30.79269999579992,1
1946,d_validation_1920_1080_daylight_2,10.14230000146199,19.59989999886602,1.0329000069759786,0.41769999370444566,21.050499999546446,31.192800001008436,4
1947,d_validation_1920_1080_daylight_2,9.389900005771779,17.220499998074956,0.8237000001827255,0.342100000125356,18.386299998383038,27.776200004154816,3
1948,d_validation_1920_1080_daylight_2,10.110300005180761,21.84199998737313,0.4106000124011189,0.0011999945854768157,22.253799994359724,32.364099999540485,0
1949,d_validation_1920_1080_daylight_2,8.556100001442246,22.572999994736165,1.1142000003019348,0.3079000016441569,23.995099996682256,32.5511999981245,2
1950,d_validation_1920_1080_daylight_2,8.78960000409279,20.755999998073094,0.8792000007815659,0.4120999947190285,22.047299993573688,30.836899997666478,4
1951,d_validation_1920_1080_daylight_2,9.22300000092946,20.884999990812503,1.3951000000815839,0.854600002639927,23.134699993534014,32.357699994463474,11
1952,d_validation_1920_1080_daylight_2,9.814500008360483,22.075399989262223,1.1477000080049038,0.7513000018661842,23.97439999913331,33.788900007493794,8
1953,d_validation_1920_1080_daylight_2,9.682900010375306,21.026699992944486,1.0523000091779977,0.20199999562464654,22.28099999774713,31.963900008122437,1
1954,d_validation_1920_1080_daylight_2,8.069100003922358,22.604999991017394,0.552500001504086,0.000800006091594696,23.158299998613074,31.227400002535433,0
1955,d_validation_1920_1080_daylight_2,7.943600008729845,22.592699999222532,1.036100002238527,0.18740000086836517,23.816200002329424,31.75980001105927,1
1956,d_validation_1920_1080_daylight_2,9.527100002742372,18.676300009246916,0.6258999928832054,0.000600004568696022,19.302800006698817,28.82990000944119,0
1957,d_validation_1920_1080_daylight_2,8.248300000559539,22.75220000592526,1.5219999913824722,0.2837000065483153,24.557900003856048,32.80620000441559,2
1958,d_validation_1920_1080_daylight_2,9.384499993757345,21.206499994150363,1.233000002685003,0.7083000091370195,23.147800005972385,32.53229999972973,8
1959,d_validation_1920_1080_daylight_2,9.640899996156804,21.515600004931912,2.016200000070967,0.7821000035619363,24.313900008564815,33.95480000472162,8
1960,d_validation_1920_1080_daylight_2,9.009100002003834,22.84720000170637,2.1852000063518062,0.6901999877300113,25.722599995788187,34.73169999779202,8
1961,d_validation_1920_1080_daylight_2,9.514400007901713,21.073099997011013,1.4321999915409833,0.7070999999996275,23.212399988551624,32.72679999645334,8
1962,d_validation_1920_1080_daylight_2,8.680099999764934,15.74869999603834,1.560999997309409,0.6351000047288835,17.944799998076633,26.624899997841567,7
1963,d_validation_1920_1080_daylight_2,8.802399999694899,17.351899994537234,1.3922000071033835,0.6495999987237155,19.393700000364333,28.196100000059232,7
1964,d_validation_1920_1080_daylight_2,9.451999998418614,21.381700003985316,2.0280999888200313,0.6761000113328919,24.08590000413824,33.53790000255685,8
1965,d_validation_1920_1080_daylight_2,9.078000002773479,22.6461999991443,1.8985000060638413,0.6366999878082424,25.181399993016385,34.25939999578986,7
1966,d_validation_1920_1080_daylight_2,9.432200007722713,17.39599999564234,1.3543999957619235,0.6362999993143603,19.386699990718625,28.81889999844134,7
1967,d_validation_1920_1080_daylight_2,9.398499998496845,21.492700005182996,1.9315999961690977,0.6760999967809767,24.10039999813307,33.498899996629916,8
1968,d_validation_1920_1080_daylight_2,9.384699995280243,21.45720001135487,1.0975999903166667,0.2758000046014786,22.830600006273016,32.21530000155326,2
1969,d_validation_1920_1080_daylight_2,9.272499999497086,22.17640000162646,1.1512999917613342,0.26670000806916505,23.59440000145696,32.86690000095405,2
1970,d_validation_1920_1080_daylight_2,8.702799997990951,21.752100001322106,1.180999999633059,0.41090000013355166,23.344000001088716,32.04679999907967,4
1971,d_validation_1920_1080_daylight_2,7.756399994832464,15.668200008803979,0.5928999889874831,0.001300009898841381,16.262400007690303,24.018800002522767,0
1972,d_validation_1920_1080_daylight_2,8.639799998491071,20.988700009183958,0.6499000010080636,0.00029998773243278265,21.638899997924455,30.278699996415526,0
1973,d_validation_1920_1080_daylight_2,8.394599994062446,15.171800012467429,0.9300999954575673,0.17169999773614109,16.273600005661137,24.668199999723583,1
1974,d_validation_1920_1080_daylight_2,8.736799994949251,22.907500009750947,1.3840000028721988,0.2015999925788492,24.493100005201995,33.22990000015125,1
1975,d_validation_1920_1080_daylight_2,9.005800005979836,22.09430000220891,0.5355000030249357,0.0006999907782301307,22.630499996012077,31.636300001991913,0
1976,d_validation_1920_1080_daylight_2,7.952399988425896,21.964900006423704,0.893999997060746,0.18309999722987413,23.042000000714324,30.99439998914022,1
1977,d_validation_1920_1080_daylight_2,8.09099999605678,23.08489999268204,0.6664000102318823,0.0009999930625781417,23.7522999959765,31.84329999203328,0
1978,d_validation_1920_1080_daylight_2,8.740599994780496,15.037000004667789,0.4364000051282346,0.000200001522898674,15.473600011318922,24.214200006099418,0
1979,d_validation_1920_1080_daylight_2,7.4905999936163425,15.29830000072252,0.45039999531582,0.000300002284348011,15.748999998322688,23.23959999193903,0
1980,d_validation_1920_1080_daylight_2,8.85930001095403,21.086900000227615,0.4327999922679737,0.000400003045797348,21.520099995541386,30.379400006495416,0
1981,d_validation_1920_1080_daylight_2,7.986900003743358,20.63520000956487,0.42159999429713935,0.000300002284348011,21.057100006146356,29.044000009889714,0
1982,d_validation_1920_1080_daylight_2,7.957499998155981,20.81950000138022,0.7358000002568588,0.29680000443477184,21.85210000607185,29.809600004227832,2
1983,d_validation_1920_1080_daylight_2,9.075900001334958,21.829599994816817,0.33370000892318785,0.0009999930625781417,22.164299996802583,31.24019999813754,0
1984,d_validation_1920_1080_daylight_2,8.206400001654401,20.63600000110455,0.3004000027431175,0.000300002284348011,20.936700006132014,29.143100007786416,0
1985,d_validation_1920_1080_daylight_2,8.225400000810623,21.360300001106225,0.3538000019034371,0.000400003045797348,21.71450000605546,29.939900006866083,0
1986,d_validation_1920_1080_daylight_2,9.423999988939613,21.08980000775773,0.27150000096298754,0.000300002284348011,21.361600011005066,30.78559999994468,0
1987,d_validation_1920_1080_daylight_2,7.583700004033744,20.72639999096282,0.26020000223070383,0.000400003045797348,20.98699999623932,28.570700000273064,0
1988,d_validation_1920_1080_daylight_2,8.15399999555666,20.690999997896142,0.5028000014135614,0.1883999939309433,21.382199993240647,29.536199988797307,1
1989,d_validation_1920_1080_daylight_2,8.851500009768642,22.642299998551607,0.3360999980941415,0.000600004568696022,22.979000001214445,31.830500010983087,0
1990,d_validation_1920_1080_daylight_2,9.431699989363551,22.828800007118843,0.5507000023499131,0.2756000030785799,23.655100012547337,33.08680000191089,2
1991,d_validation_1920_1080_daylight_2,8.722800004761666,22.333799992338754,0.27540000155568123,0.000900006853044033,22.61010000074748,31.332900005509146,0
1992,d_validation_1920_1080_daylight_2,7.361299998592585,20.605199999408796,0.6250000005820766,0.6320000102277845,21.862200010218658,29.223500008811243,7
1993,d_validation_1920_1080_daylight_2,8.338800005731173,18.377300002612174,0.8391000010306016,0.44329999946057796,19.659700003103353,27.998500008834526,6
1994,d_validation_1920_1080_daylight_2,7.668200007174164,17.79559999704361,0.7731000077910721,0.39829999150242656,18.96699999633711,26.635200003511272,5
1995,d_validation_1920_1080_daylight_2,7.583400001749396,19.413200003327802,0.8428000001003966,0.6125999934738502,20.86859999690205,28.451999998651445,7
1996,d_validation_1920_1080_daylight_2,8.778700008406304,22.454699996160343,1.2430000060703605,0.4867999959969893,24.184499998227693,32.963200006634,5
1997,d_validation_1920_1080_daylight_2,8.894999991753139,22.136200001114048,1.2904000031994656,0.2894999925047159,23.71609999681823,32.61109998857137,2
1998,d_validation_1920_1080_daylight_2,8.97399999666959,21.778400012408383,1.3289999915286899,0.7158000080380589,23.823200011975132,32.79720000864472,5
1999,d_validation_1920_1080_daylight_2,8.868699995218776,16.878099995665252,0.8746000094106421,0.22360000002663583,17.97630000510253,26.845000000321306,1
2000,d_validation_1920_1080_daylight_2,9.051999993971549,22.59540000522975,1.186900000902824,0.2906000008806586,24.07290000701323,33.12490000098478,2
2001,d_validation_1920_1080_daylight_2,9.078799994313158,21.772599997348152,1.2466000043787062,0.4393999988678843,23.458600000594743,32.5373999949079,4
2002,d_validation_1920_1080_daylight_2,9.26610000897199,16.44809999561403,0.8694999996805564,0.18259999342262745,17.500199988717213,26.766299997689202,1
2003,d_validation_1920_1080_daylight_2,8.379699997021817,16.70880000165198,0.8901999972295016,0.26780000189319253,17.866800000774674,26.24649999779649,2
2004,d_validation_1920_1080_daylight_2,9.201100008795038,22.398399989469908,1.241300007677637,0.3829000052064657,24.02260000235401,33.22370001114905,3
2005,d_validation_1920_1080_daylight_2,9.527200003503822,17.87329999206122,0.9816000092541799,0.42619998566806316,19.281099986983463,28.808299990487285,4
2006,d_validation_1920_1080_daylight_2,9.588499990059063,22.21980001195334,1.3038999895798042,0.21579999884124845,23.73950000037439,33.327999990433455,1
2007,d_validation_1920_1080_daylight_2,8.79480000003241,21.65949999471195,0.9815000084927306,0.27489999774843454,22.915900000953116,31.710700000985526,2
2008,d_validation_1920_1080_daylight_2,9.236300000338815,22.730500000761822,1.4971999917179346,0.4667000030167401,24.694399995496497,33.93069999583531,5
2009,d_validation_1920_1080_daylight_2,8.736100004171021,17.016900004819036,1.0888999968301505,0.34919999598059803,18.454999997629784,27.191100001800805,3
2010,d_validation_1920_1080_daylight_2,8.975699995062314,21.896899997955188,1.0197000083280727,0.20769999537151307,23.124300001654774,32.09999999671709,1
2011,d_validation_1920_1080_daylight_2,9.816599995247088,16.29319999483414,1.4646000054199249,0.17780000052880496,17.93560000078287,27.752199996029958,1
2012,d_validation_1920_1080_daylight_2,9.219899991876446,21.305000002030283,1.1212999961571768,0.4273000085959211,22.85360000678338,32.07349999865983,4
2013,d_validation_1920_1080_daylight_2,8.923999994294718,21.69970000977628,1.5491999947698787,0.27350000164005905,23.522400006186217,32.446400000480935,2
2014,d_validation_1920_1080_daylight_2,8.150900001055561,23.607600000104867,0.5994000093778595,0.0010999938240274787,24.208100003306754,32.359000004362315,0
2015,d_validation_1920_1080_daylight_2,7.917199996882118,22.391200007405132,1.1163000017404556,0.18930000078398734,23.696800009929575,31.614000006811693,1
2016,d_validation_1920_1080_daylight_2,9.639900003094226,21.95219999703113,1.2082000030204654,0.4776999994646758,23.63809999951627,33.2780000026105,4
2017,d_validation_1920_1080_daylight_2,10.116199991898611,19.0874999971129,1.2782999983755872,0.4670000053010881,20.832800000789575,30.948999992688186,4
2018,d_validation_1920_1080_daylight_2,10.024300005170517,20.17139999952633,1.3673999928869307,0.6872000085422769,22.226000000955537,32.250300006126054,8
2019,d_validation_1920_1080_daylight_2,9.322800004156306,14.94869998714421,1.3910000125179067,0.33799999800976366,16.67769999767188,26.000500001828186,4
2020,d_validation_1920_1080_daylight_2,9.676900008344091,20.53140000498388,1.440399995772168,0.5964000010862947,22.568200001842342,32.245100010186434,5
2021,d_validation_1920_1080_daylight_2,9.210699994582683,20.977200008928776,1.5248999989125878,0.4766999918501824,22.978799999691546,32.18949999427423,5
2022,d_validation_1920_1080_daylight_2,9.854499992798083,21.8382000020938,1.5662999940104783,0.5458000086946413,23.95030000479892,33.804799997597,5
2023,d_validation_1920_1080_daylight_2,9.60289999784436,17.308099995716475,2.1715000038966537,0.2040999970631674,19.683699996676296,29.286599994520657,1
2024,d_validation_1920_1080_daylight_2,9.410300001036376,23.04129999538418,2.133799993316643,0.37290000182110816,25.54799999052193,34.958299991558306,3
2025,d_validation_1920_1080_daylight_2,9.199600011925213,22.326699996483512,2.1391000045696273,0.3732999903149903,24.83909999136813,34.03870000329334,3
2026,d_validation_1920_1080_daylight_2,8.74879999901168,22.84950000466779,1.4455999917117879,0.28029999521095306,24.57539999159053,33.32419999060221,2
2027,d_validation_1920_1080_daylight_2,8.41470000159461,21.932800009381026,1.36009999550879,0.19099999917671084,23.483900004066527,31.898600005661137,1
2028,d_validation_1920_1080_daylight_2,8.530399994924664,15.893700008746237,1.388399992720224,0.6157000025268644,17.897800003993325,26.42819999891799,5
2029,d_validation_1920_1080_daylight_2,8.77260000561364,21.41039998969063,2.16760000330396,0.487600002088584,24.065599995083176,32.838200000696816,5
2030,d_validation_1920_1080_daylight_2,9.209900003043003,21.273999998811632,1.4735000004293397,0.4321000014897436,23.179600000730716,32.38950000377372,6
2031,d_validation_1920_1080_daylight_2,9.105699995416217,21.593199999188073,2.120500008459203,0.5633999971905723,24.27710000483785,33.382800000254065,6
2032,d_validation_1920_1080_daylight_2,9.340300006442703,23.992899994482286,2.063000007183291,0.49500000022817403,26.55090000189375,35.891200008336455,5
2033,d_validation_1920_1080_daylight_2,9.614400012651458,19.99069999146741,1.9874999998137355,0.7056000031298026,22.683799994410947,32.298200007062405,7
2034,d_validation_1920_1080_daylight_2,9.033800000906922,23.091900002327748,1.4648000069428235,0.559599997359328,25.1163000066299,34.15010000753682,6
2035,d_validation_1920_1080_daylight_2,8.610100005171262,21.729599990067072,0.7210000039776787,0.0020000006770715117,22.452599994721822,31.062699999893084,0
2036,d_validation_1920_1080_daylight_2,7.654100001673214,20.851200009929016,0.8502999990014359,0.000300002284348011,21.7018000112148,29.355900012888014,0
2037,d_validation_1920_1080_daylight_2,8.800900002825074,23.32209999440238,0.5825999978696927,0.000400003045797348,23.90509999531787,32.70599999814294,0
2038,d_validation_1920_1080_daylight_2,7.717300002695993,22.848000007797964,1.5585999935865402,0.43739999819081277,24.843999999575317,32.56130000227131,4
2039,d_validation_1920_1080_daylight_2,9.967699996195734,22.748700008378364,1.6304000018863007,0.3484999906504527,24.727600000915118,34.69529999711085,3
2040,d_validation_1920_1080_daylight_2,8.410700000240467,19.58320000267122,0.5725999944843352,0.0011999945854768157,20.15699999174103,28.5676999919815,0
2041,d_validation_1920_1080_daylight_2,7.487900002161041,23.28869998746086,0.7740000000922009,0.000300002284348011,24.062999989837408,31.55089999199845,0
2042,d_validation_1920_1080_daylight_2,8.42509999347385,23.1225000025006,0.7722000009380281,0.000300002284348011,23.895000005722977,32.32009999919683,0
2043,d_validation_1920_1080_daylight_2,8.504100012942217,15.331499991589226,0.5629000079352409,0.000200001522898674,15.894600001047365,24.398700013989583,0
2044,d_validation_1920_1080_daylight_2,8.380100000067614,15.005900000687689,0.5184000037843361,0.000300002284348011,15.524600006756373,23.904700006823987,0
2045,d_validation_1920_1080_daylight_2,7.4613000033423305,14.732700001331978,1.0005999938584864,0.4329999937908724,16.166299988981336,23.627599992323667,4
2046,d_validation_1920_1080_daylight_2,9.270299997297116,20.130899996729568,1.0356999991927296,0.42660000326577574,21.593199999188073,30.86349999648519,4
2047,d_validation_1920_1080_daylight_2,9.22589999390766,15.892099996563047,1.450499999918975,0.19230000907555223,17.534900005557574,26.760799999465235,1
2048,d_validation_1920_1080_daylight_2,9.73419999354519,17.13170000584796,1.09119999979157,0.417199989897199,18.64009999553673,28.37429998908192,4
2049,d_validation_1920_1080_daylight_2,9.977299996535294,21.71670000825543,1.1115999950561672,0.5305000086082146,23.35880001191981,33.336100008455105,8
2050,d_validation_1920_1080_daylight_2,9.66599999810569,21.928400004981086,1.075499996659346,0.5423999973572791,23.54629999899771,33.2122999971034,6
2051,d_validation_1920_1080_daylight_2,9.259800004656427,20.95569999073632,0.6318000087048858,0.0021000014385208488,21.589600000879727,30.849400005536154,0
2052,d_validation_1920_1080_daylight_2,7.578400007332675,14.799299999140203,0.5186000053072348,0.00039998849388211966,15.31829999294132,22.896700000273995,0
2053,d_validation_1920_1080_daylight_2,7.2865999973146245,21.840000001247972,0.47059998905751854,0.000300002284348011,22.31089999258984,29.597499989904463,0
2054,d_validation_1920_1080_daylight_2,7.970899998326786,16.987900002277456,0.6164999940665439,0.000300002284348011,17.604699998628348,25.575599996955134,0
2055,d_validation_1920_1080_daylight_2,9.038400006829761,23.304199989070185,1.1144000018248335,0.20280000171624124,24.62139999261126,33.65979999944102,1
2056,d_validation_1920_1080_daylight_2,8.976700002676807,21.956699987640604,0.8168000058503821,0.2851000026566908,23.058599996147677,32.035299998824485,2
2057,d_validation_1920_1080_daylight_2,9.751999998115934,18.173799995565787,0.8683000050950795,0.4133000038564205,19.455400004517287,29.20740000263322,4
2058,d_validation_1920_1080_daylight_2,8.662499996717088,17.693900008453056,0.43339999683666974,0.0013999961083754897,18.1287000013981,26.79119999811519,0
2059,d_validation_1920_1080_daylight_2,6.866399999125861,20.518899997114204,0.4209000035189092,0.000300002284348011,20.94010000291746,27.80650000204332,0
2060,d_validation_1920_1080_daylight_2,7.975000000442378,21.538500004680827,0.6547999946633354,0.000500003807246685,22.19380000315141,30.168800003593788,0
2061,d_validation_1920_1080_daylight_2,9.842599989497103,23.10590000706725,0.5952999927103519,0.000400003045797348,23.701600002823398,33.5441999923205,0
2062,d_validation_1920_1080_daylight_2,8.856200001901016,22.910800005774945,0.8204000041587278,0.18799999088514596,23.91920000081882,32.775400002719834,1
2063,d_validation_1920_1080_daylight_2,9.983399999327958,20.68820000567939,0.8672999974805862,0.3440000000409782,21.899500003200956,31.882900002528913,3
2064,d_validation_1920_1080_daylight_2,8.227800004533492,15.55009999719914,0.6429000059142709,0.0013999961083754897,16.194399999221787,24.42220000375528,0
2065,d_validation_1920_1080_daylight_2,8.689299997058697,15.693699999246746,0.8286000083899125,0.21909999486524612,16.741400002501905,25.430699999560602,1
2066,d_validation_1920_1080_daylight_2,8.334500002092682,21.80919999955222,0.6694999901810661,0.000800006091594696,22.47949999582488,30.813999997917563,0
2067,d_validation_1920_1080_daylight_2,7.451900004525669,22.698999993735924,0.5576999974437058,0.000300002284348011,23.256999993463978,30.708899997989647,0
2068,d_validation_1920_1080_daylight_2,7.741800000076182,22.452099990914576,0.41459999920334667,0.000400003045797348,22.86709999316372,30.608899993239902,0
2069,d_validation_1920_1080_daylight_2,7.70360000024084,22.556999989319593,0.5643000040436164,0.000300002284348011,23.121599995647557,30.825199995888397,0
2070,d_validation_1920_1080_daylight_2,8.870599995134398,23.148000007495284,0.5529000045498833,0.000300002284348011,23.701200014329515,32.571800009463914,0
2071,d_validation_1920_1080_daylight_2,9.313699993072078,22.638599999481812,0.4915000026812777,0.000300002284348011,23.130400004447438,32.444099997519515,0
2072,d_validation_1920_1080_daylight_2,8.93559999531135,22.352600004523993,0.3642999945441261,0.000300002284348011,22.717200001352467,31.652799996663816,0
2073,d_validation_1920_1080_daylight_2,7.511400006478652,14.773500006413087,0.3664999967440963,0.000200001522898674,15.140200004680082,22.651600011158735,0
2074,d_validation_1920_1080_daylight_2,7.568300003185868,15.660699995351024,0.9832000068854541,0.34649998997338116,16.99039999220986,24.558699995395727,3
2075,d_validation_1920_1080_daylight_2,8.177699986845255,22.671600003377534,0.7759000000078231,0.42300000495743006,23.870500008342788,32.04819999518804,4
2076,d_validation_1920_1080_daylight_2,8.124100000713952,22.365199998603202,0.8380999934161082,0.2773000014713034,23.480599993490614,31.604699994204566,2
2077,d_validation_1920_1080_daylight_2,7.629000014276244,22.77519999188371,0.6355000077746809,0.0010999938240274787,23.41179999348242,31.040800007758662,0
2078,d_validation_1920_1080_daylight_2,8.2265999953961,22.93869999994058,1.0045000090030953,0.3063999902224168,24.249599999166094,32.476199994562194,2
2079,d_validation_1920_1080_daylight_2,9.185100003378466,17.261200002394617,1.039499999023974,0.3681999951368198,18.66889999655541,27.853999999933876,3
2080,d_validation_1920_1080_daylight_2,8.984800006146543,22.687099990434945,0.5023999983677641,0.001400010660290718,23.190899999463,32.17570000560954,0
2081,d_validation_1920_1080_daylight_2,9.433200000785291,15.275199999450706,0.32210000790655613,0.000300002284348011,15.59760000964161,25.0308000104269,0
2082,d_validation_1920_1080_daylight_2,8.274899999378249,20.997100000386126,0.5453000048873946,0.19219999376218766,21.73459999903571,30.009499998413958,1
2083,d_validation_1920_1080_daylight_2,9.6585999999661,22.387600009096786,0.3794999938691035,0.000700005330145359,22.767800008296035,32.426400008262135,0
2084,d_validation_1920_1080_daylight_2,9.137300003203563,22.155700004077516,0.5491999909281731,0.1945000112755224,22.899400006281212,32.036700009484775,1
2085,d_validation_1920_1080_daylight_2,9.16000000142958,18.612199986819178,0.8171000081347302,0.20719999156426638,19.636499986518174,28.796499987947755,1
2086,d_validation_1920_1080_daylight_2,9.066099999472499,23.17520001088269,0.8044999995036051,0.21980000019539148,24.199500010581687,33.265600010054186,1
2087,d_validation_1920_1080_daylight_2,9.270000009564683,19.846499999403022,0.6047999922884628,0.19330000213813037,20.644599993829615,29.9146000033943,1
2088,d_validation_1920_1080_daylight_2,9.210599993821234,20.10550000704825,0.5671999970218167,0.1849999971454963,20.857700001215562,30.068299995036796,1
2089,d_validation_1920_1080_daylight_2,9.591900001396425,21.813100000144914,0.6283999973675236,0.1973000034922734,22.63880000100471,32.230700002401136,1
2090,d_validation_1920_1080_daylight_2,9.456799991312437,17.702600001939572,0.6351000047288835,0.2001999964704737,18.53790000313893,27.994699994451366,1
2091,d_validation_1920_1080_daylight_2,9.183799993479624,16.11300000513438,0.5072999920230359,0.18570000247564167,16.80599999963306,25.989799993112683,1
2092,d_validation_1920_1080_daylight_2,8.2888000033563,21.908900002017617,0.6756999937351793,0.21040000137872994,22.794999997131526,31.083800000487827,1
2093,d_validation_1920_1080_daylight_2,8.985000007669441,21.813300001667812,0.4322000022511929,0.0006999907782301307,22.246199994697236,31.231200002366677,0
2094,d_validation_1920_1080_daylight_2,8.77339999715332,17.44450000114739,0.261799999861978,0.000300002284348011,17.706600003293715,26.480000000447035,0
2095,d_validation_1920_1080_daylight_2,7.673300002352335,22.110299993073568,0.6865000032121316,0.295000005280599,23.0918000015663,30.765100003918633,2
2096,d_validation_1920_1080_daylight_2,8.139000012306497,18.86430000013206,0.6006999901728705,0.556500002858229,20.02149999316316,28.160500005469657,5
2097,d_validation_1920_1080_daylight_2,8.230699997511692,23.24650000082329,0.3775999939534813,0.0017999991541728377,23.625899993930943,31.856599991442636,0
2098,d_validation_1920_1080_daylight_2,8.402000006753951,23.138699994888157,0.3885000041918829,0.000300002284348011,23.527500001364388,31.92950000811834,0
2099,d_validation_1920_1080_daylight_2,8.130700007313862,19.303799999761395,0.5608999927062541,0.2849000011337921,20.14959999360144,28.280300000915304,2
2100,d_validation_1920_1080_daylight_2,9.72070000716485,22.30260000214912,0.4822999908355996,0.000900006853044033,22.785799999837764,32.506500007002614,0
2101,d_validation_1920_1080_daylight_2,10.31719999446068,22.687600008794107,0.3952999977627769,0.000300002284348011,23.08320000884123,33.40040000330191,0
2102,d_validation_1920_1080_daylight_2,9.512000004178844,22.51159999286756,0.8092000061878935,0.38240000139921904,23.70320000045467,33.215200004633516,1
2103,d_validation_1920_1080_daylight_2,8.857599998009391,23.051299998769537,0.6190999993123114,0.27609999233391136,23.94649999041576,32.80409998842515,2
2104,d_validation_1920_1080_daylight_2,8.86880001053214,23.930799987283535,0.9701000089989975,0.301799998851493,25.202699995134026,34.07150000566617,2
2105,d_validation_1920_1080_daylight_2,9.393899992574006,23.45690000220202,0.7473000005120412,0.7732999947620556,24.977499997476116,34.37139999005012,8
2106,d_validation_1920_1080_daylight_2,9.085400000913069,22.378800000296906,1.3044999941485003,0.752499996451661,24.435799990897067,33.521199991810136,8
2107,d_validation_1920_1080_daylight_2,8.369500006665476,22.901699994690716,1.0901000059675425,0.7038999901851639,24.695699990843423,33.0651999975089,8
2108,d_validation_1920_1080_daylight_2,9.805800000322051,22.19370000238996,1.0932000004686415,0.40350000199396163,23.690400004852563,33.496200005174614,3
2109,d_validation_1920_1080_daylight_2,8.012200007215142,22.717699990607798,1.0991000017384067,0.48970000352710485,24.30649999587331,32.31870000308845,4
2110,d_validation_1920_1080_daylight_2,8.587599993916228,22.576600007596426,0.5727999960072339,0.0016999983927235007,23.151100001996383,31.73869999591261,0
2111,d_validation_1920_1080_daylight_2,8.63250000111293,21.93369998713024,0.524500006577,0.000300002284348011,22.458499995991588,31.090999997104518,0
2112,d_validation_1920_1080_daylight_2,6.506999998237006,22.856399999000132,0.5270999972708523,0.000300002284348011,23.383799998555332,29.89079999679234,0
2113,d_validation_1920_1080_daylight_2,6.434000009903684,23.881999994046055,0.541799992788583,0.000300002284348011,24.424099989118986,30.85809999902267,0
2114,d_validation_1920_1080_daylight_2,6.235799999558367,22.792599993408658,0.3969000099459663,0.000300002284348011,23.189800005638972,29.42560000519734,0
2115,d_validation_1920_1080_daylight_2,4.949399997713044,21.608800001558848,0.5145000031916425,0.000300002284348011,22.123600007034838,27.073000004747882,0
2116,d_validation_1920_1080_daylight_2,5.550200003199279,23.063699991325848,0.38350000977516174,0.00029998773243278265,23.447499988833442,28.99769999203272,0
2117,d_validation_1920_1080_daylight_2,7.639100003871135,18.534499991801567,0.5258000019239262,0.000300002284348011,19.06059999600984,26.699699999880977,0
2118,d_validation_1920_1080_daylight_2,10.065800001029857,23.267399999895133,0.7392999978037551,0.20670000230893493,24.213400000007823,34.27920000103768,1
2119,d_validation_1920_1080_daylight_2,8.972499999799766,22.538699995493516,0.5171999946469441,0.00100000761449337,23.056899997754954,32.02939999755472,0
2120,d_validation_1920_1080_daylight_2,8.139500001561828,22.7768000040669,0.3893999964930117,0.000300002284348011,23.16650000284426,31.306000004406087,0
2121,d_validation_1920_1080_daylight_2,7.962399991811253,22.23960000264924,1.1608999921008945,0.28250001196283847,23.683000006712973,31.645399998524226,2
2122,d_validation_1920_1080_daylight_2,10.066199989523739,22.74920001218561,1.1076999944634736,0.41540000529494137,24.272300011944026,34.338500001467764,4
2123,d_validation_1920_1080_daylight_2,8.536599998478778,22.179500010679476,0.5501999985426664,0.0013999961083754897,22.731100005330518,31.267700003809296,0
2124,d_validation_1920_1080_daylight_2,8.76970001263544,22.560199999134056,0.53779999143444,0.000300002284348011,23.098299992852844,31.868000005488284,0
2125,d_validation_1920_1080_daylight_2,8.914100006222725,23.59470000374131,0.5462999979499727,0.000300002284348011,24.14130000397563,33.055400010198355,0
2126,d_validation_1920_1080_daylight_2,8.631699995021336,23.097299999790266,0.5365000106394291,0.00029998773243278265,23.634099998162128,32.265799993183464,0
2127,d_validation_1920_1080_daylight_2,6.190400003106333,22.6972999953432,0.5135999963385984,0.000300002284348011,23.211199993966147,29.40159999707248,0
2128,d_validation_1920_1080_daylight_2,7.595000002766028,22.646699988399632,0.4726000042865053,0.000300002284348011,23.119599994970486,30.714599997736514,0
2129,d_validation_1920_1080_daylight_2,7.552199997007847,23.600899992743507,0.9483000030741096,0.37009999505244195,24.91929999087006,32.471499987877905,3
2130,d_validation_1920_1080_daylight_2,7.573599999886937,20.690799996373244,0.7444000075338408,0.18969998927786946,21.624899993184954,29.19849999307189,1
2131,d_validation_1920_1080_daylight_2,7.3521000012988225,22.376900000381283,1.0124999971594661,0.43480000749696046,23.82420000503771,31.176300006336533,4
2132,d_validation_1920_1080_daylight_2,7.898399999248795,22.42639999894891,0.5691999976988882,0.0015999976312741637,22.99719999427907,30.895599993527867,0
2133,d_validation_1920_1080_daylight_2,7.457800005795434,22.599999996600673,1.0316999978385866,0.31269999453797936,23.94439998897724,31.402199994772673,2
2134,d_validation_1920_1080_daylight_2,7.51759999548085,19.17860000685323,0.7933000015327707,0.40129999979399145,20.373200008179992,27.890800003660843,3
2135,d_validation_1920_1080_daylight_2,7.7338999981293455,21.740299998782575,1.2027000047964975,0.3763999993680045,23.319400002947077,31.053300001076423,3
2136,d_validation_1920_1080_daylight_2,7.909899999503978,18.601500007207505,0.3880000003846362,0.0012999953469261527,18.990800002939068,26.900700002443045,0
2137,d_validation_1920_1080_daylight_2,6.830299986177124,20.958200009772554,0.5363999953260645,0.000400003045797348,21.495000008144416,28.32529999432154,0
2138,d_validation_1920_1080_daylight_2,7.6289999997243285,22.916300003998913,0.3468999930191785,0.000300002284348011,23.26349999930244,30.892499999026768,0
2139,d_validation_1920_1080_daylight_2,6.7374999925959855,20.853199996054173,0.3766000008909032,0.000300002284348011,21.230099999229424,27.96759999182541,0
2140,d_validation_1920_1080_daylight_2,6.957299992791377,16.760300000896677,0.2719000040087849,0.000300002284348011,17.03250000718981,23.989799999981187,0
2141,d_validation_1920_1080_daylight_2,7.357200011028908,22.517099991091527,0.5224000051384792,0.3769000031752512,23.416399999405257,30.773600010434166,3
2142,d_validation_1920_1080_daylight_2,8.118600002489984,22.60480000404641,0.8473000052617863,0.4304999893065542,23.88259999861475,32.001200001104735,4
2143,d_validation_1920_1080_daylight_2,7.011599998804741,22.778500002459623,0.3463000030023977,0.0017999991541728377,23.126600004616193,30.138200003420934,0
2144,d_validation_1920_1080_daylight_2,7.460399996489286,23.01070000976324,0.26790000265464187,0.00039998849388211966,23.279000000911765,30.73939999740105,0
2145,d_validation_1920_1080_daylight_2,6.3993999938247725,22.591400003875606,0.6627999973716214,0.8636999991722405,24.117900000419468,30.51729999424424,11
2146,d_validation_1920_1080_daylight_2,7.4806000047829,18.133699995814823,0.3296000068075955,0.0026999914553016424,18.46599999407772,25.94659999886062,0
2147,d_validation_1920_1080_daylight_2,6.085900007747114,22.396199987269938,0.6344000139506534,0.18709999858401716,23.21769999980461,29.303600007551722,1
2148,d_validation_1920_1080_daylight_2,7.092500003636815,16.73760000267066,0.3437999985180795,0.0007999915396794677,17.08219999272842,24.174699996365234,0
2149,d_validation_1920_1080_daylight_2,6.525399992824532,14.98639999772422,0.3437999985180795,0.000300002284348011,15.330499998526648,21.85589999135118,0
2150,d_validation_1920_1080_daylight_2,6.5851999970618635,21.03740000165999,0.8577999979024753,0.2167999919038266,22.11199999146629,28.697199988528155,1
2151,d_validation_1920_1080_daylight_2,7.798099992214702,22.24830001068767,0.9409999911440536,0.30359999800566584,23.49289999983739,31.290999992052093,2
2152,d_validation_1920_1080_daylight_2,7.106399993062951,21.330999996280298,0.6749000021954998,0.1728000061120838,22.17870000458788,29.285099997650832,1
2153,d_validation_1920_1080_daylight_2,7.42349999200087,22.570400004042313,0.47389999963343143,0.000700005330145359,23.04500000900589,30.46850000100676,0
2154,d_validation_1920_1080_daylight_2,7.946600002469495,22.0225999946706,0.8763000078033656,0.28730000485666096,23.186200007330626,31.13280000980012,2
2155,d_validation_1920_1080_daylight_2,7.633400004124269,18.295999994734302,0.9450000070501119,0.4709000058937818,19.711900007678196,27.345300011802465,4
2156,d_validation_1920_1080_daylight_2,6.717299998854287,20.109499993850477,0.7219000108307227,0.19199999223928899,21.02339999692049,27.740699995774776,1
2157,d_validation_1920_1080_daylight_2,7.853800008888356,17.99399999435991,0.43330001062713563,0.0005999900167807937,18.427899995003827,26.281700003892183,0
2158,d_validation_1920_1080_daylight_2,6.3895000057527795,14.79749999998603,0.730999992811121,0.5084000003989786,16.03689999319613,22.42639999894891,3
2159,d_validation_1920_1080_daylight_2,6.288300006417558,21.505700002308004,0.7327000057557598,0.1917999907163903,22.430199998780154,28.71850000519771,1
2160,d_validation_1920_1080_daylight_2,9.8061000026064,21.96179999737069,0.661700003547594,0.0009999930625781417,22.624499993980862,32.43059999658726,0
2161,d_validation_1920_1080_daylight_2,10.0356000039028,22.666999997454695,0.9758999949553981,0.1945000112755224,23.837400003685616,33.873000007588416,1
2162,d_validation_1920_1080_daylight_2,10.727200002293102,22.442899993620813,1.1389999999664724,0.7800000021234155,24.3618999957107,35.0890999980038,9
2163,d_validation_1920_1080_daylight_2,10.315499996067956,22.423000002163462,0.8480999968014657,0.5697000015061349,23.840800000471063,34.15629999653902,6
2164,d_validation_1920_1080_daylight_2,10.051400007796474,22.59500000218395,1.251800000318326,0.37029999657534063,24.217099999077618,34.26850000687409,2
2165,d_validation_1920_1080_daylight_2,9.326799990958534,21.20080000895541,0.4630999901564792,0.001100008375942707,21.665000007487833,30.991799998446368,0
2166,d_validation_1920_1080_daylight_2,8.56880001083482,22.156799997901544,1.1945000005653128,0.3201999934390187,23.671499991905876,32.240300002740696,2
2167,d_validation_1920_1080_daylight_2,10.189400010858662,16.052399994805455,0.9073999972315505,0.4054000019095838,17.36519999394659,27.554600004805252,4
2168,d_validation_1920_1080_daylight_2,10.42320000124164,22.207499991054647,1.2065000046277419,0.2023999986704439,23.616399994352832,34.03959999559447,1
2169,d_validation_1920_1080_daylight_2,10.455700001330115,21.147200008272193,0.9187999967252836,0.35519999801181257,22.42120000300929,32.876900004339404,3
2170,d_validation_1920_1080_daylight_2,10.417099998448975,22.647499994491227,0.7867000094847754,0.0011999945854768157,23.43539999856148,33.852499997010455,0
2171,d_validation_1920_1080_daylight_2,9.497299994109198,21.36919999611564,0.6871000077808276,0.000400003045797348,22.056700006942265,31.554000001051463,0
2172,d_validation_1920_1080_daylight_2,8.156500000040978,22.61089999228716,0.7024999940767884,0.000400003045797348,23.313799989409745,31.470299989450723,0
2173,d_validation_1920_1080_daylight_2,8.765699996729381,20.97939999657683,0.49849999777507037,0.000200001522898674,21.4780999958748,30.24379999260418,0
2174,d_validation_1920_1080_daylight_2,7.942199998069555,20.78389999223873,1.2122000043746084,0.22249999165069312,22.21859998826403,30.160799986333586,1
2175,d_validation_1920_1080_daylight_2,8.913100013160147,22.468099996331148,1.251499998033978,0.21689999266527593,23.936499987030402,32.84960000019055,1
2176,d_validation_1920_1080_daylight_2,10.401500010630116,22.76480000000447,1.2888999917777255,0.2960999991046265,24.349799990886822,34.75130000151694,2
2177,d_validation_1920_1080_daylight_2,9.960399998817593,16.602499992586672,0.8769999985815957,0.40469999657943845,17.884199987747706,27.8445999865653,4
2178,d_validation_1920_1080_daylight_2,9.711299993796274,21.983700004057027,0.948799992329441,0.48850000894162804,23.421000005328096,33.13229999912437,5
2179,d_validation_1920_1080_daylight_2,9.923500008881092,16.433500000857748,1.0137999925063923,0.39709999691694975,17.84439999028109,27.767899999162182,5
2180,d_validation_1920_1080_daylight_2,10.872300001210533,22.228200003155507,1.3895000010961667,0.694399990607053,24.312099994858727,35.18439999606926,8
2181,d_validation_1920_1080_daylight_2,10.199299998930655,16.452199997729622,1.1580999998841435,0.44940000225324184,18.059699999867007,28.258999998797663,3
2182,d_validation_1920_1080_daylight_2,9.673100008512847,14.987100003054366,1.211499999044463,0.5494999932125211,16.74809999531135,26.421200003824197,6
2183,d_validation_1920_1080_daylight_2,9.8400999995647,19.79820000997279,1.2424000015016645,0.611299998126924,21.651900009601377,31.492000009166077,7
2184,d_validation_1920_1080_daylight_2,10.141799997654743,22.35659999132622,0.7257000106619671,0.0021999876480549574,23.084499989636242,33.226299987290986,0
2185,d_validation_1920_1080_daylight_2,9.69049999548588,22.48709999548737,1.230200010468252,0.3564999933587387,24.07379999931436,33.76429999480024,3
2186,d_validation_1920_1080_daylight_2,10.083000001031905,22.29899998928886,1.2732000031974167,0.3797999961534515,23.951999988639727,34.03499998967163,3
2187,d_validation_1920_1080_daylight_2,9.964099997887388,21.25799999339506,1.7853000026661903,0.3600000054575503,23.4033000015188,33.36739999940619,3
2188,d_validation_1920_1080_daylight_2,9.810900010052137,22.21889999054838,1.3501000066753477,0.6122999911895022,24.18129998841323,33.99219999846537,6
2189,d_validation_1920_1080_daylight_2,9.8258999933023,21.877999999560416,1.9624999986262992,0.4377000004751608,24.278199998661876,34.104099991964176,4
2190,d_validation_1920_1080_daylight_2,10.493199995835312,21.800200003781356,0.7052000000840053,0.0012999953469261527,22.506699999212287,32.9998999950476,0
2191,d_validation_1920_1080_daylight_2,8.681500010425225,14.773499991861172,1.3409000093815848,0.42240000038873404,16.53680000163149,25.218300012056716,4
2192,d_validation_1920_1080_daylight_2,9.987899989937432,19.87050000752788,2.0912999898428097,0.6530000100610778,22.614800007431768,32.6026999973692,7
2193,d_validation_1920_1080_daylight_2,10.03199999104254,22.53210000344552,2.148600004147738,0.49679999938234687,25.177500006975606,35.209499998018146,5
2194,d_validation_1920_1080_daylight_2,10.448300003190525,22.870999993756413,2.033500000834465,0.48659999447409064,25.39109998906497,35.839399992255494,4
2195,d_validation_1920_1080_daylight_2,10.16679999884218,22.696100000757724,2.107699998305179,0.7973000028869137,25.601100001949817,35.767900000792,9
2196,d_validation_1920_1080_daylight_2,10.127700006705709,16.05859999835957,1.6032999992603436,0.8377999911317602,18.499699988751672,28.62739999545738,9
2197,d_validation_1920_1080_daylight_2,10.039200002211146,21.385100000770763,2.024300003540702,0.8878999942680821,24.297299998579547,34.33650000079069,11
2198,d_validation_1920_1080_daylight_2,9.336099989013746,22.367300000041723,2.728799998294562,1.3984000106574968,26.494500008993782,35.83059999800753,10
2199,d_validation_1920_1080_daylight_2,10.440700003528036,22.808900001109578,2.436800001305528,0.7045999955153093,25.950299997930415,36.39100000145845,8
2200,d_validation_1920_1080_daylight_2,10.09130000602454,22.154599995701574,2.6442999951541424,0.4633000062312931,25.26219999708701,35.35350000311155,4
2201,d_validation_1920_1080_daylight_2,9.948799997800961,22.18840000568889,1.7260000022361055,0.41849999979604036,24.332900007721037,34.281700005522,4
2202,d_validation_1920_1080_daylight_2,9.760199987795204,16.898600006243214,1.7854000034276396,0.4672999930335209,19.151300002704374,28.91149999049958,5
2203,d_validation_1920_1080_daylight_2,9.980900009395555,20.792999988771044,1.8319000082556158,0.5454000056488439,23.170300002675503,33.15120001207106,6
2204,d_validation_1920_1080_daylight_2,9.656199996243231,22.156999999424443,1.8487000052118674,0.19370000518392771,24.199400009820238,33.85560000606347,1
2205,d_validation_1920_1080_daylight_2,9.896699993987568,22.395899999537505,2.662900005816482,0.28619999648071826,25.345000001834705,35.24169999582227,2
2206,d_validation_1920_1080_daylight_2,9.54519999504555,17.141900010756217,1.9171999883837998,0.3502000035950914,19.409300002735108,28.95449999778066,3
2207,d_validation_1920_1080_daylight_2,9.399700007634237,14.924100003554486,1.0952999873552471,0.001400010660290718,16.020800001570024,25.42050000920426,0
2208,d_validation_1920_1080_daylight_2,10.4216999898199,15.235900005791336,1.8321999959880486,0.2683000057004392,17.336400007479824,27.758099997299723,2
2209,d_validation_1920_1080_daylight_2,9.472899997490458,18.866300000809133,1.8508000066503882,0.33260000054724514,21.049700008006766,30.522600005497225,3
2210,d_validation_1920_1080_daylight_2,10.253599990392104,20.123599999351427,1.8488000059733167,0.35519999801181257,22.327600003336556,32.58119999372866,3
2211,d_validation_1920_1080_daylight_2,10.72839999687858,22.42860000114888,2.647200002684258,0.3674000035971403,25.443200007430278,36.17160000430886,3
2212,d_validation_1920_1080_daylight_2,10.717700002714992,22.421900008339435,2.5889999960782006,0.3833999944617972,25.394299998879433,36.112000001594424,3
2213,d_validation_1920_1080_daylight_2,9.698100009700283,16.875299988896586,2.1625000081257895,0.20840000070165843,19.246199997724034,28.944300007424317,1
2214,d_validation_1920_1080_daylight_2,10.649400006514043,22.661499999230728,0.8711999980732799,0.000700005330145359,23.533400002634153,34.182800009148195,0
2215,d_validation_1920_1080_daylight_2,9.500300002400763,22.67310000024736,1.1669999948935583,0.000300002284348011,23.840399997425266,33.34069999982603,0
2216,d_validation_1920_1080_daylight_2,11.14229999075178,22.719500004313886,1.174899996840395,0.000300002284348011,23.89470000343863,35.03699999419041,0
2217,d_validation_1920_1080_daylight_2,10.094400000525638,21.989400003803894,0.8034999918891117,0.000300002284348011,22.793199997977354,32.88759999850299,0
2218,d_validation_1920_1080_daylight_2,9.94150000042282,22.307299994281493,0.8021999965421855,0.000300002284348011,23.109799993108027,33.05129999353085,0
2219,d_validation_1920_1080_daylight_2,8.793900007731281,15.01529999950435,0.8916999940993264,0.000300002284348011,15.907299995888025,24.701200003619306,0
2220,d_validation_1920_1080_daylight_2,9.134399995673448,14.980799998738803,1.324700002442114,0.18600000475998968,16.491500005940907,25.625900001614355,1
2221,d_validation_1920_1080_daylight_2,9.033099995576777,14.982300010160543,1.3888999965274706,0.19859999883919954,16.569800005527213,25.60290000110399,1
2222,d_validation_1920_1080_daylight_2,9.791199991013855,16.993400000501424,0.7891999994171783,0.000800006091594696,17.783400006010197,27.574599997024052,0
2223,d_validation_1920_1080_daylight_2,9.555799988447689,24.345700003323145,1.3121999945724383,0.000500003807246685,25.65840000170283,35.21419999015052,0
2224,d_validation_1920_1080_daylight_2,9.525400004349649,22.947699995711446,1.2017999979434535,0.35659999412018806,24.506099987775087,34.031499992124736,3
2225,d_validation_1920_1080_daylight_2,9.56390000646934,21.529599995119497,1.2955999991390854,0.35480000951793045,23.180000003776513,32.74390001024585,3
2226,d_validation_1920_1080_daylight_2,9.958399998140521,21.766899997601286,1.203499996336177,0.371600006474182,23.342000000411645,33.300399998552166,3
2227,d_validation_1920_1080_daylight_2,9.146700002020225,20.5532999971183,1.547400010167621,0.34929999674204737,22.45000000402797,31.596700006048195,3
2228,d_validation_1920_1080_daylight_2,9.618900003260933,17.398800002411008,1.0553999891271815,0.2941999991890043,18.748399990727194,28.367299993988127,3
2229,d_validation_1920_1080_daylight_2,8.890800003428012,22.66209998924751,1.4095000078668818,0.3723999980138615,24.44399999512825,33.334799998556264,3
2230,d_validation_1920_1080_daylight_2,9.732999998959713,16.567300001042895,0.9904999897116795,0.3578000032575801,17.915599994012155,27.648599992971867,3
2231,d_validation_1920_1080_daylight_2,10.235099995043129,18.02299999690149,0.7702000002609566,0.34690000757109374,19.14010000473354,29.37519999977667,4
2232,d_validation_1920_1080_daylight_2,8.104099993943237,17.636100004892796,0.7715999963693321,0.43559999903663993,18.84330000029877,26.947399994242005,4
2233,d_validation_1920_1080_daylight_2,8.81469999148976,15.8687000075588,0.7689999911235645,0.26950000028591603,16.90719999896828,25.72189999045804,2
2234,d_validation_1920_1080_daylight_2,8.020600012969226,19.362499995622784,0.9219999919878319,0.30640000477433205,20.590899992384948,28.611500005354173,2
2235,d_validation_1920_1080_daylight_2,8.764599988353439,21.131000001332723,0.9504000045126304,0.47110000741668046,22.552500013262033,31.317100001615472,4
2236,d_validation_1920_1080_daylight_2,8.76659998903051,19.008700008271262,1.1033999908249825,0.5019000091124326,20.614000008208677,29.380599997239187,5
2237,d_validation_1920_1080_daylight_2,8.91330000013113,20.38370000082068,0.7505000103265047,0.3428999916650355,21.47710000281222,30.390400002943352,3
2238,d_validation_1920_1080_daylight_2,8.875200001057237,19.340099999681115,0.7461000059265643,0.35000000207219273,20.436200007679872,29.31140000873711,3
2239,d_validation_1920_1080_daylight_2,9.61769999412354,19.387200009077787,0.8642999891890213,0.6974999996600673,20.948999997926876,30.566699992050417,4
2240,d_validation_1920_1080_daylight_2,9.42459999350831,16.57100000011269,0.7910999993328005,0.18950000230688602,17.551600001752377,26.976199995260686,1
2241,d_validation_1920_1080_daylight_2,9.219200001098216,22.11390000593383,1.009999992675148,0.28700000257231295,23.41090000118129,32.630100002279505,2
2242,d_validation_1920_1080_daylight_2,9.309599990956485,16.840300013427623,0.8417999924859032,0.27180000324733555,17.95390000916086,27.263500000117347,2
2243,d_validation_1920_1080_daylight_2,9.156300002359785,22.825099993497133,0.8252999978139997,0.28310000197961926,23.933499993290752,33.08979999565054,2
2244,d_validation_1920_1080_daylight_2,9.199899999657646,16.216000003623776,0.6799999973736703,0.23759999021422118,17.133599991211668,26.333499990869313,2
2245,d_validation_1920_1080_daylight_2,8.548400001018308,21.243600000161678,0.746000005165115,0.2733000001171604,22.262900005443953,30.81130000646226,2
2246,d_validation_1920_1080_daylight_2,9.05120000243187,16.908499994315207,0.7935000030556694,0.2825999981723726,17.98459999554325,27.03579999797512,1
2247,d_validation_1920_1080_daylight_2,9.30000000516884,21.350399998482317,0.5575999966822565,0.000800006091594696,21.908800001256168,31.208800006425008,0
2248,d_validation_1920_1080_daylight_2,8.701900005689822,20.979799999622628,1.1505000002216548,0.23489999875891954,22.365199998603202,31.067100004293025,1
2249,d_validation_1920_1080_daylight_2,9.250799994333647,16.610200007562526,0.747899990528822,0.17729999672155827,17.535399994812906,26.786199989146553,1
2250,d_validation_1920_1080_daylight_2,9.35199999366887,18.90100000309758,0.6948000082047656,0.1821999903768301,19.778000001679175,29.129999995348044,1
2251,d_validation_1920_1080_daylight_2,9.3124999984866,22.463700006483123,1.0891999991144985,0.20009999570902437,23.753000001306646,33.065499999793246,1
2252,d_validation_1920_1080_daylight_2,9.302399994339794,22.167400005855598,0.7530000002589077,0.32249999640043825,23.242900002514943,32.54529999685474,1
2253,d_validation_1920_1080_daylight_2,9.323599995695986,21.892200005822815,0.7440999906975776,0.2789999998640269,22.91529999638442,32.238899992080405,2
2254,d_validation_1920_1080_daylight_2,8.9043999905698,19.332000010763295,0.5482999986270443,0.0010999938240274787,19.881400003214367,28.785799993784167,0
2255,d_validation_1920_1080_daylight_2,8.1073000037577,20.33280000614468,0.494399995659478,0.000400003045797348,20.827600004849955,28.934900008607656,0
2256,d_validation_1920_1080_daylight_2,8.678199999849312,22.797700003138743,0.5000999954063445,0.000300002284348011,23.298100000829436,31.976300000678748,0
2257,d_validation_1920_1080_daylight_2,7.8474000038113445,20.856999995885417,0.9773000056156889,0.20629999926313758,22.040600000764243,29.888000004575588,1
2258,d_validation_1920_1080_daylight_2,8.975699995062314,22.826400003395975,1.0312999947927892,0.20730000687763095,24.065000005066395,33.04070000012871,1
2259,d_validation_1920_1080_daylight_2,9.020199999213219,22.6773000031244,1.0424999927636236,0.32550000469200313,24.045300000580028,33.065499999793246,2
2260,d_validation_1920_1080_daylight_2,8.89489999099169,22.34640000096988,0.5387999990489334,0.001100008375942707,22.886300008394755,31.781199999386445,0
2261,d_validation_1920_1080_daylight_2,8.880399996996857,22.589300002437085,0.5394000036176294,0.000400003045797348,23.12910000910051,32.00950000609737,0
2262,d_validation_1920_1080_daylight_2,9.219400002621114,23.2079999987036,0.5105000018374994,0.000400003045797348,23.718900003586896,32.93830000620801,0
2263,d_validation_1920_1080_daylight_2,9.329900000011548,22.398899993277155,0.46660000225529075,0.000300002284348011,22.865799997816794,32.19569999782834,0
2264,d_validation_1920_1080_daylight_2,8.729799999855459,18.62619999155868,0.32079999800771475,0.000200001522898674,18.947199991089292,27.67699999094475,0
2265,d_validation_1920_1080_daylight_2,8.15040001180023,21.265799994580448,0.3139000036753714,0.000300002284348011,21.580000000540167,29.730400012340397,0
2266,d_validation_1920_1080_daylight_2,7.980800000950694,14.902800001436844,0.5778999911854044,0.2710000117076561,15.751700004329905,23.7325000052806,2
2267,d_validation_1920_1080_daylight_2,6.832999992184341,16.53049999731593,0.2955000090878457,0.0009999930625781417,16.826999999466352,23.659999991650693,0
2268,d_validation_1920_1080_daylight_2,6.653099990217015,15.20130000426434,0.24429999757558107,0.000200001522898674,15.44580000336282,22.098899993579835,0
2269,d_validation_1920_1080_daylight_2,6.672999996226281,17.58719999634195,0.6159000040497631,0.29460000223480165,18.497700002626516,25.170699998852797,2
2270,d_validation_1920_1080_daylight_2,7.397299996227957,19.661600003018975,0.4515000036917627,0.18339999951422215,20.29650000622496,27.693800002452917,1
2271,d_validation_1920_1080_daylight_2,6.848500008345582,22.3483000008855,0.3645999968284741,0.000600004568696022,22.71350000228267,29.562000010628253,0
2272,d_validation_1920_1080_daylight_2,7.4034999997820705,15.47030000074301,0.21410000044852495,0.000200001522898674,15.684600002714433,23.088100002496503,0
2273,d_validation_1920_1080_daylight_2,8.03549999545794,17.200900008901954,0.4507999983616173,0.1931000006152317,17.844800007878803,25.880300003336743,1
2274,d_validation_1920_1080_daylight_2,9.295199997723103,17.19099999172613,0.5021000106353313,0.2381999947829172,17.93129999714438,27.22649999486748,2
2275,d_validation_1920_1080_daylight_2,9.0490000002319,20.835000002989545,0.6616000027861446,0.19770000653807074,21.69430001231376,30.74330001254566,1
2276,d_validation_1920_1080_daylight_2,9.251399998902343,16.782499995315447,0.5802000086987391,0.6005999894114211,17.963299993425608,27.21469999232795,5
2277,d_validation_1920_1080_daylight_2,9.17029999254737,16.35230000829324,0.6681999948341399,0.3400999994482845,17.360600002575666,26.530899995123036,3
2278,d_validation_1920_1080_daylight_2,9.470500008319505,21.865899994736537,0.9223000088240951,0.6020000000717118,23.390200003632344,32.86070001195185,6
2279,d_validation_1920_1080_daylight_2,8.554000000003725,16.224199993303046,0.7377000001724809,0.4305000038584694,17.392399997333996,25.94639999733772,6
2280,d_validation_1920_1080_daylight_2,9.2416000115918,16.797299991594627,0.7762000022921711,0.5416000058175996,18.115099999704398,27.356700011296198,6
2281,d_validation_1920_1080_daylight_2,8.704399995622225,22.34429999953136,0.9839999984251335,0.49020000733435154,23.818500005290844,32.52290000091307,5
2282,d_validation_1920_1080_daylight_2,8.81420000223443,20.521599988569506,0.9573999996064231,0.4955000040354207,21.97449999221135,30.78869999444578,5
2283,d_validation_1920_1080_daylight_2,9.301899990532547,22.207400004845113,1.0246000019833446,0.562699991860427,23.794699998688884,33.09659998922143,6
2284,d_validation_1920_1080_daylight_2,9.102700001676567,22.449199997936375,0.7272000075317919,0.7370999956037849,23.913500001071952,33.01620000274852,4
2285,d_validation_1920_1080_daylight_2,9.409999998752028,16.281899996101856,0.8262000046670437,0.6252000021049753,17.733300002873875,27.143300001625903,7
2286,d_validation_1920_1080_daylight_2,9.363999997731298,22.690900004818104,1.0496000031707808,0.7723999879090115,24.512899995897897,33.876899993629195,7
2287,d_validation_1920_1080_daylight_2,9.308699998655356,16.46230000187643,0.8066000009421259,0.562699991860427,17.83159999467898,27.140299993334338,6
2288,d_validation_1920_1080_daylight_2,8.889199991244823,22.85969999502413,0.9450000070501119,0.5067000020062551,24.311400004080497,33.20059999532532,5
2289,d_validation_1920_1080_daylight_2,9.427999990293756,16.77110001037363,0.4200999974273145,0.0020000006770715117,17.193200008478016,26.621199998771772,0
2290,d_validation_1920_1080_daylight_2,8.721499994862825,17.730100007611327,0.6159999902592972,0.17430000298190862,18.520400000852533,27.241899995715357,1
2291,d_validation_1920_1080_daylight_2,9.79650000226684,19.484300006297417,0.3158000035909936,0.0006999907782301307,19.80080000066664,29.59730000293348,0
2292,d_validation_1920_1080_daylight_2,8.198999988962896,20.938900008331984,0.6647999980486929,0.4321000014897436,22.03580000787042,30.234799996833317,4
2293,d_validation_1920_1080_daylight_2,9.08809999236837,15.565000008791685,1.1240999883739278,0.31260000832844526,17.001700005494058,26.08979999786243,2
2294,d_validation_1920_1080_daylight_2,9.285500011174008,21.73439999751281,0.7746999908704311,0.2739000046858564,22.782999993069097,32.068500004243106,2
2295,d_validation_1920_1080_daylight_2,9.186900002532639,21.948299996438436,1.0718999983510002,0.3727000002982095,23.392899995087646,32.579799997620285,3
2296,d_validation_1920_1080_daylight_2,9.241699997801334,17.573000004631467,1.1089000036008656,0.36669999826699495,19.048600006499328,28.29030000430066,3
2297,d_validation_1920_1080_daylight_2,9.066700004041195,16.64349999919068,0.6938000005902722,0.2724000078160316,17.609700007596985,26.67640001163818,2
2298,d_validation_1920_1080_daylight_2,8.43689999601338,21.183100005146116,0.7818000012775883,0.43149999692104757,22.396400003344752,30.833299999358132,4
2299,d_validation_1920_1080_daylight_2,8.80880000477191,16.756099998019636,0.8467000006930903,0.5516999954124913,18.154499994125217,26.963299998897128,6
2300,d_validation_1920_1080_daylight_2,8.892899990314618,21.6878000064753,0.4368999943835661,0.001600012183189392,22.126300013042055,31.019200003356673,0
2301,d_validation_1920_1080_daylight_2,8.333499994478188,17.52419999684207,1.0700999991968274,0.21949999791104347,18.813799993949942,27.14729998842813,1
2302,d_validation_1920_1080_daylight_2,8.616099992650561,20.455100006074645,0.48160000005736947,0.0006999907782301307,20.937399996910244,29.553499989560805,0
2303,d_validation_1920_1080_daylight_2,8.344200003193691,23.81969999987632,1.1834000033559278,0.5678999878000468,25.570999991032295,33.915199994225986,5
2304,d_validation_1920_1080_daylight_2,9.381299998494796,22.384999989299104,0.5365000106394291,0.0015999976312741637,22.923099997569807,32.3043999960646,0
2305,d_validation_1920_1080_daylight_2,9.37480000720825,21.71749999979511,0.8432000031461939,0.28569999267347157,22.846399995614775,32.221200002823025,2
2306,d_validation_1920_1080_daylight_2,9.051999993971549,19.681899997522123,1.2949000083608553,0.41619999683462083,21.3930000027176,30.44499999668915,3
2307,d_validation_1920_1080_daylight_2,8.742599995457567,17.22660000086762,0.4545999981928617,0.001300009898841381,17.682500008959323,26.42510000441689,0
2308,d_validation_1920_1080_daylight_2,7.684099997277372,18.803300001309253,0.4453000001376495,0.000300002284348011,19.24890000373125,26.933000001008622,0
2309,d_validation_1920_1080_daylight_2,7.8326000075321645,23.09459999378305,1.188399997772649,0.22300001000985503,24.506000001565553,32.33860000909772,1
2310,d_validation_1920_1080_daylight_2,9.079499999643303,19.673200004035607,0.5502999993041158,0.000900006853044033,20.224400010192767,29.30390000983607,0
2311,d_validation_1920_1080_daylight_2,8.204600002500229,23.26129999710247,1.2875999964307994,0.5047000013291836,25.053599994862452,33.25819999736268,5
2312,d_validation_1920_1080_daylight_2,9.405200005858205,22.993000005953945,1.3733999949181452,0.43280000681988895,24.79920000769198,34.204400013550185,4
2313,d_validation_1920_1080_daylight_2,8.277300003101118,22.55370000784751,1.355799991870299,0.2922999992733821,24.20179999899119,32.47910000209231,2
2314,d_validation_1920_1080_daylight_2,8.28439999895636,16.97250000142958,1.0725000029196963,0.48380000225733966,18.528800006606616,26.813200005562976,5
2315,d_validation_1920_1080_daylight_2,9.330500004580244,21.1972999968566,1.4778999902773649,0.4372000112198293,23.112399998353794,32.44290000293404,4
2316,d_validation_1920_1080_daylight_2,9.270700000342913,21.462000004248694,1.5020999999251217,0.20900000527035445,23.17310000944417,32.44380000978708,1
2317,d_validation_1920_1080_daylight_2,9.710300000733696,21.85760000429582,1.3691999920411035,0.5409000004874542,23.767699996824376,33.47799999755807,4
2318,d_validation_1920_1080_daylight_2,9.124000003794208,21.951000002445653,1.5124999918043613,0.3684000112116337,23.831900005461648,32.955900009255856,3
2319,d_validation_1920_1080_daylight_2,9.656700000050478,20.772999996552244,1.1222000030102208,0.5028000014135614,22.398000000976026,32.054700001026504,7
2320,d_validation_1920_1080_daylight_2,8.952900010626763,18.854999987524934,1.4938000094844028,0.20650000078603625,20.555299997795373,29.508200008422136,1
2321,d_validation_1920_1080_daylight_2,8.75770000857301,22.84039999358356,1.5350000030593947,0.47959999938029796,24.854999996023253,33.61270000459626,4
2322,d_validation_1920_1080_daylight_2,9.23039999906905,20.145600006799214,1.3215999933890998,0.6827000033808872,22.1499000035692,31.38030000263825,7
2323,d_validation_1920_1080_daylight_2,9.301300000515766,17.110600005253218,1.3679999974556267,0.6234000029508024,19.102000005659647,28.403300006175414,7
2324,d_validation_1920_1080_daylight_2,9.351900007459335,21.765799989225343,1.7910000024130568,0.6378999969456345,24.194699988584034,33.54659999604337,6
2325,d_validation_1920_1080_daylight_2,9.07329999608919,22.29300000180956,1.29420000303071,0.552500001504086,24.139700006344356,33.213000002433546,6
2326,d_validation_1920_1080_daylight_2,9.463899987167679,21.219900008873083,1.3270999916130677,0.5564000020967796,23.10340000258293,32.56729998975061,6
2327,d_validation_1920_1080_daylight_2,9.574499999871477,21.512499995878898,1.5986999933375046,0.42720000783447176,23.538399997050874,33.11289999692235,4
2328,d_validation_1920_1080_daylight_2,9.237400008714758,16.949500000919215,1.2260999938007444,0.48919999971985817,18.664799994439818,27.902200003154576,5
2329,d_validation_1920_1080_daylight_2,9.353699992061593,22.558500000741333,1.7521000117994845,0.5348999984562397,24.845500010997057,34.19920000305865,5
2330,d_validation_1920_1080_daylight_2,9.163000009721145,23.11059999919962,1.710800002911128,0.5655999993905425,25.387000001501292,34.55000001122244,6
2331,d_validation_1920_1080_daylight_2,9.15490000625141,16.163899999810383,1.1543000000528991,0.421799995820038,17.73999999568332,26.89490000193473,4
2332,d_validation_1920_1080_daylight_2,8.710599999176338,18.045799995888956,1.1503999994602054,0.20920000679325312,19.405400002142414,28.116000001318753,1
2333,d_validation_1920_1080_daylight_2,7.629799991264008,23.520200003986247,0.7986999989952892,0.000800006091594696,24.31970000907313,31.94950000033714,0
2334,d_validation_1920_1080_daylight_2,8.338300001923926,23.612799996044487,1.3370999949984252,0.21520000882446766,25.16509999986738,33.503400001791306,1
2335,d_validation_1920_1080_daylight_2,8.626199996797368,22.86870000534691,1.3484999944921583,0.287900009425357,24.505100009264424,33.13130000606179,2
2336,d_validation_1920_1080_daylight_2,7.9351000022143126,20.83360000688117,1.3439999893307686,0.21370001195464283,22.39130000816658,30.326400010380894,1
2337,d_validation_1920_1080_daylight_2,9.776299993973225,23.226399993291125,1.3395999994827434,0.39730001299176365,24.963300005765632,34.73959999973886,3
2338,d_validation_1920_1080_daylight_2,9.42810000560712,18.863899997086264,1.1144000018248335,0.5729999975301325,20.55129999644123,29.97940000204835,5
2339,d_validation_1920_1080_daylight_2,9.770999997272156,20.237700009602122,1.5679999924032018,0.575300000491552,22.381000002496876,32.15199999976903,5
2340,d_validation_1920_1080_daylight_2,9.691799990832806,22.99870000570081,1.2223999947309494,0.23600000713486224,24.457100007566623,34.14889999839943,1
2341,d_validation_1920_1080_daylight_2,9.398399997735396,21.81270001165103,1.0959999926853925,0.20510000467766076,23.113800009014085,32.51220000674948,1
2342,d_validation_1920_1080_daylight_2,8.040999993681908,22.092600003816187,0.6565000076079741,0.0007999915396794677,22.74990000296384,30.79089999664575,0
2343,d_validation_1920_1080_daylight_2,8.243799995398149,16.763499996159226,0.5549000052269548,0.000300002284348011,17.31870000367053,25.562499999068677,0
2344,d_validation_1920_1080_daylight_2,8.424700004979968,21.77369999117218,0.7210000039776787,0.000300002284348011,22.494999997434206,30.919700002414174,0
2345,d_validation_1920_1080_daylight_2,8.648299990454689,18.24750000378117,0.9568999957991764,0.1838000025600195,19.388200002140366,28.036499992595054,1
2346,d_validation_1920_1080_daylight_2,8.550600003218278,18.191299997852184,0.6706999993184581,0.000800006091594696,18.862800003262237,27.413400006480515,0
2347,d_validation_1920_1080_daylight_2,9.407700010342523,15.387299994472414,1.2252000014996156,0.3186999965691939,16.931199992541224,26.338900002883747,1
2348,d_validation_1920_1080_daylight_2,9.169799988740124,22.68510000430979,1.2956999999005347,0.5113999941386282,24.49219999834895,33.661999987089075,5
2349,d_validation_1920_1080_daylight_2,8.78069999453146,20.370600002934225,0.4625000001396984,0.001300009898841381,20.834400012972765,29.615100007504225,0
2350,d_validation_1920_1080_daylight_2,7.81769999593962,15.402800010633655,0.8243999909609556,0.19690000044647604,16.424100002041087,24.241799997980706,1
2351,d_validation_1920_1080_daylight_2,8.729099994525313,21.60100000037346,1.1518000101204962,0.4335999983595684,23.186400008853525,31.91550000337884,4
2352,d_validation_1920_1080_daylight_2,9.219500003382564,22.795199998654425,1.1883000115631148,0.6302999972831458,24.613800007500686,33.83330001088325,7
2353,d_validation_1920_1080_daylight_2,7.5806999957421795,22.705499999574386,1.2661999935517088,0.20850000146310776,24.180199994589202,31.76089999033138,1
2354,d_validation_1920_1080_daylight_2,8.904100002837367,17.404500002157874,1.2162000057287514,0.21610000112559646,18.836800009012222,27.74090001184959,1
2355,d_validation_1920_1080_daylight_2,8.100399994873442,16.866700010723434,0.8766999962972477,0.1832999987527728,17.926700005773455,26.027100000646897,1
2356,d_validation_1920_1080_daylight_2,7.290399997145869,17.945700004929677,0.457499991171062,0.000700005330145359,18.403900001430884,25.694299998576753,0
2357,d_validation_1920_1080_daylight_2,7.080900002620183,20.600400006514974,0.45789999421685934,0.000200001522898674,21.058500002254732,28.139400004874915,0
2358,d_validation_1920_1080_daylight_2,7.306900006369688,15.186399992671795,0.44499999785330147,0.000200001522898674,15.631599992047995,22.938499998417683,0
2359,d_validation_1920_1080_daylight_2,7.244699998409487,14.719899991177954,0.4337999998824671,0.000400003045797348,15.154099994106218,22.398799992515706,0
2360,d_validation_1920_1080_daylight_2,7.166800001868978,22.09690000745468,0.414699999964796,0.00039998849388211966,22.511999995913357,29.678799997782335,0
2361,d_validation_1920_1080_daylight_2,7.135700012440793,22.026499995263293,0.5913999921176583,0.000400003045797348,22.61829999042675,29.754000002867542,0
2362,d_validation_1920_1080_daylight_2,8.046200004173443,20.921500006807037,0.4163999983575195,0.000200001522898674,21.338100006687455,29.384300010860898,0
2363,d_validation_1920_1080_daylight_2,7.190099990111776,22.50340000318829,0.40160000207833946,0.000300002284348011,22.905300007550977,30.095399997662753,0
2364,d_validation_1920_1080_daylight_2,7.281400001375005,15.497400003368966,0.4178000090178102,0.00019998697098344564,15.91539999935776,23.196800000732765,0
2365,d_validation_1920_1080_daylight_2,7.415999993099831,19.694700007676147,0.3694000042742118,0.00039998849388211966,20.06450000044424,27.480499993544072,0
2366,d_validation_1920_1080_daylight_2,6.070500006899238,21.275899998727255,0.38840000343043357,0.00029998773243278265,21.66459998989012,27.73509999678936,0
2367,d_validation_1920_1080_daylight_2,7.741600013105199,21.784399999887682,0.8204999903682619,0.6118000019341707,23.216699992190115,30.958300005295314,7
2368,d_validation_1920_1080_daylight_2,9.124300006078556,16.03389999945648,0.8768999978201464,0.39119999564718455,17.30199999292381,26.426299999002367,5
2369,d_validation_1920_1080_daylight_2,6.575699997483753,18.454699995345436,0.5700000037904829,0.0022000021999701858,19.02690000133589,25.60259999881964,0
2370,d_validation_1920_1080_daylight_2,5.9231000050203875,14.91149999492336,0.49869999929796904,0.000600004568696022,15.410799998790026,21.333900003810413,0
2371,d_validation_1920_1080_daylight_2,6.817800007411279,22.916399990208447,0.46270000166259706,0.000300002284348011,23.379399994155392,30.19720000156667,0
2372,d_validation_1920_1080_daylight_2,6.981300000916235,17.225400006282143,0.3400999994482845,0.000300002284348011,17.565800008014776,24.54710000893101,0
2373,d_validation_1920_1080_daylight_2,6.931399999302812,14.777899996261112,0.4565999988699332,0.000300002284348011,15.234799997415394,22.166199996718206,0
2374,d_validation_1920_1080_daylight_2,6.831000006059185,22.805200002039783,0.44299999717622995,0.000300002284348011,23.24850000150036,30.079500007559545,0
2375,d_validation_1920_1080_daylight_2,7.0650999987265095,17.23100000526756,0.6621999928029254,0.3542000049492344,18.24740000301972,25.31250000174623,2
2376,d_validation_1920_1080_daylight_2,7.392899991828017,21.025900001404807,0.34220000088680536,0.00100000761449337,21.369100009906106,28.762000001734123,0
2377,d_validation_1920_1080_daylight_2,5.8462000015424564,21.123600003193133,0.33989999792538583,0.000200001522898674,21.463700002641417,27.309900004183874,0
2378,d_validation_1920_1080_daylight_2,6.160500008263625,21.230699989246204,0.35060000664088875,0.000200001522898674,21.581499997409992,27.742000005673617,0
2379,d_validation_1920_1080_daylight_2,5.801400009659119,19.52839999285061,0.4560999950626865,0.000300002284348011,19.984799990197644,25.786199999856763,0
2380,d_validation_1920_1080_daylight_2,7.290000008651987,24.010099994484335,0.3991999983554706,0.000200001522898674,24.409499994362704,31.69950000301469,0
2381,d_validation_1920_1080_daylight_2,7.436200001393445,21.140600001672283,0.3062999894609675,0.000200001522898674,21.44709999265615,28.883299994049594,0
2382,d_validation_1920_1080_daylight_2,7.161600005929358,22.815299991634674,0.29510000604204834,0.000300002284348011,23.11069999996107,30.27230000589043,0
2383,d_validation_1920_1080_daylight_2,7.790799994836561,16.755200005718507,0.6995000003371388,0.29779999749735,17.752500003552996,25.543299998389557,2
2384,d_validation_1920_1080_daylight_2,7.790900010149926,17.222800001036376,0.5127999902470037,0.2871000033337623,18.022699994617142,25.813600004767068,2
2385,d_validation_1920_1080_daylight_2,6.341000000247732,18.608399986987934,0.2393000031588599,0.00100000761449337,18.848699997761287,25.18969999800902,0
2386,d_validation_1920_1080_daylight_2,6.628399991313927,24.55770000233315,0.2931000053649768,0.000200001522898674,24.851000009221025,31.47940000053495,0
2387,d_validation_1920_1080_daylight_2,6.76210000528954,14.93980000668671,0.22649999300483614,0.000200001522898674,15.166500001214445,21.928600006503984,0
2388,d_validation_1920_1080_daylight_2,6.016500003170222,20.9337999986019,0.3291000030003488,0.00039998849388211966,21.26329999009613,27.27979999326635,0
2389,d_validation_1920_1080_daylight_2,6.724099992425181,23.1229000055464,0.28809999639634043,0.000400003045797348,23.411400004988536,30.135499997413717,0
2390,d_validation_1920_1080_daylight_2,6.7220999917481095,21.191499996348284,0.22220000391826034,0.000300002284348011,21.414000002550893,28.136099994299002,0
2391,d_validation_1920_1080_daylight_2,6.53680000687018,16.70009999361355,0.2234999992651865,0.000300002284348011,16.923899995163083,23.460700002033263,0
2392,d_validation_1920_1080_daylight_2,6.336200007353909,21.212399995420128,0.21899999410379678,0.000400003045797348,21.431799992569722,27.76799999992363,0
2393,d_validation_1920_1080_daylight_2,6.326999995508231,20.88969999749679,0.2204000047640875,0.000300002284348011,21.110400004545227,27.437400000053458,0
2394,d_validation_1920_1080_daylight_2,6.667399997240864,21.21280001301784,0.2896999940276146,0.000300002284348011,21.502800009329803,28.170200006570667,0
2395,d_validation_1920_1080_daylight_2,7.104000003891997,22.290299995802343,0.2829000004567206,0.000200001522898674,22.573399997781962,29.67740000167396,0
2396,d_validation_1920_1080_daylight_2,7.277199998497963,22.51589999650605,0.28619999648071826,0.000400003045797348,22.802499996032566,30.07969999453053,0
2397,d_validation_1920_1080_daylight_2,6.3916000071913,16.037900000810623,0.22739999985788018,0.00029998773243278265,16.265599988400936,22.657199995592237,0
2398,d_validation_1920_1080_daylight_2,6.531799997901544,22.971800004597753,0.29799999902024865,0.000400003045797348,23.2702000066638,29.802000004565343,0
2399,d_validation_1920_1080_daylight_2,6.92430000344757,22.81290000246372,0.18119999731425196,0.000300002284348011,22.99440000206232,29.91870000550989,0
2400,d_validation_1920_1080_daylight_2,6.427600004826672,20.686500007286668,0.35999999090563506,0.43250000453554094,21.479000002727844,27.906600007554516,4
2401,d_validation_1920_1080_daylight_2,7.734300001175143,22.40650000749156,0.41039999632630497,0.4309000069042668,23.24780001072213,30.982100011897273,3
2402,d_validation_1920_1080_daylight_2,7.224699991638772,17.563999994308688,0.5273000133456662,0.7556999917142093,18.846999999368563,26.071699991007335,8
2403,d_validation_1920_1080_daylight_2,6.79830000444781,22.877399998833425,1.0482999932719395,0.6783999997423962,24.60409999184776,31.40239999629557,8
2404,d_validation_1920_1080_daylight_2,8.25759999861475,20.765799999935552,0.6258000066736713,0.6080999883124605,21.999699994921684,30.257299993536435,6
2405,d_validation_1920_1080_daylight_2,8.36669999989681,22.44580000115093,0.8433000039076433,0.2857999934349209,23.574899998493493,31.941599998390302,2
2406,d_validation_1920_1080_daylight_2,8.54070000059437,22.528300003614277,0.4107999993721023,0.0012999953469261527,22.940399998333305,31.481099998927675,0
2407,d_validation_1920_1080_daylight_2,7.929900006274693,20.565599988913164,0.29200001154094934,0.000300002284348011,20.85790000273846,28.787800009013154,0
2408,d_validation_1920_1080_daylight_2,7.624199992278591,22.388100012904033,0.3853999951388687,0.000400003045797348,22.7739000110887,30.39810000336729,0
2409,d_validation_1920_1080_daylight_2,8.523199998307973,22.499700004118495,0.3863000019919127,0.000200001522898674,22.886200007633306,31.40940000594128,0
2410,d_validation_1920_1080_daylight_2,8.44600000709761,23.327599992626347,0.38389999826904386,0.000400003045797348,23.711899993941188,32.1579000010388,0
2411,d_validation_1920_1080_daylight_2,7.794500008458272,23.002199988695793,0.3825000021606684,0.000300002284348011,23.38499999314081,31.17950000159908,0
2412,d_validation_1920_1080_daylight_2,7.624500009114854,21.446299986564554,0.6535000138683245,0.5841999955009669,22.683999995933846,30.3085000050487,6
2413,d_validation_1920_1080_daylight_2,7.6616000005742535,20.874699999694712,0.8562000002712011,0.5490999901667237,22.279999990132637,29.94159999070689,6
2414,d_validation_1920_1080_daylight_2,8.532899999408983,21.454700006870553,0.6369999900925905,0.19780000729952008,22.289500004262663,30.822400003671646,1
2415,d_validation_1920_1080_daylight_2,9.331599998404272,18.148500006645918,0.7104999967850745,0.4562999965855852,19.315300000016578,28.64689999842085,6
2416,d_validation_1920_1080_daylight_2,8.08149999647867,17.435200003092177,0.7733999955235049,0.3556000010576099,18.564199999673292,26.64569999615196,3
