Epoch,Train_Loss,Val_Accuracy,Learning_Rate,Time_sec
6,1.0438,76.04,0.000010,2516.2
7,1.0138,76.15,0.000009,2497.5
8,1.0122,76.18,0.000008,2490.5
9,1.0086,76.16,0.000007,2485.4
10,1.0020,76.17,0.000005,2485.5
11,0.9999,76.10,0.000003,2609.8
12,0.9991,76.15,0.000002,2595.7
13,0.9985,76.12,0.000001,2596.1
14,0.9968,76.12,0.000000,2585.5
15,0.9993,76.14,0.000000,2580.4
16,1.0017,76.14,0.000000,2580.1
17,0.9992,76.11,0.000001,2585.5
