Epoch,Train_Loss,Val_Accuracy,Learning_Rate,Time_sec
6,1.0438,76.04,0.000010,2516.2
7,1.0138,76.15,0.000009,2497.5
8,1.0122,76.18,0.000008,2490.5
9,1.0086,76.16,0.000007,2485.4
10,1.0020,76.17,0.000005,2485.5
