Epoch,Train_KD_Loss,Val_Accuracy,Learning_Rate,Time_sec
1,0.9340,2.58,0.000499,2900.2
2,0.9093,3.84,0.000495,2879.6
3,0.8950,5.32,0.000488,2876.2
4,0.8842,6.32,0.000478,2870.3
5,0.8754,7.06,0.000467,2861.7
6,0.8681,8.18,0.000452,2861.6
7,0.8608,8.85,0.000436,2862.3
8,0.8552,9.47,0.000417,2859.3
9,0.8503,9.90,0.000397,2858.8
10,0.8456,10.92,0.000375,2860.1
